sample_id,firm_id,origin,split,decision,document_id,annual_feature_count,candidate_feature_values,verified_feature_values,text_candidate,text_verified,label,industry_status,membership_verified,baseline_ST_verified,registry_label_verified,label_available_date,input_certified,financial_certified,financial_verification_tier,text_verification_tier,unresolved_requirements,baseline_ST_lead,new_ST_followup_lead,lead_is_verified_label,analytical_eligible,reason
000012.SZ:2017,000012.SZ,2017-05-01,train,pending,1203415339,12,12,0,True,False,0,verified_nonfinancial,True,True,True,2018-04-30,False,False,none,none,annual_financial_certification;annual_text_certification,0,0,False,False,ST_history_label_and_input_certification_pending
000012.SZ:2018,000012.SZ,2018-05-01,train,pending,1204680426,12,12,0,True,True,0,verified_nonfinancial,True,True,True,2019-04-30,False,False,none,rule_based_source_checks_not_manual_review,annual_financial_certification,0,0,False,False,ST_history_label_and_input_certification_pending
000012.SZ:2019,000012.SZ,2019-05-01,train,pending,1206041640,12,12,0,True,True,0,verified_nonfinancial,True,True,True,2020-04-30,False,False,none,rule_based_source_checks_not_manual_review,annual_financial_certification,0,0,False,False,ST_history_label_and_input_certification_pending
000012.SZ:2020,000012.SZ,2020-05-01,train,eligible_awaiting_freeze,1207683744,12,3,12,True,True,0,verified_nonfinancial,True,True,True,2021-04-30,True,True,manual_source_review,rule_based_source_checks_not_manual_review,,0,0,False,True,Annual financial/text inputs and registry-defined endpoint verified; full-cohort freeze pending.
000012.SZ:2021,000012.SZ,2021-05-01,train,eligible_awaiting_freeze,1209687499,12,12,12,True,True,0,verified_nonfinancial,True,True,True,2022-04-30,True,True,manual_source_review,rule_based_source_checks_not_manual_review,,0,0,False,True,Annual financial/text inputs and registry-defined endpoint verified; full-cohort freeze pending.
000012.SZ:2022,000012.SZ,2022-05-01,validation,eligible_awaiting_freeze,1213059469,12,12,12,True,True,0,verified_nonfinancial,True,True,True,2023-04-30,True,True,manual_source_review,rule_based_source_checks_not_manual_review,,0,0,False,True,Annual financial/text inputs and registry-defined endpoint verified; full-cohort freeze pending.
000012.SZ:2023,000012.SZ,2023-05-01,validation,pending,1216593484,12,12,12,True,True,0,pending,True,True,True,2024-04-30,True,True,manual_source_review,rule_based_source_checks_not_manual_review,historical_industry,0,0,False,False,ST_history_label_and_input_certification_pending
000012.SZ:2024,000012.SZ,2024-05-01,test,eligible_awaiting_freeze,1219823600,12,12,12,True,True,0,verified_nonfinancial,True,True,True,2025-04-30,True,True,manual_source_review,manual_source_review,,0,0,False,True,Annual financial/text inputs and registry-defined endpoint verified; full-cohort freeze pending.
000012.SZ:2025,000012.SZ,2025-05-01,test,pending,1223303879,12,12,0,True,True,0,verified_nonfinancial,True,True,True,2026-04-30,False,False,none,rule_based_source_checks_not_manual_review,annual_financial_certification,0,0,False,False,ST_history_label_and_input_certification_pending
000018.SZ:2017,000018.SZ,2017-05-01,train,pending,1203414200,12,12,0,True,True,0,verified_nonfinancial,True,True,True,2018-04-30,False,False,none,rule_based_source_checks_not_manual_review,annual_financial_certification,0,0,False,False,ST_history_label_and_input_certification_pending
000018.SZ:2018,000018.SZ,2018-05-01,train,pending,1204740521,12,12,0,True,True,0,verified_nonfinancial,True,True,True,2019-04-30,False,False,none,rule_based_source_checks_not_manual_review,annual_financial_certification,0,0,False,False,ST_history_label_and_input_certification_pending
000018.SZ:2019,000018.SZ,2019-05-01,train,pending,1206166751,12,12,0,True,True,1,verified_nonfinancial,True,True,True,2019-05-06,False,False,none,rule_based_source_checks_not_manual_review,annual_financial_certification,0,1,False,False,ST_history_label_and_input_certification_pending
000019.SZ:2017,000019.SZ,2017-05-01,train,pending,1203359661,12,12,0,True,True,0,verified_nonfinancial,True,True,True,2018-04-30,False,False,none,rule_based_source_checks_not_manual_review,annual_financial_certification,0,0,False,False,ST_history_label_and_input_certification_pending
000019.SZ:2018,000019.SZ,2018-05-01,train,pending,1204702256,12,12,0,True,True,0,verified_nonfinancial,True,True,True,2019-04-30,False,False,none,rule_based_source_checks_not_manual_review,annual_financial_certification,0,0,False,False,ST_history_label_and_input_certification_pending
000019.SZ:2019,000019.SZ,2019-05-01,train,pending,1206121598,12,12,0,True,True,0,verified_nonfinancial,True,True,True,2020-04-30,False,False,none,rule_based_source_checks_not_manual_review,annual_financial_certification,0,0,False,False,ST_history_label_and_input_certification_pending
000019.SZ:2020,000019.SZ,2020-05-01,train,pending,1207642502,12,3,0,True,True,0,verified_nonfinancial,True,True,True,2021-04-30,False,False,none,rule_based_source_checks_not_manual_review,annual_financial_certification,0,0,False,False,ST_history_label_and_input_certification_pending
000019.SZ:2021,000019.SZ,2021-05-01,train,pending,1209814303,12,3,0,True,True,0,verified_nonfinancial,True,True,True,2022-04-30,False,False,none,rule_based_source_checks_not_manual_review,annual_financial_certification,0,0,False,False,ST_history_label_and_input_certification_pending
000019.SZ:2022,000019.SZ,2022-05-01,validation,pending,1213109169,12,3,0,True,True,0,verified_nonfinancial,True,True,True,2023-04-30,False,False,none,rule_based_source_checks_not_manual_review,annual_financial_certification,0,0,False,False,ST_history_label_and_input_certification_pending
000019.SZ:2023,000019.SZ,2023-05-01,validation,pending,1216603127,12,12,0,True,True,0,pending,True,True,True,2024-04-30,True,True,rule_based_source_checks_not_manual_review,rule_based_source_checks_not_manual_review,historical_industry,0,0,False,False,ST_history_label_and_input_certification_pending
000019.SZ:2024,000019.SZ,2024-05-01,test,eligible_awaiting_freeze,1219623707,12,12,0,True,True,0,verified_nonfinancial,True,True,True,2025-04-30,True,True,rule_based_source_checks_not_manual_review,rule_based_source_checks_not_manual_review,,0,0,False,True,Annual financial/text inputs and registry-defined endpoint verified; full-cohort freeze pending.
000019.SZ:2025,000019.SZ,2025-05-01,test,pending,1223375162,12,12,0,True,True,0,verified_nonfinancial,True,True,True,2026-04-30,False,False,none,rule_based_source_checks_not_manual_review,annual_financial_certification,0,0,False,False,ST_history_label_and_input_certification_pending
000021.SZ:2017,000021.SZ,2017-05-01,train,pending,1203236427,12,0,0,True,True,0,verified_nonfinancial,True,True,True,2018-04-30,False,False,none,rule_based_source_checks_not_manual_review,annual_financial_certification,0,0,False,False,ST_history_label_and_input_certification_pending
000021.SZ:2018,000021.SZ,2018-05-01,train,pending,1204616381,12,0,0,True,True,0,verified_nonfinancial,True,True,True,2019-04-30,False,False,none,rule_based_source_checks_not_manual_review,annual_financial_certification,0,0,False,False,ST_history_label_and_input_certification_pending
000021.SZ:2019,000021.SZ,2019-05-01,train,pending,1206057667,12,0,0,True,True,0,verified_nonfinancial,True,True,True,2020-04-30,False,False,none,rule_based_source_checks_not_manual_review,annual_financial_certification,0,0,False,False,ST_history_label_and_input_certification_pending
000021.SZ:2020,000021.SZ,2020-05-01,train,pending,1207586104,12,0,0,True,True,0,verified_nonfinancial,True,True,True,2021-04-30,False,False,none,rule_based_source_checks_not_manual_review,annual_financial_certification,0,0,False,False,ST_history_label_and_input_certification_pending
000021.SZ:2021,000021.SZ,2021-05-01,train,pending,1209867302,12,0,0,True,True,0,verified_nonfinancial,True,True,True,2022-04-30,False,False,none,rule_based_source_checks_not_manual_review,annual_financial_certification,0,0,False,False,ST_history_label_and_input_certification_pending
000021.SZ:2022,000021.SZ,2022-05-01,validation,pending,1213001411,12,0,0,True,True,0,verified_nonfinancial,True,True,True,2023-04-30,False,False,none,rule_based_source_checks_not_manual_review,annual_financial_certification,0,0,False,False,ST_history_label_and_input_certification_pending
000021.SZ:2023,000021.SZ,2023-05-01,validation,pending,1216497188,12,0,0,True,True,0,pending,True,True,True,2024-04-30,False,False,none,rule_based_source_checks_not_manual_review,historical_industry;annual_financial_certification,0,0,False,False,ST_history_label_and_input_certification_pending
000021.SZ:2024,000021.SZ,2024-05-01,test,pending,1219568873,12,0,0,True,True,0,verified_nonfinancial,True,True,True,2025-04-30,False,False,none,rule_based_source_checks_not_manual_review,annual_financial_certification,0,0,False,False,ST_history_label_and_input_certification_pending
000021.SZ:2025,000021.SZ,2025-05-01,test,pending,1223270327,12,0,0,True,True,0,verified_nonfinancial,True,True,True,2026-04-30,False,False,none,rule_based_source_checks_not_manual_review,annual_financial_certification,0,0,False,False,ST_history_label_and_input_certification_pending
000027.SZ:2017,000027.SZ,2017-05-01,train,pending,1203263338,12,0,0,True,True,0,verified_nonfinancial,True,True,True,2018-04-30,False,False,none,rule_based_source_checks_not_manual_review,annual_financial_certification,0,0,False,False,ST_history_label_and_input_certification_pending
000027.SZ:2018,000027.SZ,2018-05-01,train,pending,1204623333,12,0,0,True,True,0,verified_nonfinancial,True,True,True,2019-04-30,False,False,none,rule_based_source_checks_not_manual_review,annual_financial_certification,0,0,False,False,ST_history_label_and_input_certification_pending
000027.SZ:2019,000027.SZ,2019-05-01,train,pending,1205993484,12,0,0,True,True,0,verified_nonfinancial,True,True,True,2020-04-30,False,False,none,rule_based_source_checks_not_manual_review,annual_financial_certification,0,0,False,False,ST_history_label_and_input_certification_pending
000027.SZ:2020,000027.SZ,2020-05-01,train,pending,1207679768,12,0,0,True,True,0,verified_nonfinancial,True,True,True,2021-04-30,False,False,none,rule_based_source_checks_not_manual_review,annual_financial_certification,0,0,False,False,ST_history_label_and_input_certification_pending
000027.SZ:2021,000027.SZ,2021-05-01,train,pending,1209725938,12,0,0,True,True,0,verified_nonfinancial,True,True,True,2022-04-30,False,False,none,rule_based_source_checks_not_manual_review,annual_financial_certification,0,0,False,False,ST_history_label_and_input_certification_pending
000027.SZ:2022,000027.SZ,2022-05-01,validation,pending,1213028283,12,0,0,True,False,0,verified_nonfinancial,True,True,True,2023-04-30,False,False,none,none,annual_financial_certification;annual_text_certification,0,0,False,False,ST_history_label_and_input_certification_pending
000027.SZ:2023,000027.SZ,2023-05-01,validation,pending,1216476759,12,0,0,True,True,0,pending,True,True,True,2024-04-30,False,False,none,rule_based_source_checks_not_manual_review,historical_industry;annual_financial_certification,0,0,False,False,ST_history_label_and_input_certification_pending
000027.SZ:2024,000027.SZ,2024-05-01,test,pending,1219696841,12,0,0,True,True,0,verified_nonfinancial,True,True,True,2025-04-30,False,False,none,rule_based_source_checks_not_manual_review,annual_financial_certification,0,0,False,False,ST_history_label_and_input_certification_pending
000027.SZ:2025,000027.SZ,2025-05-01,test,pending,1223126126,12,0,0,True,True,0,verified_nonfinancial,True,True,True,2026-04-30,False,False,none,rule_based_source_checks_not_manual_review,annual_financial_certification,0,0,False,False,ST_history_label_and_input_certification_pending
000031.SZ:2017,000031.SZ,2017-05-01,train,pending,1203174237,12,0,0,True,False,0,verified_nonfinancial,True,True,True,2018-04-30,False,False,none,none,annual_financial_certification;annual_text_certification,0,0,False,False,ST_history_label_and_input_certification_pending
000031.SZ:2018,000031.SZ,2018-05-01,train,pending,1204486228,12,0,0,True,False,0,verified_nonfinancial,True,True,True,2019-04-30,False,False,none,none,annual_financial_certification;annual_text_certification,0,0,False,False,ST_history_label_and_input_certification_pending
000031.SZ:2019,000031.SZ,2019-05-01,train,pending,1205993658,12,0,0,True,False,0,verified_nonfinancial,True,True,True,2020-04-30,False,False,none,none,annual_financial_certification;annual_text_certification,0,0,False,False,ST_history_label_and_input_certification_pending
000031.SZ:2020,000031.SZ,2020-05-01,train,pending,1207429802,12,0,0,True,False,0,verified_nonfinancial,True,True,True,2021-04-30,False,False,none,none,annual_financial_certification;annual_text_certification,0,0,False,False,ST_history_label_and_input_certification_pending
000031.SZ:2021,000031.SZ,2021-05-01,train,pending,1209464144,12,0,0,True,True,0,verified_nonfinancial,True,True,True,2022-04-30,False,False,none,rule_based_source_checks_not_manual_review,annual_financial_certification,0,0,False,False,ST_history_label_and_input_certification_pending
000031.SZ:2022,000031.SZ,2022-05-01,validation,pending,1212886659,12,0,0,True,True,0,verified_nonfinancial,True,True,True,2023-04-30,False,False,none,rule_based_source_checks_not_manual_review,annual_financial_certification,0,0,False,False,ST_history_label_and_input_certification_pending
000031.SZ:2023,000031.SZ,2023-05-01,validation,pending,1216587088,12,0,0,True,True,0,pending,True,True,True,2024-04-30,False,False,none,rule_based_source_checks_not_manual_review,historical_industry;annual_financial_certification,0,0,False,False,ST_history_label_and_input_certification_pending
000031.SZ:2024,000031.SZ,2024-05-01,test,pending,1219863705,12,0,0,True,False,0,verified_nonfinancial,True,True,True,2025-04-30,False,False,none,none,annual_financial_certification;annual_text_certification,0,0,False,False,ST_history_label_and_input_certification_pending
000031.SZ:2025,000031.SZ,2025-05-01,test,pending,1223153545,12,0,0,True,False,0,verified_nonfinancial,True,True,True,2026-04-30,False,False,none,none,annual_financial_certification;annual_text_certification,0,0,False,False,ST_history_label_and_input_certification_pending
000040.SZ:2017,000040.SZ,2017-05-01,train,pending,1203095117,12,12,0,True,True,0,verified_nonfinancial,True,True,True,2018-04-30,False,False,none,rule_based_source_checks_not_manual_review,annual_financial_certification,0,0,False,False,ST_history_label_and_input_certification_pending
000040.SZ:2018,000040.SZ,2018-05-01,train,pending,1204740858,12,0,0,True,True,0,verified_nonfinancial,True,True,True,2019-04-30,False,False,none,rule_based_source_checks_not_manual_review,annual_financial_certification,0,0,False,False,ST_history_label_and_input_certification_pending
000040.SZ:2019,000040.SZ,2019-05-01,train,pending,1206164100,12,0,0,True,True,0,verified_nonfinancial,True,True,True,2020-04-30,False,False,none,rule_based_source_checks_not_manual_review,annual_financial_certification,0,0,False,False,ST_history_label_and_input_certification_pending
000040.SZ:2020,000040.SZ,2020-05-01,train,pending,,12,0,0,False,False,0,verified_nonfinancial,True,True,True,2021-04-30,False,False,none,none,annual_financial_certification;annual_text_certification,0,0,False,False,ST_history_label_and_input_certification_pending
000040.SZ:2021,000040.SZ,2021-05-01,train,eligible_awaiting_freeze,1209872281,12,12,0,True,True,0,verified_nonfinancial,True,True,True,2022-04-30,True,True,rule_based_source_checks_not_manual_review,rule_based_source_checks_not_manual_review,,0,0,False,True,Annual financial/text inputs and registry-defined endpoint verified; full-cohort freeze pending.
000040.SZ:2022,000040.SZ,2022-05-01,validation,eligible_awaiting_freeze,1213139374,12,12,0,True,True,0,verified_nonfinancial,True,True,True,2023-04-30,True,True,rule_based_source_checks_not_manual_review,rule_based_source_checks_not_manual_review,,0,0,False,True,Annual financial/text inputs and registry-defined endpoint verified; full-cohort freeze pending.
000040.SZ:2023,000040.SZ,2023-05-01,validation,pending,,12,0,0,False,False,0,pending,True,True,True,2024-04-30,False,False,none,none,historical_industry;annual_financial_certification;annual_text_certification,0,0,False,False,ST_history_label_and_input_certification_pending
000040.SZ:2024,000040.SZ,2024-05-01,test,pending,,12,0,0,False,False,1,verified_nonfinancial,True,True,True,2024-07-09,False,False,none,none,annual_financial_certification;annual_text_certification,0,1,False,False,ST_history_label_and_input_certification_pending
000042.SZ:2017,000042.SZ,2017-05-01,train,pending,1203425381,12,0,0,True,True,0,verified_nonfinancial,True,True,True,2018-04-30,False,False,none,rule_based_source_checks_not_manual_review,annual_financial_certification,0,0,False,False,ST_history_label_and_input_certification_pending
000042.SZ:2018,000042.SZ,2018-05-01,train,pending,1204805604,12,3,0,True,True,0,verified_nonfinancial,True,True,True,2019-04-30,False,False,none,rule_based_source_checks_not_manual_review,annual_financial_certification,0,0,False,False,ST_history_label_and_input_certification_pending
000042.SZ:2019,000042.SZ,2019-05-01,train,pending,1206015485,12,1,0,True,True,0,verified_nonfinancial,True,True,True,2020-04-30,False,False,none,rule_based_source_checks_not_manual_review,annual_financial_certification,0,0,False,False,ST_history_label_and_input_certification_pending
000042.SZ:2020,000042.SZ,2020-05-01,train,pending,1207638532,12,1,0,True,True,0,verified_nonfinancial,True,True,True,2021-04-30,False,False,none,rule_based_source_checks_not_manual_review,annual_financial_certification,0,0,False,False,ST_history_label_and_input_certification_pending
000042.SZ:2021,000042.SZ,2021-05-01,train,pending,1209676546,12,1,0,True,True,0,verified_nonfinancial,True,True,True,2022-04-30,False,False,none,rule_based_source_checks_not_manual_review,annual_financial_certification,0,0,False,False,ST_history_label_and_input_certification_pending
000042.SZ:2022,000042.SZ,2022-05-01,validation,pending,1212898226,12,1,0,True,True,0,verified_nonfinancial,True,True,True,2023-04-30,False,False,none,rule_based_source_checks_not_manual_review,annual_financial_certification,0,0,False,False,ST_history_label_and_input_certification_pending
000042.SZ:2023,000042.SZ,2023-05-01,validation,pending,1216380219,12,1,0,True,True,0,pending,True,True,True,2024-04-30,False,False,none,rule_based_source_checks_not_manual_review,historical_industry;annual_financial_certification,0,0,False,False,ST_history_label_and_input_certification_pending
000042.SZ:2024,000042.SZ,2024-05-01,test,pending,1219769062,12,0,0,True,True,0,verified_nonfinancial,True,True,True,2025-04-30,False,False,none,rule_based_source_checks_not_manual_review,annual_financial_certification,0,0,False,False,ST_history_label_and_input_certification_pending
000042.SZ:2025,000042.SZ,2025-05-01,test,pending,1223318957,12,1,0,True,True,0,verified_nonfinancial,True,True,True,2026-04-30,False,False,none,rule_based_source_checks_not_manual_review,annual_financial_certification,0,0,False,False,ST_history_label_and_input_certification_pending
000048.SZ:2017,000048.SZ,2017-05-01,train,pending,1203402385,12,12,0,True,True,0,verified_nonfinancial,True,True,True,2018-04-30,False,False,none,rule_based_source_checks_not_manual_review,annual_financial_certification,0,0,False,False,ST_history_label_and_input_certification_pending
000048.SZ:2018,000048.SZ,2018-05-01,train,pending,,12,0,0,False,False,1,verified_nonfinancial,True,True,True,2018-07-02,False,False,none,none,annual_financial_certification;annual_text_certification,0,1,False,False,ST_history_label_and_input_certification_pending
000048.SZ:2019,000048.SZ,2019-05-01,train,excluded,,12,0,0,False,False,,verified_nonfinancial,True,False,False,,False,False,none,none,,1,0,False,False,preorigin_financial_industry_or_confirmed_baseline_ST
000048.SZ:2020,000048.SZ,2020-05-01,train,pending,1207681445,12,3,0,True,True,0,verified_nonfinancial,True,True,True,2021-04-30,False,False,none,rule_based_source_checks_not_manual_review,annual_financial_certification,0,0,False,False,ST_history_label_and_input_certification_pending
000048.SZ:2021,000048.SZ,2021-05-01,train,pending,1209454384,12,3,0,True,True,0,verified_nonfinancial,True,True,True,2022-04-30,False,False,none,rule_based_source_checks_not_manual_review,annual_financial_certification,0,0,False,False,ST_history_label_and_input_certification_pending
000048.SZ:2022,000048.SZ,2022-05-01,validation,pending,1212582122,12,3,0,True,True,0,verified_nonfinancial,True,True,True,2023-04-30,False,False,none,rule_based_source_checks_not_manual_review,annual_financial_certification,0,0,False,False,ST_history_label_and_input_certification_pending
000048.SZ:2023,000048.SZ,2023-05-01,validation,pending,1216116016,12,12,0,True,True,0,pending,True,True,True,2024-04-30,True,True,rule_based_source_checks_not_manual_review,rule_based_source_checks_not_manual_review,historical_industry,0,0,False,False,ST_history_label_and_input_certification_pending
000048.SZ:2024,000048.SZ,2024-05-01,test,pending,,12,0,0,False,False,0,verified_nonfinancial,True,True,True,2025-04-30,False,False,none,none,annual_financial_certification;annual_text_certification,0,0,False,False,ST_history_label_and_input_certification_pending
000048.SZ:2025,000048.SZ,2025-05-01,test,pending,1222944754,12,12,0,True,True,0,verified_nonfinancial,True,True,True,2026-04-30,False,False,none,rule_based_source_checks_not_manual_review,annual_financial_certification,0,0,False,False,ST_history_label_and_input_certification_pending
000055.SZ:2017,000055.SZ,2017-05-01,train,pending,1203372997,12,12,0,True,True,0,verified_nonfinancial,True,True,True,2018-04-30,False,False,none,rule_based_source_checks_not_manual_review,annual_financial_certification,0,0,False,False,ST_history_label_and_input_certification_pending
000055.SZ:2018,000055.SZ,2018-05-01,train,pending,1204698638,12,12,0,True,True,0,verified_nonfinancial,True,True,True,2019-04-30,False,False,none,rule_based_source_checks_not_manual_review,annual_financial_certification,0,0,False,False,ST_history_label_and_input_certification_pending
000055.SZ:2019,000055.SZ,2019-05-01,train,pending,1205811591,12,12,0,True,True,0,verified_nonfinancial,True,True,True,2020-04-30,False,False,none,rule_based_source_checks_not_manual_review,annual_financial_certification,0,0,False,False,ST_history_label_and_input_certification_pending
000055.SZ:2020,000055.SZ,2020-05-01,train,pending,1207525131,12,3,0,True,True,0,verified_nonfinancial,True,True,True,2021-04-30,False,False,none,rule_based_source_checks_not_manual_review,annual_financial_certification,0,0,False,False,ST_history_label_and_input_certification_pending
000055.SZ:2021,000055.SZ,2021-05-01,train,pending,1209427315,12,3,0,True,True,0,verified_nonfinancial,True,True,True,2022-04-30,False,False,none,rule_based_source_checks_not_manual_review,annual_financial_certification,0,0,False,False,ST_history_label_and_input_certification_pending
000055.SZ:2022,000055.SZ,2022-05-01,validation,pending,1212725894,12,3,0,True,True,0,verified_nonfinancial,True,True,True,2023-04-30,False,False,none,rule_based_source_checks_not_manual_review,annual_financial_certification,0,0,False,False,ST_history_label_and_input_certification_pending
000055.SZ:2023,000055.SZ,2023-05-01,validation,pending,1215991129,12,12,0,True,True,0,pending,True,True,True,2024-04-30,True,True,rule_based_source_checks_not_manual_review,rule_based_source_checks_not_manual_review,historical_industry,0,0,False,False,ST_history_label_and_input_certification_pending
000055.SZ:2024,000055.SZ,2024-05-01,test,eligible_awaiting_freeze,1219492459,12,12,0,True,True,0,verified_nonfinancial,True,True,True,2025-04-30,True,True,rule_based_source_checks_not_manual_review,rule_based_source_checks_not_manual_review,,0,0,False,True,Annual financial/text inputs and registry-defined endpoint verified; full-cohort freeze pending.
000055.SZ:2025,000055.SZ,2025-05-01,test,pending,1223185494,12,12,0,True,True,0,verified_nonfinancial,True,True,True,2026-04-30,False,False,none,rule_based_source_checks_not_manual_review,annual_financial_certification,0,0,False,False,ST_history_label_and_input_certification_pending
000068.SZ:2017,000068.SZ,2017-05-01,train,pending,1203185295,12,12,0,True,True,0,verified_nonfinancial,True,True,True,2018-04-30,False,False,none,rule_based_source_checks_not_manual_review,annual_financial_certification,0,0,False,False,ST_history_label_and_input_certification_pending
000068.SZ:2018,000068.SZ,2018-05-01,train,pending,1204642137,12,12,0,True,True,0,verified_nonfinancial,True,True,True,2019-04-30,False,False,none,rule_based_source_checks_not_manual_review,annual_financial_certification,0,0,False,False,ST_history_label_and_input_certification_pending
000068.SZ:2019,000068.SZ,2019-05-01,train,pending,1206062179,12,12,0,True,True,0,verified_nonfinancial,True,True,True,2020-04-30,False,False,none,rule_based_source_checks_not_manual_review,annual_financial_certification,0,0,False,False,ST_history_label_and_input_certification_pending
000068.SZ:2020,000068.SZ,2020-05-01,train,eligible_awaiting_freeze,1207645170,12,12,0,True,True,0,verified_nonfinancial,True,True,True,2021-04-30,True,True,rule_based_source_checks_not_manual_review,rule_based_source_checks_not_manual_review,,0,0,False,True,Annual financial/text inputs and registry-defined endpoint verified; full-cohort freeze pending.
000068.SZ:2021,000068.SZ,2021-05-01,train,pending,1209813866,12,3,0,True,True,0,verified_nonfinancial,True,True,True,2022-04-30,False,False,none,rule_based_source_checks_not_manual_review,annual_financial_certification,0,0,False,False,ST_history_label_and_input_certification_pending
000068.SZ:2022,000068.SZ,2022-05-01,validation,pending,1212512239,12,3,0,True,True,0,verified_nonfinancial,True,True,True,2023-04-30,False,False,none,rule_based_source_checks_not_manual_review,annual_financial_certification,0,0,False,False,ST_history_label_and_input_certification_pending
000068.SZ:2023,000068.SZ,2023-05-01,validation,pending,1216701006,12,12,0,True,True,0,pending,True,True,True,2024-04-30,True,True,rule_based_source_checks_not_manual_review,rule_based_source_checks_not_manual_review,historical_industry,0,0,False,False,ST_history_label_and_input_certification_pending
000068.SZ:2024,000068.SZ,2024-05-01,test,pending,1219429623,12,0,0,True,True,0,verified_nonfinancial,True,True,True,2025-04-30,False,False,none,rule_based_source_checks_not_manual_review,annual_financial_certification,0,0,False,False,ST_history_label_and_input_certification_pending
000068.SZ:2025,000068.SZ,2025-05-01,test,pending,1222807544,12,12,0,True,True,0,verified_nonfinancial,True,True,True,2026-04-30,False,False,none,rule_based_source_checks_not_manual_review,annual_financial_certification,0,0,False,False,ST_history_label_and_input_certification_pending
000099.SZ:2017,000099.SZ,2017-05-01,train,pending,1203180378,12,12,0,True,True,0,verified_nonfinancial,True,True,True,2018-04-30,False,False,none,rule_based_source_checks_not_manual_review,annual_financial_certification,0,0,False,False,ST_history_label_and_input_certification_pending
000099.SZ:2018,000099.SZ,2018-05-01,train,pending,1204517220,12,12,0,True,True,0,verified_nonfinancial,True,True,True,2019-04-30,False,False,none,rule_based_source_checks_not_manual_review,annual_financial_certification,0,0,False,False,ST_history_label_and_input_certification_pending
000099.SZ:2019,000099.SZ,2019-05-01,train,pending,1205912432,12,12,0,True,True,0,verified_nonfinancial,True,True,True,2020-04-30,False,False,none,rule_based_source_checks_not_manual_review,annual_financial_certification,0,0,False,False,ST_history_label_and_input_certification_pending
000099.SZ:2020,000099.SZ,2020-05-01,train,pending,1207393259,12,3,0,True,True,0,verified_nonfinancial,True,True,True,2021-04-30,False,False,none,rule_based_source_checks_not_manual_review,annual_financial_certification,0,0,False,False,ST_history_label_and_input_certification_pending
000099.SZ:2021,000099.SZ,2021-05-01,train,eligible_awaiting_freeze,1209472904,12,12,0,True,True,0,verified_nonfinancial,True,True,True,2022-04-30,True,True,rule_based_source_checks_not_manual_review,rule_based_source_checks_not_manual_review,,0,0,False,True,Annual financial/text inputs and registry-defined endpoint verified; full-cohort freeze pending.
000099.SZ:2022,000099.SZ,2022-05-01,validation,eligible_awaiting_freeze,1212687423,12,12,0,True,True,0,verified_nonfinancial,True,True,True,2023-04-30,True,True,rule_based_source_checks_not_manual_review,rule_based_source_checks_not_manual_review,,0,0,False,True,Annual financial/text inputs and registry-defined endpoint verified; full-cohort freeze pending.
000099.SZ:2023,000099.SZ,2023-05-01,validation,pending,1216191084,12,12,0,True,True,0,pending,True,True,True,2024-04-30,True,True,rule_based_source_checks_not_manual_review,rule_based_source_checks_not_manual_review,historical_industry,0,0,False,False,ST_history_label_and_input_certification_pending
000099.SZ:2024,000099.SZ,2024-05-01,test,pending,1219328401,12,12,0,False,False,0,verified_nonfinancial,True,True,True,2025-04-30,False,True,rule_based_source_checks_not_manual_review,none,annual_text_certification,0,0,False,False,ST_history_label_and_input_certification_pending
000099.SZ:2025,000099.SZ,2025-05-01,test,pending,1222821612,12,12,0,False,False,0,verified_nonfinancial,True,True,True,2026-04-30,False,False,none,none,annual_financial_certification;annual_text_certification,0,0,False,False,ST_history_label_and_input_certification_pending
000166.SZ:2018,000166.SZ,2018-05-01,train,excluded,,12,0,0,False,False,,excluded_financial,True,True,True,2019-04-30,False,False,none,none,,0,0,False,False,preorigin_financial_industry_or_confirmed_baseline_ST
000166.SZ:2019,000166.SZ,2019-05-01,train,excluded,,12,0,0,False,False,,excluded_financial,True,True,True,2020-04-30,False,False,none,none,,0,0,False,False,preorigin_financial_industry_or_confirmed_baseline_ST
000166.SZ:2020,000166.SZ,2020-05-01,train,excluded,,12,0,0,False,False,,excluded_financial,True,True,True,2021-04-30,False,False,none,none,,0,0,False,False,preorigin_financial_industry_or_confirmed_baseline_ST
000166.SZ:2021,000166.SZ,2021-05-01,train,excluded,,12,0,0,False,False,,excluded_financial,True,True,True,2022-04-30,False,False,none,none,,0,0,False,False,preorigin_financial_industry_or_confirmed_baseline_ST
000166.SZ:2022,000166.SZ,2022-05-01,validation,excluded,,12,0,0,False,False,,excluded_financial,True,True,True,2023-04-30,False,False,none,none,,0,0,False,False,preorigin_financial_industry_or_confirmed_baseline_ST
000166.SZ:2023,000166.SZ,2023-05-01,validation,pending,1216276587,12,0,0,True,True,0,pending,True,True,True,2024-04-30,False,False,none,rule_based_source_checks_not_manual_review,historical_industry;annual_financial_certification,0,0,False,False,ST_history_label_and_input_certification_pending
000166.SZ:2024,000166.SZ,2024-05-01,test,excluded,,12,0,0,False,False,,excluded_financial,True,True,True,2025-04-30,False,False,none,none,,0,0,False,False,preorigin_financial_industry_or_confirmed_baseline_ST
000166.SZ:2025,000166.SZ,2025-05-01,test,excluded,,12,0,0,False,False,,excluded_financial,True,True,True,2026-04-30,False,False,none,none,,0,0,False,False,preorigin_financial_industry_or_confirmed_baseline_ST
000407.SZ:2017,000407.SZ,2017-05-01,train,pending,1203355865,12,0,0,True,True,0,verified_nonfinancial,True,True,True,2018-04-30,False,False,none,rule_based_source_checks_not_manual_review,annual_financial_certification,0,0,False,False,ST_history_label_and_input_certification_pending
000407.SZ:2018,000407.SZ,2018-05-01,train,pending,1204616303,12,0,0,True,True,0,verified_nonfinancial,True,True,True,2019-04-30,False,False,none,rule_based_source_checks_not_manual_review,annual_financial_certification,0,0,False,False,ST_history_label_and_input_certification_pending
000407.SZ:2019,000407.SZ,2019-05-01,train,pending,1206046623,12,0,0,True,True,0,verified_nonfinancial,True,True,True,2020-04-30,False,False,none,rule_based_source_checks_not_manual_review,annual_financial_certification,0,0,False,False,ST_history_label_and_input_certification_pending
000407.SZ:2020,000407.SZ,2020-05-01,train,pending,1207416645,12,0,0,True,True,0,verified_nonfinancial,True,True,True,2021-04-30,False,False,none,rule_based_source_checks_not_manual_review,annual_financial_certification,0,0,False,False,ST_history_label_and_input_certification_pending
000407.SZ:2021,000407.SZ,2021-05-01,train,pending,1209826554,12,0,0,True,True,0,verified_nonfinancial,True,True,True,2022-04-30,False,False,none,rule_based_source_checks_not_manual_review,annual_financial_certification,0,0,False,False,ST_history_label_and_input_certification_pending
000407.SZ:2022,000407.SZ,2022-05-01,validation,pending,1212625615,12,0,0,True,True,0,verified_nonfinancial,True,True,True,2023-04-30,False,False,none,rule_based_source_checks_not_manual_review,annual_financial_certification,0,0,False,False,ST_history_label_and_input_certification_pending
000407.SZ:2023,000407.SZ,2023-05-01,validation,pending,1216145216,12,0,0,True,True,0,pending,True,True,True,2024-04-30,False,False,none,rule_based_source_checks_not_manual_review,historical_industry;annual_financial_certification,0,0,False,False,ST_history_label_and_input_certification_pending
000407.SZ:2024,000407.SZ,2024-05-01,test,pending,1219386765,12,0,0,True,True,0,verified_nonfinancial,True,True,True,2025-04-30,False,False,none,rule_based_source_checks_not_manual_review,annual_financial_certification,0,0,False,False,ST_history_label_and_input_certification_pending
000407.SZ:2025,000407.SZ,2025-05-01,test,pending,1222867698,12,0,0,True,True,0,verified_nonfinancial,True,True,True,2026-04-30,False,False,none,rule_based_source_checks_not_manual_review,annual_financial_certification,0,0,False,False,ST_history_label_and_input_certification_pending
000408.SZ:2017,000408.SZ,2017-05-01,train,excluded,,12,0,0,False,False,,verified_nonfinancial,True,False,False,,False,False,none,none,,1,0,False,False,preorigin_financial_industry_or_confirmed_baseline_ST
000408.SZ:2018,000408.SZ,2018-05-01,train,pending,1204825759,12,12,0,True,True,0,verified_nonfinancial,True,True,True,2019-04-30,False,False,none,rule_based_source_checks_not_manual_review,annual_financial_certification,0,0,False,False,ST_history_label_and_input_certification_pending
000408.SZ:2019,000408.SZ,2019-05-01,train,pending,1206165004,12,12,0,True,True,0,verified_nonfinancial,True,True,True,2020-04-30,False,False,none,rule_based_source_checks_not_manual_review,annual_financial_certification,0,0,False,False,ST_history_label_and_input_certification_pending
000408.SZ:2020,000408.SZ,2020-05-01,train,eligible_awaiting_freeze,1207687952,12,12,0,True,True,1,verified_nonfinancial,True,True,True,2020-05-06,True,True,rule_based_source_checks_not_manual_review,rule_based_source_checks_not_manual_review,,0,1,False,True,Annual financial/text inputs and registry-defined endpoint verified; full-cohort freeze pending.
000408.SZ:2021,000408.SZ,2021-05-01,train,excluded,,12,0,0,False,False,,verified_nonfinancial,True,False,False,,False,False,none,none,,1,0,False,False,preorigin_financial_industry_or_confirmed_baseline_ST
000408.SZ:2022,000408.SZ,2022-05-01,validation,pending,1212540184,12,0,0,True,True,0,verified_nonfinancial,True,True,True,2023-04-30,False,False,none,rule_based_source_checks_not_manual_review,annual_financial_certification,0,0,False,False,ST_history_label_and_input_certification_pending
000408.SZ:2023,000408.SZ,2023-05-01,validation,pending,1216083648,12,0,0,False,False,0,pending,True,True,True,2024-04-30,False,False,none,none,historical_industry;annual_financial_certification;annual_text_certification,0,0,False,False,ST_history_label_and_input_certification_pending
000408.SZ:2024,000408.SZ,2024-05-01,test,pending,1219359611,12,0,0,False,False,0,verified_nonfinancial,True,True,True,2025-04-30,False,False,none,none,annual_financial_certification;annual_text_certification,0,0,False,False,ST_history_label_and_input_certification_pending
000408.SZ:2025,000408.SZ,2025-05-01,test,pending,1222951087,12,0,0,True,False,0,verified_nonfinancial,True,True,True,2026-04-30,False,False,none,none,annual_financial_certification;annual_text_certification,0,0,False,False,ST_history_label_and_input_certification_pending
000419.SZ:2017,000419.SZ,2017-05-01,train,pending,1203299854,12,12,0,True,True,0,verified_nonfinancial,True,True,True,2018-04-30,False,False,none,rule_based_source_checks_not_manual_review,annual_financial_certification,0,0,False,False,ST_history_label_and_input_certification_pending
000419.SZ:2018,000419.SZ,2018-05-01,train,pending,1204626250,12,12,0,True,True,0,verified_nonfinancial,True,True,True,2019-04-30,False,False,none,rule_based_source_checks_not_manual_review,annual_financial_certification,0,0,False,False,ST_history_label_and_input_certification_pending
000419.SZ:2019,000419.SZ,2019-05-01,train,pending,1206015325,12,12,0,True,True,0,verified_nonfinancial,True,True,True,2020-04-30,False,False,none,rule_based_source_checks_not_manual_review,annual_financial_certification,0,0,False,False,ST_history_label_and_input_certification_pending
000419.SZ:2020,000419.SZ,2020-05-01,train,pending,1207523959,12,3,0,True,True,0,verified_nonfinancial,True,True,True,2021-04-30,False,False,none,rule_based_source_checks_not_manual_review,annual_financial_certification,0,0,False,False,ST_history_label_and_input_certification_pending
000419.SZ:2021,000419.SZ,2021-05-01,train,pending,1209831115,12,3,0,True,True,0,verified_nonfinancial,True,True,True,2022-04-30,False,False,none,rule_based_source_checks_not_manual_review,annual_financial_certification,0,0,False,False,ST_history_label_and_input_certification_pending
000419.SZ:2022,000419.SZ,2022-05-01,validation,pending,1213053771,12,3,0,True,True,0,verified_nonfinancial,True,True,True,2023-04-30,False,False,none,rule_based_source_checks_not_manual_review,annual_financial_certification,0,0,False,False,ST_history_label_and_input_certification_pending
000419.SZ:2023,000419.SZ,2023-05-01,validation,pending,1216355030,12,12,0,True,True,0,pending,True,True,True,2024-04-30,True,True,rule_based_source_checks_not_manual_review,rule_based_source_checks_not_manual_review,historical_industry,0,0,False,False,ST_history_label_and_input_certification_pending
000419.SZ:2024,000419.SZ,2024-05-01,test,eligible_awaiting_freeze,1219700747,12,12,0,True,True,0,verified_nonfinancial,True,True,True,2025-04-30,True,True,rule_based_source_checks_not_manual_review,rule_based_source_checks_not_manual_review,,0,0,False,True,Annual financial/text inputs and registry-defined endpoint verified; full-cohort freeze pending.
000419.SZ:2025,000419.SZ,2025-05-01,test,pending,,12,0,0,False,False,0,verified_nonfinancial,True,True,True,2026-04-30,False,False,none,none,annual_financial_certification;annual_text_certification,0,0,False,False,ST_history_label_and_input_certification_pending
000501.SZ:2017,000501.SZ,2017-05-01,train,pending,1203357300,12,12,0,True,True,0,verified_nonfinancial,True,True,True,2018-04-30,False,False,none,rule_based_source_checks_not_manual_review,annual_financial_certification,0,0,False,False,ST_history_label_and_input_certification_pending
000501.SZ:2018,000501.SZ,2018-05-01,train,pending,1204826865,12,7,0,True,True,0,verified_nonfinancial,True,True,True,2019-04-30,False,False,none,rule_based_source_checks_not_manual_review,annual_financial_certification,0,0,False,False,ST_history_label_and_input_certification_pending
000501.SZ:2019,000501.SZ,2019-05-01,train,pending,1206061252,12,12,0,True,True,0,verified_nonfinancial,True,True,True,2020-04-30,False,False,none,rule_based_source_checks_not_manual_review,annual_financial_certification,0,0,False,False,ST_history_label_and_input_certification_pending
000501.SZ:2020,000501.SZ,2020-05-01,train,pending,1207681144,12,3,0,True,True,0,verified_nonfinancial,True,True,True,2021-04-30,False,False,none,rule_based_source_checks_not_manual_review,annual_financial_certification,0,0,False,False,ST_history_label_and_input_certification_pending
000501.SZ:2021,000501.SZ,2021-05-01,train,pending,1209475049,12,3,0,True,True,0,verified_nonfinancial,True,True,True,2022-04-30,False,False,none,rule_based_source_checks_not_manual_review,annual_financial_certification,0,0,False,False,ST_history_label_and_input_certification_pending
000501.SZ:2022,000501.SZ,2022-05-01,validation,pending,1212744289,12,3,0,True,True,0,verified_nonfinancial,True,True,True,2023-04-30,False,False,none,rule_based_source_checks_not_manual_review,annual_financial_certification,0,0,False,False,ST_history_label_and_input_certification_pending
000501.SZ:2023,000501.SZ,2023-05-01,validation,pending,1216277052,12,12,0,True,True,0,pending,True,True,True,2024-04-30,True,True,rule_based_source_checks_not_manual_review,rule_based_source_checks_not_manual_review,historical_industry,0,0,False,False,ST_history_label_and_input_certification_pending
000501.SZ:2024,000501.SZ,2024-05-01,test,eligible_awaiting_freeze,1219471864,12,12,0,True,True,0,verified_nonfinancial,True,True,True,2025-04-30,True,True,rule_based_source_checks_not_manual_review,rule_based_source_checks_not_manual_review,,0,0,False,True,Annual financial/text inputs and registry-defined endpoint verified; full-cohort freeze pending.
000501.SZ:2025,000501.SZ,2025-05-01,test,pending,1222948771,12,12,0,True,True,0,verified_nonfinancial,True,True,True,2026-04-30,False,False,none,rule_based_source_checks_not_manual_review,annual_financial_certification,0,0,False,False,ST_history_label_and_input_certification_pending
000504.SZ:2017,000504.SZ,2017-05-01,train,excluded,,12,0,0,False,False,,verified_nonfinancial,True,False,False,,False,False,none,none,,1,0,False,False,preorigin_financial_industry_or_confirmed_baseline_ST
000504.SZ:2018,000504.SZ,2018-05-01,train,pending,1204825892,12,12,0,True,True,0,verified_nonfinancial,True,True,True,2019-04-30,False,False,none,rule_based_source_checks_not_manual_review,annual_financial_certification,0,0,False,False,ST_history_label_and_input_certification_pending
000504.SZ:2019,000504.SZ,2019-05-01,train,pending,1206163376,12,12,0,True,True,1,verified_nonfinancial,True,True,True,2019-05-06,False,False,none,rule_based_source_checks_not_manual_review,annual_financial_certification,0,1,False,False,ST_history_label_and_input_certification_pending
000504.SZ:2020,000504.SZ,2020-05-01,train,excluded,,12,0,0,False,False,,verified_nonfinancial,True,False,False,,False,False,none,none,,1,0,False,False,preorigin_financial_industry_or_confirmed_baseline_ST
000504.SZ:2021,000504.SZ,2021-05-01,train,pending,1209488453,12,3,0,True,True,0,verified_nonfinancial,True,True,True,2022-04-30,False,False,none,rule_based_source_checks_not_manual_review,annual_financial_certification,0,0,False,False,ST_history_label_and_input_certification_pending
000504.SZ:2022,000504.SZ,2022-05-01,validation,pending,1213260126,12,3,0,True,True,0,verified_nonfinancial,True,True,True,2023-04-30,False,False,none,rule_based_source_checks_not_manual_review,annual_financial_certification,0,0,False,False,ST_history_label_and_input_certification_pending
000504.SZ:2023,000504.SZ,2023-05-01,validation,pending,1216688529,12,12,0,True,True,0,pending,True,True,True,2024-04-30,True,True,rule_based_source_checks_not_manual_review,rule_based_source_checks_not_manual_review,historical_industry,0,0,False,False,ST_history_label_and_input_certification_pending
000504.SZ:2024,000504.SZ,2024-05-01,test,eligible_awaiting_freeze,1219916008,12,12,0,True,True,1,verified_nonfinancial,True,True,True,2025-04-30,True,True,rule_based_source_checks_not_manual_review,rule_based_source_checks_not_manual_review,,0,1,False,True,Annual financial/text inputs and registry-defined endpoint verified; full-cohort freeze pending.
000504.SZ:2025,000504.SZ,2025-05-01,test,excluded,,12,0,0,False,False,,verified_nonfinancial,True,False,False,,False,False,none,none,,1,0,False,False,preorigin_financial_industry_or_confirmed_baseline_ST
000533.SZ:2017,000533.SZ,2017-05-01,train,pending,1203262238,12,12,0,True,True,0,verified_nonfinancial,True,True,True,2018-04-30,False,False,none,rule_based_source_checks_not_manual_review,annual_financial_certification,0,0,False,False,ST_history_label_and_input_certification_pending
000533.SZ:2018,000533.SZ,2018-05-01,train,pending,1204627040,12,12,0,True,True,0,verified_nonfinancial,True,True,True,2019-04-30,False,False,none,rule_based_source_checks_not_manual_review,annual_financial_certification,0,0,False,False,ST_history_label_and_input_certification_pending
000533.SZ:2019,000533.SZ,2019-05-01,train,pending,1206162173,12,12,0,True,True,0,verified_nonfinancial,True,True,True,2020-04-30,False,False,none,rule_based_source_checks_not_manual_review,annual_financial_certification,0,0,False,False,ST_history_label_and_input_certification_pending
000533.SZ:2020,000533.SZ,2020-05-01,train,pending,1207604447,12,3,0,True,True,0,verified_nonfinancial,True,True,True,2021-04-30,False,False,none,rule_based_source_checks_not_manual_review,annual_financial_certification,0,0,False,False,ST_history_label_and_input_certification_pending
000533.SZ:2021,000533.SZ,2021-05-01,train,pending,1209475139,12,3,0,True,True,0,verified_nonfinancial,True,True,True,2022-04-30,False,False,none,rule_based_source_checks_not_manual_review,annual_financial_certification,0,0,False,False,ST_history_label_and_input_certification_pending
000533.SZ:2022,000533.SZ,2022-05-01,validation,pending,1212709241,12,3,0,True,True,0,verified_nonfinancial,True,True,True,2023-04-30,False,False,none,rule_based_source_checks_not_manual_review,annual_financial_certification,0,0,False,False,ST_history_label_and_input_certification_pending
000533.SZ:2023,000533.SZ,2023-05-01,validation,pending,1216417085,12,12,0,True,False,0,pending,True,True,True,2024-04-30,False,False,none,none,historical_industry;annual_financial_certification;annual_text_certification,0,0,False,False,ST_history_label_and_input_certification_pending
000533.SZ:2024,000533.SZ,2024-05-01,test,pending,1219623925,12,12,0,True,False,0,verified_nonfinancial,True,True,True,2025-04-30,False,False,none,none,annual_financial_certification;annual_text_certification,0,0,False,False,ST_history_label_and_input_certification_pending
000533.SZ:2025,000533.SZ,2025-05-01,test,pending,1223100386,12,12,0,True,False,0,verified_nonfinancial,True,True,True,2026-04-30,False,False,none,none,annual_financial_certification;annual_text_certification,0,0,False,False,ST_history_label_and_input_certification_pending
000534.SZ:2017,000534.SZ,2017-05-01,train,pending,1203112381,12,0,0,True,True,0,verified_nonfinancial,True,True,True,2018-04-30,False,False,none,rule_based_source_checks_not_manual_review,annual_financial_certification,0,0,False,False,ST_history_label_and_input_certification_pending
000534.SZ:2018,000534.SZ,2018-05-01,train,pending,1204803207,12,0,0,True,True,0,verified_nonfinancial,True,True,True,2019-04-30,False,False,none,rule_based_source_checks_not_manual_review,annual_financial_certification,0,0,False,False,ST_history_label_and_input_certification_pending
000534.SZ:2019,000534.SZ,2019-05-01,train,pending,1206092833,12,12,0,True,True,0,verified_nonfinancial,True,True,True,2020-04-30,False,False,none,rule_based_source_checks_not_manual_review,annual_financial_certification,0,0,False,False,ST_history_label_and_input_certification_pending
000534.SZ:2020,000534.SZ,2020-05-01,train,eligible_awaiting_freeze,1207334871,12,12,0,True,True,0,verified_nonfinancial,True,True,True,2021-04-30,True,True,rule_based_source_checks_not_manual_review,rule_based_source_checks_not_manual_review,,0,0,False,True,Annual financial/text inputs and registry-defined endpoint verified; full-cohort freeze pending.
000534.SZ:2021,000534.SZ,2021-05-01,train,eligible_awaiting_freeze,1209855482,12,12,0,True,True,0,verified_nonfinancial,True,True,True,2022-04-30,True,True,rule_based_source_checks_not_manual_review,rule_based_source_checks_not_manual_review,,0,0,False,True,Annual financial/text inputs and registry-defined endpoint verified; full-cohort freeze pending.
000534.SZ:2022,000534.SZ,2022-05-01,validation,eligible_awaiting_freeze,1212686761,12,12,0,True,True,0,verified_nonfinancial,True,True,True,2023-04-30,True,True,rule_based_source_checks_not_manual_review,rule_based_source_checks_not_manual_review,,0,0,False,True,Annual financial/text inputs and registry-defined endpoint verified; full-cohort freeze pending.
000534.SZ:2023,000534.SZ,2023-05-01,validation,pending,1215991366,12,12,0,True,True,0,pending,True,True,True,2024-04-30,True,True,rule_based_source_checks_not_manual_review,rule_based_source_checks_not_manual_review,historical_industry,0,0,False,False,ST_history_label_and_input_certification_pending
000534.SZ:2024,000534.SZ,2024-05-01,test,eligible_awaiting_freeze,1219468081,12,12,0,True,True,0,verified_nonfinancial,True,True,True,2025-04-30,True,True,rule_based_source_checks_not_manual_review,rule_based_source_checks_not_manual_review,,0,0,False,True,Annual financial/text inputs and registry-defined endpoint verified; full-cohort freeze pending.
000534.SZ:2025,000534.SZ,2025-05-01,test,pending,1222733484,12,12,0,True,True,0,verified_nonfinancial,True,True,True,2026-04-30,False,False,none,rule_based_source_checks_not_manual_review,annual_financial_certification,0,0,False,False,ST_history_label_and_input_certification_pending
000545.SZ:2017,000545.SZ,2017-05-01,train,pending,1203043248,12,12,0,True,True,0,verified_nonfinancial,True,True,True,2018-04-30,False,False,none,rule_based_source_checks_not_manual_review,annual_financial_certification,0,0,False,False,ST_history_label_and_input_certification_pending
000545.SZ:2018,000545.SZ,2018-05-01,train,pending,1204663474,12,12,0,True,True,0,verified_nonfinancial,True,True,True,2019-04-30,False,False,none,rule_based_source_checks_not_manual_review,annual_financial_certification,0,0,False,False,ST_history_label_and_input_certification_pending
000545.SZ:2019,000545.SZ,2019-05-01,train,pending,1205954637,12,12,0,True,True,0,verified_nonfinancial,True,True,True,2020-04-30,False,False,none,rule_based_source_checks_not_manual_review,annual_financial_certification,0,0,False,False,ST_history_label_and_input_certification_pending
000545.SZ:2020,000545.SZ,2020-05-01,train,pending,,12,0,0,False,False,0,verified_nonfinancial,True,True,True,2021-04-30,False,False,none,none,annual_financial_certification;annual_text_certification,0,0,False,False,ST_history_label_and_input_certification_pending
000545.SZ:2021,000545.SZ,2021-05-01,train,pending,1209853713,12,3,0,True,True,0,verified_nonfinancial,True,True,True,2022-04-30,False,False,none,rule_based_source_checks_not_manual_review,annual_financial_certification,0,0,False,False,ST_history_label_and_input_certification_pending
000545.SZ:2022,000545.SZ,2022-05-01,validation,eligible_awaiting_freeze,1213204723,12,12,0,True,True,0,verified_nonfinancial,True,True,True,2023-04-30,True,True,rule_based_source_checks_not_manual_review,rule_based_source_checks_not_manual_review,,0,0,False,True,Annual financial/text inputs and registry-defined endpoint verified; full-cohort freeze pending.
000545.SZ:2023,000545.SZ,2023-05-01,validation,pending,1216687655,12,12,0,True,True,0,pending,True,True,True,2024-04-30,True,True,rule_based_source_checks_not_manual_review,rule_based_source_checks_not_manual_review,historical_industry,0,0,False,False,ST_history_label_and_input_certification_pending
000545.SZ:2024,000545.SZ,2024-05-01,test,eligible_awaiting_freeze,1219869654,12,12,0,True,True,0,verified_nonfinancial,True,True,True,2025-04-30,True,True,rule_based_source_checks_not_manual_review,rule_based_source_checks_not_manual_review,,0,0,False,True,Annual financial/text inputs and registry-defined endpoint verified; full-cohort freeze pending.
000545.SZ:2025,000545.SZ,2025-05-01,test,pending,1223373589,12,12,0,True,True,0,verified_nonfinancial,True,True,True,2026-04-30,False,False,none,rule_based_source_checks_not_manual_review,annual_financial_certification,0,0,False,False,ST_history_label_and_input_certification_pending
000553.SZ:2017,000553.SZ,2017-05-01,train,pending,1203250707,12,12,0,True,True,0,verified_nonfinancial,True,True,True,2018-04-30,False,False,none,rule_based_source_checks_not_manual_review,annual_financial_certification,0,0,False,False,ST_history_label_and_input_certification_pending
000553.SZ:2018,000553.SZ,2018-05-01,train,pending,1204532403,12,0,0,True,True,0,verified_nonfinancial,True,True,True,2019-04-30,False,False,none,rule_based_source_checks_not_manual_review,annual_financial_certification,0,0,False,False,ST_history_label_and_input_certification_pending
000553.SZ:2019,000553.SZ,2019-05-01,train,pending,1205920417,12,0,0,True,True,0,verified_nonfinancial,True,True,True,2020-04-30,False,False,none,rule_based_source_checks_not_manual_review,annual_financial_certification,0,0,False,False,ST_history_label_and_input_certification_pending
000553.SZ:2020,000553.SZ,2020-05-01,train,pending,1207637954,12,0,0,True,True,0,verified_nonfinancial,True,True,True,2021-04-30,False,False,none,rule_based_source_checks_not_manual_review,annual_financial_certification,0,0,False,False,ST_history_label_and_input_certification_pending
000553.SZ:2021,000553.SZ,2021-05-01,train,pending,1209484866,12,0,0,True,True,0,verified_nonfinancial,True,True,True,2022-04-30,False,False,none,rule_based_source_checks_not_manual_review,annual_financial_certification,0,0,False,False,ST_history_label_and_input_certification_pending
000553.SZ:2022,000553.SZ,2022-05-01,validation,pending,1212747054,12,0,0,True,True,0,verified_nonfinancial,True,True,True,2023-04-30,False,False,none,rule_based_source_checks_not_manual_review,annual_financial_certification,0,0,False,False,ST_history_label_and_input_certification_pending
000553.SZ:2023,000553.SZ,2023-05-01,validation,pending,1216171157,12,0,0,True,True,0,pending,True,True,True,2024-04-30,False,False,none,rule_based_source_checks_not_manual_review,historical_industry;annual_financial_certification,0,0,False,False,ST_history_label_and_input_certification_pending
000553.SZ:2024,000553.SZ,2024-05-01,test,pending,1219412587,12,0,0,True,True,0,verified_nonfinancial,True,True,True,2025-04-30,False,False,none,rule_based_source_checks_not_manual_review,annual_financial_certification,0,0,False,False,ST_history_label_and_input_certification_pending
000553.SZ:2025,000553.SZ,2025-05-01,test,pending,1222789218,12,0,0,True,True,0,verified_nonfinancial,True,True,True,2026-04-30,False,False,none,rule_based_source_checks_not_manual_review,annual_financial_certification,0,0,False,False,ST_history_label_and_input_certification_pending
000555.SZ:2017,000555.SZ,2017-05-01,train,pending,1203227192,12,12,0,True,True,0,verified_nonfinancial,True,True,True,2018-04-30,False,False,none,rule_based_source_checks_not_manual_review,annual_financial_certification,0,0,False,False,ST_history_label_and_input_certification_pending
000555.SZ:2018,000555.SZ,2018-05-01,train,pending,1204534077,12,12,0,True,True,0,verified_nonfinancial,True,True,True,2019-04-30,False,False,none,rule_based_source_checks_not_manual_review,annual_financial_certification,0,0,False,False,ST_history_label_and_input_certification_pending
000555.SZ:2019,000555.SZ,2019-05-01,train,pending,1205948923,12,12,0,True,True,0,verified_nonfinancial,True,True,True,2020-04-30,False,False,none,rule_based_source_checks_not_manual_review,annual_financial_certification,0,0,False,False,ST_history_label_and_input_certification_pending
000555.SZ:2020,000555.SZ,2020-05-01,train,pending,1207430016,12,3,0,True,True,0,verified_nonfinancial,True,True,True,2021-04-30,False,False,none,rule_based_source_checks_not_manual_review,annual_financial_certification,0,0,False,False,ST_history_label_and_input_certification_pending
000555.SZ:2021,000555.SZ,2021-05-01,train,pending,1209491456,12,3,0,True,False,0,verified_nonfinancial,True,True,True,2022-04-30,False,False,none,none,annual_financial_certification;annual_text_certification,0,0,False,False,ST_history_label_and_input_certification_pending
000555.SZ:2022,000555.SZ,2022-05-01,validation,pending,1212750276,12,3,0,True,False,0,verified_nonfinancial,True,True,True,2023-04-30,False,False,none,none,annual_financial_certification;annual_text_certification,0,0,False,False,ST_history_label_and_input_certification_pending
000555.SZ:2023,000555.SZ,2023-05-01,validation,pending,1216274401,12,12,0,True,False,0,pending,True,True,True,2024-04-30,False,False,none,none,historical_industry;annual_financial_certification;annual_text_certification,0,0,False,False,ST_history_label_and_input_certification_pending
000555.SZ:2024,000555.SZ,2024-05-01,test,pending,1219446217,12,12,0,True,False,0,verified_nonfinancial,True,True,True,2025-04-30,False,False,none,none,annual_financial_certification;annual_text_certification,0,0,False,False,ST_history_label_and_input_certification_pending
000555.SZ:2025,000555.SZ,2025-05-01,test,pending,1222949593,12,12,0,True,False,0,verified_nonfinancial,True,True,True,2026-04-30,False,False,none,none,annual_financial_certification;annual_text_certification,0,0,False,False,ST_history_label_and_input_certification_pending
000557.SZ:2017,000557.SZ,2017-05-01,train,pending,1203282369,12,12,0,True,True,0,verified_nonfinancial,True,True,True,2018-04-30,False,False,none,rule_based_source_checks_not_manual_review,annual_financial_certification,0,0,False,False,ST_history_label_and_input_certification_pending
000557.SZ:2018,000557.SZ,2018-05-01,train,pending,1204501065,12,12,0,True,True,0,verified_nonfinancial,True,True,True,2019-04-30,False,False,none,rule_based_source_checks_not_manual_review,annual_financial_certification,0,0,False,False,ST_history_label_and_input_certification_pending
000557.SZ:2019,000557.SZ,2019-05-01,train,pending,1206124558,12,12,0,True,True,0,verified_nonfinancial,True,True,True,2020-04-30,False,False,none,rule_based_source_checks_not_manual_review,annual_financial_certification,0,0,False,False,ST_history_label_and_input_certification_pending
000557.SZ:2020,000557.SZ,2020-05-01,train,pending,1207415830,12,3,0,True,True,0,verified_nonfinancial,True,True,True,2021-04-30,False,False,none,rule_based_source_checks_not_manual_review,annual_financial_certification,0,0,False,False,ST_history_label_and_input_certification_pending
000557.SZ:2021,000557.SZ,2021-05-01,train,pending,1209710945,12,3,0,True,True,0,verified_nonfinancial,True,True,True,2022-04-30,False,False,none,rule_based_source_checks_not_manual_review,annual_financial_certification,0,0,False,False,ST_history_label_and_input_certification_pending
000557.SZ:2022,000557.SZ,2022-05-01,validation,eligible_awaiting_freeze,1213161106,12,12,0,True,True,0,verified_nonfinancial,True,True,True,2023-04-30,True,True,rule_based_source_checks_not_manual_review,rule_based_source_checks_not_manual_review,,0,0,False,True,Annual financial/text inputs and registry-defined endpoint verified; full-cohort freeze pending.
000557.SZ:2023,000557.SZ,2023-05-01,validation,pending,1216547631,12,12,0,True,True,0,pending,True,True,True,2024-04-30,True,True,rule_based_source_checks_not_manual_review,rule_based_source_checks_not_manual_review,historical_industry,0,0,False,False,ST_history_label_and_input_certification_pending
000557.SZ:2024,000557.SZ,2024-05-01,test,eligible_awaiting_freeze,1219816292,12,12,0,True,True,0,verified_nonfinancial,True,True,True,2025-04-30,True,True,rule_based_source_checks_not_manual_review,rule_based_source_checks_not_manual_review,,0,0,False,True,Annual financial/text inputs and registry-defined endpoint verified; full-cohort freeze pending.
000557.SZ:2025,000557.SZ,2025-05-01,test,pending,1223265150,12,12,0,True,True,0,verified_nonfinancial,True,True,True,2026-04-30,False,False,none,rule_based_source_checks_not_manual_review,annual_financial_certification,0,0,False,False,ST_history_label_and_input_certification_pending
000576.SZ:2017,000576.SZ,2017-05-01,train,pending,1203126669,12,12,0,True,True,0,verified_nonfinancial,True,True,True,2018-04-30,False,False,none,rule_based_source_checks_not_manual_review,annual_financial_certification,0,0,False,False,ST_history_label_and_input_certification_pending
000576.SZ:2018,000576.SZ,2018-05-01,train,pending,1204511155,12,2,0,True,True,0,verified_nonfinancial,True,True,True,2019-04-30,False,False,none,rule_based_source_checks_not_manual_review,annual_financial_certification,0,0,False,False,ST_history_label_and_input_certification_pending
000576.SZ:2019,000576.SZ,2019-05-01,train,pending,1205932684,12,3,0,True,True,0,verified_nonfinancial,True,True,True,2020-04-30,False,False,none,rule_based_source_checks_not_manual_review,annual_financial_certification,0,0,False,False,ST_history_label_and_input_certification_pending
000576.SZ:2020,000576.SZ,2020-05-01,train,pending,1207417319,12,3,0,True,True,0,verified_nonfinancial,True,True,True,2021-04-30,False,False,none,rule_based_source_checks_not_manual_review,annual_financial_certification,0,0,False,False,ST_history_label_and_input_certification_pending
000576.SZ:2021,000576.SZ,2021-05-01,train,pending,1209464150,12,3,0,True,True,0,verified_nonfinancial,True,True,True,2022-04-30,False,False,none,rule_based_source_checks_not_manual_review,annual_financial_certification,0,0,False,False,ST_history_label_and_input_certification_pending
000576.SZ:2022,000576.SZ,2022-05-01,validation,pending,1212854718,12,3,0,True,True,0,verified_nonfinancial,True,True,True,2023-04-30,False,False,none,rule_based_source_checks_not_manual_review,annual_financial_certification,0,0,False,False,ST_history_label_and_input_certification_pending
000576.SZ:2023,000576.SZ,2023-05-01,validation,pending,1216357407,12,12,0,True,True,0,pending,True,True,True,2024-04-30,True,True,rule_based_source_checks_not_manual_review,rule_based_source_checks_not_manual_review,historical_industry,0,0,False,False,ST_history_label_and_input_certification_pending
000576.SZ:2024,000576.SZ,2024-05-01,test,eligible_awaiting_freeze,1219692407,12,12,0,True,True,0,verified_nonfinancial,True,True,True,2025-04-30,True,True,rule_based_source_checks_not_manual_review,rule_based_source_checks_not_manual_review,,0,0,False,True,Annual financial/text inputs and registry-defined endpoint verified; full-cohort freeze pending.
000576.SZ:2025,000576.SZ,2025-05-01,test,pending,1223144139,12,12,0,True,True,0,verified_nonfinancial,True,True,True,2026-04-30,False,False,none,rule_based_source_checks_not_manual_review,annual_financial_certification,0,0,False,False,ST_history_label_and_input_certification_pending
000581.SZ:2017,000581.SZ,2017-05-01,train,pending,1203312386,12,12,0,True,True,0,verified_nonfinancial,True,True,True,2018-04-30,False,False,none,rule_based_source_checks_not_manual_review,annual_financial_certification,0,0,False,False,ST_history_label_and_input_certification_pending
000581.SZ:2018,000581.SZ,2018-05-01,train,pending,1204639375,12,12,0,True,True,0,verified_nonfinancial,True,True,True,2019-04-30,False,False,none,rule_based_source_checks_not_manual_review,annual_financial_certification,0,0,False,False,ST_history_label_and_input_certification_pending
000581.SZ:2019,000581.SZ,2019-05-01,train,pending,1206066386,12,12,0,True,True,0,verified_nonfinancial,True,True,True,2020-04-30,False,False,none,rule_based_source_checks_not_manual_review,annual_financial_certification,0,0,False,False,ST_history_label_and_input_certification_pending
000581.SZ:2020,000581.SZ,2020-05-01,train,pending,1207537807,12,3,0,True,True,0,verified_nonfinancial,True,True,True,2021-04-30,False,False,none,rule_based_source_checks_not_manual_review,annual_financial_certification,0,0,False,False,ST_history_label_and_input_certification_pending
000581.SZ:2021,000581.SZ,2021-05-01,train,pending,1209722907,12,3,0,True,True,0,verified_nonfinancial,True,True,True,2022-04-30,False,False,none,rule_based_source_checks_not_manual_review,annual_financial_certification,0,0,False,False,ST_history_label_and_input_certification_pending
000581.SZ:2022,000581.SZ,2022-05-01,validation,pending,1212958486,12,3,0,True,True,0,verified_nonfinancial,True,True,True,2023-04-30,False,False,none,rule_based_source_checks_not_manual_review,annual_financial_certification,0,0,False,False,ST_history_label_and_input_certification_pending
000581.SZ:2023,000581.SZ,2023-05-01,validation,pending,1216660562,12,12,0,True,False,0,pending,True,True,True,2024-04-30,False,False,none,none,historical_industry;annual_financial_certification;annual_text_certification,0,0,False,False,ST_history_label_and_input_certification_pending
000581.SZ:2024,000581.SZ,2024-05-01,test,eligible_awaiting_freeze,1219619965,12,12,0,True,True,0,verified_nonfinancial,True,True,True,2025-04-30,True,True,rule_based_source_checks_not_manual_review,rule_based_source_checks_not_manual_review,,0,0,False,True,Annual financial/text inputs and registry-defined endpoint verified; full-cohort freeze pending.
000581.SZ:2025,000581.SZ,2025-05-01,test,pending,1223125324,12,12,0,True,True,0,verified_nonfinancial,True,True,True,2026-04-30,False,False,none,rule_based_source_checks_not_manual_review,annual_financial_certification,0,0,False,False,ST_history_label_and_input_certification_pending
000585.SZ:2017,000585.SZ,2017-05-01,train,pending,1203211664,12,12,0,True,True,1,verified_nonfinancial,True,True,True,2018-04-02,False,False,none,rule_based_source_checks_not_manual_review,annual_financial_certification,0,1,False,False,ST_history_label_and_input_certification_pending
000585.SZ:2018,000585.SZ,2018-05-01,train,excluded,,12,0,0,False,False,,verified_nonfinancial,True,False,False,,False,False,none,none,,1,0,False,False,preorigin_financial_industry_or_confirmed_baseline_ST
000585.SZ:2019,000585.SZ,2019-05-01,train,excluded,,12,0,0,False,False,,verified_nonfinancial,True,False,False,,False,False,none,none,,1,0,False,False,preorigin_financial_industry_or_confirmed_baseline_ST
000585.SZ:2020,000585.SZ,2020-05-01,train,excluded,,12,0,0,False,False,,verified_nonfinancial,True,False,False,,False,False,none,none,,1,0,False,False,preorigin_financial_industry_or_confirmed_baseline_ST
000585.SZ:2021,000585.SZ,2021-05-01,train,excluded,,12,0,0,False,False,,verified_nonfinancial,True,False,False,,False,False,none,none,,1,0,False,False,preorigin_financial_industry_or_confirmed_baseline_ST
000585.SZ:2022,000585.SZ,2022-05-01,validation,excluded,,12,0,0,False,False,,verified_nonfinancial,True,True,False,,False,False,none,none,,0,0,False,False,known_incomplete_followup_due_to_delisting
000589.SZ:2017,000589.SZ,2017-05-01,train,pending,1203298478,12,12,0,True,True,0,verified_nonfinancial,True,True,True,2018-04-30,False,False,none,rule_based_source_checks_not_manual_review,annual_financial_certification,0,0,False,False,ST_history_label_and_input_certification_pending
000589.SZ:2018,000589.SZ,2018-05-01,train,pending,1204822646,12,12,0,True,True,0,verified_nonfinancial,True,True,True,2019-04-30,False,False,none,rule_based_source_checks_not_manual_review,annual_financial_certification,0,0,False,False,ST_history_label_and_input_certification_pending
000589.SZ:2019,000589.SZ,2019-05-01,train,pending,1206059535,12,12,0,True,True,0,verified_nonfinancial,True,True,True,2020-04-30,False,False,none,rule_based_source_checks_not_manual_review,annual_financial_certification,0,0,False,False,ST_history_label_and_input_certification_pending
000589.SZ:2020,000589.SZ,2020-05-01,train,pending,1207634694,12,3,0,True,True,0,verified_nonfinancial,True,True,True,2021-04-30,False,False,none,rule_based_source_checks_not_manual_review,annual_financial_certification,0,0,False,False,ST_history_label_and_input_certification_pending
000589.SZ:2021,000589.SZ,2021-05-01,train,pending,1209806780,12,3,0,True,True,0,verified_nonfinancial,True,True,True,2022-04-30,False,False,none,rule_based_source_checks_not_manual_review,annual_financial_certification,0,0,False,False,ST_history_label_and_input_certification_pending
000589.SZ:2022,000589.SZ,2022-05-01,validation,eligible_awaiting_freeze,1212522653,12,12,0,True,True,0,verified_nonfinancial,True,True,True,2023-04-30,True,True,rule_based_source_checks_not_manual_review,rule_based_source_checks_not_manual_review,,0,0,False,True,Annual financial/text inputs and registry-defined endpoint verified; full-cohort freeze pending.
000589.SZ:2023,000589.SZ,2023-05-01,validation,pending,1216560705,12,12,0,True,True,0,pending,True,True,True,2024-04-30,True,True,rule_based_source_checks_not_manual_review,rule_based_source_checks_not_manual_review,historical_industry,0,0,False,False,ST_history_label_and_input_certification_pending
000589.SZ:2024,000589.SZ,2024-05-01,test,eligible_awaiting_freeze,1219622967,12,12,0,True,True,0,verified_nonfinancial,True,True,True,2025-04-30,True,True,rule_based_source_checks_not_manual_review,rule_based_source_checks_not_manual_review,,0,0,False,True,Annual financial/text inputs and registry-defined endpoint verified; full-cohort freeze pending.
000589.SZ:2025,000589.SZ,2025-05-01,test,pending,1223318753,12,12,0,True,True,0,verified_nonfinancial,True,True,True,2026-04-30,False,False,none,rule_based_source_checks_not_manual_review,annual_financial_certification,0,0,False,False,ST_history_label_and_input_certification_pending
000593.SZ:2017,000593.SZ,2017-05-01,train,pending,1203426513,12,12,0,True,True,0,verified_nonfinancial,True,True,True,2018-04-30,False,False,none,rule_based_source_checks_not_manual_review,annual_financial_certification,0,0,False,False,ST_history_label_and_input_certification_pending
000593.SZ:2018,000593.SZ,2018-05-01,train,pending,1204824584,12,12,0,True,True,0,verified_nonfinancial,True,True,True,2019-04-30,False,False,none,rule_based_source_checks_not_manual_review,annual_financial_certification,0,0,False,False,ST_history_label_and_input_certification_pending
000593.SZ:2019,000593.SZ,2019-05-01,train,pending,1206162848,12,12,0,True,True,0,verified_nonfinancial,True,True,True,2020-04-30,False,False,none,rule_based_source_checks_not_manual_review,annual_financial_certification,0,0,False,False,ST_history_label_and_input_certification_pending
000593.SZ:2020,000593.SZ,2020-05-01,train,pending,1207665508,12,3,0,True,True,0,verified_nonfinancial,True,True,True,2021-04-30,False,False,none,rule_based_source_checks_not_manual_review,annual_financial_certification,0,0,False,False,ST_history_label_and_input_certification_pending
000593.SZ:2021,000593.SZ,2021-05-01,train,pending,1209869758,12,3,0,True,True,0,verified_nonfinancial,True,True,True,2022-04-30,False,False,none,rule_based_source_checks_not_manual_review,annual_financial_certification,0,0,False,False,ST_history_label_and_input_certification_pending
000593.SZ:2022,000593.SZ,2022-05-01,validation,eligible_awaiting_freeze,1212923756,12,12,0,True,True,0,verified_nonfinancial,True,True,True,2023-04-30,True,True,rule_based_source_checks_not_manual_review,rule_based_source_checks_not_manual_review,,0,0,False,True,Annual financial/text inputs and registry-defined endpoint verified; full-cohort freeze pending.
000593.SZ:2023,000593.SZ,2023-05-01,validation,pending,1216274527,12,12,0,True,True,0,pending,True,True,True,2024-04-30,True,True,rule_based_source_checks_not_manual_review,rule_based_source_checks_not_manual_review,historical_industry,0,0,False,False,ST_history_label_and_input_certification_pending
000593.SZ:2024,000593.SZ,2024-05-01,test,pending,1219862636,12,5,0,True,True,0,verified_nonfinancial,True,True,True,2025-04-30,False,False,none,rule_based_source_checks_not_manual_review,annual_financial_certification,0,0,False,False,ST_history_label_and_input_certification_pending
000593.SZ:2025,000593.SZ,2025-05-01,test,pending,1223310110,12,12,0,True,True,0,verified_nonfinancial,True,True,True,2026-04-30,False,False,none,rule_based_source_checks_not_manual_review,annual_financial_certification,0,0,False,False,ST_history_label_and_input_certification_pending
000598.SZ:2017,000598.SZ,2017-05-01,train,pending,1203215751,12,12,0,True,True,0,verified_nonfinancial,True,True,True,2018-04-30,False,False,none,rule_based_source_checks_not_manual_review,annual_financial_certification,0,0,False,False,ST_history_label_and_input_certification_pending
000598.SZ:2018,000598.SZ,2018-05-01,train,pending,1204616776,12,12,0,True,True,0,verified_nonfinancial,True,True,True,2019-04-30,False,False,none,rule_based_source_checks_not_manual_review,annual_financial_certification,0,0,False,False,ST_history_label_and_input_certification_pending
000598.SZ:2019,000598.SZ,2019-05-01,train,pending,1205885023,12,12,0,True,True,0,verified_nonfinancial,True,True,True,2020-04-30,False,False,none,rule_based_source_checks_not_manual_review,annual_financial_certification,0,0,False,False,ST_history_label_and_input_certification_pending
000598.SZ:2020,000598.SZ,2020-05-01,train,pending,1207448969,12,3,0,True,True,0,verified_nonfinancial,True,True,True,2021-04-30,False,False,none,rule_based_source_checks_not_manual_review,annual_financial_certification,0,0,False,False,ST_history_label_and_input_certification_pending
000598.SZ:2021,000598.SZ,2021-05-01,train,pending,1209758596,12,3,0,True,True,0,verified_nonfinancial,True,True,True,2022-04-30,False,False,none,rule_based_source_checks_not_manual_review,annual_financial_certification,0,0,False,False,ST_history_label_and_input_certification_pending
000598.SZ:2022,000598.SZ,2022-05-01,validation,pending,1213023599,12,3,0,True,False,0,verified_nonfinancial,True,True,True,2023-04-30,False,False,none,none,annual_financial_certification;annual_text_certification,0,0,False,False,ST_history_label_and_input_certification_pending
000598.SZ:2023,000598.SZ,2023-05-01,validation,pending,1216582330,12,12,0,True,False,0,pending,True,True,True,2024-04-30,False,False,none,none,historical_industry;annual_financial_certification;annual_text_certification,0,0,False,False,ST_history_label_and_input_certification_pending
000598.SZ:2024,000598.SZ,2024-05-01,test,pending,1219663834,12,12,0,True,False,0,verified_nonfinancial,True,True,True,2025-04-30,False,False,none,none,annual_financial_certification;annual_text_certification,0,0,False,False,ST_history_label_and_input_certification_pending
000598.SZ:2025,000598.SZ,2025-05-01,test,pending,1223128111,12,12,0,True,False,0,verified_nonfinancial,True,True,True,2026-04-30,False,False,none,none,annual_financial_certification;annual_text_certification,0,0,False,False,ST_history_label_and_input_certification_pending
000599.SZ:2017,000599.SZ,2017-05-01,train,pending,1203425906,12,12,0,True,True,0,verified_nonfinancial,True,True,True,2018-04-30,False,False,none,rule_based_source_checks_not_manual_review,annual_financial_certification,0,0,False,False,ST_history_label_and_input_certification_pending
000599.SZ:2018,000599.SZ,2018-05-01,train,pending,1204826107,12,12,0,True,True,0,verified_nonfinancial,True,True,True,2019-04-30,False,False,none,rule_based_source_checks_not_manual_review,annual_financial_certification,0,0,False,False,ST_history_label_and_input_certification_pending
000599.SZ:2019,000599.SZ,2019-05-01,train,pending,1206118904,12,12,0,True,True,0,verified_nonfinancial,True,True,True,2020-04-30,False,False,none,rule_based_source_checks_not_manual_review,annual_financial_certification,0,0,False,False,ST_history_label_and_input_certification_pending
000599.SZ:2020,000599.SZ,2020-05-01,train,pending,1207682401,12,3,0,True,True,0,verified_nonfinancial,True,True,True,2021-04-30,False,False,none,rule_based_source_checks_not_manual_review,annual_financial_certification,0,0,False,False,ST_history_label_and_input_certification_pending
000599.SZ:2021,000599.SZ,2021-05-01,train,pending,1209690393,12,3,0,True,True,0,verified_nonfinancial,True,True,True,2022-04-30,False,False,none,rule_based_source_checks_not_manual_review,annual_financial_certification,0,0,False,False,ST_history_label_and_input_certification_pending
000599.SZ:2022,000599.SZ,2022-05-01,validation,eligible_awaiting_freeze,1213214329,12,12,0,True,True,0,verified_nonfinancial,True,True,True,2023-04-30,True,True,rule_based_source_checks_not_manual_review,rule_based_source_checks_not_manual_review,,0,0,False,True,Annual financial/text inputs and registry-defined endpoint verified; full-cohort freeze pending.
000599.SZ:2023,000599.SZ,2023-05-01,validation,pending,1216281227,12,12,0,True,True,0,pending,True,True,True,2024-04-30,True,True,rule_based_source_checks_not_manual_review,rule_based_source_checks_not_manual_review,historical_industry,0,0,False,False,ST_history_label_and_input_certification_pending
000599.SZ:2024,000599.SZ,2024-05-01,test,eligible_awaiting_freeze,1219448510,12,12,0,True,True,0,verified_nonfinancial,True,True,True,2025-04-30,True,True,rule_based_source_checks_not_manual_review,rule_based_source_checks_not_manual_review,,0,0,False,True,Annual financial/text inputs and registry-defined endpoint verified; full-cohort freeze pending.
000599.SZ:2025,000599.SZ,2025-05-01,test,pending,1222925060,12,12,0,True,True,0,verified_nonfinancial,True,True,True,2026-04-30,False,False,none,rule_based_source_checks_not_manual_review,annual_financial_certification,0,0,False,False,ST_history_label_and_input_certification_pending
000610.SZ:2017,000610.SZ,2017-05-01,train,pending,1203195595,12,0,0,True,True,0,verified_nonfinancial,True,True,True,2018-04-30,False,False,none,rule_based_source_checks_not_manual_review,annual_financial_certification,0,0,False,False,ST_history_label_and_input_certification_pending
000610.SZ:2018,000610.SZ,2018-05-01,train,pending,1204594964,12,0,0,True,True,0,verified_nonfinancial,True,True,True,2019-04-30,False,False,none,rule_based_source_checks_not_manual_review,annual_financial_certification,0,0,False,False,ST_history_label_and_input_certification_pending
000610.SZ:2019,000610.SZ,2019-05-01,train,pending,1205918956,12,12,0,True,True,0,verified_nonfinancial,True,True,True,2020-04-30,False,False,none,rule_based_source_checks_not_manual_review,annual_financial_certification,0,0,False,False,ST_history_label_and_input_certification_pending
000610.SZ:2020,000610.SZ,2020-05-01,train,pending,1207498170,12,3,0,True,True,0,verified_nonfinancial,True,True,True,2021-04-30,False,False,none,rule_based_source_checks_not_manual_review,annual_financial_certification,0,0,False,False,ST_history_label_and_input_certification_pending
000610.SZ:2021,000610.SZ,2021-05-01,train,pending,1209417791,12,3,0,True,True,0,verified_nonfinancial,True,True,True,2022-04-30,False,False,none,rule_based_source_checks_not_manual_review,annual_financial_certification,0,0,False,False,ST_history_label_and_input_certification_pending
000610.SZ:2022,000610.SZ,2022-05-01,validation,pending,1212923975,12,3,0,True,True,0,verified_nonfinancial,True,True,True,2023-04-30,False,False,none,rule_based_source_checks_not_manual_review,annual_financial_certification,0,0,False,False,ST_history_label_and_input_certification_pending
000610.SZ:2023,000610.SZ,2023-05-01,validation,pending,1216442795,12,12,0,True,True,0,pending,True,True,True,2024-04-30,True,True,rule_based_source_checks_not_manual_review,rule_based_source_checks_not_manual_review,historical_industry,0,0,False,False,ST_history_label_and_input_certification_pending
000610.SZ:2024,000610.SZ,2024-05-01,test,pending,1219740317,12,0,0,True,True,0,verified_nonfinancial,True,True,True,2025-04-30,False,False,none,rule_based_source_checks_not_manual_review,annual_financial_certification,0,0,False,False,ST_history_label_and_input_certification_pending
000610.SZ:2025,000610.SZ,2025-05-01,test,pending,1223154031,12,12,0,True,True,1,verified_nonfinancial,True,True,True,2026-04-27,False,False,none,rule_based_source_checks_not_manual_review,annual_financial_certification,0,1,False,False,ST_history_label_and_input_certification_pending
000612.SZ:2017,000612.SZ,2017-05-01,train,pending,1203215056,12,12,0,True,True,0,verified_nonfinancial,True,True,True,2018-04-30,False,False,none,rule_based_source_checks_not_manual_review,annual_financial_certification,0,0,False,False,ST_history_label_and_input_certification_pending
000612.SZ:2018,000612.SZ,2018-05-01,train,pending,1204576148,12,0,0,True,True,0,verified_nonfinancial,True,True,True,2019-04-30,False,False,none,rule_based_source_checks_not_manual_review,annual_financial_certification,0,0,False,False,ST_history_label_and_input_certification_pending
000612.SZ:2019,000612.SZ,2019-05-01,train,pending,1206098443,12,12,0,True,True,0,verified_nonfinancial,True,True,True,2020-04-30,False,False,none,rule_based_source_checks_not_manual_review,annual_financial_certification,0,0,False,False,ST_history_label_and_input_certification_pending
000612.SZ:2020,000612.SZ,2020-05-01,train,pending,1207403977,12,3,0,True,True,0,verified_nonfinancial,True,True,True,2021-04-30,False,False,none,rule_based_source_checks_not_manual_review,annual_financial_certification,0,0,False,False,ST_history_label_and_input_certification_pending
000612.SZ:2021,000612.SZ,2021-05-01,train,pending,1209402351,12,3,0,True,True,0,verified_nonfinancial,True,True,True,2022-04-30,False,False,none,rule_based_source_checks_not_manual_review,annual_financial_certification,0,0,False,False,ST_history_label_and_input_certification_pending
000612.SZ:2022,000612.SZ,2022-05-01,validation,pending,1213166681,12,3,0,True,True,0,verified_nonfinancial,True,True,True,2023-04-30,False,False,none,rule_based_source_checks_not_manual_review,annual_financial_certification,0,0,False,False,ST_history_label_and_input_certification_pending
000612.SZ:2023,000612.SZ,2023-05-01,validation,pending,1216690396,12,12,0,True,True,0,pending,True,True,True,2024-04-30,True,True,rule_based_source_checks_not_manual_review,rule_based_source_checks_not_manual_review,historical_industry,0,0,False,False,ST_history_label_and_input_certification_pending
000612.SZ:2024,000612.SZ,2024-05-01,test,pending,1219462222,12,12,0,True,False,0,verified_nonfinancial,True,True,True,2025-04-30,False,False,none,none,annual_financial_certification;annual_text_certification,0,0,False,False,ST_history_label_and_input_certification_pending
000612.SZ:2025,000612.SZ,2025-05-01,test,pending,1222940732,12,12,0,True,True,0,verified_nonfinancial,True,True,True,2026-04-30,False,False,none,rule_based_source_checks_not_manual_review,annual_financial_certification,0,0,False,False,ST_history_label_and_input_certification_pending
000626.SZ:2017,000626.SZ,2017-05-01,train,pending,1203298514,12,12,0,True,True,0,verified_nonfinancial,True,True,True,2018-04-30,False,False,none,rule_based_source_checks_not_manual_review,annual_financial_certification,0,0,False,False,ST_history_label_and_input_certification_pending
000626.SZ:2018,000626.SZ,2018-05-01,train,pending,1204825263,12,12,0,True,True,0,verified_nonfinancial,True,True,True,2019-04-30,False,False,none,rule_based_source_checks_not_manual_review,annual_financial_certification,0,0,False,False,ST_history_label_and_input_certification_pending
000626.SZ:2019,000626.SZ,2019-05-01,train,pending,1205920527,12,12,0,True,True,0,verified_nonfinancial,True,True,True,2020-04-30,False,False,none,rule_based_source_checks_not_manual_review,annual_financial_certification,0,0,False,False,ST_history_label_and_input_certification_pending
000626.SZ:2020,000626.SZ,2020-05-01,train,pending,1207583747,12,3,0,True,True,0,verified_nonfinancial,True,True,True,2021-04-30,False,False,none,rule_based_source_checks_not_manual_review,annual_financial_certification,0,0,False,False,ST_history_label_and_input_certification_pending
000626.SZ:2021,000626.SZ,2021-05-01,train,pending,1209787910,12,3,0,True,True,0,verified_nonfinancial,True,True,True,2022-04-30,False,False,none,rule_based_source_checks_not_manual_review,annual_financial_certification,0,0,False,False,ST_history_label_and_input_certification_pending
000626.SZ:2022,000626.SZ,2022-05-01,validation,pending,1212845292,12,3,0,True,True,0,verified_nonfinancial,True,True,True,2023-04-30,False,False,none,rule_based_source_checks_not_manual_review,annual_financial_certification,0,0,False,False,ST_history_label_and_input_certification_pending
000626.SZ:2023,000626.SZ,2023-05-01,validation,pending,1216551146,12,12,0,True,True,0,pending,True,True,True,2024-04-30,True,True,rule_based_source_checks_not_manual_review,rule_based_source_checks_not_manual_review,historical_industry,0,0,False,False,ST_history_label_and_input_certification_pending
000626.SZ:2024,000626.SZ,2024-05-01,test,eligible_awaiting_freeze,1219829429,12,12,0,True,True,0,verified_nonfinancial,True,True,True,2025-04-30,True,True,rule_based_source_checks_not_manual_review,rule_based_source_checks_not_manual_review,,0,0,False,True,Annual financial/text inputs and registry-defined endpoint verified; full-cohort freeze pending.
000626.SZ:2025,000626.SZ,2025-05-01,test,pending,1223272624,12,12,0,True,True,0,verified_nonfinancial,True,True,True,2026-04-30,False,False,none,rule_based_source_checks_not_manual_review,annual_financial_certification,0,0,False,False,ST_history_label_and_input_certification_pending
000628.SZ:2017,000628.SZ,2017-05-01,train,pending,1203173221,12,12,0,True,True,0,verified_nonfinancial,True,True,True,2018-04-30,False,False,none,rule_based_source_checks_not_manual_review,annual_financial_certification,0,0,False,False,ST_history_label_and_input_certification_pending
000628.SZ:2018,000628.SZ,2018-05-01,train,pending,1204511837,12,12,0,True,True,0,verified_nonfinancial,True,True,True,2019-04-30,False,False,none,rule_based_source_checks_not_manual_review,annual_financial_certification,0,0,False,False,ST_history_label_and_input_certification_pending
000628.SZ:2019,000628.SZ,2019-05-01,train,pending,1205901540,12,12,0,True,True,0,verified_nonfinancial,True,True,True,2020-04-30,False,False,none,rule_based_source_checks_not_manual_review,annual_financial_certification,0,0,False,False,ST_history_label_and_input_certification_pending
000628.SZ:2020,000628.SZ,2020-05-01,train,pending,1207333445,12,3,0,True,True,0,verified_nonfinancial,True,True,True,2021-04-30,False,False,none,rule_based_source_checks_not_manual_review,annual_financial_certification,0,0,False,False,ST_history_label_and_input_certification_pending
000628.SZ:2021,000628.SZ,2021-05-01,train,pending,1209855466,12,3,0,True,True,0,verified_nonfinancial,True,True,True,2022-04-30,False,False,none,rule_based_source_checks_not_manual_review,annual_financial_certification,0,0,False,False,ST_history_label_and_input_certification_pending
000628.SZ:2022,000628.SZ,2022-05-01,validation,pending,1213164334,12,3,0,True,True,0,verified_nonfinancial,True,True,True,2023-04-30,False,False,none,rule_based_source_checks_not_manual_review,annual_financial_certification,0,0,False,False,ST_history_label_and_input_certification_pending
000628.SZ:2023,000628.SZ,2023-05-01,validation,pending,1216358807,12,12,0,True,True,0,pending,True,True,True,2024-04-30,True,True,rule_based_source_checks_not_manual_review,rule_based_source_checks_not_manual_review,historical_industry,0,0,False,False,ST_history_label_and_input_certification_pending
000628.SZ:2024,000628.SZ,2024-05-01,test,pending,1219403459,12,3,0,True,True,0,verified_nonfinancial,True,True,True,2025-04-30,False,False,none,rule_based_source_checks_not_manual_review,annual_financial_certification,0,0,False,False,ST_history_label_and_input_certification_pending
000628.SZ:2025,000628.SZ,2025-05-01,test,pending,1223281193,12,12,0,True,True,0,verified_nonfinancial,True,True,True,2026-04-30,False,False,none,rule_based_source_checks_not_manual_review,annual_financial_certification,0,0,False,False,ST_history_label_and_input_certification_pending
000629.SZ:2017,000629.SZ,2017-05-01,train,excluded,,12,0,0,False,False,,verified_nonfinancial,True,False,False,,False,False,none,none,,1,0,False,False,preorigin_financial_industry_or_confirmed_baseline_ST
000629.SZ:2018,000629.SZ,2018-05-01,train,excluded,,12,0,0,False,False,,verified_nonfinancial,True,False,False,,False,False,none,none,,1,0,False,False,preorigin_financial_industry_or_confirmed_baseline_ST
000629.SZ:2019,000629.SZ,2019-05-01,train,pending,1205936715,12,12,0,True,True,0,verified_nonfinancial,True,True,True,2020-04-30,False,False,none,rule_based_source_checks_not_manual_review,annual_financial_certification,0,0,False,False,ST_history_label_and_input_certification_pending
000629.SZ:2020,000629.SZ,2020-05-01,train,pending,1207427513,12,3,0,True,True,0,verified_nonfinancial,True,True,True,2021-04-30,False,False,none,rule_based_source_checks_not_manual_review,annual_financial_certification,0,0,False,False,ST_history_label_and_input_certification_pending
000629.SZ:2021,000629.SZ,2021-05-01,train,pending,1209474792,12,3,0,True,True,0,verified_nonfinancial,True,True,True,2022-04-30,False,False,none,rule_based_source_checks_not_manual_review,annual_financial_certification,0,0,False,False,ST_history_label_and_input_certification_pending
000629.SZ:2022,000629.SZ,2022-05-01,validation,pending,1212710834,12,3,0,True,True,0,verified_nonfinancial,True,True,True,2023-04-30,False,False,none,rule_based_source_checks_not_manual_review,annual_financial_certification,0,0,False,False,ST_history_label_and_input_certification_pending
000629.SZ:2023,000629.SZ,2023-05-01,validation,pending,1216236129,12,12,0,True,True,0,pending,True,True,True,2024-04-30,True,True,rule_based_source_checks_not_manual_review,rule_based_source_checks_not_manual_review,historical_industry,0,0,False,False,ST_history_label_and_input_certification_pending
000629.SZ:2024,000629.SZ,2024-05-01,test,eligible_awaiting_freeze,1219403167,12,12,0,True,True,0,verified_nonfinancial,True,True,True,2025-04-30,True,True,rule_based_source_checks_not_manual_review,rule_based_source_checks_not_manual_review,,0,0,False,True,Annual financial/text inputs and registry-defined endpoint verified; full-cohort freeze pending.
000629.SZ:2025,000629.SZ,2025-05-01,test,pending,1222949317,12,12,0,True,True,0,verified_nonfinancial,True,True,True,2026-04-30,False,False,none,rule_based_source_checks_not_manual_review,annual_financial_certification,0,0,False,False,ST_history_label_and_input_certification_pending
000633.SZ:2017,000633.SZ,2017-05-01,train,excluded,,12,0,0,False,False,,verified_nonfinancial,True,False,False,,False,False,none,none,,1,0,False,False,preorigin_financial_industry_or_confirmed_baseline_ST
000633.SZ:2018,000633.SZ,2018-05-01,train,pending,1204647279,12,12,0,True,True,0,verified_nonfinancial,True,True,True,2019-04-30,False,False,none,rule_based_source_checks_not_manual_review,annual_financial_certification,0,0,False,False,ST_history_label_and_input_certification_pending
000633.SZ:2019,000633.SZ,2019-05-01,train,pending,1206091830,12,12,0,True,True,0,verified_nonfinancial,True,True,True,2020-04-30,False,False,none,rule_based_source_checks_not_manual_review,annual_financial_certification,0,0,False,False,ST_history_label_and_input_certification_pending
000633.SZ:2020,000633.SZ,2020-05-01,train,pending,1207548391,12,3,0,True,True,0,verified_nonfinancial,True,True,True,2021-04-30,False,False,none,rule_based_source_checks_not_manual_review,annual_financial_certification,0,0,False,False,ST_history_label_and_input_certification_pending
000633.SZ:2021,000633.SZ,2021-05-01,train,pending,1209795222,12,3,0,True,True,0,verified_nonfinancial,True,True,True,2022-04-30,False,False,none,rule_based_source_checks_not_manual_review,annual_financial_certification,0,0,False,False,ST_history_label_and_input_certification_pending
000633.SZ:2022,000633.SZ,2022-05-01,validation,eligible_awaiting_freeze,1212727636,12,12,0,True,True,0,verified_nonfinancial,True,True,True,2023-04-30,True,True,rule_based_source_checks_not_manual_review,rule_based_source_checks_not_manual_review,,0,0,False,True,Annual financial/text inputs and registry-defined endpoint verified; full-cohort freeze pending.
000633.SZ:2023,000633.SZ,2023-05-01,validation,pending,1216377862,12,12,0,True,True,0,pending,True,True,True,2024-04-30,True,True,rule_based_source_checks_not_manual_review,rule_based_source_checks_not_manual_review,historical_industry,0,0,False,False,ST_history_label_and_input_certification_pending
000633.SZ:2024,000633.SZ,2024-05-01,test,eligible_awaiting_freeze,1219534603,12,12,0,True,True,0,verified_nonfinancial,True,True,True,2025-04-30,True,True,rule_based_source_checks_not_manual_review,rule_based_source_checks_not_manual_review,,0,0,False,True,Annual financial/text inputs and registry-defined endpoint verified; full-cohort freeze pending.
000633.SZ:2025,000633.SZ,2025-05-01,test,pending,1223020906,12,12,0,True,True,0,verified_nonfinancial,True,True,True,2026-04-30,False,False,none,rule_based_source_checks_not_manual_review,annual_financial_certification,0,0,False,False,ST_history_label_and_input_certification_pending
000635.SZ:2017,000635.SZ,2017-05-01,train,pending,1203275380,12,12,0,True,True,0,verified_nonfinancial,True,True,True,2018-04-30,False,False,none,rule_based_source_checks_not_manual_review,annual_financial_certification,0,0,False,False,ST_history_label_and_input_certification_pending
000635.SZ:2018,000635.SZ,2018-05-01,train,pending,1204526022,12,12,0,True,True,0,verified_nonfinancial,True,True,True,2019-04-30,False,False,none,rule_based_source_checks_not_manual_review,annual_financial_certification,0,0,False,False,ST_history_label_and_input_certification_pending
000635.SZ:2019,000635.SZ,2019-05-01,train,pending,1205936450,12,12,0,True,True,0,verified_nonfinancial,True,True,True,2020-04-30,False,False,none,rule_based_source_checks_not_manual_review,annual_financial_certification,0,0,False,False,ST_history_label_and_input_certification_pending
000635.SZ:2020,000635.SZ,2020-05-01,train,pending,1207427168,12,3,0,True,True,0,verified_nonfinancial,True,True,True,2021-04-30,False,False,none,rule_based_source_checks_not_manual_review,annual_financial_certification,0,0,False,False,ST_history_label_and_input_certification_pending
000635.SZ:2021,000635.SZ,2021-05-01,train,pending,1209675041,12,3,0,True,True,0,verified_nonfinancial,True,True,True,2022-04-30,False,False,none,rule_based_source_checks_not_manual_review,annual_financial_certification,0,0,False,False,ST_history_label_and_input_certification_pending
000635.SZ:2022,000635.SZ,2022-05-01,validation,eligible_awaiting_freeze,1213166394,12,12,0,True,True,0,verified_nonfinancial,True,True,True,2023-04-30,True,True,rule_based_source_checks_not_manual_review,rule_based_source_checks_not_manual_review,,0,0,False,True,Annual financial/text inputs and registry-defined endpoint verified; full-cohort freeze pending.
000635.SZ:2023,000635.SZ,2023-05-01,validation,pending,1216550658,12,12,0,True,True,0,pending,True,True,True,2024-04-30,True,True,rule_based_source_checks_not_manual_review,rule_based_source_checks_not_manual_review,historical_industry,0,0,False,False,ST_history_label_and_input_certification_pending
000635.SZ:2024,000635.SZ,2024-05-01,test,pending,1219800796,12,0,0,True,True,0,verified_nonfinancial,True,True,True,2025-04-30,False,False,none,rule_based_source_checks_not_manual_review,annual_financial_certification,0,0,False,False,ST_history_label_and_input_certification_pending
000635.SZ:2025,000635.SZ,2025-05-01,test,pending,1223271062,12,0,0,True,True,0,verified_nonfinancial,True,True,True,2026-04-30,False,False,none,rule_based_source_checks_not_manual_review,annual_financial_certification,0,0,False,False,ST_history_label_and_input_certification_pending
000636.SZ:2017,000636.SZ,2017-05-01,train,pending,1203179591,12,12,0,True,True,0,verified_nonfinancial,True,True,True,2018-04-30,False,False,none,rule_based_source_checks_not_manual_review,annual_financial_certification,0,0,False,False,ST_history_label_and_input_certification_pending
000636.SZ:2018,000636.SZ,2018-05-01,train,pending,1204825654,12,0,0,True,True,0,verified_nonfinancial,True,True,True,2019-04-30,False,False,none,rule_based_source_checks_not_manual_review,annual_financial_certification,0,0,False,False,ST_history_label_and_input_certification_pending
000636.SZ:2019,000636.SZ,2019-05-01,train,pending,1205938213,12,12,0,True,True,0,verified_nonfinancial,True,True,True,2020-04-30,False,False,none,rule_based_source_checks_not_manual_review,annual_financial_certification,0,0,False,False,ST_history_label_and_input_certification_pending
000636.SZ:2020,000636.SZ,2020-05-01,train,pending,1207541296,12,0,0,True,True,0,verified_nonfinancial,True,True,True,2021-04-30,False,False,none,rule_based_source_checks_not_manual_review,annual_financial_certification,0,0,False,False,ST_history_label_and_input_certification_pending
000636.SZ:2021,000636.SZ,2021-05-01,train,pending,1209428128,12,0,0,True,True,0,verified_nonfinancial,True,True,True,2022-04-30,False,False,none,rule_based_source_checks_not_manual_review,annual_financial_certification,0,0,False,False,ST_history_label_and_input_certification_pending
000636.SZ:2022,000636.SZ,2022-05-01,validation,pending,1213172633,12,0,0,True,True,0,verified_nonfinancial,True,True,True,2023-04-30,False,False,none,rule_based_source_checks_not_manual_review,annual_financial_certification,0,0,False,False,ST_history_label_and_input_certification_pending
000636.SZ:2023,000636.SZ,2023-05-01,validation,pending,1216238318,12,0,0,True,True,0,pending,True,True,True,2024-04-30,False,False,none,rule_based_source_checks_not_manual_review,historical_industry;annual_financial_certification,0,0,False,False,ST_history_label_and_input_certification_pending
000636.SZ:2024,000636.SZ,2024-05-01,test,pending,1219620326,12,3,0,True,True,0,verified_nonfinancial,True,True,True,2025-04-30,False,False,none,rule_based_source_checks_not_manual_review,annual_financial_certification,0,0,False,False,ST_history_label_and_input_certification_pending
000636.SZ:2025,000636.SZ,2025-05-01,test,pending,1223096284,12,12,0,True,False,0,verified_nonfinancial,True,True,True,2026-04-30,False,False,none,none,annual_financial_certification;annual_text_certification,0,0,False,False,ST_history_label_and_input_certification_pending
000650.SZ:2017,000650.SZ,2017-05-01,train,pending,1203381415,12,12,0,True,True,0,verified_nonfinancial,True,True,True,2018-04-30,False,False,none,rule_based_source_checks_not_manual_review,annual_financial_certification,0,0,False,False,ST_history_label_and_input_certification_pending
000650.SZ:2018,000650.SZ,2018-05-01,train,pending,1204734965,12,12,0,True,True,0,verified_nonfinancial,True,True,True,2019-04-30,False,False,none,rule_based_source_checks_not_manual_review,annual_financial_certification,0,0,False,False,ST_history_label_and_input_certification_pending
000650.SZ:2019,000650.SZ,2019-05-01,train,pending,1206098077,12,12,0,True,True,0,verified_nonfinancial,True,True,True,2020-04-30,False,False,none,rule_based_source_checks_not_manual_review,annual_financial_certification,0,0,False,False,ST_history_label_and_input_certification_pending
000650.SZ:2020,000650.SZ,2020-05-01,train,pending,1207599026,12,3,0,True,True,0,verified_nonfinancial,True,True,True,2021-04-30,False,False,none,rule_based_source_checks_not_manual_review,annual_financial_certification,0,0,False,False,ST_history_label_and_input_certification_pending
000650.SZ:2021,000650.SZ,2021-05-01,train,eligible_awaiting_freeze,1209768363,12,12,0,True,True,0,verified_nonfinancial,True,True,True,2022-04-30,True,True,rule_based_source_checks_not_manual_review,rule_based_source_checks_not_manual_review,,0,0,False,True,Annual financial/text inputs and registry-defined endpoint verified; full-cohort freeze pending.
000650.SZ:2022,000650.SZ,2022-05-01,validation,pending,1213098331,12,12,0,True,False,0,verified_nonfinancial,True,True,True,2023-04-30,False,False,none,none,annual_financial_certification;annual_text_certification,0,0,False,False,ST_history_label_and_input_certification_pending
000650.SZ:2023,000650.SZ,2023-05-01,validation,pending,1216576014,12,12,0,True,False,0,pending,True,True,True,2024-04-30,False,False,none,none,historical_industry;annual_financial_certification;annual_text_certification,0,0,False,False,ST_history_label_and_input_certification_pending
000650.SZ:2024,000650.SZ,2024-05-01,test,eligible_awaiting_freeze,1219816174,12,12,0,True,True,0,verified_nonfinancial,True,True,True,2025-04-30,True,True,rule_based_source_checks_not_manual_review,rule_based_source_checks_not_manual_review,,0,0,False,True,Annual financial/text inputs and registry-defined endpoint verified; full-cohort freeze pending.
000650.SZ:2025,000650.SZ,2025-05-01,test,pending,1223313283,12,12,0,True,True,0,verified_nonfinancial,True,True,True,2026-04-30,False,False,none,rule_based_source_checks_not_manual_review,annual_financial_certification,0,0,False,False,ST_history_label_and_input_certification_pending
000651.SZ:2017,000651.SZ,2017-05-01,train,pending,1203403930,12,0,0,True,True,0,verified_nonfinancial,True,True,True,2018-04-30,False,False,none,rule_based_source_checks_not_manual_review,annual_financial_certification,0,0,False,False,ST_history_label_and_input_certification_pending
000651.SZ:2018,000651.SZ,2018-05-01,train,pending,1204792477,12,0,0,True,True,0,verified_nonfinancial,True,True,True,2019-04-30,False,False,none,rule_based_source_checks_not_manual_review,annual_financial_certification,0,0,False,False,ST_history_label_and_input_certification_pending
000651.SZ:2019,000651.SZ,2019-05-01,train,pending,1206125365,12,0,0,True,True,0,verified_nonfinancial,True,True,True,2020-04-30,False,False,none,rule_based_source_checks_not_manual_review,annual_financial_certification,0,0,False,False,ST_history_label_and_input_certification_pending
000651.SZ:2020,000651.SZ,2020-05-01,train,pending,1207685438,12,0,0,True,True,0,verified_nonfinancial,True,True,True,2021-04-30,False,False,none,rule_based_source_checks_not_manual_review,annual_financial_certification,0,0,False,False,ST_history_label_and_input_certification_pending
000651.SZ:2021,000651.SZ,2021-05-01,train,pending,1209855305,12,0,0,True,True,0,verified_nonfinancial,True,True,True,2022-04-30,False,False,none,rule_based_source_checks_not_manual_review,annual_financial_certification,0,0,False,False,ST_history_label_and_input_certification_pending
000651.SZ:2022,000651.SZ,2022-05-01,validation,pending,1213262535,12,0,0,True,True,0,verified_nonfinancial,True,True,True,2023-04-30,False,False,none,rule_based_source_checks_not_manual_review,annual_financial_certification,0,0,False,False,ST_history_label_and_input_certification_pending
000651.SZ:2023,000651.SZ,2023-05-01,validation,pending,1216702261,12,0,0,True,True,0,pending,True,True,True,2024-04-30,False,False,none,rule_based_source_checks_not_manual_review,historical_industry;annual_financial_certification,0,0,False,False,ST_history_label_and_input_certification_pending
000651.SZ:2024,000651.SZ,2024-05-01,test,pending,1219928418,12,0,0,True,True,0,verified_nonfinancial,True,True,True,2025-04-30,False,False,none,rule_based_source_checks_not_manual_review,annual_financial_certification,0,0,False,False,ST_history_label_and_input_certification_pending
000651.SZ:2025,000651.SZ,2025-05-01,test,pending,1223330631,12,0,0,True,True,0,verified_nonfinancial,True,True,True,2026-04-30,False,False,none,rule_based_source_checks_not_manual_review,annual_financial_certification,0,0,False,False,ST_history_label_and_input_certification_pending
000652.SZ:2017,000652.SZ,2017-05-01,train,pending,1203283255,12,12,0,True,True,0,verified_nonfinancial,True,True,True,2018-04-30,False,False,none,rule_based_source_checks_not_manual_review,annual_financial_certification,0,0,False,False,ST_history_label_and_input_certification_pending
000652.SZ:2018,000652.SZ,2018-05-01,train,pending,1204478362,12,12,0,True,True,0,verified_nonfinancial,True,True,True,2019-04-30,False,False,none,rule_based_source_checks_not_manual_review,annual_financial_certification,0,0,False,False,ST_history_label_and_input_certification_pending
000652.SZ:2019,000652.SZ,2019-05-01,train,pending,1206090268,12,12,0,True,False,0,verified_nonfinancial,True,True,True,2020-04-30,False,False,none,none,annual_financial_certification;annual_text_certification,0,0,False,False,ST_history_label_and_input_certification_pending
000652.SZ:2020,000652.SZ,2020-05-01,train,pending,1207474792,12,3,0,True,True,0,verified_nonfinancial,True,True,True,2021-04-30,False,False,none,rule_based_source_checks_not_manual_review,annual_financial_certification,0,0,False,False,ST_history_label_and_input_certification_pending
000652.SZ:2021,000652.SZ,2021-05-01,train,pending,1209689430,12,3,0,True,True,0,verified_nonfinancial,True,True,True,2022-04-30,False,False,none,rule_based_source_checks_not_manual_review,annual_financial_certification,0,0,False,False,ST_history_label_and_input_certification_pending
000652.SZ:2022,000652.SZ,2022-05-01,validation,pending,1213109565,12,3,0,True,False,0,verified_nonfinancial,True,True,True,2023-04-30,False,False,none,none,annual_financial_certification;annual_text_certification,0,0,False,False,ST_history_label_and_input_certification_pending
000652.SZ:2023,000652.SZ,2023-05-01,validation,pending,1216381095,12,0,0,True,False,0,pending,True,True,True,2024-04-30,False,False,none,none,historical_industry;annual_financial_certification;annual_text_certification,0,0,False,False,ST_history_label_and_input_certification_pending
000652.SZ:2024,000652.SZ,2024-05-01,test,pending,1219771451,12,12,0,True,False,0,verified_nonfinancial,True,True,True,2025-04-30,False,False,none,none,annual_financial_certification;annual_text_certification,0,0,False,False,ST_history_label_and_input_certification_pending
000652.SZ:2025,000652.SZ,2025-05-01,test,pending,1223245521,12,12,0,True,False,0,verified_nonfinancial,True,True,True,2026-04-30,False,False,none,none,annual_financial_certification;annual_text_certification,0,0,False,False,ST_history_label_and_input_certification_pending
000655.SZ:2017,000655.SZ,2017-05-01,train,pending,1203172622,12,12,0,True,True,1,verified_nonfinancial,True,True,True,2018-04-13,False,False,none,rule_based_source_checks_not_manual_review,annual_financial_certification,0,1,False,False,ST_history_label_and_input_certification_pending
000655.SZ:2018,000655.SZ,2018-05-01,train,excluded,,12,0,0,False,False,,verified_nonfinancial,True,False,False,,False,False,none,none,,1,0,False,False,preorigin_financial_industry_or_confirmed_baseline_ST
000655.SZ:2019,000655.SZ,2019-05-01,train,pending,1205931793,12,12,0,True,True,0,verified_nonfinancial,True,True,True,2020-04-30,False,False,none,rule_based_source_checks_not_manual_review,annual_financial_certification,0,0,False,False,ST_history_label_and_input_certification_pending
000655.SZ:2020,000655.SZ,2020-05-01,train,pending,1207389561,12,3,0,True,True,0,verified_nonfinancial,True,True,True,2021-04-30,False,False,none,rule_based_source_checks_not_manual_review,annual_financial_certification,0,0,False,False,ST_history_label_and_input_certification_pending
000655.SZ:2021,000655.SZ,2021-05-01,train,pending,1209417740,12,3,0,True,True,0,verified_nonfinancial,True,True,True,2022-04-30,False,False,none,rule_based_source_checks_not_manual_review,annual_financial_certification,0,0,False,False,ST_history_label_and_input_certification_pending
000655.SZ:2022,000655.SZ,2022-05-01,validation,eligible_awaiting_freeze,1212626195,12,12,0,True,True,0,verified_nonfinancial,True,True,True,2023-04-30,True,True,rule_based_source_checks_not_manual_review,rule_based_source_checks_not_manual_review,,0,0,False,True,Annual financial/text inputs and registry-defined endpoint verified; full-cohort freeze pending.
000655.SZ:2023,000655.SZ,2023-05-01,validation,pending,1216219711,12,12,0,True,True,0,pending,True,True,True,2024-04-30,True,True,rule_based_source_checks_not_manual_review,rule_based_source_checks_not_manual_review,historical_industry,0,0,False,False,ST_history_label_and_input_certification_pending
000655.SZ:2024,000655.SZ,2024-05-01,test,eligible_awaiting_freeze,1219387025,12,12,0,True,True,0,verified_nonfinancial,True,True,True,2025-04-30,True,True,rule_based_source_checks_not_manual_review,rule_based_source_checks_not_manual_review,,0,0,False,True,Annual financial/text inputs and registry-defined endpoint verified; full-cohort freeze pending.
000655.SZ:2025,000655.SZ,2025-05-01,test,pending,1222944885,12,12,0,True,True,0,verified_nonfinancial,True,True,True,2026-04-30,False,False,none,rule_based_source_checks_not_manual_review,annual_financial_certification,0,0,False,False,ST_history_label_and_input_certification_pending
000656.SZ:2017,000656.SZ,2017-05-01,train,pending,1203225232,12,12,0,True,True,0,verified_nonfinancial,True,True,True,2018-04-30,False,False,none,rule_based_source_checks_not_manual_review,annual_financial_certification,0,0,False,False,ST_history_label_and_input_certification_pending
000656.SZ:2018,000656.SZ,2018-05-01,train,pending,1204640311,12,12,0,True,True,0,verified_nonfinancial,True,True,True,2019-04-30,False,False,none,rule_based_source_checks_not_manual_review,annual_financial_certification,0,0,False,False,ST_history_label_and_input_certification_pending
000656.SZ:2019,000656.SZ,2019-05-01,train,pending,1205935592,12,12,0,True,True,0,verified_nonfinancial,True,True,True,2020-04-30,False,False,none,rule_based_source_checks_not_manual_review,annual_financial_certification,0,0,False,False,ST_history_label_and_input_certification_pending
000656.SZ:2020,000656.SZ,2020-05-01,train,eligible_awaiting_freeze,1207587566,12,12,0,True,True,0,verified_nonfinancial,True,True,True,2021-04-30,True,True,rule_based_source_checks_not_manual_review,rule_based_source_checks_not_manual_review,,0,0,False,True,Annual financial/text inputs and registry-defined endpoint verified; full-cohort freeze pending.
000656.SZ:2021,000656.SZ,2021-05-01,train,eligible_awaiting_freeze,1209626273,12,12,0,True,True,0,verified_nonfinancial,True,True,True,2022-04-30,True,True,rule_based_source_checks_not_manual_review,rule_based_source_checks_not_manual_review,,0,0,False,True,Annual financial/text inputs and registry-defined endpoint verified; full-cohort freeze pending.
000656.SZ:2022,000656.SZ,2022-05-01,validation,eligible_awaiting_freeze,1213256376,12,12,0,True,True,0,verified_nonfinancial,True,True,True,2023-04-30,True,True,rule_based_source_checks_not_manual_review,rule_based_source_checks_not_manual_review,,0,0,False,True,Annual financial/text inputs and registry-defined endpoint verified; full-cohort freeze pending.
000656.SZ:2023,000656.SZ,2023-05-01,validation,pending,1216698145,12,12,0,True,False,1,pending,True,True,True,2024-04-24,False,False,none,none,historical_industry;annual_financial_certification;annual_text_certification,0,1,False,False,ST_history_label_and_input_certification_pending
000656.SZ:2024,000656.SZ,2024-05-01,test,excluded,,12,0,0,False,False,,verified_nonfinancial,True,False,False,,False,False,none,none,,1,0,False,False,preorigin_financial_industry_or_confirmed_baseline_ST
000656.SZ:2025,000656.SZ,2025-05-01,test,excluded,,12,0,0,False,False,,verified_nonfinancial,True,False,False,,False,False,none,none,,1,0,False,False,preorigin_financial_industry_or_confirmed_baseline_ST
000662.SZ:2017,000662.SZ,2017-05-01,train,pending,1203284704,12,12,0,True,False,0,verified_nonfinancial,True,True,True,2018-04-30,False,False,none,none,annual_financial_certification;annual_text_certification,0,0,False,False,ST_history_label_and_input_certification_pending
000662.SZ:2018,000662.SZ,2018-05-01,train,pending,1204534985,12,12,0,True,False,0,verified_nonfinancial,True,True,True,2019-04-30,False,False,none,none,annual_financial_certification;annual_text_certification,0,0,False,False,ST_history_label_and_input_certification_pending
000662.SZ:2019,000662.SZ,2019-05-01,train,pending,1206164834,12,12,0,True,False,0,verified_nonfinancial,True,True,True,2020-04-30,False,False,none,none,annual_financial_certification;annual_text_certification,0,0,False,False,ST_history_label_and_input_certification_pending
000662.SZ:2020,000662.SZ,2020-05-01,train,pending,,12,0,0,False,False,1,verified_nonfinancial,True,True,True,2020-07-01,False,False,none,none,annual_financial_certification;annual_text_certification,0,1,False,False,ST_history_label_and_input_certification_pending
000665.SZ:2017,000665.SZ,2017-05-01,train,pending,1203262700,12,0,0,True,True,0,verified_nonfinancial,True,True,True,2018-04-30,False,False,none,rule_based_source_checks_not_manual_review,annual_financial_certification,0,0,False,False,ST_history_label_and_input_certification_pending
000665.SZ:2018,000665.SZ,2018-05-01,train,pending,1204617160,12,0,0,True,True,0,verified_nonfinancial,True,True,True,2019-04-30,False,False,none,rule_based_source_checks_not_manual_review,annual_financial_certification,0,0,False,False,ST_history_label_and_input_certification_pending
000665.SZ:2019,000665.SZ,2019-05-01,train,pending,1206085936,12,0,0,True,True,0,verified_nonfinancial,True,True,True,2020-04-30,False,False,none,rule_based_source_checks_not_manual_review,annual_financial_certification,0,0,False,False,ST_history_label_and_input_certification_pending
000665.SZ:2020,000665.SZ,2020-05-01,train,pending,1207679162,12,0,0,True,True,0,verified_nonfinancial,True,True,True,2021-04-30,False,False,none,rule_based_source_checks_not_manual_review,annual_financial_certification,0,0,False,False,ST_history_label_and_input_certification_pending
000665.SZ:2021,000665.SZ,2021-05-01,train,pending,1209700437,12,0,0,True,True,0,verified_nonfinancial,True,True,True,2022-04-30,False,False,none,rule_based_source_checks_not_manual_review,annual_financial_certification,0,0,False,False,ST_history_label_and_input_certification_pending
000665.SZ:2022,000665.SZ,2022-05-01,validation,pending,1213103818,12,0,0,True,True,0,verified_nonfinancial,True,True,True,2023-04-30,False,False,none,rule_based_source_checks_not_manual_review,annual_financial_certification,0,0,False,False,ST_history_label_and_input_certification_pending
000665.SZ:2023,000665.SZ,2023-05-01,validation,pending,1216490858,12,0,0,True,True,0,pending,True,True,True,2024-04-30,False,False,none,rule_based_source_checks_not_manual_review,historical_industry;annual_financial_certification,0,0,False,False,ST_history_label_and_input_certification_pending
000665.SZ:2024,000665.SZ,2024-05-01,test,eligible_awaiting_freeze,1219652952,12,12,0,True,True,0,verified_nonfinancial,True,True,True,2025-04-30,True,True,rule_based_source_checks_not_manual_review,rule_based_source_checks_not_manual_review,,0,0,False,True,Annual financial/text inputs and registry-defined endpoint verified; full-cohort freeze pending.
000665.SZ:2025,000665.SZ,2025-05-01,test,pending,1223360869,12,12,0,True,True,0,verified_nonfinancial,True,True,True,2026-04-30,False,False,none,rule_based_source_checks_not_manual_review,annual_financial_certification,0,0,False,False,ST_history_label_and_input_certification_pending
000668.SZ:2017,000668.SZ,2017-05-01,train,pending,1203387148,12,12,0,True,True,0,verified_nonfinancial,True,True,True,2018-04-30,False,False,none,rule_based_source_checks_not_manual_review,annual_financial_certification,0,0,False,False,ST_history_label_and_input_certification_pending
000668.SZ:2018,000668.SZ,2018-05-01,train,pending,1204734928,12,12,0,True,True,0,verified_nonfinancial,True,True,True,2019-04-30,False,False,none,rule_based_source_checks_not_manual_review,annual_financial_certification,0,0,False,False,ST_history_label_and_input_certification_pending
000668.SZ:2019,000668.SZ,2019-05-01,train,pending,1206088441,12,12,0,True,True,0,verified_nonfinancial,True,True,True,2020-04-30,False,False,none,rule_based_source_checks_not_manual_review,annual_financial_certification,0,0,False,False,ST_history_label_and_input_certification_pending
000668.SZ:2020,000668.SZ,2020-05-01,train,pending,1207603287,12,3,0,True,True,0,verified_nonfinancial,True,True,True,2021-04-30,False,False,none,rule_based_source_checks_not_manual_review,annual_financial_certification,0,0,False,False,ST_history_label_and_input_certification_pending
000668.SZ:2021,000668.SZ,2021-05-01,train,pending,1209830462,12,3,0,True,True,0,verified_nonfinancial,True,True,True,2022-04-30,False,False,none,rule_based_source_checks_not_manual_review,annual_financial_certification,0,0,False,False,ST_history_label_and_input_certification_pending
000668.SZ:2022,000668.SZ,2022-05-01,validation,pending,1213259885,12,3,0,False,False,0,verified_nonfinancial,True,True,True,2023-04-30,False,False,none,none,annual_financial_certification;annual_text_certification,0,0,False,False,ST_history_label_and_input_certification_pending
000668.SZ:2023,000668.SZ,2023-05-01,validation,pending,1216663264,12,12,0,False,False,0,pending,True,True,True,2024-04-30,False,True,rule_based_source_checks_not_manual_review,none,historical_industry;annual_text_certification,0,0,False,False,ST_history_label_and_input_certification_pending
000668.SZ:2024,000668.SZ,2024-05-01,test,pending,1219866582,12,0,0,True,True,1,verified_nonfinancial,True,True,True,2025-04-30,False,False,none,rule_based_source_checks_not_manual_review,annual_financial_certification,0,1,False,False,ST_history_label_and_input_certification_pending
000668.SZ:2025,000668.SZ,2025-05-01,test,excluded,,12,0,0,False,False,,verified_nonfinancial,True,False,False,,False,False,none,none,,1,0,False,False,preorigin_financial_industry_or_confirmed_baseline_ST
000670.SZ:2017,000670.SZ,2017-05-01,train,pending,1203196916,12,12,0,True,True,0,verified_nonfinancial,True,True,True,2018-04-30,False,False,none,rule_based_source_checks_not_manual_review,annual_financial_certification,0,0,False,False,ST_history_label_and_input_certification_pending
000670.SZ:2018,000670.SZ,2018-05-01,train,pending,1204704128,12,12,0,True,True,1,verified_nonfinancial,True,True,True,2019-03-27,False,False,none,rule_based_source_checks_not_manual_review,annual_financial_certification,0,1,False,False,ST_history_label_and_input_certification_pending
000670.SZ:2019,000670.SZ,2019-05-01,train,excluded,,12,0,0,False,False,,verified_nonfinancial,True,False,False,,False,False,none,none,,1,0,False,False,preorigin_financial_industry_or_confirmed_baseline_ST
000670.SZ:2020,000670.SZ,2020-05-01,train,excluded,,12,0,0,False,False,,verified_nonfinancial,True,False,False,,False,False,none,none,,1,0,False,False,preorigin_financial_industry_or_confirmed_baseline_ST
000670.SZ:2021,000670.SZ,2021-05-01,train,excluded,,12,0,0,False,False,,verified_nonfinancial,True,False,False,,False,False,none,none,,1,0,False,False,preorigin_financial_industry_or_confirmed_baseline_ST
000670.SZ:2022,000670.SZ,2022-05-01,validation,excluded,,12,0,0,False,False,,verified_nonfinancial,True,False,False,,False,False,none,none,,1,0,False,False,preorigin_financial_industry_or_confirmed_baseline_ST
000670.SZ:2023,000670.SZ,2023-05-01,validation,pending,1216660066,12,12,0,True,True,0,pending,True,True,True,2024-04-30,True,True,rule_based_source_checks_not_manual_review,rule_based_source_checks_not_manual_review,historical_industry,0,0,False,False,ST_history_label_and_input_certification_pending
000670.SZ:2024,000670.SZ,2024-05-01,test,eligible_awaiting_freeze,1219625170,12,12,0,True,True,0,verified_nonfinancial,True,True,True,2025-04-30,True,True,rule_based_source_checks_not_manual_review,rule_based_source_checks_not_manual_review,,0,0,False,True,Annual financial/text inputs and registry-defined endpoint verified; full-cohort freeze pending.
000670.SZ:2025,000670.SZ,2025-05-01,test,pending,1223197750,12,12,0,True,True,0,verified_nonfinancial,True,True,True,2026-04-30,False,False,none,rule_based_source_checks_not_manual_review,annual_financial_certification,0,0,False,False,ST_history_label_and_input_certification_pending
000693.SZ:2017,000693.SZ,2017-05-01,train,excluded,,12,0,0,False,False,,verified_nonfinancial,True,False,False,,False,False,none,none,,1,0,False,False,preorigin_financial_industry_or_confirmed_baseline_ST
000693.SZ:2018,000693.SZ,2018-05-01,train,excluded,,12,0,0,False,False,,verified_nonfinancial,True,False,False,,False,False,none,none,,1,0,False,False,preorigin_financial_industry_or_confirmed_baseline_ST
000693.SZ:2019,000693.SZ,2019-05-01,train,excluded,,12,0,0,False,False,,verified_nonfinancial,True,False,False,,False,False,none,none,,1,0,False,False,preorigin_financial_industry_or_confirmed_baseline_ST
000695.SZ:2017,000695.SZ,2017-05-01,train,pending,1203282854,12,12,0,True,True,0,verified_nonfinancial,True,True,True,2018-04-30,False,False,none,rule_based_source_checks_not_manual_review,annual_financial_certification,0,0,False,False,ST_history_label_and_input_certification_pending
000695.SZ:2018,000695.SZ,2018-05-01,train,pending,1204479576,12,12,0,True,True,0,verified_nonfinancial,True,True,True,2019-04-30,False,False,none,rule_based_source_checks_not_manual_review,annual_financial_certification,0,0,False,False,ST_history_label_and_input_certification_pending
000695.SZ:2019,000695.SZ,2019-05-01,train,pending,1206043091,12,12,0,True,True,0,verified_nonfinancial,True,True,True,2020-04-30,False,False,none,rule_based_source_checks_not_manual_review,annual_financial_certification,0,0,False,False,ST_history_label_and_input_certification_pending
000695.SZ:2020,000695.SZ,2020-05-01,train,pending,1207609218,12,3,0,True,True,0,verified_nonfinancial,True,True,True,2021-04-30,False,False,none,rule_based_source_checks_not_manual_review,annual_financial_certification,0,0,False,False,ST_history_label_and_input_certification_pending
000695.SZ:2021,000695.SZ,2021-05-01,train,pending,1209794053,12,3,0,True,True,0,verified_nonfinancial,True,True,True,2022-04-30,False,False,none,rule_based_source_checks_not_manual_review,annual_financial_certification,0,0,False,False,ST_history_label_and_input_certification_pending
000695.SZ:2022,000695.SZ,2022-05-01,validation,pending,1213223116,12,12,0,True,True,0,verified_nonfinancial,True,True,True,2023-04-30,False,False,none,rule_based_source_checks_not_manual_review,annual_financial_certification,0,0,False,False,ST_history_label_and_input_certification_pending
000695.SZ:2023,000695.SZ,2023-05-01,validation,pending,1216498254,12,12,0,True,True,0,pending,True,True,True,2024-04-30,True,True,rule_based_source_checks_not_manual_review,rule_based_source_checks_not_manual_review,historical_industry,0,0,False,False,ST_history_label_and_input_certification_pending
000695.SZ:2024,000695.SZ,2024-05-01,test,eligible_awaiting_freeze,1219358024,12,12,0,True,True,0,verified_nonfinancial,True,True,True,2025-04-30,True,True,rule_based_source_checks_not_manual_review,rule_based_source_checks_not_manual_review,,0,0,False,True,Annual financial/text inputs and registry-defined endpoint verified; full-cohort freeze pending.
000695.SZ:2025,000695.SZ,2025-05-01,test,pending,1223147267,12,12,0,True,True,0,verified_nonfinancial,True,True,True,2026-04-30,False,False,none,rule_based_source_checks_not_manual_review,annual_financial_certification,0,0,False,False,ST_history_label_and_input_certification_pending
000709.SZ:2017,000709.SZ,2017-05-01,train,pending,1203413315,12,12,0,True,True,0,verified_nonfinancial,True,True,True,2018-04-30,False,False,none,rule_based_source_checks_not_manual_review,annual_financial_certification,0,0,False,False,ST_history_label_and_input_certification_pending
000709.SZ:2018,000709.SZ,2018-05-01,train,pending,1204669310,12,0,0,True,True,0,verified_nonfinancial,True,True,True,2019-04-30,False,False,none,rule_based_source_checks_not_manual_review,annual_financial_certification,0,0,False,False,ST_history_label_and_input_certification_pending
000709.SZ:2019,000709.SZ,2019-05-01,train,pending,1206105811,12,12,0,True,True,0,verified_nonfinancial,True,True,True,2020-04-30,False,False,none,rule_based_source_checks_not_manual_review,annual_financial_certification,0,0,False,False,ST_history_label_and_input_certification_pending
000709.SZ:2020,000709.SZ,2020-05-01,train,eligible_awaiting_freeze,1207677912,12,12,0,True,True,0,verified_nonfinancial,True,True,True,2021-04-30,True,True,rule_based_source_checks_not_manual_review,rule_based_source_checks_not_manual_review,,0,0,False,True,Annual financial/text inputs and registry-defined endpoint verified; full-cohort freeze pending.
000709.SZ:2021,000709.SZ,2021-05-01,train,eligible_awaiting_freeze,1209776065,12,12,0,True,True,0,verified_nonfinancial,True,True,True,2022-04-30,True,True,rule_based_source_checks_not_manual_review,rule_based_source_checks_not_manual_review,,0,0,False,True,Annual financial/text inputs and registry-defined endpoint verified; full-cohort freeze pending.
000709.SZ:2022,000709.SZ,2022-05-01,validation,eligible_awaiting_freeze,1213028679,12,12,0,True,True,0,verified_nonfinancial,True,True,True,2023-04-30,True,True,rule_based_source_checks_not_manual_review,rule_based_source_checks_not_manual_review,,0,0,False,True,Annual financial/text inputs and registry-defined endpoint verified; full-cohort freeze pending.
000709.SZ:2023,000709.SZ,2023-05-01,validation,pending,1216655628,12,12,0,True,True,0,pending,True,True,True,2024-04-30,True,True,rule_based_source_checks_not_manual_review,rule_based_source_checks_not_manual_review,historical_industry,0,0,False,False,ST_history_label_and_input_certification_pending
000709.SZ:2024,000709.SZ,2024-05-01,test,eligible_awaiting_freeze,1219869297,12,12,0,True,True,0,verified_nonfinancial,True,True,True,2025-04-30,True,True,rule_based_source_checks_not_manual_review,rule_based_source_checks_not_manual_review,,0,0,False,True,Annual financial/text inputs and registry-defined endpoint verified; full-cohort freeze pending.
000709.SZ:2025,000709.SZ,2025-05-01,test,pending,1223280456,12,12,0,True,True,0,verified_nonfinancial,True,True,True,2026-04-30,False,False,none,rule_based_source_checks_not_manual_review,annual_financial_certification,0,0,False,False,ST_history_label_and_input_certification_pending
000712.SZ:2017,000712.SZ,2017-05-01,train,excluded,,12,0,0,False,False,,excluded_financial,True,True,True,2018-04-30,False,False,none,none,,0,0,False,False,preorigin_financial_industry_or_confirmed_baseline_ST
000712.SZ:2018,000712.SZ,2018-05-01,train,excluded,,12,0,0,False,False,,excluded_financial,True,True,True,2019-04-30,False,False,none,none,,0,0,False,False,preorigin_financial_industry_or_confirmed_baseline_ST
000712.SZ:2019,000712.SZ,2019-05-01,train,excluded,,12,0,0,False,False,,excluded_financial,True,True,True,2020-04-30,False,False,none,none,,0,0,False,False,preorigin_financial_industry_or_confirmed_baseline_ST
000712.SZ:2020,000712.SZ,2020-05-01,train,excluded,,12,0,0,False,False,,excluded_financial,True,True,True,2021-04-30,False,False,none,none,,0,0,False,False,preorigin_financial_industry_or_confirmed_baseline_ST
000712.SZ:2021,000712.SZ,2021-05-01,train,excluded,,12,0,0,False,False,,excluded_financial,True,True,True,2022-04-30,False,False,none,none,,0,0,False,False,preorigin_financial_industry_or_confirmed_baseline_ST
000712.SZ:2022,000712.SZ,2022-05-01,validation,excluded,,12,0,0,False,False,,excluded_financial,True,True,True,2023-04-30,False,False,none,none,,0,0,False,False,preorigin_financial_industry_or_confirmed_baseline_ST
000712.SZ:2023,000712.SZ,2023-05-01,validation,pending,1216244549,12,4,0,True,True,0,pending,True,True,True,2024-04-30,False,False,none,rule_based_source_checks_not_manual_review,historical_industry;annual_financial_certification,0,0,False,False,ST_history_label_and_input_certification_pending
000712.SZ:2024,000712.SZ,2024-05-01,test,excluded,,12,0,0,False,False,,excluded_financial,True,True,True,2025-04-30,False,False,none,none,,0,0,False,False,preorigin_financial_industry_or_confirmed_baseline_ST
000712.SZ:2025,000712.SZ,2025-05-01,test,excluded,,12,0,0,False,False,,excluded_financial,True,True,True,2026-04-30,False,False,none,none,,0,0,False,False,preorigin_financial_industry_or_confirmed_baseline_ST
000715.SZ:2017,000715.SZ,2017-05-01,train,pending,1203174341,12,12,0,True,True,0,verified_nonfinancial,True,True,True,2018-04-30,False,False,none,rule_based_source_checks_not_manual_review,annual_financial_certification,0,0,False,False,ST_history_label_and_input_certification_pending
000715.SZ:2018,000715.SZ,2018-05-01,train,pending,1204507643,12,12,0,True,True,0,verified_nonfinancial,True,True,True,2019-04-30,False,False,none,rule_based_source_checks_not_manual_review,annual_financial_certification,0,0,False,False,ST_history_label_and_input_certification_pending
000715.SZ:2019,000715.SZ,2019-05-01,train,pending,1205925356,12,12,0,True,True,0,verified_nonfinancial,True,True,True,2020-04-30,False,False,none,rule_based_source_checks_not_manual_review,annual_financial_certification,0,0,False,False,ST_history_label_and_input_certification_pending
000715.SZ:2020,000715.SZ,2020-05-01,train,pending,1207448993,12,3,0,True,True,0,verified_nonfinancial,True,True,True,2021-04-30,False,False,none,rule_based_source_checks_not_manual_review,annual_financial_certification,0,0,False,False,ST_history_label_and_input_certification_pending
000715.SZ:2021,000715.SZ,2021-05-01,train,pending,1209465825,12,3,0,True,True,0,verified_nonfinancial,True,True,True,2022-04-30,False,False,none,rule_based_source_checks_not_manual_review,annual_financial_certification,0,0,False,False,ST_history_label_and_input_certification_pending
000715.SZ:2022,000715.SZ,2022-05-01,validation,pending,1212752748,12,3,0,True,True,0,verified_nonfinancial,True,True,True,2023-04-30,False,False,none,rule_based_source_checks_not_manual_review,annual_financial_certification,0,0,False,False,ST_history_label_and_input_certification_pending
000715.SZ:2023,000715.SZ,2023-05-01,validation,pending,1216261680,12,12,0,True,True,0,pending,True,True,True,2024-04-30,True,True,rule_based_source_checks_not_manual_review,rule_based_source_checks_not_manual_review,historical_industry,0,0,False,False,ST_history_label_and_input_certification_pending
000715.SZ:2024,000715.SZ,2024-05-01,test,eligible_awaiting_freeze,1219470696,12,12,0,True,True,0,verified_nonfinancial,True,True,True,2025-04-30,True,True,rule_based_source_checks_not_manual_review,rule_based_source_checks_not_manual_review,,0,0,False,True,Annual financial/text inputs and registry-defined endpoint verified; full-cohort freeze pending.
000715.SZ:2025,000715.SZ,2025-05-01,test,pending,1222946999,12,12,0,True,True,0,verified_nonfinancial,True,True,True,2026-04-30,False,False,none,rule_based_source_checks_not_manual_review,annual_financial_certification,0,0,False,False,ST_history_label_and_input_certification_pending
000718.SZ:2017,000718.SZ,2017-05-01,train,pending,1203237076,12,12,0,True,True,0,verified_nonfinancial,True,True,True,2018-04-30,False,False,none,rule_based_source_checks_not_manual_review,annual_financial_certification,0,0,False,False,ST_history_label_and_input_certification_pending
000718.SZ:2018,000718.SZ,2018-05-01,train,pending,1204664996,12,12,0,True,True,0,verified_nonfinancial,True,True,True,2019-04-30,False,False,none,rule_based_source_checks_not_manual_review,annual_financial_certification,0,0,False,False,ST_history_label_and_input_certification_pending
000718.SZ:2019,000718.SZ,2019-05-01,train,pending,1205988939,12,12,0,True,True,0,verified_nonfinancial,True,True,True,2020-04-30,False,False,none,rule_based_source_checks_not_manual_review,annual_financial_certification,0,0,False,False,ST_history_label_and_input_certification_pending
000718.SZ:2020,000718.SZ,2020-05-01,train,pending,1207499429,12,3,0,True,True,0,verified_nonfinancial,True,True,True,2021-04-30,False,False,none,rule_based_source_checks_not_manual_review,annual_financial_certification,0,0,False,False,ST_history_label_and_input_certification_pending
000718.SZ:2021,000718.SZ,2021-05-01,train,pending,1209658730,12,3,0,True,True,0,verified_nonfinancial,True,True,True,2022-04-30,False,False,none,rule_based_source_checks_not_manual_review,annual_financial_certification,0,0,False,False,ST_history_label_and_input_certification_pending
000718.SZ:2022,000718.SZ,2022-05-01,validation,pending,1213162963,12,3,0,True,False,0,verified_nonfinancial,True,True,True,2023-04-30,False,False,none,none,annual_financial_certification;annual_text_certification,0,0,False,False,ST_history_label_and_input_certification_pending
000718.SZ:2023,000718.SZ,2023-05-01,validation,pending,1216440223,12,12,0,True,False,0,pending,True,True,True,2024-04-30,False,False,none,none,historical_industry;annual_financial_certification;annual_text_certification,0,0,False,False,ST_history_label_and_input_certification_pending
000718.SZ:2024,000718.SZ,2024-05-01,test,eligible_awaiting_freeze,1219870715,12,12,0,True,True,0,verified_nonfinancial,True,True,True,2025-04-30,True,True,rule_based_source_checks_not_manual_review,rule_based_source_checks_not_manual_review,,0,0,False,True,Annual financial/text inputs and registry-defined endpoint verified; full-cohort freeze pending.
000718.SZ:2025,000718.SZ,2025-05-01,test,pending,1223096531,12,12,0,True,True,0,verified_nonfinancial,True,True,True,2026-04-30,False,False,none,rule_based_source_checks_not_manual_review,annual_financial_certification,0,0,False,False,ST_history_label_and_input_certification_pending
000727.SZ:2017,000727.SZ,2017-05-01,train,pending,1203173550,12,12,0,True,True,0,verified_nonfinancial,True,True,True,2018-04-30,False,False,none,rule_based_source_checks_not_manual_review,annual_financial_certification,0,0,False,False,ST_history_label_and_input_certification_pending
000727.SZ:2018,000727.SZ,2018-05-01,train,pending,1204823990,12,12,0,True,True,0,verified_nonfinancial,True,True,True,2019-04-30,False,False,none,rule_based_source_checks_not_manual_review,annual_financial_certification,0,0,False,False,ST_history_label_and_input_certification_pending
000727.SZ:2019,000727.SZ,2019-05-01,train,pending,1205966437,12,12,0,True,True,1,verified_nonfinancial,True,True,True,2020-04-16,False,False,none,rule_based_source_checks_not_manual_review,annual_financial_certification,0,1,False,False,ST_history_label_and_input_certification_pending
000727.SZ:2020,000727.SZ,2020-05-01,train,excluded,,12,0,0,False,False,,verified_nonfinancial,True,False,False,,False,False,none,none,,1,0,False,False,preorigin_financial_industry_or_confirmed_baseline_ST
000727.SZ:2021,000727.SZ,2021-05-01,train,pending,1209566254,12,3,0,True,True,0,verified_nonfinancial,True,True,True,2022-04-30,False,False,none,rule_based_source_checks_not_manual_review,annual_financial_certification,0,0,False,False,ST_history_label_and_input_certification_pending
000727.SZ:2022,000727.SZ,2022-05-01,validation,pending,1212942191,12,0,0,True,True,0,verified_nonfinancial,True,True,True,2023-04-30,False,False,none,rule_based_source_checks_not_manual_review,annual_financial_certification,0,0,False,False,ST_history_label_and_input_certification_pending
000727.SZ:2023,000727.SZ,2023-05-01,validation,pending,1216699756,12,0,0,True,True,0,pending,True,True,True,2024-04-30,False,False,none,rule_based_source_checks_not_manual_review,historical_industry;annual_financial_certification,0,0,False,False,ST_history_label_and_input_certification_pending
000727.SZ:2024,000727.SZ,2024-05-01,test,pending,1219903303,12,0,0,True,True,0,verified_nonfinancial,True,True,True,2025-04-30,False,False,none,rule_based_source_checks_not_manual_review,annual_financial_certification,0,0,False,False,ST_history_label_and_input_certification_pending
000727.SZ:2025,000727.SZ,2025-05-01,test,pending,1223369635,12,0,0,True,True,0,verified_nonfinancial,True,True,True,2026-04-30,False,False,none,rule_based_source_checks_not_manual_review,annual_financial_certification,0,0,False,False,ST_history_label_and_input_certification_pending
000739.SZ:2017,000739.SZ,2017-05-01,train,pending,1203158886,12,12,0,True,True,0,verified_nonfinancial,True,True,True,2018-04-30,False,False,none,rule_based_source_checks_not_manual_review,annual_financial_certification,0,0,False,False,ST_history_label_and_input_certification_pending
000739.SZ:2018,000739.SZ,2018-05-01,train,pending,1204466472,12,12,0,True,True,0,verified_nonfinancial,True,True,True,2019-04-30,False,False,none,rule_based_source_checks_not_manual_review,annual_financial_certification,0,0,False,False,ST_history_label_and_input_certification_pending
000739.SZ:2019,000739.SZ,2019-05-01,train,pending,1205887746,12,12,0,True,True,0,verified_nonfinancial,True,True,True,2020-04-30,False,False,none,rule_based_source_checks_not_manual_review,annual_financial_certification,0,0,False,False,ST_history_label_and_input_certification_pending
000739.SZ:2020,000739.SZ,2020-05-01,train,pending,1207364300,12,3,0,True,True,0,verified_nonfinancial,True,True,True,2021-04-30,False,False,none,rule_based_source_checks_not_manual_review,annual_financial_certification,0,0,False,False,ST_history_label_and_input_certification_pending
000739.SZ:2021,000739.SZ,2021-05-01,train,pending,1209370257,12,3,0,True,True,0,verified_nonfinancial,True,True,True,2022-04-30,False,False,none,rule_based_source_checks_not_manual_review,annual_financial_certification,0,0,False,False,ST_history_label_and_input_certification_pending
000739.SZ:2022,000739.SZ,2022-05-01,validation,eligible_awaiting_freeze,1212534340,12,12,0,True,True,0,verified_nonfinancial,True,True,True,2023-04-30,True,True,rule_based_source_checks_not_manual_review,rule_based_source_checks_not_manual_review,,0,0,False,True,Annual financial/text inputs and registry-defined endpoint verified; full-cohort freeze pending.
000739.SZ:2023,000739.SZ,2023-05-01,validation,pending,1216082446,12,12,0,True,True,0,pending,True,True,True,2024-04-30,True,True,rule_based_source_checks_not_manual_review,rule_based_source_checks_not_manual_review,historical_industry,0,0,False,False,ST_history_label_and_input_certification_pending
000739.SZ:2024,000739.SZ,2024-05-01,test,eligible_awaiting_freeze,1219255077,12,12,0,True,True,0,verified_nonfinancial,True,True,True,2025-04-30,True,True,rule_based_source_checks_not_manual_review,rule_based_source_checks_not_manual_review,,0,0,False,True,Annual financial/text inputs and registry-defined endpoint verified; full-cohort freeze pending.
000739.SZ:2025,000739.SZ,2025-05-01,test,pending,1222760371,12,12,0,True,True,0,verified_nonfinancial,True,True,True,2026-04-30,False,False,none,rule_based_source_checks_not_manual_review,annual_financial_certification,0,0,False,False,ST_history_label_and_input_certification_pending
000750.SZ:2017,000750.SZ,2017-05-01,train,excluded,,12,0,0,False,False,,excluded_financial,True,True,True,2018-04-30,False,False,none,none,,0,0,False,False,preorigin_financial_industry_or_confirmed_baseline_ST
000750.SZ:2018,000750.SZ,2018-05-01,train,excluded,,12,0,0,False,False,,excluded_financial,True,True,True,2019-04-30,False,False,none,none,,0,0,False,False,preorigin_financial_industry_or_confirmed_baseline_ST
000750.SZ:2019,000750.SZ,2019-05-01,train,excluded,,12,0,0,False,False,,excluded_financial,True,True,True,2020-04-30,False,False,none,none,,0,0,False,False,preorigin_financial_industry_or_confirmed_baseline_ST
000750.SZ:2020,000750.SZ,2020-05-01,train,excluded,,12,0,0,False,False,,excluded_financial,True,True,True,2021-04-30,False,False,none,none,,0,0,False,False,preorigin_financial_industry_or_confirmed_baseline_ST
000750.SZ:2021,000750.SZ,2021-05-01,train,excluded,,12,0,0,False,False,,excluded_financial,True,True,True,2022-04-30,False,False,none,none,,0,0,False,False,preorigin_financial_industry_or_confirmed_baseline_ST
000750.SZ:2022,000750.SZ,2022-05-01,validation,excluded,,12,0,0,False,False,,excluded_financial,True,True,True,2023-04-30,False,False,none,none,,0,0,False,False,preorigin_financial_industry_or_confirmed_baseline_ST
000750.SZ:2023,000750.SZ,2023-05-01,validation,pending,1216658986,12,0,0,False,False,0,pending,True,True,True,2024-04-30,False,False,none,none,historical_industry;annual_financial_certification;annual_text_certification,0,0,False,False,ST_history_label_and_input_certification_pending
000750.SZ:2024,000750.SZ,2024-05-01,test,excluded,,12,0,0,False,False,,excluded_financial,True,True,True,2025-04-30,False,False,none,none,,0,0,False,False,preorigin_financial_industry_or_confirmed_baseline_ST
000750.SZ:2025,000750.SZ,2025-05-01,test,excluded,,12,0,0,False,False,,excluded_financial,True,True,True,2026-04-30,False,False,none,none,,0,0,False,False,preorigin_financial_industry_or_confirmed_baseline_ST
000786.SZ:2017,000786.SZ,2017-05-01,train,pending,1203174774,12,12,0,True,True,0,verified_nonfinancial,True,True,True,2018-04-30,False,False,none,rule_based_source_checks_not_manual_review,annual_financial_certification,0,0,False,False,ST_history_label_and_input_certification_pending
000786.SZ:2018,000786.SZ,2018-05-01,train,pending,1204486847,12,12,0,True,True,0,verified_nonfinancial,True,True,True,2019-04-30,False,False,none,rule_based_source_checks_not_manual_review,annual_financial_certification,0,0,False,False,ST_history_label_and_input_certification_pending
000786.SZ:2019,000786.SZ,2019-05-01,train,pending,1205918737,12,12,0,True,True,0,verified_nonfinancial,True,True,True,2020-04-30,False,False,none,rule_based_source_checks_not_manual_review,annual_financial_certification,0,0,False,False,ST_history_label_and_input_certification_pending
000786.SZ:2020,000786.SZ,2020-05-01,train,pending,1207391167,12,0,0,True,True,0,verified_nonfinancial,True,True,True,2021-04-30,False,False,none,rule_based_source_checks_not_manual_review,annual_financial_certification,0,0,False,False,ST_history_label_and_input_certification_pending
000786.SZ:2021,000786.SZ,2021-05-01,train,eligible_awaiting_freeze,1209419500,12,12,0,True,True,0,verified_nonfinancial,True,True,True,2022-04-30,True,True,rule_based_source_checks_not_manual_review,rule_based_source_checks_not_manual_review,,0,0,False,True,Annual financial/text inputs and registry-defined endpoint verified; full-cohort freeze pending.
000786.SZ:2022,000786.SZ,2022-05-01,validation,pending,1212644781,12,12,0,True,False,0,verified_nonfinancial,True,True,True,2023-04-30,False,False,none,none,annual_financial_certification;annual_text_certification,0,0,False,False,ST_history_label_and_input_certification_pending
000786.SZ:2023,000786.SZ,2023-05-01,validation,pending,1216181806,12,12,0,True,True,0,pending,True,True,True,2024-04-30,True,True,rule_based_source_checks_not_manual_review,rule_based_source_checks_not_manual_review,historical_industry,0,0,False,False,ST_history_label_and_input_certification_pending
000786.SZ:2024,000786.SZ,2024-05-01,test,eligible_awaiting_freeze,1219347725,12,12,0,True,True,0,verified_nonfinancial,True,True,True,2025-04-30,True,True,rule_based_source_checks_not_manual_review,rule_based_source_checks_not_manual_review,,0,0,False,True,Annual financial/text inputs and registry-defined endpoint verified; full-cohort freeze pending.
000786.SZ:2025,000786.SZ,2025-05-01,test,pending,1222913498,12,12,0,True,False,0,verified_nonfinancial,True,True,True,2026-04-30,False,False,none,none,annual_financial_certification;annual_text_certification,0,0,False,False,ST_history_label_and_input_certification_pending
000797.SZ:2017,000797.SZ,2017-05-01,train,pending,1203275335,12,12,0,True,True,0,verified_nonfinancial,True,True,True,2018-04-30,False,False,none,rule_based_source_checks_not_manual_review,annual_financial_certification,0,0,False,False,ST_history_label_and_input_certification_pending
000797.SZ:2018,000797.SZ,2018-05-01,train,pending,1204735031,12,12,0,True,True,0,verified_nonfinancial,True,True,True,2019-04-30,False,False,none,rule_based_source_checks_not_manual_review,annual_financial_certification,0,0,False,False,ST_history_label_and_input_certification_pending
000797.SZ:2019,000797.SZ,2019-05-01,train,pending,1206062559,12,12,0,True,True,0,verified_nonfinancial,True,True,True,2020-04-30,False,False,none,rule_based_source_checks_not_manual_review,annual_financial_certification,0,0,False,False,ST_history_label_and_input_certification_pending
000797.SZ:2020,000797.SZ,2020-05-01,train,pending,1207558614,12,3,0,True,True,0,verified_nonfinancial,True,True,True,2021-04-30,False,False,none,rule_based_source_checks_not_manual_review,annual_financial_certification,0,0,False,False,ST_history_label_and_input_certification_pending
000797.SZ:2021,000797.SZ,2021-05-01,train,pending,1209814356,12,3,0,True,True,0,verified_nonfinancial,True,True,True,2022-04-30,False,False,none,rule_based_source_checks_not_manual_review,annual_financial_certification,0,0,False,False,ST_history_label_and_input_certification_pending
000797.SZ:2022,000797.SZ,2022-05-01,validation,pending,1212856624,12,3,0,True,True,0,verified_nonfinancial,True,True,True,2023-04-30,False,False,none,rule_based_source_checks_not_manual_review,annual_financial_certification,0,0,False,False,ST_history_label_and_input_certification_pending
000797.SZ:2023,000797.SZ,2023-05-01,validation,pending,1216380526,12,12,0,True,True,0,pending,True,True,True,2024-04-30,True,True,rule_based_source_checks_not_manual_review,rule_based_source_checks_not_manual_review,historical_industry,0,0,False,False,ST_history_label_and_input_certification_pending
000797.SZ:2024,000797.SZ,2024-05-01,test,eligible_awaiting_freeze,1219597689,12,12,0,True,True,0,verified_nonfinancial,True,True,True,2025-04-30,True,True,rule_based_source_checks_not_manual_review,rule_based_source_checks_not_manual_review,,0,0,False,True,Annual financial/text inputs and registry-defined endpoint verified; full-cohort freeze pending.
000797.SZ:2025,000797.SZ,2025-05-01,test,pending,1223149048,12,12,0,True,True,0,verified_nonfinancial,True,True,True,2026-04-30,False,False,none,rule_based_source_checks_not_manual_review,annual_financial_certification,0,0,False,False,ST_history_label_and_input_certification_pending
000800.SZ:2017,000800.SZ,2017-05-01,train,pending,1203246057,12,12,0,True,True,0,verified_nonfinancial,True,True,True,2018-04-30,False,False,none,rule_based_source_checks_not_manual_review,annual_financial_certification,0,0,False,False,ST_history_label_and_input_certification_pending
000800.SZ:2018,000800.SZ,2018-05-01,train,pending,1204552307,12,12,0,True,True,0,verified_nonfinancial,True,True,True,2019-04-30,False,False,none,rule_based_source_checks_not_manual_review,annual_financial_certification,0,0,False,False,ST_history_label_and_input_certification_pending
000800.SZ:2019,000800.SZ,2019-05-01,train,pending,1205966224,12,12,0,True,True,0,verified_nonfinancial,True,True,True,2020-04-30,False,False,none,rule_based_source_checks_not_manual_review,annual_financial_certification,0,0,False,False,ST_history_label_and_input_certification_pending
000800.SZ:2020,000800.SZ,2020-05-01,train,pending,1207416685,12,3,0,True,True,0,verified_nonfinancial,True,True,True,2021-04-30,False,False,none,rule_based_source_checks_not_manual_review,annual_financial_certification,0,0,False,False,ST_history_label_and_input_certification_pending
000800.SZ:2021,000800.SZ,2021-05-01,train,pending,1209491585,12,3,0,True,True,0,verified_nonfinancial,True,True,True,2022-04-30,False,False,none,rule_based_source_checks_not_manual_review,annual_financial_certification,0,0,False,False,ST_history_label_and_input_certification_pending
000800.SZ:2022,000800.SZ,2022-05-01,validation,pending,1212746472,12,3,0,True,True,0,verified_nonfinancial,True,True,True,2023-04-30,False,False,none,rule_based_source_checks_not_manual_review,annual_financial_certification,0,0,False,False,ST_history_label_and_input_certification_pending
000800.SZ:2023,000800.SZ,2023-05-01,validation,pending,1216303118,12,12,0,True,True,0,pending,True,True,True,2024-04-30,True,True,rule_based_source_checks_not_manual_review,rule_based_source_checks_not_manual_review,historical_industry,0,0,False,False,ST_history_label_and_input_certification_pending
000800.SZ:2024,000800.SZ,2024-05-01,test,eligible_awaiting_freeze,1219472248,12,12,0,True,True,0,verified_nonfinancial,True,True,True,2025-04-30,True,True,rule_based_source_checks_not_manual_review,rule_based_source_checks_not_manual_review,,0,0,False,True,Annual financial/text inputs and registry-defined endpoint verified; full-cohort freeze pending.
000800.SZ:2025,000800.SZ,2025-05-01,test,pending,1222949693,12,12,0,True,False,0,verified_nonfinancial,True,True,True,2026-04-30,False,False,none,none,annual_financial_certification;annual_text_certification,0,0,False,False,ST_history_label_and_input_certification_pending
000807.SZ:2017,000807.SZ,2017-05-01,train,pending,1203259700,12,12,0,True,True,0,verified_nonfinancial,True,True,True,2018-04-30,False,False,none,rule_based_source_checks_not_manual_review,annual_financial_certification,0,0,False,False,ST_history_label_and_input_certification_pending
000807.SZ:2018,000807.SZ,2018-05-01,train,pending,1204492247,12,12,0,True,True,0,verified_nonfinancial,True,True,True,2019-04-30,False,False,none,rule_based_source_checks_not_manual_review,annual_financial_certification,0,0,False,False,ST_history_label_and_input_certification_pending
000807.SZ:2019,000807.SZ,2019-05-01,train,pending,1206007074,12,12,0,True,True,0,verified_nonfinancial,True,True,True,2020-04-30,False,False,none,rule_based_source_checks_not_manual_review,annual_financial_certification,0,0,False,False,ST_history_label_and_input_certification_pending
000807.SZ:2020,000807.SZ,2020-05-01,train,pending,1207395344,12,3,0,True,True,0,verified_nonfinancial,True,True,True,2021-04-30,False,False,none,rule_based_source_checks_not_manual_review,annual_financial_certification,0,0,False,False,ST_history_label_and_input_certification_pending
000807.SZ:2021,000807.SZ,2021-05-01,train,eligible_awaiting_freeze,1209428269,12,12,0,True,True,0,verified_nonfinancial,True,True,True,2022-04-30,True,True,rule_based_source_checks_not_manual_review,rule_based_source_checks_not_manual_review,,0,0,False,True,Annual financial/text inputs and registry-defined endpoint verified; full-cohort freeze pending.
000807.SZ:2022,000807.SZ,2022-05-01,validation,pending,1212634984,12,3,0,True,False,0,verified_nonfinancial,True,True,True,2023-04-30,False,False,none,none,annual_financial_certification;annual_text_certification,0,0,False,False,ST_history_label_and_input_certification_pending
000807.SZ:2023,000807.SZ,2023-05-01,validation,pending,1216181160,12,12,0,True,True,0,pending,True,True,True,2024-04-30,True,True,rule_based_source_checks_not_manual_review,rule_based_source_checks_not_manual_review,historical_industry,0,0,False,False,ST_history_label_and_input_certification_pending
000807.SZ:2024,000807.SZ,2024-05-01,test,pending,1219425757,12,12,0,True,False,0,verified_nonfinancial,True,True,True,2025-04-30,False,False,none,none,annual_financial_certification;annual_text_certification,0,0,False,False,ST_history_label_and_input_certification_pending
000807.SZ:2025,000807.SZ,2025-05-01,test,pending,1222911954,12,0,0,True,False,0,verified_nonfinancial,True,True,True,2026-04-30,False,False,none,none,annual_financial_certification;annual_text_certification,0,0,False,False,ST_history_label_and_input_certification_pending
000821.SZ:2017,000821.SZ,2017-05-01,train,pending,1203423360,12,12,0,True,True,0,verified_nonfinancial,True,True,True,2018-04-30,False,False,none,rule_based_source_checks_not_manual_review,annual_financial_certification,0,0,False,False,ST_history_label_and_input_certification_pending
000821.SZ:2018,000821.SZ,2018-05-01,train,pending,1204676733,12,12,0,True,True,0,verified_nonfinancial,True,True,True,2019-04-30,False,False,none,rule_based_source_checks_not_manual_review,annual_financial_certification,0,0,False,False,ST_history_label_and_input_certification_pending
000821.SZ:2019,000821.SZ,2019-05-01,train,pending,1206105021,12,3,0,True,True,0,verified_nonfinancial,True,True,True,2020-04-30,False,False,none,rule_based_source_checks_not_manual_review,annual_financial_certification,0,0,False,False,ST_history_label_and_input_certification_pending
000821.SZ:2020,000821.SZ,2020-05-01,train,pending,1207684581,12,3,0,True,True,0,verified_nonfinancial,True,True,True,2021-04-30,False,False,none,rule_based_source_checks_not_manual_review,annual_financial_certification,0,0,False,False,ST_history_label_and_input_certification_pending
000821.SZ:2021,000821.SZ,2021-05-01,train,pending,1209867807,12,3,0,True,True,0,verified_nonfinancial,True,True,True,2022-04-30,False,False,none,rule_based_source_checks_not_manual_review,annual_financial_certification,0,0,False,False,ST_history_label_and_input_certification_pending
000821.SZ:2022,000821.SZ,2022-05-01,validation,pending,1213252078,12,3,0,True,True,0,verified_nonfinancial,True,True,True,2023-04-30,False,False,none,rule_based_source_checks_not_manual_review,annual_financial_certification,0,0,False,False,ST_history_label_and_input_certification_pending
000821.SZ:2023,000821.SZ,2023-05-01,validation,pending,1216522395,12,12,0,True,True,0,pending,True,True,True,2024-04-30,True,True,rule_based_source_checks_not_manual_review,rule_based_source_checks_not_manual_review,historical_industry,0,0,False,False,ST_history_label_and_input_certification_pending
000821.SZ:2024,000821.SZ,2024-05-01,test,eligible_awaiting_freeze,1219802071,12,12,0,True,True,0,verified_nonfinancial,True,True,True,2025-04-30,True,True,rule_based_source_checks_not_manual_review,rule_based_source_checks_not_manual_review,,0,0,False,True,Annual financial/text inputs and registry-defined endpoint verified; full-cohort freeze pending.
000821.SZ:2025,000821.SZ,2025-05-01,test,pending,1223308835,12,12,0,True,True,1,verified_nonfinancial,True,True,True,2026-01-20,False,False,none,rule_based_source_checks_not_manual_review,annual_financial_certification,0,1,False,False,ST_history_label_and_input_certification_pending
000822.SZ:2017,000822.SZ,2017-05-01,train,pending,1203193833,12,12,0,True,True,0,verified_nonfinancial,True,True,True,2018-04-30,False,False,none,rule_based_source_checks_not_manual_review,annual_financial_certification,0,0,False,False,ST_history_label_and_input_certification_pending
000822.SZ:2018,000822.SZ,2018-05-01,train,pending,1204456068,12,3,0,True,True,0,verified_nonfinancial,True,True,True,2019-04-30,False,False,none,rule_based_source_checks_not_manual_review,annual_financial_certification,0,0,False,False,ST_history_label_and_input_certification_pending
000822.SZ:2019,000822.SZ,2019-05-01,train,pending,1206040984,12,12,0,True,True,0,verified_nonfinancial,True,True,True,2020-04-30,False,False,none,rule_based_source_checks_not_manual_review,annual_financial_certification,0,0,False,False,ST_history_label_and_input_certification_pending
000822.SZ:2020,000822.SZ,2020-05-01,train,pending,1207446211,12,3,0,True,True,0,verified_nonfinancial,True,True,True,2021-04-30,False,False,none,rule_based_source_checks_not_manual_review,annual_financial_certification,0,0,False,False,ST_history_label_and_input_certification_pending
000822.SZ:2021,000822.SZ,2021-05-01,train,pending,1209737252,12,3,0,True,True,0,verified_nonfinancial,True,True,True,2022-04-30,False,False,none,rule_based_source_checks_not_manual_review,annual_financial_certification,0,0,False,False,ST_history_label_and_input_certification_pending
000822.SZ:2022,000822.SZ,2022-05-01,validation,pending,1212670691,12,0,0,True,True,0,verified_nonfinancial,True,True,True,2023-04-30,False,False,none,rule_based_source_checks_not_manual_review,annual_financial_certification,0,0,False,False,ST_history_label_and_input_certification_pending
000822.SZ:2023,000822.SZ,2023-05-01,validation,pending,1216201007,12,0,0,True,True,0,pending,True,True,True,2024-04-30,False,False,none,rule_based_source_checks_not_manual_review,historical_industry;annual_financial_certification,0,0,False,False,ST_history_label_and_input_certification_pending
000822.SZ:2024,000822.SZ,2024-05-01,test,pending,1219372633,12,0,0,True,True,0,verified_nonfinancial,True,True,True,2025-04-30,False,False,none,rule_based_source_checks_not_manual_review,annual_financial_certification,0,0,False,False,ST_history_label_and_input_certification_pending
000822.SZ:2025,000822.SZ,2025-05-01,test,pending,1222867296,12,0,0,True,True,0,verified_nonfinancial,True,True,True,2026-04-30,False,False,none,rule_based_source_checks_not_manual_review,annual_financial_certification,0,0,False,False,ST_history_label_and_input_certification_pending
000823.SZ:2017,000823.SZ,2017-05-01,train,pending,1203298296,12,12,0,True,True,0,verified_nonfinancial,True,True,True,2018-04-30,False,False,none,rule_based_source_checks_not_manual_review,annual_financial_certification,0,0,False,False,ST_history_label_and_input_certification_pending
000823.SZ:2018,000823.SZ,2018-05-01,train,pending,1204673680,12,12,0,True,True,0,verified_nonfinancial,True,True,True,2019-04-30,False,False,none,rule_based_source_checks_not_manual_review,annual_financial_certification,0,0,False,False,ST_history_label_and_input_certification_pending
000823.SZ:2019,000823.SZ,2019-05-01,train,pending,1206058023,12,12,0,True,True,0,verified_nonfinancial,True,True,True,2020-04-30,False,False,none,rule_based_source_checks_not_manual_review,annual_financial_certification,0,0,False,False,ST_history_label_and_input_certification_pending
000823.SZ:2020,000823.SZ,2020-05-01,train,pending,1207446139,12,3,0,True,True,0,verified_nonfinancial,True,True,True,2021-04-30,False,False,none,rule_based_source_checks_not_manual_review,annual_financial_certification,0,0,False,False,ST_history_label_and_input_certification_pending
000823.SZ:2021,000823.SZ,2021-05-01,train,pending,1209786919,12,3,0,True,True,0,verified_nonfinancial,True,True,True,2022-04-30,False,False,none,rule_based_source_checks_not_manual_review,annual_financial_certification,0,0,False,False,ST_history_label_and_input_certification_pending
000823.SZ:2022,000823.SZ,2022-05-01,validation,pending,1213044117,12,3,0,True,True,0,verified_nonfinancial,True,True,True,2023-04-30,False,False,none,rule_based_source_checks_not_manual_review,annual_financial_certification,0,0,False,False,ST_history_label_and_input_certification_pending
000823.SZ:2023,000823.SZ,2023-05-01,validation,pending,1216515240,12,12,0,True,True,0,pending,True,True,True,2024-04-30,True,True,rule_based_source_checks_not_manual_review,rule_based_source_checks_not_manual_review,historical_industry,0,0,False,False,ST_history_label_and_input_certification_pending
000823.SZ:2024,000823.SZ,2024-05-01,test,eligible_awaiting_freeze,1219424765,12,12,0,True,True,0,verified_nonfinancial,True,True,True,2025-04-30,True,True,rule_based_source_checks_not_manual_review,rule_based_source_checks_not_manual_review,,0,0,False,True,Annual financial/text inputs and registry-defined endpoint verified; full-cohort freeze pending.
000823.SZ:2025,000823.SZ,2025-05-01,test,pending,1222845103,12,12,0,True,True,0,verified_nonfinancial,True,True,True,2026-04-30,False,False,none,rule_based_source_checks_not_manual_review,annual_financial_certification,0,0,False,False,ST_history_label_and_input_certification_pending
000830.SZ:2017,000830.SZ,2017-05-01,train,pending,1203312795,12,12,0,True,True,0,verified_nonfinancial,True,True,True,2018-04-30,False,False,none,rule_based_source_checks_not_manual_review,annual_financial_certification,0,0,False,False,ST_history_label_and_input_certification_pending
000830.SZ:2018,000830.SZ,2018-05-01,train,pending,1204642031,12,12,0,True,True,0,verified_nonfinancial,True,True,True,2019-04-30,False,False,none,rule_based_source_checks_not_manual_review,annual_financial_certification,0,0,False,False,ST_history_label_and_input_certification_pending
000830.SZ:2019,000830.SZ,2019-05-01,train,pending,1205999599,12,12,0,True,True,0,verified_nonfinancial,True,True,True,2020-04-30,False,False,none,rule_based_source_checks_not_manual_review,annual_financial_certification,0,0,False,False,ST_history_label_and_input_certification_pending
000830.SZ:2020,000830.SZ,2020-05-01,train,pending,1207490656,12,0,0,True,True,0,verified_nonfinancial,True,True,True,2021-04-30,False,False,none,rule_based_source_checks_not_manual_review,annual_financial_certification,0,0,False,False,ST_history_label_and_input_certification_pending
000830.SZ:2021,000830.SZ,2021-05-01,train,pending,1209427686,12,3,0,True,True,0,verified_nonfinancial,True,True,True,2022-04-30,False,False,none,rule_based_source_checks_not_manual_review,annual_financial_certification,0,0,False,False,ST_history_label_and_input_certification_pending
000830.SZ:2022,000830.SZ,2022-05-01,validation,pending,1213263918,12,3,0,True,True,0,verified_nonfinancial,True,True,True,2023-04-30,False,False,none,rule_based_source_checks_not_manual_review,annual_financial_certification,0,0,False,False,ST_history_label_and_input_certification_pending
000830.SZ:2023,000830.SZ,2023-05-01,validation,pending,1216497610,12,12,0,True,True,0,pending,True,True,True,2024-04-30,True,True,rule_based_source_checks_not_manual_review,rule_based_source_checks_not_manual_review,historical_industry,0,0,False,False,ST_history_label_and_input_certification_pending
000830.SZ:2024,000830.SZ,2024-05-01,test,eligible_awaiting_freeze,1219908129,12,12,0,True,True,0,verified_nonfinancial,True,True,True,2025-04-30,True,True,rule_based_source_checks_not_manual_review,rule_based_source_checks_not_manual_review,,0,0,False,True,Annual financial/text inputs and registry-defined endpoint verified; full-cohort freeze pending.
000830.SZ:2025,000830.SZ,2025-05-01,test,pending,1223309877,12,12,0,True,True,0,verified_nonfinancial,True,True,True,2026-04-30,False,False,none,rule_based_source_checks_not_manual_review,annual_financial_certification,0,0,False,False,ST_history_label_and_input_certification_pending
000835.SZ:2017,000835.SZ,2017-05-01,train,pending,1203425870,12,12,0,True,True,0,verified_nonfinancial,True,True,True,2018-04-30,False,False,none,rule_based_source_checks_not_manual_review,annual_financial_certification,0,0,False,False,ST_history_label_and_input_certification_pending
000835.SZ:2018,000835.SZ,2018-05-01,train,pending,1204826276,12,12,0,True,True,0,verified_nonfinancial,True,True,True,2019-04-30,False,False,none,rule_based_source_checks_not_manual_review,annual_financial_certification,0,0,False,False,ST_history_label_and_input_certification_pending
000835.SZ:2019,000835.SZ,2019-05-01,train,pending,1206165605,12,12,0,True,True,0,verified_nonfinancial,True,True,True,2020-04-30,False,False,none,rule_based_source_checks_not_manual_review,annual_financial_certification,0,0,False,False,ST_history_label_and_input_certification_pending
000835.SZ:2020,000835.SZ,2020-05-01,train,pending,,12,0,0,False,False,1,verified_nonfinancial,True,True,True,2020-06-29,False,False,none,none,annual_financial_certification;annual_text_certification,0,1,False,False,ST_history_label_and_input_certification_pending
000835.SZ:2021,000835.SZ,2021-05-01,train,excluded,,12,0,0,False,False,,verified_nonfinancial,True,False,False,,False,False,none,none,,1,0,False,False,preorigin_financial_industry_or_confirmed_baseline_ST
000835.SZ:2022,000835.SZ,2022-05-01,validation,excluded,,12,0,0,False,False,,verified_nonfinancial,True,True,False,,False,False,none,none,,0,0,False,False,known_incomplete_followup_due_to_delisting
000839.SZ:2017,000839.SZ,2017-05-01,train,pending,1203172280,12,0,0,True,True,0,verified_nonfinancial,True,True,True,2018-04-30,False,False,none,rule_based_source_checks_not_manual_review,annual_financial_certification,0,0,False,False,ST_history_label_and_input_certification_pending
000839.SZ:2018,000839.SZ,2018-05-01,train,pending,1204801785,12,0,0,True,True,0,verified_nonfinancial,True,True,True,2019-04-30,False,False,none,rule_based_source_checks_not_manual_review,annual_financial_certification,0,0,False,False,ST_history_label_and_input_certification_pending
000839.SZ:2019,000839.SZ,2019-05-01,train,pending,1206118115,12,0,0,True,True,0,verified_nonfinancial,True,True,True,2020-04-30,False,False,none,rule_based_source_checks_not_manual_review,annual_financial_certification,0,0,False,False,ST_history_label_and_input_certification_pending
000839.SZ:2020,000839.SZ,2020-05-01,train,pending,1207681372,12,0,0,True,True,0,verified_nonfinancial,True,True,True,2021-04-30,False,False,none,rule_based_source_checks_not_manual_review,annual_financial_certification,0,0,False,False,ST_history_label_and_input_certification_pending
000839.SZ:2021,000839.SZ,2021-05-01,train,pending,1209867154,12,0,0,True,True,0,verified_nonfinancial,True,True,True,2022-04-30,False,False,none,rule_based_source_checks_not_manual_review,annual_financial_certification,0,0,False,False,ST_history_label_and_input_certification_pending
000839.SZ:2022,000839.SZ,2022-05-01,validation,pending,1213260006,12,0,0,True,True,1,verified_nonfinancial,True,True,True,2022-05-06,False,False,none,rule_based_source_checks_not_manual_review,annual_financial_certification,0,1,False,False,ST_history_label_and_input_certification_pending
000839.SZ:2023,000839.SZ,2023-05-01,validation,excluded,,12,0,0,False,False,,pending,True,False,False,,False,False,none,none,,1,0,False,False,preorigin_financial_industry_or_confirmed_baseline_ST
000839.SZ:2024,000839.SZ,2024-05-01,test,excluded,,12,0,0,False,False,,verified_nonfinancial,True,False,False,,False,False,none,none,,1,0,False,False,preorigin_financial_industry_or_confirmed_baseline_ST
000839.SZ:2025,000839.SZ,2025-05-01,test,pending,1223377668,12,0,0,False,False,0,verified_nonfinancial,True,True,True,2026-04-30,False,False,none,none,annual_financial_certification;annual_text_certification,0,0,False,False,ST_history_label_and_input_certification_pending
000850.SZ:2017,000850.SZ,2017-05-01,train,pending,1203194021,12,12,0,True,True,0,verified_nonfinancial,True,True,True,2018-04-30,False,False,none,rule_based_source_checks_not_manual_review,annual_financial_certification,0,0,False,False,ST_history_label_and_input_certification_pending
000850.SZ:2018,000850.SZ,2018-05-01,train,pending,1204488010,12,12,0,True,True,0,verified_nonfinancial,True,True,True,2019-04-30,False,False,none,rule_based_source_checks_not_manual_review,annual_financial_certification,0,0,False,False,ST_history_label_and_input_certification_pending
000850.SZ:2019,000850.SZ,2019-05-01,train,pending,1206158731,12,12,0,True,True,0,verified_nonfinancial,True,True,True,2020-04-30,False,False,none,rule_based_source_checks_not_manual_review,annual_financial_certification,0,0,False,False,ST_history_label_and_input_certification_pending
000850.SZ:2020,000850.SZ,2020-05-01,train,pending,1207549161,12,3,0,True,True,0,verified_nonfinancial,True,True,True,2021-04-30,False,False,none,rule_based_source_checks_not_manual_review,annual_financial_certification,0,0,False,False,ST_history_label_and_input_certification_pending
000850.SZ:2021,000850.SZ,2021-05-01,train,pending,1209866067,12,3,0,True,True,0,verified_nonfinancial,True,True,True,2022-04-30,False,False,none,rule_based_source_checks_not_manual_review,annual_financial_certification,0,0,False,False,ST_history_label_and_input_certification_pending
000850.SZ:2022,000850.SZ,2022-05-01,validation,pending,1213128513,12,3,0,True,True,0,verified_nonfinancial,True,True,True,2023-04-30,False,False,none,rule_based_source_checks_not_manual_review,annual_financial_certification,0,0,False,False,ST_history_label_and_input_certification_pending
000850.SZ:2023,000850.SZ,2023-05-01,validation,pending,1216695462,12,12,0,True,True,0,pending,True,True,True,2024-04-30,True,True,rule_based_source_checks_not_manual_review,rule_based_source_checks_not_manual_review,historical_industry,0,0,False,False,ST_history_label_and_input_certification_pending
000850.SZ:2024,000850.SZ,2024-05-01,test,eligible_awaiting_freeze,1219736453,12,12,0,True,True,0,verified_nonfinancial,True,True,True,2025-04-30,True,True,rule_based_source_checks_not_manual_review,rule_based_source_checks_not_manual_review,,0,0,False,True,Annual financial/text inputs and registry-defined endpoint verified; full-cohort freeze pending.
000850.SZ:2025,000850.SZ,2025-05-01,test,pending,1223003618,12,12,0,True,True,0,verified_nonfinancial,True,True,True,2026-04-30,False,False,none,rule_based_source_checks_not_manual_review,annual_financial_certification,0,0,False,False,ST_history_label_and_input_certification_pending
000861.SZ:2017,000861.SZ,2017-05-01,train,pending,1203324397,12,12,0,True,False,0,verified_nonfinancial,True,True,True,2018-04-30,False,False,none,none,annual_financial_certification;annual_text_certification,0,0,False,False,ST_history_label_and_input_certification_pending
000861.SZ:2018,000861.SZ,2018-05-01,train,pending,1204700307,12,12,0,True,False,0,verified_nonfinancial,True,True,True,2019-04-30,False,False,none,none,annual_financial_certification;annual_text_certification,0,0,False,False,ST_history_label_and_input_certification_pending
000861.SZ:2019,000861.SZ,2019-05-01,train,pending,1206119286,12,12,0,True,False,0,verified_nonfinancial,True,True,True,2020-04-30,False,False,none,none,annual_financial_certification;annual_text_certification,0,0,False,False,ST_history_label_and_input_certification_pending
000861.SZ:2020,000861.SZ,2020-05-01,train,pending,1207643181,12,3,0,True,False,0,verified_nonfinancial,True,True,True,2021-04-30,False,False,none,none,annual_financial_certification;annual_text_certification,0,0,False,False,ST_history_label_and_input_certification_pending
000861.SZ:2021,000861.SZ,2021-05-01,train,pending,1209847986,12,3,0,True,False,0,verified_nonfinancial,True,True,True,2022-04-30,False,False,none,none,annual_financial_certification;annual_text_certification,0,0,False,False,ST_history_label_and_input_certification_pending
000861.SZ:2022,000861.SZ,2022-05-01,validation,pending,1213209313,12,3,0,True,False,0,verified_nonfinancial,True,True,True,2023-04-30,False,False,none,none,annual_financial_certification;annual_text_certification,0,0,False,False,ST_history_label_and_input_certification_pending
000861.SZ:2023,000861.SZ,2023-05-01,validation,pending,1216588580,12,12,0,True,False,0,pending,True,True,True,2024-04-30,False,False,none,none,historical_industry;annual_financial_certification;annual_text_certification,0,0,False,False,ST_history_label_and_input_certification_pending
000861.SZ:2024,000861.SZ,2024-05-01,test,excluded,,12,0,0,False,False,,verified_nonfinancial,True,True,False,,False,False,none,none,,0,0,False,False,known_incomplete_followup_due_to_delisting
000868.SZ:2017,000868.SZ,2017-05-01,train,pending,1203155254,12,12,0,True,True,0,verified_nonfinancial,True,True,True,2018-04-30,False,False,none,rule_based_source_checks_not_manual_review,annual_financial_certification,0,0,False,False,ST_history_label_and_input_certification_pending
000868.SZ:2018,000868.SZ,2018-05-01,train,pending,1204496145,12,12,0,True,True,1,verified_nonfinancial,True,True,True,2019-04-17,False,False,none,rule_based_source_checks_not_manual_review,annual_financial_certification,0,1,False,False,ST_history_label_and_input_certification_pending
000868.SZ:2019,000868.SZ,2019-05-01,train,excluded,,12,0,0,False,False,,verified_nonfinancial,True,False,False,,False,False,none,none,,1,0,False,False,preorigin_financial_industry_or_confirmed_baseline_ST
000868.SZ:2020,000868.SZ,2020-05-01,train,excluded,,12,0,0,False,False,,verified_nonfinancial,True,False,False,,False,False,none,none,,1,0,False,False,preorigin_financial_industry_or_confirmed_baseline_ST
000868.SZ:2021,000868.SZ,2021-05-01,train,pending,1209428328,12,3,0,True,True,0,verified_nonfinancial,True,True,True,2022-04-30,False,False,none,rule_based_source_checks_not_manual_review,annual_financial_certification,0,0,False,False,ST_history_label_and_input_certification_pending
000868.SZ:2022,000868.SZ,2022-05-01,validation,eligible_awaiting_freeze,1212635750,12,12,0,True,True,0,verified_nonfinancial,True,True,True,2023-04-30,True,True,rule_based_source_checks_not_manual_review,rule_based_source_checks_not_manual_review,,0,0,False,True,Annual financial/text inputs and registry-defined endpoint verified; full-cohort freeze pending.
000868.SZ:2023,000868.SZ,2023-05-01,validation,pending,1216562190,12,12,0,True,True,0,pending,True,True,True,2024-04-30,True,True,rule_based_source_checks_not_manual_review,rule_based_source_checks_not_manual_review,historical_industry,0,0,False,False,ST_history_label_and_input_certification_pending
000868.SZ:2024,000868.SZ,2024-05-01,test,pending,1219745683,12,12,0,True,True,0,verified_nonfinancial,True,True,True,2025-04-30,False,False,none,rule_based_source_checks_not_manual_review,annual_financial_certification,0,0,False,False,ST_history_label_and_input_certification_pending
000868.SZ:2025,000868.SZ,2025-05-01,test,pending,1222880140,12,12,0,True,True,0,verified_nonfinancial,True,True,True,2026-04-30,False,False,none,rule_based_source_checks_not_manual_review,annual_financial_certification,0,0,False,False,ST_history_label_and_input_certification_pending
000883.SZ:2017,000883.SZ,2017-05-01,train,pending,1203343496,12,12,0,True,True,0,verified_nonfinancial,True,True,True,2018-04-30,False,False,none,rule_based_source_checks_not_manual_review,annual_financial_certification,0,0,False,False,ST_history_label_and_input_certification_pending
000883.SZ:2018,000883.SZ,2018-05-01,train,pending,1204800839,12,12,0,True,True,0,verified_nonfinancial,True,True,True,2019-04-30,False,False,none,rule_based_source_checks_not_manual_review,annual_financial_certification,0,0,False,False,ST_history_label_and_input_certification_pending
000883.SZ:2019,000883.SZ,2019-05-01,train,pending,1206101185,12,12,0,True,True,0,verified_nonfinancial,True,True,True,2020-04-30,False,False,none,rule_based_source_checks_not_manual_review,annual_financial_certification,0,0,False,False,ST_history_label_and_input_certification_pending
000883.SZ:2020,000883.SZ,2020-05-01,train,pending,1207677846,12,3,0,True,True,0,verified_nonfinancial,True,True,True,2021-04-30,False,False,none,rule_based_source_checks_not_manual_review,annual_financial_certification,0,0,False,False,ST_history_label_and_input_certification_pending
000883.SZ:2021,000883.SZ,2021-05-01,train,pending,1209853415,12,3,0,True,True,0,verified_nonfinancial,True,True,True,2022-04-30,False,False,none,rule_based_source_checks_not_manual_review,annual_financial_certification,0,0,False,False,ST_history_label_and_input_certification_pending
000883.SZ:2022,000883.SZ,2022-05-01,validation,pending,1213169462,12,3,0,True,True,0,verified_nonfinancial,True,True,True,2023-04-30,False,False,none,rule_based_source_checks_not_manual_review,annual_financial_certification,0,0,False,False,ST_history_label_and_input_certification_pending
000883.SZ:2023,000883.SZ,2023-05-01,validation,pending,1216662480,12,12,0,False,False,0,pending,True,True,True,2024-04-30,False,False,none,none,historical_industry;annual_financial_certification;annual_text_certification,0,0,False,False,ST_history_label_and_input_certification_pending
000883.SZ:2024,000883.SZ,2024-05-01,test,eligible_awaiting_freeze,1219861084,12,12,0,True,True,0,verified_nonfinancial,True,True,True,2025-04-30,True,True,rule_based_source_checks_not_manual_review,rule_based_source_checks_not_manual_review,,0,0,False,True,Annual financial/text inputs and registry-defined endpoint verified; full-cohort freeze pending.
000883.SZ:2025,000883.SZ,2025-05-01,test,pending,1223271159,12,12,0,True,True,0,verified_nonfinancial,True,True,True,2026-04-30,False,False,none,rule_based_source_checks_not_manual_review,annual_financial_certification,0,0,False,False,ST_history_label_and_input_certification_pending
000890.SZ:2017,000890.SZ,2017-05-01,train,pending,1203168566,12,12,0,True,True,0,verified_nonfinancial,True,True,True,2018-04-30,False,False,none,rule_based_source_checks_not_manual_review,annual_financial_certification,0,0,False,False,ST_history_label_and_input_certification_pending
000890.SZ:2018,000890.SZ,2018-05-01,train,pending,1204555169,12,12,0,True,True,0,verified_nonfinancial,True,True,True,2019-04-30,False,False,none,rule_based_source_checks_not_manual_review,annual_financial_certification,0,0,False,False,ST_history_label_and_input_certification_pending
000890.SZ:2019,000890.SZ,2019-05-01,train,pending,1206122788,12,12,0,True,True,1,verified_nonfinancial,True,True,True,2020-04-28,False,False,none,rule_based_source_checks_not_manual_review,annual_financial_certification,0,1,False,False,ST_history_label_and_input_certification_pending
000890.SZ:2020,000890.SZ,2020-05-01,train,excluded,,12,0,0,False,False,,verified_nonfinancial,True,False,False,,False,False,none,none,,1,0,False,False,preorigin_financial_industry_or_confirmed_baseline_ST
000890.SZ:2021,000890.SZ,2021-05-01,train,excluded,,12,0,0,False,False,,verified_nonfinancial,True,False,False,,False,False,none,none,,1,0,False,False,preorigin_financial_industry_or_confirmed_baseline_ST
000890.SZ:2022,000890.SZ,2022-05-01,validation,pending,1213055560,12,3,0,True,True,0,verified_nonfinancial,True,True,True,2023-04-30,False,False,none,rule_based_source_checks_not_manual_review,annual_financial_certification,0,0,False,False,ST_history_label_and_input_certification_pending
000890.SZ:2023,000890.SZ,2023-05-01,validation,pending,1216702609,12,12,0,True,True,0,pending,True,True,True,2024-04-30,True,True,rule_based_source_checks_not_manual_review,rule_based_source_checks_not_manual_review,historical_industry,0,0,False,False,ST_history_label_and_input_certification_pending
000890.SZ:2024,000890.SZ,2024-05-01,test,eligible_awaiting_freeze,1219842394,12,12,0,True,True,0,verified_nonfinancial,True,True,True,2025-04-30,True,True,rule_based_source_checks_not_manual_review,rule_based_source_checks_not_manual_review,,0,0,False,True,Annual financial/text inputs and registry-defined endpoint verified; full-cohort freeze pending.
000890.SZ:2025,000890.SZ,2025-05-01,test,pending,1223317715,12,12,0,True,True,0,verified_nonfinancial,True,True,True,2026-04-30,False,False,none,rule_based_source_checks_not_manual_review,annual_financial_certification,0,0,False,False,ST_history_label_and_input_certification_pending
000897.SZ:2017,000897.SZ,2017-05-01,train,pending,1203225759,12,12,0,True,True,0,verified_nonfinancial,True,True,True,2018-04-30,False,False,none,rule_based_source_checks_not_manual_review,annual_financial_certification,0,0,False,False,ST_history_label_and_input_certification_pending
000897.SZ:2018,000897.SZ,2018-05-01,train,pending,1205219591,12,12,0,True,True,1,verified_nonfinancial,True,True,True,2019-03-21,False,False,none,rule_based_source_checks_not_manual_review,annual_financial_certification,0,1,False,False,ST_history_label_and_input_certification_pending
000897.SZ:2019,000897.SZ,2019-05-01,train,excluded,,12,0,0,False,False,,verified_nonfinancial,True,False,False,,False,False,none,none,,1,0,False,False,preorigin_financial_industry_or_confirmed_baseline_ST
000897.SZ:2020,000897.SZ,2020-05-01,train,excluded,,12,0,0,False,False,,verified_nonfinancial,True,False,False,,False,False,none,none,,1,0,False,False,preorigin_financial_industry_or_confirmed_baseline_ST
000897.SZ:2021,000897.SZ,2021-05-01,train,pending,1209491037,12,3,0,True,True,0,verified_nonfinancial,True,True,True,2022-04-30,False,False,none,rule_based_source_checks_not_manual_review,annual_financial_certification,0,0,False,False,ST_history_label_and_input_certification_pending
000897.SZ:2022,000897.SZ,2022-05-01,validation,pending,1213001265,12,3,0,True,True,0,verified_nonfinancial,True,True,True,2023-04-30,False,False,none,rule_based_source_checks_not_manual_review,annual_financial_certification,0,0,False,False,ST_history_label_and_input_certification_pending
000897.SZ:2023,000897.SZ,2023-05-01,validation,pending,1216280228,12,12,0,True,True,0,pending,True,True,True,2024-04-30,True,True,rule_based_source_checks_not_manual_review,rule_based_source_checks_not_manual_review,historical_industry,0,0,False,False,ST_history_label_and_input_certification_pending
000897.SZ:2024,000897.SZ,2024-05-01,test,eligible_awaiting_freeze,1219470537,12,12,0,True,True,0,verified_nonfinancial,True,True,True,2025-04-30,True,True,rule_based_source_checks_not_manual_review,rule_based_source_checks_not_manual_review,,0,0,False,True,Annual financial/text inputs and registry-defined endpoint verified; full-cohort freeze pending.
000897.SZ:2025,000897.SZ,2025-05-01,test,pending,1223361063,12,12,0,True,True,0,verified_nonfinancial,True,True,True,2026-04-30,False,False,none,rule_based_source_checks_not_manual_review,annual_financial_certification,0,0,False,False,ST_history_label_and_input_certification_pending
000903.SZ:2017,000903.SZ,2017-05-01,train,pending,1203410270,12,12,0,True,True,0,verified_nonfinancial,True,True,True,2018-04-30,False,False,none,rule_based_source_checks_not_manual_review,annual_financial_certification,0,0,False,False,ST_history_label_and_input_certification_pending
000903.SZ:2018,000903.SZ,2018-05-01,train,pending,1204799500,12,12,0,True,True,0,verified_nonfinancial,True,True,True,2019-04-30,False,False,none,rule_based_source_checks_not_manual_review,annual_financial_certification,0,0,False,False,ST_history_label_and_input_certification_pending
000903.SZ:2019,000903.SZ,2019-05-01,train,pending,1205898775,12,12,0,True,True,0,verified_nonfinancial,True,True,True,2020-04-30,False,False,none,rule_based_source_checks_not_manual_review,annual_financial_certification,0,0,False,False,ST_history_label_and_input_certification_pending
000903.SZ:2020,000903.SZ,2020-05-01,train,pending,1207498667,12,3,0,True,True,0,verified_nonfinancial,True,True,True,2021-04-30,False,False,none,rule_based_source_checks_not_manual_review,annual_financial_certification,0,0,False,False,ST_history_label_and_input_certification_pending
000903.SZ:2021,000903.SZ,2021-05-01,train,pending,1209846670,12,3,0,True,True,0,verified_nonfinancial,True,True,True,2022-04-30,False,False,none,rule_based_source_checks_not_manual_review,annual_financial_certification,0,0,False,False,ST_history_label_and_input_certification_pending
000903.SZ:2022,000903.SZ,2022-05-01,validation,pending,1212740336,12,3,0,True,True,0,verified_nonfinancial,True,True,True,2023-04-30,False,False,none,rule_based_source_checks_not_manual_review,annual_financial_certification,0,0,False,False,ST_history_label_and_input_certification_pending
000903.SZ:2023,000903.SZ,2023-05-01,validation,pending,1216683117,12,12,0,True,True,0,pending,True,True,True,2024-04-30,True,True,rule_based_source_checks_not_manual_review,rule_based_source_checks_not_manual_review,historical_industry,0,0,False,False,ST_history_label_and_input_certification_pending
000903.SZ:2024,000903.SZ,2024-05-01,test,eligible_awaiting_freeze,1219914150,12,12,0,True,True,0,verified_nonfinancial,True,True,True,2025-04-30,True,True,rule_based_source_checks_not_manual_review,rule_based_source_checks_not_manual_review,,0,0,False,True,Annual financial/text inputs and registry-defined endpoint verified; full-cohort freeze pending.
000903.SZ:2025,000903.SZ,2025-05-01,test,pending,1223415269,12,12,0,True,True,1,verified_nonfinancial,True,True,True,2025-07-10,False,False,none,rule_based_source_checks_not_manual_review,annual_financial_certification,0,1,False,False,ST_history_label_and_input_certification_pending
000920.SZ:2017,000920.SZ,2017-05-01,train,pending,1203223524,12,12,0,True,True,0,verified_nonfinancial,True,True,True,2018-04-30,False,False,none,rule_based_source_checks_not_manual_review,annual_financial_certification,0,0,False,False,ST_history_label_and_input_certification_pending
000920.SZ:2018,000920.SZ,2018-05-01,train,pending,1204545136,12,12,0,True,True,0,verified_nonfinancial,True,True,True,2019-04-30,False,False,none,rule_based_source_checks_not_manual_review,annual_financial_certification,0,0,False,False,ST_history_label_and_input_certification_pending
000920.SZ:2019,000920.SZ,2019-05-01,train,pending,1205955119,12,12,0,True,True,0,verified_nonfinancial,True,True,True,2020-04-30,False,False,none,rule_based_source_checks_not_manual_review,annual_financial_certification,0,0,False,False,ST_history_label_and_input_certification_pending
000920.SZ:2020,000920.SZ,2020-05-01,train,pending,1207452317,12,3,0,True,True,0,verified_nonfinancial,True,True,True,2021-04-30,False,False,none,rule_based_source_checks_not_manual_review,annual_financial_certification,0,0,False,False,ST_history_label_and_input_certification_pending
000920.SZ:2021,000920.SZ,2021-05-01,train,pending,1209475245,12,3,0,True,True,0,verified_nonfinancial,True,True,True,2022-04-30,False,False,none,rule_based_source_checks_not_manual_review,annual_financial_certification,0,0,False,False,ST_history_label_and_input_certification_pending
000920.SZ:2022,000920.SZ,2022-05-01,validation,eligible_awaiting_freeze,1213262144,12,12,0,True,True,0,verified_nonfinancial,True,True,True,2023-04-30,True,True,rule_based_source_checks_not_manual_review,rule_based_source_checks_not_manual_review,,0,0,False,True,Annual financial/text inputs and registry-defined endpoint verified; full-cohort freeze pending.
000920.SZ:2023,000920.SZ,2023-05-01,validation,pending,1216357642,12,12,0,True,True,0,pending,True,True,True,2024-04-30,True,True,rule_based_source_checks_not_manual_review,rule_based_source_checks_not_manual_review,historical_industry,0,0,False,False,ST_history_label_and_input_certification_pending
000920.SZ:2024,000920.SZ,2024-05-01,test,eligible_awaiting_freeze,1219446301,12,12,0,True,True,0,verified_nonfinancial,True,True,True,2025-04-30,True,True,rule_based_source_checks_not_manual_review,rule_based_source_checks_not_manual_review,,0,0,False,True,Annual financial/text inputs and registry-defined endpoint verified; full-cohort freeze pending.
000920.SZ:2025,000920.SZ,2025-05-01,test,pending,1222926680,12,12,0,True,True,0,verified_nonfinancial,True,True,True,2026-04-30,False,False,none,rule_based_source_checks_not_manual_review,annual_financial_certification,0,0,False,False,ST_history_label_and_input_certification_pending
000925.SZ:2017,000925.SZ,2017-05-01,train,pending,1203402375,12,12,0,True,False,0,verified_nonfinancial,True,True,True,2018-04-30,False,False,none,none,annual_financial_certification;annual_text_certification,0,0,False,False,ST_history_label_and_input_certification_pending
000925.SZ:2018,000925.SZ,2018-05-01,train,pending,1204669529,12,12,0,True,True,0,verified_nonfinancial,True,True,True,2019-04-30,False,False,none,rule_based_source_checks_not_manual_review,annual_financial_certification,0,0,False,False,ST_history_label_and_input_certification_pending
000925.SZ:2019,000925.SZ,2019-05-01,train,pending,1206022974,12,12,0,True,True,0,verified_nonfinancial,True,True,True,2020-04-30,False,False,none,rule_based_source_checks_not_manual_review,annual_financial_certification,0,0,False,False,ST_history_label_and_input_certification_pending
000925.SZ:2020,000925.SZ,2020-05-01,train,pending,1207684032,12,3,0,True,False,0,verified_nonfinancial,True,True,True,2021-04-30,False,False,none,none,annual_financial_certification;annual_text_certification,0,0,False,False,ST_history_label_and_input_certification_pending
000925.SZ:2021,000925.SZ,2021-05-01,train,pending,1209847417,12,3,0,True,False,0,verified_nonfinancial,True,True,True,2022-04-30,False,False,none,none,annual_financial_certification;annual_text_certification,0,0,False,False,ST_history_label_and_input_certification_pending
000925.SZ:2022,000925.SZ,2022-05-01,validation,pending,1213029200,12,3,0,True,False,0,verified_nonfinancial,True,True,True,2023-04-30,False,False,none,none,annual_financial_certification;annual_text_certification,0,0,False,False,ST_history_label_and_input_certification_pending
000925.SZ:2023,000925.SZ,2023-05-01,validation,pending,1216562336,12,12,0,True,False,0,pending,True,True,True,2024-04-30,False,False,none,none,historical_industry;annual_financial_certification;annual_text_certification,0,0,False,False,ST_history_label_and_input_certification_pending
000925.SZ:2024,000925.SZ,2024-05-01,test,pending,1219868091,12,12,0,True,False,0,verified_nonfinancial,True,True,True,2025-04-30,False,False,none,none,annual_financial_certification;annual_text_certification,0,0,False,False,ST_history_label_and_input_certification_pending
000925.SZ:2025,000925.SZ,2025-05-01,test,pending,1223240224,12,12,0,True,False,0,verified_nonfinancial,True,True,True,2026-04-30,False,False,none,none,annual_financial_certification;annual_text_certification,0,0,False,False,ST_history_label_and_input_certification_pending
000933.SZ:2017,000933.SZ,2017-05-01,train,excluded,,12,0,0,False,False,,verified_nonfinancial,True,False,False,,False,False,none,none,,1,0,False,False,preorigin_financial_industry_or_confirmed_baseline_ST
000933.SZ:2018,000933.SZ,2018-05-01,train,pending,1204826596,12,12,0,True,True,0,verified_nonfinancial,True,True,True,2019-04-30,False,False,none,rule_based_source_checks_not_manual_review,annual_financial_certification,0,0,False,False,ST_history_label_and_input_certification_pending
000933.SZ:2019,000933.SZ,2019-05-01,train,pending,1206123364,12,12,0,True,True,0,verified_nonfinancial,True,True,True,2020-04-30,False,False,none,rule_based_source_checks_not_manual_review,annual_financial_certification,0,0,False,False,ST_history_label_and_input_certification_pending
000933.SZ:2020,000933.SZ,2020-05-01,train,eligible_awaiting_freeze,1207663991,12,12,0,True,True,0,verified_nonfinancial,True,True,True,2021-04-30,True,True,rule_based_source_checks_not_manual_review,rule_based_source_checks_not_manual_review,,0,0,False,True,Annual financial/text inputs and registry-defined endpoint verified; full-cohort freeze pending.
000933.SZ:2021,000933.SZ,2021-05-01,train,pending,1209638011,12,3,0,True,True,0,verified_nonfinancial,True,True,True,2022-04-30,False,False,none,rule_based_source_checks_not_manual_review,annual_financial_certification,0,0,False,False,ST_history_label_and_input_certification_pending
000933.SZ:2022,000933.SZ,2022-05-01,validation,pending,1212710445,12,0,0,True,False,0,verified_nonfinancial,True,True,True,2023-04-30,False,False,none,none,annual_financial_certification;annual_text_certification,0,0,False,False,ST_history_label_and_input_certification_pending
000933.SZ:2023,000933.SZ,2023-05-01,validation,pending,1216236727,12,12,0,True,False,0,pending,True,True,True,2024-04-30,False,False,none,none,historical_industry;annual_financial_certification;annual_text_certification,0,0,False,False,ST_history_label_and_input_certification_pending
000933.SZ:2024,000933.SZ,2024-05-01,test,pending,1219401996,12,12,0,True,False,0,verified_nonfinancial,True,True,True,2025-04-30,False,False,none,none,annual_financial_certification;annual_text_certification,0,0,False,False,ST_history_label_and_input_certification_pending
000933.SZ:2025,000933.SZ,2025-05-01,test,pending,1222881387,12,12,0,True,False,0,verified_nonfinancial,True,True,True,2026-04-30,False,False,none,none,annual_financial_certification;annual_text_certification,0,0,False,False,ST_history_label_and_input_certification_pending
000937.SZ:2017,000937.SZ,2017-05-01,train,pending,1203312492,12,12,0,True,True,0,verified_nonfinancial,True,True,True,2018-04-30,False,False,none,rule_based_source_checks_not_manual_review,annual_financial_certification,0,0,False,False,ST_history_label_and_input_certification_pending
000937.SZ:2018,000937.SZ,2018-05-01,train,pending,1204645850,12,12,0,True,True,0,verified_nonfinancial,True,True,True,2019-04-30,False,False,none,rule_based_source_checks_not_manual_review,annual_financial_certification,0,0,False,False,ST_history_label_and_input_certification_pending
000937.SZ:2019,000937.SZ,2019-05-01,train,pending,1205955097,12,12,0,True,True,0,verified_nonfinancial,True,True,True,2020-04-30,False,False,none,rule_based_source_checks_not_manual_review,annual_financial_certification,0,0,False,False,ST_history_label_and_input_certification_pending
000937.SZ:2020,000937.SZ,2020-05-01,train,pending,1207656995,12,3,0,True,True,0,verified_nonfinancial,True,True,True,2021-04-30,False,False,none,rule_based_source_checks_not_manual_review,annual_financial_certification,0,0,False,False,ST_history_label_and_input_certification_pending
000937.SZ:2021,000937.SZ,2021-05-01,train,pending,1209850658,12,3,0,True,True,0,verified_nonfinancial,True,True,True,2022-04-30,False,False,none,rule_based_source_checks_not_manual_review,annual_financial_certification,0,0,False,False,ST_history_label_and_input_certification_pending
000937.SZ:2022,000937.SZ,2022-05-01,validation,pending,1213208504,12,3,0,True,True,0,verified_nonfinancial,True,True,True,2023-04-30,False,False,none,rule_based_source_checks_not_manual_review,annual_financial_certification,0,0,False,False,ST_history_label_and_input_certification_pending
000937.SZ:2023,000937.SZ,2023-05-01,validation,pending,1216617445,12,12,0,True,True,0,pending,True,True,True,2024-04-30,True,True,rule_based_source_checks_not_manual_review,rule_based_source_checks_not_manual_review,historical_industry,0,0,False,False,ST_history_label_and_input_certification_pending
000937.SZ:2024,000937.SZ,2024-05-01,test,eligible_awaiting_freeze,1219595642,12,12,0,True,True,0,verified_nonfinancial,True,True,True,2025-04-30,True,True,rule_based_source_checks_not_manual_review,rule_based_source_checks_not_manual_review,,0,0,False,True,Annual financial/text inputs and registry-defined endpoint verified; full-cohort freeze pending.
000937.SZ:2025,000937.SZ,2025-05-01,test,pending,1223238330,12,12,0,True,True,0,verified_nonfinancial,True,True,True,2026-04-30,False,False,none,rule_based_source_checks_not_manual_review,annual_financial_certification,0,0,False,False,ST_history_label_and_input_certification_pending
000978.SZ:2017,000978.SZ,2017-05-01,train,pending,1203225829,12,0,0,True,True,0,verified_nonfinancial,True,True,True,2018-04-30,False,False,none,rule_based_source_checks_not_manual_review,annual_financial_certification,0,0,False,False,ST_history_label_and_input_certification_pending
000978.SZ:2018,000978.SZ,2018-05-01,train,pending,1204556701,12,0,0,True,True,0,verified_nonfinancial,True,True,True,2019-04-30,False,False,none,rule_based_source_checks_not_manual_review,annual_financial_certification,0,0,False,False,ST_history_label_and_input_certification_pending
000978.SZ:2019,000978.SZ,2019-05-01,train,pending,1205966479,12,0,0,True,True,0,verified_nonfinancial,True,True,True,2020-04-30,False,False,none,rule_based_source_checks_not_manual_review,annual_financial_certification,0,0,False,False,ST_history_label_and_input_certification_pending
000978.SZ:2020,000978.SZ,2020-05-01,train,pending,1207404472,12,0,0,True,True,0,verified_nonfinancial,True,True,True,2021-04-30,False,False,none,rule_based_source_checks_not_manual_review,annual_financial_certification,0,0,False,False,ST_history_label_and_input_certification_pending
000978.SZ:2021,000978.SZ,2021-05-01,train,pending,1209795970,12,0,0,True,True,0,verified_nonfinancial,True,True,True,2022-04-30,False,False,none,rule_based_source_checks_not_manual_review,annual_financial_certification,0,0,False,False,ST_history_label_and_input_certification_pending
000978.SZ:2022,000978.SZ,2022-05-01,validation,pending,1212748377,12,0,0,True,True,0,verified_nonfinancial,True,True,True,2023-04-30,False,False,none,rule_based_source_checks_not_manual_review,annual_financial_certification,0,0,False,False,ST_history_label_and_input_certification_pending
000978.SZ:2023,000978.SZ,2023-05-01,validation,pending,1216416381,12,0,0,True,True,0,pending,True,True,True,2024-04-30,False,False,none,rule_based_source_checks_not_manual_review,historical_industry;annual_financial_certification,0,0,False,False,ST_history_label_and_input_certification_pending
000978.SZ:2024,000978.SZ,2024-05-01,test,pending,1219462130,12,0,0,True,True,0,verified_nonfinancial,True,True,True,2025-04-30,False,False,none,rule_based_source_checks_not_manual_review,annual_financial_certification,0,0,False,False,ST_history_label_and_input_certification_pending
000978.SZ:2025,000978.SZ,2025-05-01,test,pending,1223070689,12,0,0,True,True,0,verified_nonfinancial,True,True,True,2026-04-30,False,False,none,rule_based_source_checks_not_manual_review,annual_financial_certification,0,0,False,False,ST_history_label_and_input_certification_pending
000979.SZ:2017,000979.SZ,2017-05-01,train,pending,1203384373,12,12,0,True,True,0,verified_nonfinancial,True,True,True,2018-04-30,False,False,none,rule_based_source_checks_not_manual_review,annual_financial_certification,0,0,False,False,ST_history_label_and_input_certification_pending
000979.SZ:2018,000979.SZ,2018-05-01,train,excluded,,12,0,0,False,False,,verified_nonfinancial,True,True,False,,False,False,none,none,,0,0,False,False,known_incomplete_followup_due_to_delisting
000982.SZ:2017,000982.SZ,2017-05-01,train,pending,1203426795,12,0,0,False,False,1,verified_nonfinancial,True,True,True,2017-05-03,False,False,none,none,annual_financial_certification;annual_text_certification,0,1,False,False,ST_history_label_and_input_certification_pending
000982.SZ:2018,000982.SZ,2018-05-01,train,excluded,,12,0,0,False,False,,verified_nonfinancial,True,False,False,,False,False,none,none,,1,0,False,False,preorigin_financial_industry_or_confirmed_baseline_ST
000982.SZ:2019,000982.SZ,2019-05-01,train,excluded,,12,0,0,False,False,,verified_nonfinancial,True,False,False,,False,False,none,none,,1,0,False,False,preorigin_financial_industry_or_confirmed_baseline_ST
000982.SZ:2020,000982.SZ,2020-05-01,train,excluded,,12,0,0,False,False,,verified_nonfinancial,True,False,False,,False,False,none,none,,1,0,False,False,preorigin_financial_industry_or_confirmed_baseline_ST
000982.SZ:2021,000982.SZ,2021-05-01,train,excluded,,12,0,0,False,False,,verified_nonfinancial,True,False,False,,False,False,none,none,,1,0,False,False,preorigin_financial_industry_or_confirmed_baseline_ST
000982.SZ:2022,000982.SZ,2022-05-01,validation,eligible_awaiting_freeze,1212765717,12,12,0,True,True,0,verified_nonfinancial,True,True,True,2023-04-30,True,True,rule_based_source_checks_not_manual_review,rule_based_source_checks_not_manual_review,,0,0,False,True,Annual financial/text inputs and registry-defined endpoint verified; full-cohort freeze pending.
000982.SZ:2023,000982.SZ,2023-05-01,validation,pending,1216402554,12,12,0,True,False,0,pending,True,True,True,2024-04-30,False,False,none,none,historical_industry;annual_financial_certification;annual_text_certification,0,0,False,False,ST_history_label_and_input_certification_pending
000982.SZ:2024,000982.SZ,2024-05-01,test,excluded,,12,0,0,False,False,,verified_nonfinancial,True,True,False,,False,False,none,none,,0,0,False,False,known_incomplete_followup_due_to_delisting
000985.SZ:2017,000985.SZ,2017-05-01,train,pending,1203196084,12,0,0,True,True,0,verified_nonfinancial,True,True,True,2018-04-30,False,False,none,rule_based_source_checks_not_manual_review,annual_financial_certification,0,0,False,False,ST_history_label_and_input_certification_pending
000985.SZ:2018,000985.SZ,2018-05-01,train,pending,1204665554,12,0,0,True,True,0,verified_nonfinancial,True,True,True,2019-04-30,False,False,none,rule_based_source_checks_not_manual_review,annual_financial_certification,0,0,False,False,ST_history_label_and_input_certification_pending
000985.SZ:2019,000985.SZ,2019-05-01,train,pending,1206058706,12,0,0,True,True,0,verified_nonfinancial,True,True,True,2020-04-30,False,False,none,rule_based_source_checks_not_manual_review,annual_financial_certification,0,0,False,False,ST_history_label_and_input_certification_pending
000985.SZ:2020,000985.SZ,2020-05-01,train,pending,1207523866,12,0,0,True,True,0,verified_nonfinancial,True,True,True,2021-04-30,False,False,none,rule_based_source_checks_not_manual_review,annual_financial_certification,0,0,False,False,ST_history_label_and_input_certification_pending
000985.SZ:2021,000985.SZ,2021-05-01,train,pending,1209788304,12,0,0,True,True,0,verified_nonfinancial,True,True,True,2022-04-30,False,False,none,rule_based_source_checks_not_manual_review,annual_financial_certification,0,0,False,False,ST_history_label_and_input_certification_pending
000985.SZ:2022,000985.SZ,2022-05-01,validation,pending,1213249247,12,0,0,True,True,0,verified_nonfinancial,True,True,True,2023-04-30,False,False,none,rule_based_source_checks_not_manual_review,annual_financial_certification,0,0,False,False,ST_history_label_and_input_certification_pending
000985.SZ:2023,000985.SZ,2023-05-01,validation,pending,1216527480,12,0,0,True,True,0,pending,True,True,True,2024-04-30,False,False,none,rule_based_source_checks_not_manual_review,historical_industry;annual_financial_certification,0,0,False,False,ST_history_label_and_input_certification_pending
000985.SZ:2024,000985.SZ,2024-05-01,test,pending,1219862560,12,0,0,True,True,0,verified_nonfinancial,True,True,True,2025-04-30,False,False,none,rule_based_source_checks_not_manual_review,annual_financial_certification,0,0,False,False,ST_history_label_and_input_certification_pending
000985.SZ:2025,000985.SZ,2025-05-01,test,pending,1223310825,12,0,0,True,True,0,verified_nonfinancial,True,True,True,2026-04-30,False,False,none,rule_based_source_checks_not_manual_review,annual_financial_certification,0,0,False,False,ST_history_label_and_input_certification_pending
000989.SZ:2017,000989.SZ,2017-05-01,train,pending,,12,0,0,False,False,0,verified_nonfinancial,True,True,True,2018-04-30,False,False,none,none,annual_financial_certification;annual_text_certification,0,0,False,False,ST_history_label_and_input_certification_pending
000989.SZ:2018,000989.SZ,2018-05-01,train,pending,1204663700,12,12,0,True,True,0,verified_nonfinancial,True,True,True,2019-04-30,False,False,none,rule_based_source_checks_not_manual_review,annual_financial_certification,0,0,False,False,ST_history_label_and_input_certification_pending
000989.SZ:2019,000989.SZ,2019-05-01,train,pending,1206158258,12,12,0,True,True,0,verified_nonfinancial,True,True,True,2020-04-30,False,False,none,rule_based_source_checks_not_manual_review,annual_financial_certification,0,0,False,False,ST_history_label_and_input_certification_pending
000989.SZ:2020,000989.SZ,2020-05-01,train,pending,1207679259,12,3,0,True,True,0,verified_nonfinancial,True,True,True,2021-04-30,False,False,none,rule_based_source_checks_not_manual_review,annual_financial_certification,0,0,False,False,ST_history_label_and_input_certification_pending
000989.SZ:2021,000989.SZ,2021-05-01,train,pending,1209417113,12,3,0,True,True,0,verified_nonfinancial,True,True,True,2022-04-30,False,False,none,rule_based_source_checks_not_manual_review,annual_financial_certification,0,0,False,False,ST_history_label_and_input_certification_pending
000989.SZ:2022,000989.SZ,2022-05-01,validation,pending,1213042739,12,3,0,True,True,0,verified_nonfinancial,True,True,True,2023-04-30,False,False,none,rule_based_source_checks_not_manual_review,annual_financial_certification,0,0,False,False,ST_history_label_and_input_certification_pending
000989.SZ:2023,000989.SZ,2023-05-01,validation,pending,1216683872,12,12,0,True,True,1,pending,True,True,True,2024-04-26,True,True,rule_based_source_checks_not_manual_review,rule_based_source_checks_not_manual_review,historical_industry,0,1,False,False,ST_history_label_and_input_certification_pending
000989.SZ:2024,000989.SZ,2024-05-01,test,excluded,,12,0,0,False,False,,verified_nonfinancial,True,False,False,,False,False,none,none,,1,0,False,False,preorigin_financial_industry_or_confirmed_baseline_ST
000989.SZ:2025,000989.SZ,2025-05-01,test,excluded,,12,0,0,False,False,,verified_nonfinancial,True,False,False,,False,False,none,none,,1,0,False,False,preorigin_financial_industry_or_confirmed_baseline_ST
000990.SZ:2017,000990.SZ,2017-05-01,train,pending,1203149509,12,12,0,True,True,0,verified_nonfinancial,True,True,True,2018-04-30,False,False,none,rule_based_source_checks_not_manual_review,annual_financial_certification,0,0,False,False,ST_history_label_and_input_certification_pending
000990.SZ:2018,000990.SZ,2018-05-01,train,pending,1204480243,12,12,0,True,True,0,verified_nonfinancial,True,True,True,2019-04-30,False,False,none,rule_based_source_checks_not_manual_review,annual_financial_certification,0,0,False,False,ST_history_label_and_input_certification_pending
000990.SZ:2019,000990.SZ,2019-05-01,train,pending,1205900421,12,12,0,True,True,0,verified_nonfinancial,True,True,True,2020-04-30,False,False,none,rule_based_source_checks_not_manual_review,annual_financial_certification,0,0,False,False,ST_history_label_and_input_certification_pending
000990.SZ:2020,000990.SZ,2020-05-01,train,pending,1207524881,12,3,0,True,True,0,verified_nonfinancial,True,True,True,2021-04-30,False,False,none,rule_based_source_checks_not_manual_review,annual_financial_certification,0,0,False,False,ST_history_label_and_input_certification_pending
000990.SZ:2021,000990.SZ,2021-05-01,train,pending,1209338218,12,3,0,True,True,0,verified_nonfinancial,True,True,True,2022-04-30,False,False,none,rule_based_source_checks_not_manual_review,annual_financial_certification,0,0,False,False,ST_history_label_and_input_certification_pending
000990.SZ:2022,000990.SZ,2022-05-01,validation,pending,1212979242,12,12,0,True,False,0,verified_nonfinancial,True,True,True,2023-04-30,False,False,none,none,annual_financial_certification;annual_text_certification,0,0,False,False,ST_history_label_and_input_certification_pending
000990.SZ:2023,000990.SZ,2023-05-01,validation,pending,1216222010,12,12,0,True,True,0,pending,True,True,True,2024-04-30,True,True,rule_based_source_checks_not_manual_review,rule_based_source_checks_not_manual_review,historical_industry,0,0,False,False,ST_history_label_and_input_certification_pending
000990.SZ:2024,000990.SZ,2024-05-01,test,eligible_awaiting_freeze,1219297416,12,12,0,True,True,0,verified_nonfinancial,True,True,True,2025-04-30,True,True,rule_based_source_checks_not_manual_review,rule_based_source_checks_not_manual_review,,0,0,False,True,Annual financial/text inputs and registry-defined endpoint verified; full-cohort freeze pending.
000990.SZ:2025,000990.SZ,2025-05-01,test,pending,1222911855,12,12,0,True,True,0,verified_nonfinancial,True,True,True,2026-04-30,False,False,none,rule_based_source_checks_not_manual_review,annual_financial_certification,0,0,False,False,ST_history_label_and_input_certification_pending
001201.SZ:2024,001201.SZ,2024-05-01,test,eligible_awaiting_freeze,1219910083,12,12,0,True,True,0,verified_nonfinancial,True,True,True,2025-04-30,True,True,rule_based_source_checks_not_manual_review,rule_based_source_checks_not_manual_review,,0,0,False,True,Annual financial/text inputs and registry-defined endpoint verified; full-cohort freeze pending.
001201.SZ:2025,001201.SZ,2025-05-01,test,pending,1223312424,12,12,0,True,True,0,verified_nonfinancial,True,True,True,2026-04-30,False,False,none,rule_based_source_checks_not_manual_review,annual_financial_certification,0,0,False,False,ST_history_label_and_input_certification_pending
001215.SZ:2025,001215.SZ,2025-05-01,test,pending,1223329187,12,12,0,True,False,0,verified_nonfinancial,True,True,True,2026-04-30,False,False,none,none,annual_financial_certification;annual_text_certification,0,0,False,False,ST_history_label_and_input_certification_pending
001216.SZ:2025,001216.SZ,2025-05-01,test,pending,1222990722,12,12,0,True,False,0,verified_nonfinancial,True,True,True,2026-04-30,False,False,none,none,annual_financial_certification;annual_text_certification,0,0,False,False,ST_history_label_and_input_certification_pending
001296.SZ:2025,001296.SZ,2025-05-01,test,pending,1223237647,12,12,0,True,False,0,verified_nonfinancial,True,True,True,2026-04-30,False,False,none,none,annual_financial_certification;annual_text_certification,0,0,False,False,ST_history_label_and_input_certification_pending
001979.SZ:2019,001979.SZ,2019-05-01,train,pending,1205913549,12,0,0,True,True,0,verified_nonfinancial,True,True,True,2020-04-30,False,False,none,rule_based_source_checks_not_manual_review,annual_financial_certification,0,0,False,False,ST_history_label_and_input_certification_pending
001979.SZ:2020,001979.SZ,2020-05-01,train,pending,1207539530,12,0,0,True,True,0,verified_nonfinancial,True,True,True,2021-04-30,False,False,none,rule_based_source_checks_not_manual_review,annual_financial_certification,0,0,False,False,ST_history_label_and_input_certification_pending
001979.SZ:2021,001979.SZ,2021-05-01,train,pending,1209425561,12,0,0,True,True,0,verified_nonfinancial,True,True,True,2022-04-30,False,False,none,rule_based_source_checks_not_manual_review,annual_financial_certification,0,0,False,False,ST_history_label_and_input_certification_pending
001979.SZ:2022,001979.SZ,2022-05-01,validation,pending,1212634443,12,0,0,True,True,0,verified_nonfinancial,True,True,True,2023-04-30,False,False,none,rule_based_source_checks_not_manual_review,annual_financial_certification,0,0,False,False,ST_history_label_and_input_certification_pending
001979.SZ:2023,001979.SZ,2023-05-01,validation,pending,1216166724,12,0,0,True,True,0,pending,True,True,True,2024-04-30,False,False,none,rule_based_source_checks_not_manual_review,historical_industry;annual_financial_certification,0,0,False,False,ST_history_label_and_input_certification_pending
001979.SZ:2024,001979.SZ,2024-05-01,test,pending,1219330022,12,0,0,True,True,0,verified_nonfinancial,True,True,True,2025-04-30,False,False,none,rule_based_source_checks_not_manual_review,annual_financial_certification,0,0,False,False,ST_history_label_and_input_certification_pending
001979.SZ:2025,001979.SZ,2025-05-01,test,pending,1222823028,12,0,0,True,True,0,verified_nonfinancial,True,True,True,2026-04-30,False,False,none,rule_based_source_checks_not_manual_review,annual_financial_certification,0,0,False,False,ST_history_label_and_input_certification_pending
002002.SZ:2017,002002.SZ,2017-05-01,train,pending,1203378518,12,12,0,True,True,0,verified_nonfinancial,True,True,True,2018-04-30,False,False,none,rule_based_source_checks_not_manual_review,annual_financial_certification,0,0,False,False,ST_history_label_and_input_certification_pending
002002.SZ:2018,002002.SZ,2018-05-01,train,pending,1204557454,12,12,0,True,True,0,verified_nonfinancial,True,True,True,2019-04-30,False,False,none,rule_based_source_checks_not_manual_review,annual_financial_certification,0,0,False,False,ST_history_label_and_input_certification_pending
002002.SZ:2019,002002.SZ,2019-05-01,train,pending,1206071415,12,12,0,True,True,0,verified_nonfinancial,True,True,True,2020-04-30,False,False,none,rule_based_source_checks_not_manual_review,annual_financial_certification,0,0,False,False,ST_history_label_and_input_certification_pending
002002.SZ:2020,002002.SZ,2020-05-01,train,pending,1207643608,12,3,0,True,True,0,verified_nonfinancial,True,True,True,2021-04-30,False,False,none,rule_based_source_checks_not_manual_review,annual_financial_certification,0,0,False,False,ST_history_label_and_input_certification_pending
002002.SZ:2021,002002.SZ,2021-05-01,train,pending,1209492127,12,3,0,True,True,0,verified_nonfinancial,True,True,True,2022-04-30,False,False,none,rule_based_source_checks_not_manual_review,annual_financial_certification,0,0,False,False,ST_history_label_and_input_certification_pending
002002.SZ:2022,002002.SZ,2022-05-01,validation,eligible_awaiting_freeze,1213262639,12,12,0,True,True,0,verified_nonfinancial,True,True,True,2023-04-30,True,True,rule_based_source_checks_not_manual_review,rule_based_source_checks_not_manual_review,,0,0,False,True,Annual financial/text inputs and registry-defined endpoint verified; full-cohort freeze pending.
002002.SZ:2023,002002.SZ,2023-05-01,validation,pending,1216706015,12,12,0,False,False,1,pending,True,True,True,2023-10-12,False,False,none,none,historical_industry;annual_financial_certification;annual_text_certification,0,1,False,False,ST_history_label_and_input_certification_pending
002014.SZ:2017,002014.SZ,2017-05-01,train,pending,1203088239,12,12,0,True,True,0,verified_nonfinancial,True,True,True,2018-04-30,False,False,none,rule_based_source_checks_not_manual_review,annual_financial_certification,0,0,False,False,ST_history_label_and_input_certification_pending
002014.SZ:2018,002014.SZ,2018-05-01,train,pending,1204458652,12,12,0,True,True,0,verified_nonfinancial,True,True,True,2019-04-30,False,False,none,rule_based_source_checks_not_manual_review,annual_financial_certification,0,0,False,False,ST_history_label_and_input_certification_pending
002014.SZ:2019,002014.SZ,2019-05-01,train,pending,1205854443,12,12,0,True,True,0,verified_nonfinancial,True,True,True,2020-04-30,False,False,none,rule_based_source_checks_not_manual_review,annual_financial_certification,0,0,False,False,ST_history_label_and_input_certification_pending
002014.SZ:2020,002014.SZ,2020-05-01,train,pending,1207371713,12,3,0,True,True,0,verified_nonfinancial,True,True,True,2021-04-30,False,False,none,rule_based_source_checks_not_manual_review,annual_financial_certification,0,0,False,False,ST_history_label_and_input_certification_pending
002014.SZ:2021,002014.SZ,2021-05-01,train,pending,1209258527,12,3,0,True,True,0,verified_nonfinancial,True,True,True,2022-04-30,False,False,none,rule_based_source_checks_not_manual_review,annual_financial_certification,0,0,False,False,ST_history_label_and_input_certification_pending
002014.SZ:2022,002014.SZ,2022-05-01,validation,eligible_awaiting_freeze,1212453505,12,12,0,True,True,0,verified_nonfinancial,True,True,True,2023-04-30,True,True,rule_based_source_checks_not_manual_review,rule_based_source_checks_not_manual_review,,0,0,False,True,Annual financial/text inputs and registry-defined endpoint verified; full-cohort freeze pending.
002014.SZ:2023,002014.SZ,2023-05-01,validation,pending,1216094811,12,12,0,True,True,0,pending,True,True,True,2024-04-30,True,True,rule_based_source_checks_not_manual_review,rule_based_source_checks_not_manual_review,historical_industry,0,0,False,False,ST_history_label_and_input_certification_pending
002014.SZ:2024,002014.SZ,2024-05-01,test,eligible_awaiting_freeze,1219211681,12,12,0,True,True,0,verified_nonfinancial,True,True,True,2025-04-30,True,True,rule_based_source_checks_not_manual_review,rule_based_source_checks_not_manual_review,,0,0,False,True,Annual financial/text inputs and registry-defined endpoint verified; full-cohort freeze pending.
002014.SZ:2025,002014.SZ,2025-05-01,test,pending,1222857419,12,12,0,True,True,0,verified_nonfinancial,True,True,True,2026-04-30,False,False,none,rule_based_source_checks_not_manual_review,annual_financial_certification,0,0,False,False,ST_history_label_and_input_certification_pending
002016.SZ:2017,002016.SZ,2017-05-01,train,pending,1203413327,12,12,0,True,True,0,verified_nonfinancial,True,True,True,2018-04-30,False,False,none,rule_based_source_checks_not_manual_review,annual_financial_certification,0,0,False,False,ST_history_label_and_input_certification_pending
002016.SZ:2018,002016.SZ,2018-05-01,train,pending,1204554425,12,12,0,True,True,0,verified_nonfinancial,True,True,True,2019-04-30,False,False,none,rule_based_source_checks_not_manual_review,annual_financial_certification,0,0,False,False,ST_history_label_and_input_certification_pending
002016.SZ:2019,002016.SZ,2019-05-01,train,pending,1206058598,12,12,0,True,True,0,verified_nonfinancial,True,True,True,2020-04-30,False,False,none,rule_based_source_checks_not_manual_review,annual_financial_certification,0,0,False,False,ST_history_label_and_input_certification_pending
002016.SZ:2020,002016.SZ,2020-05-01,train,pending,1207657626,12,3,0,True,True,0,verified_nonfinancial,True,True,True,2021-04-30,False,False,none,rule_based_source_checks_not_manual_review,annual_financial_certification,0,0,False,False,ST_history_label_and_input_certification_pending
002016.SZ:2021,002016.SZ,2021-05-01,train,pending,1209850035,12,3,0,True,True,0,verified_nonfinancial,True,True,True,2022-04-30,False,False,none,rule_based_source_checks_not_manual_review,annual_financial_certification,0,0,False,False,ST_history_label_and_input_certification_pending
002016.SZ:2022,002016.SZ,2022-05-01,validation,pending,1213165855,12,3,0,True,True,0,verified_nonfinancial,True,True,True,2023-04-30,False,False,none,rule_based_source_checks_not_manual_review,annual_financial_certification,0,0,False,False,ST_history_label_and_input_certification_pending
002016.SZ:2023,002016.SZ,2023-05-01,validation,pending,1216658487,12,12,0,True,True,0,pending,True,True,True,2024-04-30,True,True,rule_based_source_checks_not_manual_review,rule_based_source_checks_not_manual_review,historical_industry,0,0,False,False,ST_history_label_and_input_certification_pending
002016.SZ:2024,002016.SZ,2024-05-01,test,eligible_awaiting_freeze,1219919569,12,12,0,True,True,0,verified_nonfinancial,True,True,True,2025-04-30,True,True,rule_based_source_checks_not_manual_review,rule_based_source_checks_not_manual_review,,0,0,False,True,Annual financial/text inputs and registry-defined endpoint verified; full-cohort freeze pending.
002016.SZ:2025,002016.SZ,2025-05-01,test,pending,1223247279,12,12,0,True,True,0,verified_nonfinancial,True,True,True,2026-04-30,False,False,none,rule_based_source_checks_not_manual_review,annual_financial_certification,0,0,False,False,ST_history_label_and_input_certification_pending
002021.SZ:2017,002021.SZ,2017-05-01,train,pending,1203415255,12,12,0,True,True,0,verified_nonfinancial,True,True,True,2018-04-30,False,False,none,rule_based_source_checks_not_manual_review,annual_financial_certification,0,0,False,False,ST_history_label_and_input_certification_pending
002021.SZ:2018,002021.SZ,2018-05-01,train,pending,1204794350,12,12,0,True,True,1,verified_nonfinancial,True,True,True,2019-04-30,False,False,none,rule_based_source_checks_not_manual_review,annual_financial_certification,0,1,False,False,ST_history_label_and_input_certification_pending
002021.SZ:2019,002021.SZ,2019-05-01,train,excluded,,12,0,0,False,False,,verified_nonfinancial,True,False,False,,False,False,none,none,,1,0,False,False,preorigin_financial_industry_or_confirmed_baseline_ST
002021.SZ:2020,002021.SZ,2020-05-01,train,excluded,,12,0,0,False,False,,verified_nonfinancial,True,False,False,,False,False,none,none,,1,0,False,False,preorigin_financial_industry_or_confirmed_baseline_ST
002021.SZ:2021,002021.SZ,2021-05-01,train,excluded,,12,0,0,False,False,,verified_nonfinancial,True,False,False,,False,False,none,none,,1,0,False,False,preorigin_financial_industry_or_confirmed_baseline_ST
002021.SZ:2022,002021.SZ,2022-05-01,validation,excluded,,12,0,0,False,False,,verified_nonfinancial,True,False,False,,False,False,none,none,,1,0,False,False,preorigin_financial_industry_or_confirmed_baseline_ST
002021.SZ:2023,002021.SZ,2023-05-01,validation,excluded,,12,0,0,False,False,,pending,True,False,False,,False,False,none,none,,1,0,False,False,preorigin_financial_industry_or_confirmed_baseline_ST
002021.SZ:2024,002021.SZ,2024-05-01,test,excluded,,12,0,0,False,False,,verified_nonfinancial,True,False,False,,False,False,none,none,,1,0,False,False,preorigin_financial_industry_or_confirmed_baseline_ST
002021.SZ:2025,002021.SZ,2025-05-01,test,pending,1223304031,12,12,0,True,True,0,verified_nonfinancial,True,True,True,2026-04-30,False,False,none,rule_based_source_checks_not_manual_review,annual_financial_certification,0,0,False,False,ST_history_label_and_input_certification_pending
002027.SZ:2017,002027.SZ,2017-05-01,train,pending,1203410932,12,10,0,True,True,0,verified_nonfinancial,True,True,True,2018-04-30,False,False,none,rule_based_source_checks_not_manual_review,annual_financial_certification,0,0,False,False,ST_history_label_and_input_certification_pending
002027.SZ:2018,002027.SZ,2018-05-01,train,pending,1204733591,12,10,0,True,True,0,verified_nonfinancial,True,True,True,2019-04-30,False,False,none,rule_based_source_checks_not_manual_review,annual_financial_certification,0,0,False,False,ST_history_label_and_input_certification_pending
002027.SZ:2019,002027.SZ,2019-05-01,train,pending,1206086512,12,12,0,True,True,0,verified_nonfinancial,True,True,True,2020-04-30,False,False,none,rule_based_source_checks_not_manual_review,annual_financial_certification,0,0,False,False,ST_history_label_and_input_certification_pending
002027.SZ:2020,002027.SZ,2020-05-01,train,pending,1207639080,12,3,0,True,True,0,verified_nonfinancial,True,True,True,2021-04-30,False,False,none,rule_based_source_checks_not_manual_review,annual_financial_certification,0,0,False,False,ST_history_label_and_input_certification_pending
002027.SZ:2021,002027.SZ,2021-05-01,train,pending,1209771826,12,3,0,True,True,0,verified_nonfinancial,True,True,True,2022-04-30,False,False,none,rule_based_source_checks_not_manual_review,annual_financial_certification,0,0,False,False,ST_history_label_and_input_certification_pending
002027.SZ:2022,002027.SZ,2022-05-01,validation,pending,1213205440,12,3,0,True,True,0,verified_nonfinancial,True,True,True,2023-04-30,False,False,none,rule_based_source_checks_not_manual_review,annual_financial_certification,0,0,False,False,ST_history_label_and_input_certification_pending
002027.SZ:2023,002027.SZ,2023-05-01,validation,pending,1216687846,12,12,0,True,True,0,pending,True,True,True,2024-04-30,True,True,rule_based_source_checks_not_manual_review,rule_based_source_checks_not_manual_review,historical_industry,0,0,False,False,ST_history_label_and_input_certification_pending
002027.SZ:2024,002027.SZ,2024-05-01,test,eligible_awaiting_freeze,1219912683,12,12,0,True,True,0,verified_nonfinancial,True,True,True,2025-04-30,True,True,rule_based_source_checks_not_manual_review,rule_based_source_checks_not_manual_review,,0,0,False,True,Annual financial/text inputs and registry-defined endpoint verified; full-cohort freeze pending.
002027.SZ:2025,002027.SZ,2025-05-01,test,pending,1223365040,12,12,0,True,True,0,verified_nonfinancial,True,True,True,2026-04-30,False,False,none,rule_based_source_checks_not_manual_review,annual_financial_certification,0,0,False,False,ST_history_label_and_input_certification_pending
002033.SZ:2017,002033.SZ,2017-05-01,train,pending,1203126381,12,12,0,True,True,0,verified_nonfinancial,True,True,True,2018-04-30,False,False,none,rule_based_source_checks_not_manual_review,annual_financial_certification,0,0,False,False,ST_history_label_and_input_certification_pending
002033.SZ:2018,002033.SZ,2018-05-01,train,pending,1204699055,12,12,0,True,True,0,verified_nonfinancial,True,True,True,2019-04-30,False,False,none,rule_based_source_checks_not_manual_review,annual_financial_certification,0,0,False,False,ST_history_label_and_input_certification_pending
002033.SZ:2019,002033.SZ,2019-05-01,train,pending,1205980777,12,12,0,True,True,0,verified_nonfinancial,True,True,True,2020-04-30,False,False,none,rule_based_source_checks_not_manual_review,annual_financial_certification,0,0,False,False,ST_history_label_and_input_certification_pending
002033.SZ:2020,002033.SZ,2020-05-01,train,pending,1207430634,12,3,0,True,True,0,verified_nonfinancial,True,True,True,2021-04-30,False,False,none,rule_based_source_checks_not_manual_review,annual_financial_certification,0,0,False,False,ST_history_label_and_input_certification_pending
002033.SZ:2021,002033.SZ,2021-05-01,train,pending,1209352456,12,3,0,True,True,0,verified_nonfinancial,True,True,True,2022-04-30,False,False,none,rule_based_source_checks_not_manual_review,annual_financial_certification,0,0,False,False,ST_history_label_and_input_certification_pending
002033.SZ:2022,002033.SZ,2022-05-01,validation,pending,1212959508,12,3,0,True,True,0,verified_nonfinancial,True,True,True,2023-04-30,False,False,none,rule_based_source_checks_not_manual_review,annual_financial_certification,0,0,False,False,ST_history_label_and_input_certification_pending
002033.SZ:2023,002033.SZ,2023-05-01,validation,pending,1216319195,12,12,0,True,True,0,pending,True,True,True,2024-04-30,True,True,rule_based_source_checks_not_manual_review,rule_based_source_checks_not_manual_review,historical_industry,0,0,False,False,ST_history_label_and_input_certification_pending
002033.SZ:2024,002033.SZ,2024-05-01,test,eligible_awaiting_freeze,1219285532,12,12,0,True,True,0,verified_nonfinancial,True,True,True,2025-04-30,True,True,rule_based_source_checks_not_manual_review,rule_based_source_checks_not_manual_review,,0,0,False,True,Annual financial/text inputs and registry-defined endpoint verified; full-cohort freeze pending.
002033.SZ:2025,002033.SZ,2025-05-01,test,pending,1222822293,12,12,0,True,True,0,verified_nonfinancial,True,True,True,2026-04-30,False,False,none,rule_based_source_checks_not_manual_review,annual_financial_certification,0,0,False,False,ST_history_label_and_input_certification_pending
002039.SZ:2017,002039.SZ,2017-05-01,train,pending,1203215998,12,12,0,True,True,0,verified_nonfinancial,True,True,True,2018-04-30,False,False,none,rule_based_source_checks_not_manual_review,annual_financial_certification,0,0,False,False,ST_history_label_and_input_certification_pending
002039.SZ:2018,002039.SZ,2018-05-01,train,pending,1204533609,12,12,0,True,True,0,verified_nonfinancial,True,True,True,2019-04-30,False,False,none,rule_based_source_checks_not_manual_review,annual_financial_certification,0,0,False,False,ST_history_label_and_input_certification_pending
002039.SZ:2019,002039.SZ,2019-05-01,train,pending,1205948144,12,12,0,True,True,0,verified_nonfinancial,True,True,True,2020-04-30,False,False,none,rule_based_source_checks_not_manual_review,annual_financial_certification,0,0,False,False,ST_history_label_and_input_certification_pending
002039.SZ:2020,002039.SZ,2020-05-01,train,pending,1207410516,12,3,0,True,True,0,verified_nonfinancial,True,True,True,2021-04-30,False,False,none,rule_based_source_checks_not_manual_review,annual_financial_certification,0,0,False,False,ST_history_label_and_input_certification_pending
002039.SZ:2021,002039.SZ,2021-05-01,train,pending,1209452643,12,3,0,True,True,0,verified_nonfinancial,True,True,True,2022-04-30,False,False,none,rule_based_source_checks_not_manual_review,annual_financial_certification,0,0,False,False,ST_history_label_and_input_certification_pending
002039.SZ:2022,002039.SZ,2022-05-01,validation,pending,1212764854,12,3,0,True,True,0,verified_nonfinancial,True,True,True,2023-04-30,False,False,none,rule_based_source_checks_not_manual_review,annual_financial_certification,0,0,False,False,ST_history_label_and_input_certification_pending
002039.SZ:2023,002039.SZ,2023-05-01,validation,pending,1216255812,12,12,0,True,True,0,pending,True,True,True,2024-04-30,True,True,rule_based_source_checks_not_manual_review,rule_based_source_checks_not_manual_review,historical_industry,0,0,False,False,ST_history_label_and_input_certification_pending
002039.SZ:2024,002039.SZ,2024-05-01,test,eligible_awaiting_freeze,1219462913,12,12,0,True,True,0,verified_nonfinancial,True,True,True,2025-04-30,True,True,rule_based_source_checks_not_manual_review,rule_based_source_checks_not_manual_review,,0,0,False,True,Annual financial/text inputs and registry-defined endpoint verified; full-cohort freeze pending.
002039.SZ:2025,002039.SZ,2025-05-01,test,pending,,12,0,0,False,False,0,verified_nonfinancial,True,True,True,2026-04-30,False,False,none,none,annual_financial_certification;annual_text_certification,0,0,False,False,ST_history_label_and_input_certification_pending
002040.SZ:2017,002040.SZ,2017-05-01,train,pending,1203276129,12,12,0,True,True,0,verified_nonfinancial,True,True,True,2018-04-30,False,False,none,rule_based_source_checks_not_manual_review,annual_financial_certification,0,0,False,False,ST_history_label_and_input_certification_pending
002040.SZ:2018,002040.SZ,2018-05-01,train,pending,1204736850,12,12,0,True,True,0,verified_nonfinancial,True,True,True,2019-04-30,False,False,none,rule_based_source_checks_not_manual_review,annual_financial_certification,0,0,False,False,ST_history_label_and_input_certification_pending
002040.SZ:2019,002040.SZ,2019-05-01,train,pending,1206087958,12,12,0,True,True,0,verified_nonfinancial,True,True,True,2020-04-30,False,False,none,rule_based_source_checks_not_manual_review,annual_financial_certification,0,0,False,False,ST_history_label_and_input_certification_pending
002040.SZ:2020,002040.SZ,2020-05-01,train,pending,1207657013,12,3,0,True,True,0,verified_nonfinancial,True,True,True,2021-04-30,False,False,none,rule_based_source_checks_not_manual_review,annual_financial_certification,0,0,False,False,ST_history_label_and_input_certification_pending
002040.SZ:2021,002040.SZ,2021-05-01,train,pending,1209854956,12,3,0,True,True,0,verified_nonfinancial,True,True,True,2022-04-30,False,False,none,rule_based_source_checks_not_manual_review,annual_financial_certification,0,0,False,False,ST_history_label_and_input_certification_pending
002040.SZ:2022,002040.SZ,2022-05-01,validation,pending,1213258276,12,3,0,True,False,0,verified_nonfinancial,True,True,True,2023-04-30,False,False,none,none,annual_financial_certification;annual_text_certification,0,0,False,False,ST_history_label_and_input_certification_pending
002040.SZ:2023,002040.SZ,2023-05-01,validation,pending,1216692310,12,12,0,True,False,0,pending,True,True,True,2024-04-30,False,False,none,none,historical_industry;annual_financial_certification;annual_text_certification,0,0,False,False,ST_history_label_and_input_certification_pending
002040.SZ:2024,002040.SZ,2024-05-01,test,eligible_awaiting_freeze,1219863046,12,12,0,True,True,0,verified_nonfinancial,True,True,True,2025-04-30,True,True,rule_based_source_checks_not_manual_review,rule_based_source_checks_not_manual_review,,0,0,False,True,Annual financial/text inputs and registry-defined endpoint verified; full-cohort freeze pending.
002040.SZ:2025,002040.SZ,2025-05-01,test,pending,1223317875,12,12,0,True,True,0,verified_nonfinancial,True,True,True,2026-04-30,False,False,none,rule_based_source_checks_not_manual_review,annual_financial_certification,0,0,False,False,ST_history_label_and_input_certification_pending
002041.SZ:2017,002041.SZ,2017-05-01,train,pending,1203344879,12,12,0,True,True,0,verified_nonfinancial,True,True,True,2018-04-30,False,False,none,rule_based_source_checks_not_manual_review,annual_financial_certification,0,0,False,False,ST_history_label_and_input_certification_pending
002041.SZ:2018,002041.SZ,2018-05-01,train,pending,1204668180,12,12,0,True,True,0,verified_nonfinancial,True,True,True,2019-04-30,False,False,none,rule_based_source_checks_not_manual_review,annual_financial_certification,0,0,False,False,ST_history_label_and_input_certification_pending
002041.SZ:2019,002041.SZ,2019-05-01,train,pending,1205925542,12,12,0,True,False,0,verified_nonfinancial,True,True,True,2020-04-30,False,False,none,none,annual_financial_certification;annual_text_certification,0,0,False,False,ST_history_label_and_input_certification_pending
002041.SZ:2020,002041.SZ,2020-05-01,train,pending,1207552150,12,3,0,True,False,0,verified_nonfinancial,True,True,True,2021-04-30,False,False,none,none,annual_financial_certification;annual_text_certification,0,0,False,False,ST_history_label_and_input_certification_pending
002041.SZ:2021,002041.SZ,2021-05-01,train,pending,1209736731,12,3,0,True,False,0,verified_nonfinancial,True,True,True,2022-04-30,False,False,none,none,annual_financial_certification;annual_text_certification,0,0,False,False,ST_history_label_and_input_certification_pending
002041.SZ:2022,002041.SZ,2022-05-01,validation,pending,1212966700,12,3,0,True,False,0,verified_nonfinancial,True,True,True,2023-04-30,False,False,none,none,annual_financial_certification;annual_text_certification,0,0,False,False,ST_history_label_and_input_certification_pending
002041.SZ:2023,002041.SZ,2023-05-01,validation,pending,1216557215,12,12,0,False,False,0,pending,True,True,True,2024-04-30,False,False,none,none,historical_industry;annual_financial_certification;annual_text_certification,0,0,False,False,ST_history_label_and_input_certification_pending
002041.SZ:2024,002041.SZ,2024-05-01,test,pending,1219737119,12,12,0,True,False,0,verified_nonfinancial,True,True,True,2025-04-30,False,False,none,none,annual_financial_certification;annual_text_certification,0,0,False,False,ST_history_label_and_input_certification_pending
002041.SZ:2025,002041.SZ,2025-05-01,test,pending,1223212722,12,12,0,True,False,0,verified_nonfinancial,True,True,True,2026-04-30,False,False,none,none,annual_financial_certification;annual_text_certification,0,0,False,False,ST_history_label_and_input_certification_pending
002046.SZ:2017,002046.SZ,2017-05-01,train,pending,1203188310,12,12,0,True,True,0,verified_nonfinancial,True,True,True,2018-04-30,False,False,none,rule_based_source_checks_not_manual_review,annual_financial_certification,0,0,False,False,ST_history_label_and_input_certification_pending
002046.SZ:2018,002046.SZ,2018-05-01,train,pending,1204827569,12,12,0,True,True,0,verified_nonfinancial,True,True,True,2019-04-30,False,False,none,rule_based_source_checks_not_manual_review,annual_financial_certification,0,0,False,False,ST_history_label_and_input_certification_pending
002046.SZ:2019,002046.SZ,2019-05-01,train,pending,1206016051,12,12,0,True,True,0,verified_nonfinancial,True,True,True,2020-04-30,False,False,none,rule_based_source_checks_not_manual_review,annual_financial_certification,0,0,False,False,ST_history_label_and_input_certification_pending
002046.SZ:2020,002046.SZ,2020-05-01,train,pending,1207482493,12,3,0,True,True,0,verified_nonfinancial,True,True,True,2021-04-30,False,False,none,rule_based_source_checks_not_manual_review,annual_financial_certification,0,0,False,False,ST_history_label_and_input_certification_pending
002046.SZ:2021,002046.SZ,2021-05-01,train,pending,1209816312,12,3,0,True,True,0,verified_nonfinancial,True,True,True,2022-04-30,False,False,none,rule_based_source_checks_not_manual_review,annual_financial_certification,0,0,False,False,ST_history_label_and_input_certification_pending
002046.SZ:2022,002046.SZ,2022-05-01,validation,pending,1212899089,12,3,0,True,False,0,verified_nonfinancial,True,True,True,2023-04-30,False,False,none,none,annual_financial_certification;annual_text_certification,0,0,False,False,ST_history_label_and_input_certification_pending
002046.SZ:2023,002046.SZ,2023-05-01,validation,pending,1216393079,12,12,0,True,False,0,pending,True,True,True,2024-04-30,False,False,none,none,historical_industry;annual_financial_certification;annual_text_certification,0,0,False,False,ST_history_label_and_input_certification_pending
002046.SZ:2024,002046.SZ,2024-05-01,test,pending,1219595984,12,3,0,True,False,0,verified_nonfinancial,True,True,True,2025-04-30,False,False,none,none,annual_financial_certification;annual_text_certification,0,0,False,False,ST_history_label_and_input_certification_pending
002046.SZ:2025,002046.SZ,2025-05-01,test,pending,1223070565,12,12,0,True,True,0,verified_nonfinancial,True,True,True,2026-04-30,False,False,none,rule_based_source_checks_not_manual_review,annual_financial_certification,0,0,False,False,ST_history_label_and_input_certification_pending
002050.SZ:2017,002050.SZ,2017-05-01,train,pending,1203174269,12,12,0,True,True,0,verified_nonfinancial,True,True,True,2018-04-30,False,False,none,rule_based_source_checks_not_manual_review,annual_financial_certification,0,0,False,False,ST_history_label_and_input_certification_pending
002050.SZ:2018,002050.SZ,2018-05-01,train,pending,1204627906,12,12,0,True,True,0,verified_nonfinancial,True,True,True,2019-04-30,False,False,none,rule_based_source_checks_not_manual_review,annual_financial_certification,0,0,False,False,ST_history_label_and_input_certification_pending
002050.SZ:2019,002050.SZ,2019-05-01,train,pending,1205988008,12,12,0,True,True,0,verified_nonfinancial,True,True,True,2020-04-30,False,False,none,rule_based_source_checks_not_manual_review,annual_financial_certification,0,0,False,False,ST_history_label_and_input_certification_pending
002050.SZ:2020,002050.SZ,2020-05-01,train,pending,1207656472,12,3,0,True,True,0,verified_nonfinancial,True,True,True,2021-04-30,False,False,none,rule_based_source_checks_not_manual_review,annual_financial_certification,0,0,False,False,ST_history_label_and_input_certification_pending
002050.SZ:2021,002050.SZ,2021-05-01,train,pending,1209462148,12,3,0,True,True,0,verified_nonfinancial,True,True,True,2022-04-30,False,False,none,rule_based_source_checks_not_manual_review,annual_financial_certification,0,0,False,False,ST_history_label_and_input_certification_pending
002050.SZ:2022,002050.SZ,2022-05-01,validation,pending,1212667588,12,0,0,True,True,0,verified_nonfinancial,True,True,True,2023-04-30,False,False,none,rule_based_source_checks_not_manual_review,annual_financial_certification,0,0,False,False,ST_history_label_and_input_certification_pending
002050.SZ:2023,002050.SZ,2023-05-01,validation,pending,1216687189,12,12,0,True,True,0,pending,True,True,True,2024-04-30,True,True,rule_based_source_checks_not_manual_review,rule_based_source_checks_not_manual_review,historical_industry,0,0,False,False,ST_history_label_and_input_certification_pending
002050.SZ:2024,002050.SZ,2024-05-01,test,eligible_awaiting_freeze,1219912907,12,12,0,True,True,0,verified_nonfinancial,True,True,True,2025-04-30,True,True,rule_based_source_checks_not_manual_review,rule_based_source_checks_not_manual_review,,0,0,False,True,Annual financial/text inputs and registry-defined endpoint verified; full-cohort freeze pending.
002050.SZ:2025,002050.SZ,2025-05-01,test,pending,1222913178,12,12,0,True,True,0,verified_nonfinancial,True,True,True,2026-04-30,False,False,none,rule_based_source_checks_not_manual_review,annual_financial_certification,0,0,False,False,ST_history_label_and_input_certification_pending
002053.SZ:2017,002053.SZ,2017-05-01,train,pending,1203194605,12,12,0,True,True,0,verified_nonfinancial,True,True,True,2018-04-30,False,False,none,rule_based_source_checks_not_manual_review,annual_financial_certification,0,0,False,False,ST_history_label_and_input_certification_pending
002053.SZ:2018,002053.SZ,2018-05-01,train,pending,1204544653,12,12,0,True,True,0,verified_nonfinancial,True,True,True,2019-04-30,False,False,none,rule_based_source_checks_not_manual_review,annual_financial_certification,0,0,False,False,ST_history_label_and_input_certification_pending
002053.SZ:2019,002053.SZ,2019-05-01,train,pending,1205946882,12,12,0,True,True,0,verified_nonfinancial,True,True,True,2020-04-30,False,False,none,rule_based_source_checks_not_manual_review,annual_financial_certification,0,0,False,False,ST_history_label_and_input_certification_pending
002053.SZ:2020,002053.SZ,2020-05-01,train,pending,1207417048,12,3,0,True,True,0,verified_nonfinancial,True,True,True,2021-04-30,False,False,none,rule_based_source_checks_not_manual_review,annual_financial_certification,0,0,False,False,ST_history_label_and_input_certification_pending
002053.SZ:2021,002053.SZ,2021-05-01,train,pending,1209489075,12,3,0,True,True,0,verified_nonfinancial,True,True,True,2022-04-30,False,False,none,rule_based_source_checks_not_manual_review,annual_financial_certification,0,0,False,False,ST_history_label_and_input_certification_pending
002053.SZ:2022,002053.SZ,2022-05-01,validation,pending,1212671080,12,3,0,True,False,0,verified_nonfinancial,True,True,True,2023-04-30,False,False,none,none,annual_financial_certification;annual_text_certification,0,0,False,False,ST_history_label_and_input_certification_pending
002053.SZ:2023,002053.SZ,2023-05-01,validation,pending,1216261325,12,12,0,True,True,0,pending,True,True,True,2024-04-30,True,True,rule_based_source_checks_not_manual_review,rule_based_source_checks_not_manual_review,historical_industry,0,0,False,False,ST_history_label_and_input_certification_pending
002053.SZ:2024,002053.SZ,2024-05-01,test,eligible_awaiting_freeze,1219426785,12,12,0,True,True,0,verified_nonfinancial,True,True,True,2025-04-30,True,True,rule_based_source_checks_not_manual_review,rule_based_source_checks_not_manual_review,,0,0,False,True,Annual financial/text inputs and registry-defined endpoint verified; full-cohort freeze pending.
002053.SZ:2025,002053.SZ,2025-05-01,test,pending,1222925703,12,12,0,False,False,0,verified_nonfinancial,True,True,True,2026-04-30,False,False,none,none,annual_financial_certification;annual_text_certification,0,0,False,False,ST_history_label_and_input_certification_pending
002056.SZ:2017,002056.SZ,2017-05-01,train,pending,1203158962,12,12,0,True,True,0,verified_nonfinancial,True,True,True,2018-04-30,False,False,none,rule_based_source_checks_not_manual_review,annual_financial_certification,0,0,False,False,ST_history_label_and_input_certification_pending
002056.SZ:2018,002056.SZ,2018-05-01,train,pending,1204466877,12,12,0,True,True,0,verified_nonfinancial,True,True,True,2019-04-30,False,False,none,rule_based_source_checks_not_manual_review,annual_financial_certification,0,0,False,False,ST_history_label_and_input_certification_pending
002056.SZ:2019,002056.SZ,2019-05-01,train,pending,1205885339,12,12,0,True,True,0,verified_nonfinancial,True,True,True,2020-04-30,False,False,none,rule_based_source_checks_not_manual_review,annual_financial_certification,0,0,False,False,ST_history_label_and_input_certification_pending
002056.SZ:2020,002056.SZ,2020-05-01,train,pending,1207365080,12,3,0,True,True,0,verified_nonfinancial,True,True,True,2021-04-30,False,False,none,rule_based_source_checks_not_manual_review,annual_financial_certification,0,0,False,False,ST_history_label_and_input_certification_pending
002056.SZ:2021,002056.SZ,2021-05-01,train,pending,1209370738,12,3,0,True,True,0,verified_nonfinancial,True,True,True,2022-04-30,False,False,none,rule_based_source_checks_not_manual_review,annual_financial_certification,0,0,False,False,ST_history_label_and_input_certification_pending
002056.SZ:2022,002056.SZ,2022-05-01,validation,pending,1212541133,12,3,0,True,True,0,verified_nonfinancial,True,True,True,2023-04-30,False,False,none,rule_based_source_checks_not_manual_review,annual_financial_certification,0,0,False,False,ST_history_label_and_input_certification_pending
002056.SZ:2023,002056.SZ,2023-05-01,validation,pending,1216073860,12,12,0,True,False,0,pending,True,True,True,2024-04-30,False,False,none,none,historical_industry;annual_financial_certification;annual_text_certification,0,0,False,False,ST_history_label_and_input_certification_pending
002056.SZ:2024,002056.SZ,2024-05-01,test,pending,1219266960,12,12,0,True,False,0,verified_nonfinancial,True,True,True,2025-04-30,False,False,none,none,annual_financial_certification;annual_text_certification,0,0,False,False,ST_history_label_and_input_certification_pending
002056.SZ:2025,002056.SZ,2025-05-01,test,pending,1222769090,12,12,0,True,False,0,verified_nonfinancial,True,True,True,2026-04-30,False,False,none,none,annual_financial_certification;annual_text_certification,0,0,False,False,ST_history_label_and_input_certification_pending
002064.SZ:2017,002064.SZ,2017-05-01,train,pending,1203388066,12,12,0,True,True,0,verified_nonfinancial,True,True,True,2018-04-30,False,False,none,rule_based_source_checks_not_manual_review,annual_financial_certification,0,0,False,False,ST_history_label_and_input_certification_pending
002064.SZ:2018,002064.SZ,2018-05-01,train,pending,1204699715,12,12,0,True,True,0,verified_nonfinancial,True,True,True,2019-04-30,False,False,none,rule_based_source_checks_not_manual_review,annual_financial_certification,0,0,False,False,ST_history_label_and_input_certification_pending
002064.SZ:2019,002064.SZ,2019-05-01,train,pending,1206077755,12,12,0,True,True,0,verified_nonfinancial,True,True,True,2020-04-30,False,False,none,rule_based_source_checks_not_manual_review,annual_financial_certification,0,0,False,False,ST_history_label_and_input_certification_pending
002064.SZ:2020,002064.SZ,2020-05-01,train,pending,1207609524,12,3,0,True,True,0,verified_nonfinancial,True,True,True,2021-04-30,False,False,none,rule_based_source_checks_not_manual_review,annual_financial_certification,0,0,False,False,ST_history_label_and_input_certification_pending
002064.SZ:2021,002064.SZ,2021-05-01,train,pending,1209759398,12,3,0,True,False,0,verified_nonfinancial,True,True,True,2022-04-30,False,False,none,none,annual_financial_certification;annual_text_certification,0,0,False,False,ST_history_label_and_input_certification_pending
002064.SZ:2022,002064.SZ,2022-05-01,validation,pending,1213261891,12,3,0,True,True,0,verified_nonfinancial,True,True,True,2023-04-30,False,False,none,rule_based_source_checks_not_manual_review,annual_financial_certification,0,0,False,False,ST_history_label_and_input_certification_pending
002064.SZ:2023,002064.SZ,2023-05-01,validation,pending,1216650728,12,12,0,True,False,0,pending,True,True,True,2024-04-30,False,False,none,none,historical_industry;annual_financial_certification;annual_text_certification,0,0,False,False,ST_history_label_and_input_certification_pending
002064.SZ:2024,002064.SZ,2024-05-01,test,pending,1219702302,12,12,0,True,False,0,verified_nonfinancial,True,True,True,2025-04-30,False,False,none,none,annual_financial_certification;annual_text_certification,0,0,False,False,ST_history_label_and_input_certification_pending
002064.SZ:2025,002064.SZ,2025-05-01,test,pending,1222945531,12,12,0,True,False,0,verified_nonfinancial,True,True,True,2026-04-30,False,False,none,none,annual_financial_certification;annual_text_certification,0,0,False,False,ST_history_label_and_input_certification_pending
002069.SZ:2017,002069.SZ,2017-05-01,train,pending,1203181621,12,12,0,True,True,0,verified_nonfinancial,True,True,True,2018-04-30,False,False,none,rule_based_source_checks_not_manual_review,annual_financial_certification,0,0,False,False,ST_history_label_and_input_certification_pending
002069.SZ:2018,002069.SZ,2018-05-01,train,pending,1204829160,12,12,0,True,True,0,verified_nonfinancial,True,True,True,2019-04-30,False,False,none,rule_based_source_checks_not_manual_review,annual_financial_certification,0,0,False,False,ST_history_label_and_input_certification_pending
002069.SZ:2019,002069.SZ,2019-05-01,train,pending,1206124435,12,12,0,True,True,0,verified_nonfinancial,True,True,True,2020-04-30,False,False,none,rule_based_source_checks_not_manual_review,annual_financial_certification,0,0,False,False,ST_history_label_and_input_certification_pending
002069.SZ:2020,002069.SZ,2020-05-01,train,eligible_awaiting_freeze,1207687672,12,12,0,True,True,0,verified_nonfinancial,True,True,True,2021-04-30,True,True,rule_based_source_checks_not_manual_review,rule_based_source_checks_not_manual_review,,0,0,False,True,Annual financial/text inputs and registry-defined endpoint verified; full-cohort freeze pending.
002069.SZ:2021,002069.SZ,2021-05-01,train,pending,1209860375,12,3,0,True,False,0,verified_nonfinancial,True,True,True,2022-04-30,False,False,none,none,annual_financial_certification;annual_text_certification,0,0,False,False,ST_history_label_and_input_certification_pending
002069.SZ:2022,002069.SZ,2022-05-01,validation,pending,1213263535,12,3,0,True,True,1,verified_nonfinancial,True,True,True,2022-05-06,False,False,none,rule_based_source_checks_not_manual_review,annual_financial_certification,0,1,False,False,ST_history_label_and_input_certification_pending
002069.SZ:2023,002069.SZ,2023-05-01,validation,excluded,,12,0,0,False,False,,pending,True,False,False,,False,False,none,none,,1,0,False,False,preorigin_financial_industry_or_confirmed_baseline_ST
002069.SZ:2024,002069.SZ,2024-05-01,test,eligible_awaiting_freeze,1219862446,12,12,0,True,True,0,verified_nonfinancial,True,True,True,2025-04-30,True,True,rule_based_source_checks_not_manual_review,rule_based_source_checks_not_manual_review,,0,0,False,True,Annual financial/text inputs and registry-defined endpoint verified; full-cohort freeze pending.
002069.SZ:2025,002069.SZ,2025-05-01,test,pending,1223268783,12,12,0,True,True,0,verified_nonfinancial,True,True,True,2026-04-30,False,False,none,rule_based_source_checks_not_manual_review,annual_financial_certification,0,0,False,False,ST_history_label_and_input_certification_pending
002071.SZ:2017,002071.SZ,2017-05-01,train,pending,1203415764,12,12,0,True,True,0,verified_nonfinancial,True,True,True,2018-04-30,False,False,none,rule_based_source_checks_not_manual_review,annual_financial_certification,0,0,False,False,ST_history_label_and_input_certification_pending
002071.SZ:2018,002071.SZ,2018-05-01,train,pending,1204803282,12,12,0,True,True,0,verified_nonfinancial,True,True,True,2019-04-30,False,False,none,rule_based_source_checks_not_manual_review,annual_financial_certification,0,0,False,False,ST_history_label_and_input_certification_pending
002071.SZ:2019,002071.SZ,2019-05-01,train,pending,1206125408,12,12,0,True,False,0,verified_nonfinancial,True,True,True,2020-04-30,False,False,none,none,annual_financial_certification;annual_text_certification,0,0,False,False,ST_history_label_and_input_certification_pending
002071.SZ:2020,002071.SZ,2020-05-01,train,pending,,12,0,0,False,False,1,verified_nonfinancial,True,True,True,2020-06-22,False,False,none,none,annual_financial_certification;annual_text_certification,0,1,False,False,ST_history_label_and_input_certification_pending
002071.SZ:2021,002071.SZ,2021-05-01,train,excluded,,12,0,0,False,False,,verified_nonfinancial,True,True,False,,False,False,none,none,,0,0,False,False,known_incomplete_followup_due_to_delisting
002089.SZ:2017,002089.SZ,2017-05-01,train,pending,1203334985,12,12,0,True,True,0,verified_nonfinancial,True,True,True,2018-04-30,False,False,none,rule_based_source_checks_not_manual_review,annual_financial_certification,0,0,False,False,ST_history_label_and_input_certification_pending
002089.SZ:2018,002089.SZ,2018-05-01,train,pending,1204740010,12,12,0,True,True,0,verified_nonfinancial,True,True,True,2019-04-30,False,False,none,rule_based_source_checks_not_manual_review,annual_financial_certification,0,0,False,False,ST_history_label_and_input_certification_pending
002089.SZ:2019,002089.SZ,2019-05-01,train,pending,1206166630,12,3,0,True,True,1,verified_nonfinancial,True,True,True,2019-05-06,False,False,none,rule_based_source_checks_not_manual_review,annual_financial_certification,0,1,False,False,ST_history_label_and_input_certification_pending
002089.SZ:2020,002089.SZ,2020-05-01,train,excluded,,12,0,0,False,False,,verified_nonfinancial,True,False,False,,False,False,none,none,,1,0,False,False,preorigin_financial_industry_or_confirmed_baseline_ST
002089.SZ:2021,002089.SZ,2021-05-01,train,excluded,,12,0,0,False,False,,verified_nonfinancial,True,False,False,,False,False,none,none,,1,0,False,False,preorigin_financial_industry_or_confirmed_baseline_ST
002089.SZ:2022,002089.SZ,2022-05-01,validation,excluded,,12,0,0,False,False,,verified_nonfinancial,True,False,False,,False,False,none,none,,1,0,False,False,preorigin_financial_industry_or_confirmed_baseline_ST
002089.SZ:2023,002089.SZ,2023-05-01,validation,excluded,,12,0,0,False,False,,pending,True,False,False,,False,False,none,none,,1,0,False,False,preorigin_financial_industry_or_confirmed_baseline_ST
002092.SZ:2017,002092.SZ,2017-05-01,train,pending,1203180940,12,12,0,True,True,0,verified_nonfinancial,True,True,True,2018-04-30,False,False,none,rule_based_source_checks_not_manual_review,annual_financial_certification,0,0,False,False,ST_history_label_and_input_certification_pending
002092.SZ:2018,002092.SZ,2018-05-01,train,pending,1204453556,12,12,0,True,True,0,verified_nonfinancial,True,True,True,2019-04-30,False,False,none,rule_based_source_checks_not_manual_review,annual_financial_certification,0,0,False,False,ST_history_label_and_input_certification_pending
002092.SZ:2019,002092.SZ,2019-05-01,train,pending,1205942591,12,12,0,True,True,0,verified_nonfinancial,True,True,True,2020-04-30,False,False,none,rule_based_source_checks_not_manual_review,annual_financial_certification,0,0,False,False,ST_history_label_and_input_certification_pending
002092.SZ:2020,002092.SZ,2020-05-01,train,pending,1207663319,12,3,0,True,True,0,verified_nonfinancial,True,True,True,2021-04-30,False,False,none,rule_based_source_checks_not_manual_review,annual_financial_certification,0,0,False,False,ST_history_label_and_input_certification_pending
002092.SZ:2021,002092.SZ,2021-05-01,train,pending,1209669039,12,3,0,True,True,0,verified_nonfinancial,True,True,True,2022-04-30,False,False,none,rule_based_source_checks_not_manual_review,annual_financial_certification,0,0,False,False,ST_history_label_and_input_certification_pending
002092.SZ:2022,002092.SZ,2022-05-01,validation,pending,1212386396,12,3,0,True,True,0,verified_nonfinancial,True,True,True,2023-04-30,False,False,none,rule_based_source_checks_not_manual_review,annual_financial_certification,0,0,False,False,ST_history_label_and_input_certification_pending
002092.SZ:2023,002092.SZ,2023-05-01,validation,pending,1216279646,12,12,0,True,True,0,pending,True,True,True,2024-04-30,True,True,rule_based_source_checks_not_manual_review,rule_based_source_checks_not_manual_review,historical_industry,0,0,False,False,ST_history_label_and_input_certification_pending
002092.SZ:2024,002092.SZ,2024-05-01,test,eligible_awaiting_freeze,1219917121,12,12,0,True,True,1,verified_nonfinancial,True,True,True,2024-05-21,True,True,rule_based_source_checks_not_manual_review,rule_based_source_checks_not_manual_review,,0,1,False,True,Annual financial/text inputs and registry-defined endpoint verified; full-cohort freeze pending.
002092.SZ:2025,002092.SZ,2025-05-01,test,excluded,,12,0,0,False,False,,verified_nonfinancial,True,False,False,,False,False,none,none,,1,0,False,False,preorigin_financial_industry_or_confirmed_baseline_ST
002102.SZ:2017,002102.SZ,2017-05-01,train,pending,1203313497,12,3,0,True,False,0,verified_nonfinancial,True,True,True,2018-04-30,False,False,none,none,annual_financial_certification;annual_text_certification,0,0,False,False,ST_history_label_and_input_certification_pending
002102.SZ:2018,002102.SZ,2018-05-01,train,pending,1204641125,12,3,0,True,False,1,verified_nonfinancial,True,True,True,2018-10-16,False,False,none,none,annual_financial_certification;annual_text_certification,0,1,False,False,ST_history_label_and_input_certification_pending
002102.SZ:2019,002102.SZ,2019-05-01,train,excluded,,12,0,0,False,False,,verified_nonfinancial,True,False,False,,False,False,none,none,,1,0,False,False,preorigin_financial_industry_or_confirmed_baseline_ST
002102.SZ:2020,002102.SZ,2020-05-01,train,excluded,,12,0,0,False,False,,verified_nonfinancial,True,False,False,,False,False,none,none,,1,0,False,False,preorigin_financial_industry_or_confirmed_baseline_ST
002102.SZ:2021,002102.SZ,2021-05-01,train,excluded,,12,0,0,False,False,,verified_nonfinancial,True,False,False,,False,False,none,none,,1,0,False,False,preorigin_financial_industry_or_confirmed_baseline_ST
002102.SZ:2022,002102.SZ,2022-05-01,validation,excluded,,12,0,0,False,False,,verified_nonfinancial,True,False,False,,False,False,none,none,,1,0,False,False,preorigin_financial_industry_or_confirmed_baseline_ST
002102.SZ:2023,002102.SZ,2023-05-01,validation,excluded,,12,0,0,False,False,,pending,True,False,False,,False,False,none,none,,1,0,False,False,preorigin_financial_industry_or_confirmed_baseline_ST
002102.SZ:2024,002102.SZ,2024-05-01,test,pending,1219665523,12,7,0,True,False,0,verified_nonfinancial,True,True,True,2025-04-30,False,False,none,none,annual_financial_certification;annual_text_certification,0,0,False,False,ST_history_label_and_input_certification_pending
002102.SZ:2025,002102.SZ,2025-05-01,test,pending,1223330036,12,12,0,True,False,1,verified_nonfinancial,True,True,True,2026-04-30,False,False,none,none,annual_financial_certification;annual_text_certification,0,1,False,False,ST_history_label_and_input_certification_pending
002106.SZ:2017,002106.SZ,2017-05-01,train,pending,1203239446,12,12,0,True,False,0,verified_nonfinancial,True,True,True,2018-04-30,False,False,none,none,annual_financial_certification;annual_text_certification,0,0,False,False,ST_history_label_and_input_certification_pending
002106.SZ:2018,002106.SZ,2018-05-01,train,pending,1204555654,12,12,0,True,False,0,verified_nonfinancial,True,True,True,2019-04-30,False,False,none,none,annual_financial_certification;annual_text_certification,0,0,False,False,ST_history_label_and_input_certification_pending
002106.SZ:2019,002106.SZ,2019-05-01,train,pending,1205966962,12,3,0,True,False,0,verified_nonfinancial,True,True,True,2020-04-30,False,False,none,none,annual_financial_certification;annual_text_certification,0,0,False,False,ST_history_label_and_input_certification_pending
002106.SZ:2020,002106.SZ,2020-05-01,train,pending,1207482614,12,3,0,True,False,0,verified_nonfinancial,True,True,True,2021-04-30,False,False,none,none,annual_financial_certification;annual_text_certification,0,0,False,False,ST_history_label_and_input_certification_pending
002106.SZ:2021,002106.SZ,2021-05-01,train,pending,1209489212,12,3,0,True,False,0,verified_nonfinancial,True,True,True,2022-04-30,False,False,none,none,annual_financial_certification;annual_text_certification,0,0,False,False,ST_history_label_and_input_certification_pending
002106.SZ:2022,002106.SZ,2022-05-01,validation,pending,1212751513,12,3,0,True,False,0,verified_nonfinancial,True,True,True,2023-04-30,False,False,none,none,annual_financial_certification;annual_text_certification,0,0,False,False,ST_history_label_and_input_certification_pending
002106.SZ:2023,002106.SZ,2023-05-01,validation,pending,1216278070,12,3,0,True,False,0,pending,True,True,True,2024-04-30,False,False,none,none,historical_industry;annual_financial_certification;annual_text_certification,0,0,False,False,ST_history_label_and_input_certification_pending
002106.SZ:2024,002106.SZ,2024-05-01,test,pending,1219474278,12,3,0,True,False,0,verified_nonfinancial,True,True,True,2025-04-30,False,False,none,none,annual_financial_certification;annual_text_certification,0,0,False,False,ST_history_label_and_input_certification_pending
002106.SZ:2025,002106.SZ,2025-05-01,test,pending,,12,0,0,False,False,0,verified_nonfinancial,True,True,True,2026-04-30,False,False,none,none,annual_financial_certification;annual_text_certification,0,0,False,False,ST_history_label_and_input_certification_pending
002110.SZ:2017,002110.SZ,2017-05-01,train,pending,1203386719,12,12,0,True,True,0,verified_nonfinancial,True,True,True,2018-04-30,False,False,none,rule_based_source_checks_not_manual_review,annual_financial_certification,0,0,False,False,ST_history_label_and_input_certification_pending
002110.SZ:2018,002110.SZ,2018-05-01,train,pending,1204626001,12,12,0,True,True,0,verified_nonfinancial,True,True,True,2019-04-30,False,False,none,rule_based_source_checks_not_manual_review,annual_financial_certification,0,0,False,False,ST_history_label_and_input_certification_pending
002110.SZ:2019,002110.SZ,2019-05-01,train,pending,1205965051,12,12,0,True,True,0,verified_nonfinancial,True,True,True,2020-04-30,False,False,none,rule_based_source_checks_not_manual_review,annual_financial_certification,0,0,False,False,ST_history_label_and_input_certification_pending
002110.SZ:2020,002110.SZ,2020-05-01,train,pending,1207506238,12,3,0,True,True,0,verified_nonfinancial,True,True,True,2021-04-30,False,False,none,rule_based_source_checks_not_manual_review,annual_financial_certification,0,0,False,False,ST_history_label_and_input_certification_pending
002110.SZ:2021,002110.SZ,2021-05-01,train,pending,1209771495,12,3,0,True,True,0,verified_nonfinancial,True,True,True,2022-04-30,False,False,none,rule_based_source_checks_not_manual_review,annual_financial_certification,0,0,False,False,ST_history_label_and_input_certification_pending
002110.SZ:2022,002110.SZ,2022-05-01,validation,pending,1213132744,12,3,0,True,True,0,verified_nonfinancial,True,True,True,2023-04-30,False,False,none,rule_based_source_checks_not_manual_review,annual_financial_certification,0,0,False,False,ST_history_label_and_input_certification_pending
002110.SZ:2023,002110.SZ,2023-05-01,validation,pending,1216650618,12,12,0,True,True,0,pending,True,True,True,2024-04-30,True,True,rule_based_source_checks_not_manual_review,rule_based_source_checks_not_manual_review,historical_industry,0,0,False,False,ST_history_label_and_input_certification_pending
002110.SZ:2024,002110.SZ,2024-05-01,test,eligible_awaiting_freeze,1219825230,12,12,0,True,True,0,verified_nonfinancial,True,True,True,2025-04-30,True,True,rule_based_source_checks_not_manual_review,rule_based_source_checks_not_manual_review,,0,0,False,True,Annual financial/text inputs and registry-defined endpoint verified; full-cohort freeze pending.
002110.SZ:2025,002110.SZ,2025-05-01,test,pending,1223309702,12,12,0,True,False,0,verified_nonfinancial,True,True,True,2026-04-30,False,False,none,none,annual_financial_certification;annual_text_certification,0,0,False,False,ST_history_label_and_input_certification_pending
002112.SZ:2017,002112.SZ,2017-05-01,train,pending,1203410982,12,12,0,True,True,0,verified_nonfinancial,True,True,True,2018-04-30,False,False,none,rule_based_source_checks_not_manual_review,annual_financial_certification,0,0,False,False,ST_history_label_and_input_certification_pending
002112.SZ:2018,002112.SZ,2018-05-01,train,pending,1204788017,12,12,0,True,True,0,verified_nonfinancial,True,True,True,2019-04-30,False,False,none,rule_based_source_checks_not_manual_review,annual_financial_certification,0,0,False,False,ST_history_label_and_input_certification_pending
002112.SZ:2019,002112.SZ,2019-05-01,train,pending,1206114701,12,12,0,True,True,0,verified_nonfinancial,True,True,True,2020-04-30,False,False,none,rule_based_source_checks_not_manual_review,annual_financial_certification,0,0,False,False,ST_history_label_and_input_certification_pending
002112.SZ:2020,002112.SZ,2020-05-01,train,pending,1207505432,12,3,0,True,True,0,verified_nonfinancial,True,True,True,2021-04-30,False,False,none,rule_based_source_checks_not_manual_review,annual_financial_certification,0,0,False,False,ST_history_label_and_input_certification_pending
002112.SZ:2021,002112.SZ,2021-05-01,train,pending,1209769795,12,3,0,True,True,0,verified_nonfinancial,True,True,True,2022-04-30,False,False,none,rule_based_source_checks_not_manual_review,annual_financial_certification,0,0,False,False,ST_history_label_and_input_certification_pending
002112.SZ:2022,002112.SZ,2022-05-01,validation,pending,1213042832,12,3,0,True,True,0,verified_nonfinancial,True,True,True,2023-04-30,False,False,none,rule_based_source_checks_not_manual_review,annual_financial_certification,0,0,False,False,ST_history_label_and_input_certification_pending
002112.SZ:2023,002112.SZ,2023-05-01,validation,pending,1216410475,12,12,0,True,True,0,pending,True,True,True,2024-04-30,True,True,rule_based_source_checks_not_manual_review,rule_based_source_checks_not_manual_review,historical_industry,0,0,False,False,ST_history_label_and_input_certification_pending
002112.SZ:2024,002112.SZ,2024-05-01,test,eligible_awaiting_freeze,1219690728,12,12,0,True,True,0,verified_nonfinancial,True,True,True,2025-04-30,True,True,rule_based_source_checks_not_manual_review,rule_based_source_checks_not_manual_review,,0,0,False,True,Annual financial/text inputs and registry-defined endpoint verified; full-cohort freeze pending.
002112.SZ:2025,002112.SZ,2025-05-01,test,pending,1223266499,12,12,0,True,True,0,verified_nonfinancial,True,True,True,2026-04-30,False,False,none,rule_based_source_checks_not_manual_review,annual_financial_certification,0,0,False,False,ST_history_label_and_input_certification_pending
002117.SZ:2017,002117.SZ,2017-05-01,train,pending,1203372756,12,12,0,True,True,0,verified_nonfinancial,True,True,True,2018-04-30,False,False,none,rule_based_source_checks_not_manual_review,annual_financial_certification,0,0,False,False,ST_history_label_and_input_certification_pending
002117.SZ:2018,002117.SZ,2018-05-01,train,pending,1204477796,12,12,0,True,True,0,verified_nonfinancial,True,True,True,2019-04-30,False,False,none,rule_based_source_checks_not_manual_review,annual_financial_certification,0,0,False,False,ST_history_label_and_input_certification_pending
002117.SZ:2019,002117.SZ,2019-05-01,train,pending,1205892096,12,12,0,True,True,0,verified_nonfinancial,True,True,True,2020-04-30,False,False,none,rule_based_source_checks_not_manual_review,annual_financial_certification,0,0,False,False,ST_history_label_and_input_certification_pending
002117.SZ:2020,002117.SZ,2020-05-01,train,pending,1207490425,12,0,0,True,True,0,verified_nonfinancial,True,True,True,2021-04-30,False,False,none,rule_based_source_checks_not_manual_review,annual_financial_certification,0,0,False,False,ST_history_label_and_input_certification_pending
002117.SZ:2021,002117.SZ,2021-05-01,train,pending,1209425240,12,3,0,True,True,0,verified_nonfinancial,True,True,True,2022-04-30,False,False,none,rule_based_source_checks_not_manual_review,annual_financial_certification,0,0,False,False,ST_history_label_and_input_certification_pending
002117.SZ:2022,002117.SZ,2022-05-01,validation,pending,1212854254,12,3,0,True,True,0,verified_nonfinancial,True,True,True,2023-04-30,False,False,none,rule_based_source_checks_not_manual_review,annual_financial_certification,0,0,False,False,ST_history_label_and_input_certification_pending
002117.SZ:2023,002117.SZ,2023-05-01,validation,pending,1216298710,12,12,0,True,True,0,pending,True,True,True,2024-04-30,True,True,rule_based_source_checks_not_manual_review,rule_based_source_checks_not_manual_review,historical_industry,0,0,False,False,ST_history_label_and_input_certification_pending
002117.SZ:2024,002117.SZ,2024-05-01,test,eligible_awaiting_freeze,1219402603,12,12,0,True,True,0,verified_nonfinancial,True,True,True,2025-04-30,True,True,rule_based_source_checks_not_manual_review,rule_based_source_checks_not_manual_review,,0,0,False,True,Annual financial/text inputs and registry-defined endpoint verified; full-cohort freeze pending.
002117.SZ:2025,002117.SZ,2025-05-01,test,pending,1222971026,12,12,0,True,True,0,verified_nonfinancial,True,True,True,2026-04-30,False,False,none,rule_based_source_checks_not_manual_review,annual_financial_certification,0,0,False,False,ST_history_label_and_input_certification_pending
002120.SZ:2017,002120.SZ,2017-05-01,train,pending,1203315955,12,12,0,True,False,0,verified_nonfinancial,True,True,True,2018-04-30,False,False,none,none,annual_financial_certification;annual_text_certification,0,0,False,False,ST_history_label_and_input_certification_pending
002120.SZ:2018,002120.SZ,2018-05-01,train,pending,1204794548,12,12,0,True,True,0,verified_nonfinancial,True,True,True,2019-04-30,False,False,none,rule_based_source_checks_not_manual_review,annual_financial_certification,0,0,False,False,ST_history_label_and_input_certification_pending
002120.SZ:2019,002120.SZ,2019-05-01,train,pending,1206118366,12,12,0,True,True,0,verified_nonfinancial,True,True,True,2020-04-30,False,False,none,rule_based_source_checks_not_manual_review,annual_financial_certification,0,0,False,False,ST_history_label_and_input_certification_pending
002120.SZ:2020,002120.SZ,2020-05-01,train,pending,1207682788,12,3,0,True,True,0,verified_nonfinancial,True,True,True,2021-04-30,False,False,none,rule_based_source_checks_not_manual_review,annual_financial_certification,0,0,False,False,ST_history_label_and_input_certification_pending
002120.SZ:2021,002120.SZ,2021-05-01,train,pending,1209869322,12,3,0,True,True,0,verified_nonfinancial,True,True,True,2022-04-30,False,False,none,rule_based_source_checks_not_manual_review,annual_financial_certification,0,0,False,False,ST_history_label_and_input_certification_pending
002120.SZ:2022,002120.SZ,2022-05-01,validation,pending,1213142400,12,3,0,True,True,0,verified_nonfinancial,True,True,True,2023-04-30,False,False,none,rule_based_source_checks_not_manual_review,annual_financial_certification,0,0,False,False,ST_history_label_and_input_certification_pending
002120.SZ:2023,002120.SZ,2023-05-01,validation,pending,1216587935,12,12,0,True,True,0,pending,True,True,True,2024-04-30,True,True,rule_based_source_checks_not_manual_review,rule_based_source_checks_not_manual_review,historical_industry,0,0,False,False,ST_history_label_and_input_certification_pending
002120.SZ:2024,002120.SZ,2024-05-01,test,eligible_awaiting_freeze,1219924669,12,12,0,True,True,0,verified_nonfinancial,True,True,True,2025-04-30,True,True,rule_based_source_checks_not_manual_review,rule_based_source_checks_not_manual_review,,0,0,False,True,Annual financial/text inputs and registry-defined endpoint verified; full-cohort freeze pending.
002120.SZ:2025,002120.SZ,2025-05-01,test,pending,1223319201,12,12,0,True,True,0,verified_nonfinancial,True,True,True,2026-04-30,False,False,none,rule_based_source_checks_not_manual_review,annual_financial_certification,0,0,False,False,ST_history_label_and_input_certification_pending
002121.SZ:2017,002121.SZ,2017-05-01,train,pending,1203386152,12,12,0,True,False,0,verified_nonfinancial,True,True,True,2018-04-30,False,False,none,none,annual_financial_certification;annual_text_certification,0,0,False,False,ST_history_label_and_input_certification_pending
002121.SZ:2018,002121.SZ,2018-05-01,train,pending,1204453532,12,12,0,True,False,0,verified_nonfinancial,True,True,True,2019-04-30,False,False,none,none,annual_financial_certification;annual_text_certification,0,0,False,False,ST_history_label_and_input_certification_pending
002121.SZ:2019,002121.SZ,2019-05-01,train,pending,1206072650,12,12,0,True,False,1,verified_nonfinancial,True,True,True,2020-04-30,False,False,none,none,annual_financial_certification;annual_text_certification,0,1,False,False,ST_history_label_and_input_certification_pending
002121.SZ:2020,002121.SZ,2020-05-01,train,excluded,,12,0,0,False,False,,verified_nonfinancial,True,False,False,,False,False,none,none,,1,0,False,False,preorigin_financial_industry_or_confirmed_baseline_ST
002121.SZ:2021,002121.SZ,2021-05-01,train,excluded,,12,0,0,False,False,,verified_nonfinancial,True,False,False,,False,False,none,none,,1,0,False,False,preorigin_financial_industry_or_confirmed_baseline_ST
002121.SZ:2022,002121.SZ,2022-05-01,validation,pending,1213148204,12,3,0,True,True,0,verified_nonfinancial,True,True,True,2023-04-30,False,False,none,rule_based_source_checks_not_manual_review,annual_financial_certification,0,0,False,False,ST_history_label_and_input_certification_pending
002121.SZ:2023,002121.SZ,2023-05-01,validation,pending,1216698288,12,12,0,True,False,0,pending,True,True,True,2024-04-30,False,False,none,none,historical_industry;annual_financial_certification;annual_text_certification,0,0,False,False,ST_history_label_and_input_certification_pending
002121.SZ:2024,002121.SZ,2024-05-01,test,eligible_awaiting_freeze,1219375623,12,12,0,True,True,0,verified_nonfinancial,True,True,True,2025-04-30,True,True,rule_based_source_checks_not_manual_review,rule_based_source_checks_not_manual_review,,0,0,False,True,Annual financial/text inputs and registry-defined endpoint verified; full-cohort freeze pending.
002121.SZ:2025,002121.SZ,2025-05-01,test,pending,1222870935,12,12,0,True,True,0,verified_nonfinancial,True,True,True,2026-04-30,False,False,none,rule_based_source_checks_not_manual_review,annual_financial_certification,0,0,False,False,ST_history_label_and_input_certification_pending
002125.SZ:2017,002125.SZ,2017-05-01,train,pending,1203263379,12,12,0,True,True,0,verified_nonfinancial,True,True,True,2018-04-30,False,False,none,rule_based_source_checks_not_manual_review,annual_financial_certification,0,0,False,False,ST_history_label_and_input_certification_pending
002125.SZ:2018,002125.SZ,2018-05-01,train,pending,1204478148,12,12,0,True,True,0,verified_nonfinancial,True,True,True,2019-04-30,False,False,none,rule_based_source_checks_not_manual_review,annual_financial_certification,0,0,False,False,ST_history_label_and_input_certification_pending
002125.SZ:2019,002125.SZ,2019-05-01,train,pending,1205877076,12,12,0,True,True,0,verified_nonfinancial,True,True,True,2020-04-30,False,False,none,rule_based_source_checks_not_manual_review,annual_financial_certification,0,0,False,False,ST_history_label_and_input_certification_pending
002125.SZ:2020,002125.SZ,2020-05-01,train,pending,1207558262,12,3,0,True,True,0,verified_nonfinancial,True,True,True,2021-04-30,False,False,none,rule_based_source_checks_not_manual_review,annual_financial_certification,0,0,False,False,ST_history_label_and_input_certification_pending
002125.SZ:2021,002125.SZ,2021-05-01,train,pending,1209311879,12,3,0,True,True,0,verified_nonfinancial,True,True,True,2022-04-30,False,False,none,rule_based_source_checks_not_manual_review,annual_financial_certification,0,0,False,False,ST_history_label_and_input_certification_pending
002125.SZ:2022,002125.SZ,2022-05-01,validation,pending,1212978637,12,3,0,True,True,0,verified_nonfinancial,True,True,True,2023-04-30,False,False,none,rule_based_source_checks_not_manual_review,annual_financial_certification,0,0,False,False,ST_history_label_and_input_certification_pending
002125.SZ:2023,002125.SZ,2023-05-01,validation,pending,1216557152,12,12,0,True,True,0,pending,True,True,True,2024-04-30,True,True,rule_based_source_checks_not_manual_review,rule_based_source_checks_not_manual_review,historical_industry,0,0,False,False,ST_history_label_and_input_certification_pending
002125.SZ:2024,002125.SZ,2024-05-01,test,eligible_awaiting_freeze,1219828416,12,12,0,True,True,0,verified_nonfinancial,True,True,True,2025-04-30,True,True,rule_based_source_checks_not_manual_review,rule_based_source_checks_not_manual_review,,0,0,False,True,Annual financial/text inputs and registry-defined endpoint verified; full-cohort freeze pending.
002125.SZ:2025,002125.SZ,2025-05-01,test,pending,1223217089,12,12,0,True,True,0,verified_nonfinancial,True,True,True,2026-04-30,False,False,none,rule_based_source_checks_not_manual_review,annual_financial_certification,0,0,False,False,ST_history_label_and_input_certification_pending
002140.SZ:2017,002140.SZ,2017-05-01,train,pending,1203237895,12,12,0,True,True,0,verified_nonfinancial,True,True,True,2018-04-30,False,False,none,rule_based_source_checks_not_manual_review,annual_financial_certification,0,0,False,False,ST_history_label_and_input_certification_pending
002140.SZ:2018,002140.SZ,2018-05-01,train,pending,1204555129,12,12,0,True,True,0,verified_nonfinancial,True,True,True,2019-04-30,False,False,none,rule_based_source_checks_not_manual_review,annual_financial_certification,0,0,False,False,ST_history_label_and_input_certification_pending
002140.SZ:2019,002140.SZ,2019-05-01,train,pending,1205968383,12,12,0,True,True,0,verified_nonfinancial,True,True,True,2020-04-30,False,False,none,rule_based_source_checks_not_manual_review,annual_financial_certification,0,0,False,False,ST_history_label_and_input_certification_pending
002140.SZ:2020,002140.SZ,2020-05-01,train,pending,1207429366,12,3,0,True,True,0,verified_nonfinancial,True,True,True,2021-04-30,False,False,none,rule_based_source_checks_not_manual_review,annual_financial_certification,0,0,False,False,ST_history_label_and_input_certification_pending
002140.SZ:2021,002140.SZ,2021-05-01,train,pending,1209492309,12,3,0,True,True,0,verified_nonfinancial,True,True,True,2022-04-30,False,False,none,rule_based_source_checks_not_manual_review,annual_financial_certification,0,0,False,False,ST_history_label_and_input_certification_pending
002140.SZ:2022,002140.SZ,2022-05-01,validation,pending,1213167209,12,3,0,True,True,0,verified_nonfinancial,True,True,True,2023-04-30,False,False,none,rule_based_source_checks_not_manual_review,annual_financial_certification,0,0,False,False,ST_history_label_and_input_certification_pending
002140.SZ:2023,002140.SZ,2023-05-01,validation,pending,1216277045,12,12,0,True,True,0,pending,True,True,True,2024-04-30,True,True,rule_based_source_checks_not_manual_review,rule_based_source_checks_not_manual_review,historical_industry,0,0,False,False,ST_history_label_and_input_certification_pending
002140.SZ:2024,002140.SZ,2024-05-01,test,eligible_awaiting_freeze,1219470730,12,12,0,True,True,0,verified_nonfinancial,True,True,True,2025-04-30,True,True,rule_based_source_checks_not_manual_review,rule_based_source_checks_not_manual_review,,0,0,False,True,Annual financial/text inputs and registry-defined endpoint verified; full-cohort freeze pending.
002140.SZ:2025,002140.SZ,2025-05-01,test,pending,1222946422,12,12,0,True,True,0,verified_nonfinancial,True,True,True,2026-04-30,False,False,none,rule_based_source_checks_not_manual_review,annual_financial_certification,0,0,False,False,ST_history_label_and_input_certification_pending
002141.SZ:2017,002141.SZ,2017-05-01,train,pending,1203261831,12,12,0,True,True,0,verified_nonfinancial,True,True,True,2018-04-30,False,False,none,rule_based_source_checks_not_manual_review,annual_financial_certification,0,0,False,False,ST_history_label_and_input_certification_pending
002141.SZ:2018,002141.SZ,2018-05-01,train,pending,1204679312,12,12,0,True,True,0,verified_nonfinancial,True,True,True,2019-04-30,False,False,none,rule_based_source_checks_not_manual_review,annual_financial_certification,0,0,False,False,ST_history_label_and_input_certification_pending
002141.SZ:2019,002141.SZ,2019-05-01,train,pending,1205956455,12,12,0,True,True,0,verified_nonfinancial,True,True,True,2020-04-30,False,False,none,rule_based_source_checks_not_manual_review,annual_financial_certification,0,0,False,False,ST_history_label_and_input_certification_pending
002141.SZ:2020,002141.SZ,2020-05-01,train,pending,1207685973,12,3,0,True,True,0,verified_nonfinancial,True,True,True,2021-04-30,False,False,none,rule_based_source_checks_not_manual_review,annual_financial_certification,0,0,False,False,ST_history_label_and_input_certification_pending
002141.SZ:2021,002141.SZ,2021-05-01,train,pending,1209689788,12,3,0,True,True,0,verified_nonfinancial,True,True,True,2022-04-30,False,False,none,rule_based_source_checks_not_manual_review,annual_financial_certification,0,0,False,False,ST_history_label_and_input_certification_pending
002141.SZ:2022,002141.SZ,2022-05-01,validation,pending,1212919115,12,3,0,True,False,0,verified_nonfinancial,True,True,True,2023-04-30,False,False,none,none,annual_financial_certification;annual_text_certification,0,0,False,False,ST_history_label_and_input_certification_pending
002141.SZ:2023,002141.SZ,2023-05-01,validation,pending,1216414253,12,12,0,True,False,1,pending,True,True,True,2024-04-29,False,False,none,none,historical_industry;annual_financial_certification;annual_text_certification,0,1,False,False,ST_history_label_and_input_certification_pending
002141.SZ:2024,002141.SZ,2024-05-01,test,excluded,,12,0,0,False,False,,verified_nonfinancial,True,False,False,,False,False,none,none,,1,0,False,False,preorigin_financial_industry_or_confirmed_baseline_ST
002141.SZ:2025,002141.SZ,2025-05-01,test,excluded,,12,0,0,False,False,,verified_nonfinancial,True,False,False,,False,False,none,none,,1,0,False,False,preorigin_financial_industry_or_confirmed_baseline_ST
002142.SZ:2017,002142.SZ,2017-05-01,train,excluded,,12,0,0,False,False,,excluded_financial,True,True,True,2018-04-30,False,False,none,none,,0,0,False,False,preorigin_financial_industry_or_confirmed_baseline_ST
002142.SZ:2018,002142.SZ,2018-05-01,train,excluded,,12,0,0,False,False,,excluded_financial,True,True,True,2019-04-30,False,False,none,none,,0,0,False,False,preorigin_financial_industry_or_confirmed_baseline_ST
002142.SZ:2019,002142.SZ,2019-05-01,train,excluded,,12,0,0,False,False,,excluded_financial,True,True,True,2020-04-30,False,False,none,none,,0,0,False,False,preorigin_financial_industry_or_confirmed_baseline_ST
002142.SZ:2020,002142.SZ,2020-05-01,train,excluded,,12,0,0,False,False,,excluded_financial,True,True,True,2021-04-30,False,False,none,none,,0,0,False,False,preorigin_financial_industry_or_confirmed_baseline_ST
002142.SZ:2021,002142.SZ,2021-05-01,train,excluded,,12,0,0,False,False,,excluded_financial,True,True,True,2022-04-30,False,False,none,none,,0,0,False,False,preorigin_financial_industry_or_confirmed_baseline_ST
002142.SZ:2022,002142.SZ,2022-05-01,validation,excluded,,12,0,0,False,False,,excluded_financial,True,True,True,2023-04-30,False,False,none,none,,0,0,False,False,preorigin_financial_industry_or_confirmed_baseline_ST
002142.SZ:2023,002142.SZ,2023-05-01,validation,pending,1216331275,12,0,0,True,True,0,pending,True,True,True,2024-04-30,False,False,none,rule_based_source_checks_not_manual_review,historical_industry;annual_financial_certification,0,0,False,False,ST_history_label_and_input_certification_pending
002142.SZ:2024,002142.SZ,2024-05-01,test,excluded,,12,0,0,False,False,,excluded_financial,True,True,True,2025-04-30,False,False,none,none,,0,0,False,False,preorigin_financial_industry_or_confirmed_baseline_ST
002142.SZ:2025,002142.SZ,2025-05-01,test,excluded,,12,0,0,False,False,,excluded_financial,True,True,True,2026-04-30,False,False,none,none,,0,0,False,False,preorigin_financial_industry_or_confirmed_baseline_ST
002145.SZ:2017,002145.SZ,2017-05-01,train,pending,1203158678,12,12,0,True,True,0,verified_nonfinancial,True,True,True,2018-04-30,False,False,none,rule_based_source_checks_not_manual_review,annual_financial_certification,0,0,False,False,ST_history_label_and_input_certification_pending
002145.SZ:2018,002145.SZ,2018-05-01,train,pending,1204464140,12,12,0,True,True,0,verified_nonfinancial,True,True,True,2019-04-30,False,False,none,rule_based_source_checks_not_manual_review,annual_financial_certification,0,0,False,False,ST_history_label_and_input_certification_pending
002145.SZ:2019,002145.SZ,2019-05-01,train,pending,1205855399,12,12,0,True,True,0,verified_nonfinancial,True,True,True,2020-04-30,False,False,none,rule_based_source_checks_not_manual_review,annual_financial_certification,0,0,False,False,ST_history_label_and_input_certification_pending
002145.SZ:2020,002145.SZ,2020-05-01,train,pending,1207474770,12,3,0,True,True,0,verified_nonfinancial,True,True,True,2021-04-30,False,False,none,rule_based_source_checks_not_manual_review,annual_financial_certification,0,0,False,False,ST_history_label_and_input_certification_pending
002145.SZ:2021,002145.SZ,2021-05-01,train,pending,1209805715,12,3,0,True,True,0,verified_nonfinancial,True,True,True,2022-04-30,False,False,none,rule_based_source_checks_not_manual_review,annual_financial_certification,0,0,False,False,ST_history_label_and_input_certification_pending
002145.SZ:2022,002145.SZ,2022-05-01,validation,pending,1213132213,12,3,0,True,True,0,verified_nonfinancial,True,True,True,2023-04-30,False,False,none,rule_based_source_checks_not_manual_review,annual_financial_certification,0,0,False,False,ST_history_label_and_input_certification_pending
002145.SZ:2023,002145.SZ,2023-05-01,validation,pending,1216647340,12,3,0,True,True,0,pending,True,True,True,2024-04-30,False,False,none,rule_based_source_checks_not_manual_review,historical_industry;annual_financial_certification,0,0,False,False,ST_history_label_and_input_certification_pending
002145.SZ:2024,002145.SZ,2024-05-01,test,pending,1219649693,12,3,0,True,True,0,verified_nonfinancial,True,True,True,2025-04-30,False,False,none,rule_based_source_checks_not_manual_review,annual_financial_certification,0,0,False,False,ST_history_label_and_input_certification_pending
002145.SZ:2025,002145.SZ,2025-05-01,test,pending,1222758543,12,3,0,True,True,0,verified_nonfinancial,True,True,True,2026-04-30,False,False,none,rule_based_source_checks_not_manual_review,annual_financial_certification,0,0,False,False,ST_history_label_and_input_certification_pending
002154.SZ:2017,002154.SZ,2017-05-01,train,pending,1203407553,12,12,0,True,True,0,verified_nonfinancial,True,True,True,2018-04-30,False,False,none,rule_based_source_checks_not_manual_review,annual_financial_certification,0,0,False,False,ST_history_label_and_input_certification_pending
002154.SZ:2018,002154.SZ,2018-05-01,train,pending,1204704207,12,12,0,True,True,0,verified_nonfinancial,True,True,True,2019-04-30,False,False,none,rule_based_source_checks_not_manual_review,annual_financial_certification,0,0,False,False,ST_history_label_and_input_certification_pending
002154.SZ:2019,002154.SZ,2019-05-01,train,pending,1206120869,12,12,0,True,True,0,verified_nonfinancial,True,True,True,2020-04-30,False,False,none,rule_based_source_checks_not_manual_review,annual_financial_certification,0,0,False,False,ST_history_label_and_input_certification_pending
002154.SZ:2020,002154.SZ,2020-05-01,train,pending,1207606735,12,3,0,True,True,0,verified_nonfinancial,True,True,True,2021-04-30,False,False,none,rule_based_source_checks_not_manual_review,annual_financial_certification,0,0,False,False,ST_history_label_and_input_certification_pending
002154.SZ:2021,002154.SZ,2021-05-01,train,pending,1209850421,12,3,0,True,True,0,verified_nonfinancial,True,True,True,2022-04-30,False,False,none,rule_based_source_checks_not_manual_review,annual_financial_certification,0,0,False,False,ST_history_label_and_input_certification_pending
002154.SZ:2022,002154.SZ,2022-05-01,validation,pending,1212943570,12,3,0,True,False,0,verified_nonfinancial,True,True,True,2023-04-30,False,False,none,none,annual_financial_certification;annual_text_certification,0,0,False,False,ST_history_label_and_input_certification_pending
002154.SZ:2023,002154.SZ,2023-05-01,validation,pending,1216417716,12,12,0,True,True,0,pending,True,True,True,2024-04-30,True,True,rule_based_source_checks_not_manual_review,rule_based_source_checks_not_manual_review,historical_industry,0,0,False,False,ST_history_label_and_input_certification_pending
002154.SZ:2024,002154.SZ,2024-05-01,test,eligible_awaiting_freeze,1219582734,12,12,0,True,True,0,verified_nonfinancial,True,True,True,2025-04-30,True,True,rule_based_source_checks_not_manual_review,rule_based_source_checks_not_manual_review,,0,0,False,True,Annual financial/text inputs and registry-defined endpoint verified; full-cohort freeze pending.
002154.SZ:2025,002154.SZ,2025-05-01,test,pending,1223144950,12,12,0,True,True,0,verified_nonfinancial,True,True,True,2026-04-30,False,False,none,rule_based_source_checks_not_manual_review,annual_financial_certification,0,0,False,False,ST_history_label_and_input_certification_pending
002160.SZ:2017,002160.SZ,2017-05-01,train,pending,1203386359,12,12,0,True,True,0,verified_nonfinancial,True,True,True,2018-04-30,False,False,none,rule_based_source_checks_not_manual_review,annual_financial_certification,0,0,False,False,ST_history_label_and_input_certification_pending
002160.SZ:2018,002160.SZ,2018-05-01,train,pending,1204698111,12,12,0,True,True,0,verified_nonfinancial,True,True,True,2019-04-30,False,False,none,rule_based_source_checks_not_manual_review,annual_financial_certification,0,0,False,False,ST_history_label_and_input_certification_pending
002160.SZ:2019,002160.SZ,2019-05-01,train,pending,1206099034,12,12,0,True,True,0,verified_nonfinancial,True,True,True,2020-04-30,False,False,none,rule_based_source_checks_not_manual_review,annual_financial_certification,0,0,False,False,ST_history_label_and_input_certification_pending
002160.SZ:2020,002160.SZ,2020-05-01,train,pending,1207589236,12,3,0,True,True,0,verified_nonfinancial,True,True,True,2021-04-30,False,False,none,rule_based_source_checks_not_manual_review,annual_financial_certification,0,0,False,False,ST_history_label_and_input_certification_pending
002160.SZ:2021,002160.SZ,2021-05-01,train,pending,1209852094,12,3,0,True,True,0,verified_nonfinancial,True,True,True,2022-04-30,False,False,none,rule_based_source_checks_not_manual_review,annual_financial_certification,0,0,False,False,ST_history_label_and_input_certification_pending
002160.SZ:2022,002160.SZ,2022-05-01,validation,pending,1213133659,12,3,0,True,False,0,verified_nonfinancial,True,True,True,2023-04-30,False,False,none,none,annual_financial_certification;annual_text_certification,0,0,False,False,ST_history_label_and_input_certification_pending
002160.SZ:2023,002160.SZ,2023-05-01,validation,pending,1216686456,12,12,0,True,True,0,pending,True,True,True,2024-04-30,True,True,rule_based_source_checks_not_manual_review,rule_based_source_checks_not_manual_review,historical_industry,0,0,False,False,ST_history_label_and_input_certification_pending
002160.SZ:2024,002160.SZ,2024-05-01,test,eligible_awaiting_freeze,1219579197,12,12,0,True,True,0,verified_nonfinancial,True,True,True,2025-04-30,True,True,rule_based_source_checks_not_manual_review,rule_based_source_checks_not_manual_review,,0,0,False,True,Annual financial/text inputs and registry-defined endpoint verified; full-cohort freeze pending.
002160.SZ:2025,002160.SZ,2025-05-01,test,pending,1223122166,12,12,0,True,True,0,verified_nonfinancial,True,True,True,2026-04-30,False,False,none,rule_based_source_checks_not_manual_review,annual_financial_certification,0,0,False,False,ST_history_label_and_input_certification_pending
002169.SZ:2017,002169.SZ,2017-05-01,train,pending,1203358542,12,12,0,True,False,0,verified_nonfinancial,True,True,True,2018-04-30,False,False,none,none,annual_financial_certification;annual_text_certification,0,0,False,False,ST_history_label_and_input_certification_pending
002169.SZ:2018,002169.SZ,2018-05-01,train,pending,1204793620,12,12,0,False,False,0,verified_nonfinancial,True,True,True,2019-04-30,False,False,none,none,annual_financial_certification;annual_text_certification,0,0,False,False,ST_history_label_and_input_certification_pending
002169.SZ:2019,002169.SZ,2019-05-01,train,pending,1206078425,12,10,0,True,True,0,verified_nonfinancial,True,True,True,2020-04-30,False,False,none,rule_based_source_checks_not_manual_review,annual_financial_certification,0,0,False,False,ST_history_label_and_input_certification_pending
002169.SZ:2020,002169.SZ,2020-05-01,train,pending,1207655267,12,3,0,True,True,0,verified_nonfinancial,True,True,True,2021-04-30,False,False,none,rule_based_source_checks_not_manual_review,annual_financial_certification,0,0,False,False,ST_history_label_and_input_certification_pending
002169.SZ:2021,002169.SZ,2021-05-01,train,pending,1209689582,12,3,0,True,True,0,verified_nonfinancial,True,True,True,2022-04-30,False,False,none,rule_based_source_checks_not_manual_review,annual_financial_certification,0,0,False,False,ST_history_label_and_input_certification_pending
002169.SZ:2022,002169.SZ,2022-05-01,validation,pending,1213249481,12,3,0,True,False,0,verified_nonfinancial,True,True,True,2023-04-30,False,False,none,none,annual_financial_certification;annual_text_certification,0,0,False,False,ST_history_label_and_input_certification_pending
002169.SZ:2023,002169.SZ,2023-05-01,validation,pending,1216696192,12,12,0,True,False,0,pending,True,True,True,2024-04-30,False,False,none,none,historical_industry;annual_financial_certification;annual_text_certification,0,0,False,False,ST_history_label_and_input_certification_pending
002169.SZ:2024,002169.SZ,2024-05-01,test,pending,1219871415,12,3,0,True,False,0,verified_nonfinancial,True,True,True,2025-04-30,False,False,none,none,annual_financial_certification;annual_text_certification,0,0,False,False,ST_history_label_and_input_certification_pending
002169.SZ:2025,002169.SZ,2025-05-01,test,pending,1223239029,12,12,0,True,False,0,verified_nonfinancial,True,True,True,2026-04-30,False,False,none,none,annual_financial_certification;annual_text_certification,0,0,False,False,ST_history_label_and_input_certification_pending
002174.SZ:2017,002174.SZ,2017-05-01,train,pending,1203263544,12,10,0,True,True,0,verified_nonfinancial,True,True,True,2018-04-30,False,False,none,rule_based_source_checks_not_manual_review,annual_financial_certification,0,0,False,False,ST_history_label_and_input_certification_pending
002174.SZ:2018,002174.SZ,2018-05-01,train,pending,1204577236,12,10,0,True,True,0,verified_nonfinancial,True,True,True,2019-04-30,False,False,none,rule_based_source_checks_not_manual_review,annual_financial_certification,0,0,False,False,ST_history_label_and_input_certification_pending
002174.SZ:2019,002174.SZ,2019-05-01,train,pending,1206161606,12,10,0,True,True,0,verified_nonfinancial,True,True,True,2020-04-30,False,False,none,rule_based_source_checks_not_manual_review,annual_financial_certification,0,0,False,False,ST_history_label_and_input_certification_pending
002174.SZ:2020,002174.SZ,2020-05-01,train,pending,1207684332,12,3,0,True,True,0,verified_nonfinancial,True,True,True,2021-04-30,False,False,none,rule_based_source_checks_not_manual_review,annual_financial_certification,0,0,False,False,ST_history_label_and_input_certification_pending
002174.SZ:2021,002174.SZ,2021-05-01,train,pending,1209870986,12,3,0,True,True,0,verified_nonfinancial,True,True,True,2022-04-30,False,False,none,rule_based_source_checks_not_manual_review,annual_financial_certification,0,0,False,False,ST_history_label_and_input_certification_pending
002174.SZ:2022,002174.SZ,2022-05-01,validation,pending,1213263369,12,3,0,True,False,0,verified_nonfinancial,True,True,True,2023-04-30,False,False,none,none,annual_financial_certification;annual_text_certification,0,0,False,False,ST_history_label_and_input_certification_pending
002174.SZ:2023,002174.SZ,2023-05-01,validation,pending,1216688319,12,10,0,True,True,0,pending,True,True,True,2024-04-30,False,False,none,rule_based_source_checks_not_manual_review,historical_industry;annual_financial_certification,0,0,False,False,ST_history_label_and_input_certification_pending
002174.SZ:2024,002174.SZ,2024-05-01,test,pending,1219873189,12,10,0,False,False,0,verified_nonfinancial,True,True,True,2025-04-30,False,False,none,none,annual_financial_certification;annual_text_certification,0,0,False,False,ST_history_label_and_input_certification_pending
002174.SZ:2025,002174.SZ,2025-05-01,test,pending,1223316981,12,10,0,True,False,0,verified_nonfinancial,True,True,True,2026-04-30,False,False,none,none,annual_financial_certification;annual_text_certification,0,0,False,False,ST_history_label_and_input_certification_pending
002181.SZ:2017,002181.SZ,2017-05-01,train,pending,1203323132,12,12,0,True,False,0,verified_nonfinancial,True,True,True,2018-04-30,False,False,none,none,annual_financial_certification;annual_text_certification,0,0,False,False,ST_history_label_and_input_certification_pending
002181.SZ:2018,002181.SZ,2018-05-01,train,pending,1204666857,12,12,0,True,False,0,verified_nonfinancial,True,True,True,2019-04-30,False,False,none,none,annual_financial_certification;annual_text_certification,0,0,False,False,ST_history_label_and_input_certification_pending
002181.SZ:2019,002181.SZ,2019-05-01,train,pending,1205874488,12,12,0,True,False,0,verified_nonfinancial,True,True,True,2020-04-30,False,False,none,none,annual_financial_certification;annual_text_certification,0,0,False,False,ST_history_label_and_input_certification_pending
002181.SZ:2020,002181.SZ,2020-05-01,train,pending,1207351223,12,3,0,True,False,0,verified_nonfinancial,True,True,True,2021-04-30,False,False,none,none,annual_financial_certification;annual_text_certification,0,0,False,False,ST_history_label_and_input_certification_pending
002181.SZ:2021,002181.SZ,2021-05-01,train,pending,1209488567,12,3,0,True,False,0,verified_nonfinancial,True,True,True,2022-04-30,False,False,none,none,annual_financial_certification;annual_text_certification,0,0,False,False,ST_history_label_and_input_certification_pending
002181.SZ:2022,002181.SZ,2022-05-01,validation,pending,1213167431,12,3,0,True,False,0,verified_nonfinancial,True,True,True,2023-04-30,False,False,none,none,annual_financial_certification;annual_text_certification,0,0,False,False,ST_history_label_and_input_certification_pending
002181.SZ:2023,002181.SZ,2023-05-01,validation,pending,1216358541,12,12,0,True,False,0,pending,True,True,True,2024-04-30,False,False,none,none,historical_industry;annual_financial_certification;annual_text_certification,0,0,False,False,ST_history_label_and_input_certification_pending
002181.SZ:2024,002181.SZ,2024-05-01,test,pending,1219551411,12,12,0,True,False,0,verified_nonfinancial,True,True,True,2025-04-30,False,False,none,none,annual_financial_certification;annual_text_certification,0,0,False,False,ST_history_label_and_input_certification_pending
002181.SZ:2025,002181.SZ,2025-05-01,test,pending,1223005934,12,12,0,True,True,0,verified_nonfinancial,True,True,True,2026-04-30,False,False,none,rule_based_source_checks_not_manual_review,annual_financial_certification,0,0,False,False,ST_history_label_and_input_certification_pending
002185.SZ:2017,002185.SZ,2017-05-01,train,pending,1203208946,12,12,0,True,True,0,verified_nonfinancial,True,True,True,2018-04-30,False,False,none,rule_based_source_checks_not_manual_review,annual_financial_certification,0,0,False,False,ST_history_label_and_input_certification_pending
002185.SZ:2018,002185.SZ,2018-05-01,train,pending,1204516646,12,12,0,True,True,0,verified_nonfinancial,True,True,True,2019-04-30,False,False,none,rule_based_source_checks_not_manual_review,annual_financial_certification,0,0,False,False,ST_history_label_and_input_certification_pending
002185.SZ:2019,002185.SZ,2019-05-01,train,pending,1206162146,12,12,0,True,True,0,verified_nonfinancial,True,True,True,2020-04-30,False,False,none,rule_based_source_checks_not_manual_review,annual_financial_certification,0,0,False,False,ST_history_label_and_input_certification_pending
002185.SZ:2020,002185.SZ,2020-05-01,train,pending,1207641026,12,3,0,True,False,0,verified_nonfinancial,True,True,True,2021-04-30,False,False,none,none,annual_financial_certification;annual_text_certification,0,0,False,False,ST_history_label_and_input_certification_pending
002185.SZ:2021,002185.SZ,2021-05-01,train,pending,1209475211,12,3,0,True,False,0,verified_nonfinancial,True,True,True,2022-04-30,False,False,none,none,annual_financial_certification;annual_text_certification,0,0,False,False,ST_history_label_and_input_certification_pending
002185.SZ:2022,002185.SZ,2022-05-01,validation,pending,1213101704,12,3,0,True,False,0,verified_nonfinancial,True,True,True,2023-04-30,False,False,none,none,annual_financial_certification;annual_text_certification,0,0,False,False,ST_history_label_and_input_certification_pending
002185.SZ:2023,002185.SZ,2023-05-01,validation,pending,1216235113,12,12,0,True,False,0,pending,True,True,True,2024-04-30,False,False,none,none,historical_industry;annual_financial_certification;annual_text_certification,0,0,False,False,ST_history_label_and_input_certification_pending
002185.SZ:2024,002185.SZ,2024-05-01,test,pending,1219490652,12,12,0,True,False,0,verified_nonfinancial,True,True,True,2025-04-30,False,False,none,none,annual_financial_certification;annual_text_certification,0,0,False,False,ST_history_label_and_input_certification_pending
002185.SZ:2025,002185.SZ,2025-05-01,test,pending,1222975804,12,0,0,True,False,0,verified_nonfinancial,True,True,True,2026-04-30,False,False,none,none,annual_financial_certification;annual_text_certification,0,0,False,False,ST_history_label_and_input_certification_pending
002198.SZ:2017,002198.SZ,2017-05-01,train,pending,1203325807,12,12,0,True,True,0,verified_nonfinancial,True,True,True,2018-04-30,False,False,none,rule_based_source_checks_not_manual_review,annual_financial_certification,0,0,False,False,ST_history_label_and_input_certification_pending
002198.SZ:2018,002198.SZ,2018-05-01,train,pending,1204699669,12,12,0,True,True,0,verified_nonfinancial,True,True,True,2019-04-30,False,False,none,rule_based_source_checks_not_manual_review,annual_financial_certification,0,0,False,False,ST_history_label_and_input_certification_pending
002198.SZ:2019,002198.SZ,2019-05-01,train,pending,1206090187,12,12,0,True,True,0,verified_nonfinancial,True,True,True,2020-04-30,False,False,none,rule_based_source_checks_not_manual_review,annual_financial_certification,0,0,False,False,ST_history_label_and_input_certification_pending
002198.SZ:2020,002198.SZ,2020-05-01,train,pending,1207610972,12,3,0,True,True,0,verified_nonfinancial,True,True,True,2021-04-30,False,False,none,rule_based_source_checks_not_manual_review,annual_financial_certification,0,0,False,False,ST_history_label_and_input_certification_pending
002198.SZ:2021,002198.SZ,2021-05-01,train,pending,1209727244,12,3,0,True,True,0,verified_nonfinancial,True,True,True,2022-04-30,False,False,none,rule_based_source_checks_not_manual_review,annual_financial_certification,0,0,False,False,ST_history_label_and_input_certification_pending
002198.SZ:2022,002198.SZ,2022-05-01,validation,eligible_awaiting_freeze,1212550543,12,12,0,True,True,0,verified_nonfinancial,True,True,True,2023-04-30,True,True,rule_based_source_checks_not_manual_review,rule_based_source_checks_not_manual_review,,0,0,False,True,Annual financial/text inputs and registry-defined endpoint verified; full-cohort freeze pending.
002198.SZ:2023,002198.SZ,2023-05-01,validation,pending,1216689485,12,12,0,True,True,0,pending,True,True,True,2024-04-30,True,True,rule_based_source_checks_not_manual_review,rule_based_source_checks_not_manual_review,historical_industry,0,0,False,False,ST_history_label_and_input_certification_pending
002198.SZ:2024,002198.SZ,2024-05-01,test,eligible_awaiting_freeze,1219858871,12,12,0,True,True,0,verified_nonfinancial,True,True,True,2025-04-30,True,True,rule_based_source_checks_not_manual_review,rule_based_source_checks_not_manual_review,,0,0,False,True,Annual financial/text inputs and registry-defined endpoint verified; full-cohort freeze pending.
002198.SZ:2025,002198.SZ,2025-05-01,test,pending,1223330807,12,12,0,True,True,0,verified_nonfinancial,True,True,True,2026-04-30,False,False,none,rule_based_source_checks_not_manual_review,annual_financial_certification,0,0,False,False,ST_history_label_and_input_certification_pending
002212.SZ:2017,002212.SZ,2017-05-01,train,pending,1203383160,12,12,0,True,True,0,verified_nonfinancial,True,True,True,2018-04-30,False,False,none,rule_based_source_checks_not_manual_review,annual_financial_certification,0,0,False,False,ST_history_label_and_input_certification_pending
002212.SZ:2018,002212.SZ,2018-05-01,train,pending,1204802936,12,12,0,True,True,0,verified_nonfinancial,True,True,True,2019-04-30,False,False,none,rule_based_source_checks_not_manual_review,annual_financial_certification,0,0,False,False,ST_history_label_and_input_certification_pending
002212.SZ:2019,002212.SZ,2019-05-01,train,pending,1206158475,12,12,0,True,True,0,verified_nonfinancial,True,True,True,2020-04-30,False,False,none,rule_based_source_checks_not_manual_review,annual_financial_certification,0,0,False,False,ST_history_label_and_input_certification_pending
002212.SZ:2020,002212.SZ,2020-05-01,train,pending,1207682012,12,3,0,True,True,0,verified_nonfinancial,True,True,True,2021-04-30,False,False,none,rule_based_source_checks_not_manual_review,annual_financial_certification,0,0,False,False,ST_history_label_and_input_certification_pending
002212.SZ:2021,002212.SZ,2021-05-01,train,pending,1209856173,12,3,0,True,False,0,verified_nonfinancial,True,True,True,2022-04-30,False,False,none,none,annual_financial_certification;annual_text_certification,0,0,False,False,ST_history_label_and_input_certification_pending
002212.SZ:2022,002212.SZ,2022-05-01,validation,pending,1213220328,12,3,0,True,False,0,verified_nonfinancial,True,True,True,2023-04-30,False,False,none,none,annual_financial_certification;annual_text_certification,0,0,False,False,ST_history_label_and_input_certification_pending
002212.SZ:2023,002212.SZ,2023-05-01,validation,pending,1216527018,12,12,0,True,False,0,pending,True,True,True,2024-04-30,False,False,none,none,historical_industry;annual_financial_certification;annual_text_certification,0,0,False,False,ST_history_label_and_input_certification_pending
002212.SZ:2024,002212.SZ,2024-05-01,test,pending,1219700501,12,12,0,True,False,0,verified_nonfinancial,True,True,True,2025-04-30,False,False,none,none,annual_financial_certification;annual_text_certification,0,0,False,False,ST_history_label_and_input_certification_pending
002212.SZ:2025,002212.SZ,2025-05-01,test,pending,1223143764,12,12,0,True,False,0,verified_nonfinancial,True,True,True,2026-04-30,False,False,none,none,annual_financial_certification;annual_text_certification,0,0,False,False,ST_history_label_and_input_certification_pending
002222.SZ:2017,002222.SZ,2017-05-01,train,pending,1203355921,12,3,0,True,True,0,verified_nonfinancial,True,True,True,2018-04-30,False,False,none,rule_based_source_checks_not_manual_review,annual_financial_certification,0,0,False,False,ST_history_label_and_input_certification_pending
002222.SZ:2018,002222.SZ,2018-05-01,train,pending,1204624977,12,3,0,True,True,0,verified_nonfinancial,True,True,True,2019-04-30,False,False,none,rule_based_source_checks_not_manual_review,annual_financial_certification,0,0,False,False,ST_history_label_and_input_certification_pending
002222.SZ:2019,002222.SZ,2019-05-01,train,pending,1206057752,12,3,0,True,True,0,verified_nonfinancial,True,True,True,2020-04-30,False,False,none,rule_based_source_checks_not_manual_review,annual_financial_certification,0,0,False,False,ST_history_label_and_input_certification_pending
002222.SZ:2020,002222.SZ,2020-05-01,train,pending,1207522227,12,3,0,True,True,0,verified_nonfinancial,True,True,True,2021-04-30,False,False,none,rule_based_source_checks_not_manual_review,annual_financial_certification,0,0,False,False,ST_history_label_and_input_certification_pending
002222.SZ:2021,002222.SZ,2021-05-01,train,pending,1209788240,12,3,0,True,True,0,verified_nonfinancial,True,True,True,2022-04-30,False,False,none,rule_based_source_checks_not_manual_review,annual_financial_certification,0,0,False,False,ST_history_label_and_input_certification_pending
002222.SZ:2022,002222.SZ,2022-05-01,validation,pending,1213042468,12,3,0,True,True,0,verified_nonfinancial,True,True,True,2023-04-30,False,False,none,rule_based_source_checks_not_manual_review,annual_financial_certification,0,0,False,False,ST_history_label_and_input_certification_pending
002222.SZ:2023,002222.SZ,2023-05-01,validation,pending,1216515166,12,3,0,True,True,0,pending,True,True,True,2024-04-30,False,False,none,rule_based_source_checks_not_manual_review,historical_industry;annual_financial_certification,0,0,False,False,ST_history_label_and_input_certification_pending
002222.SZ:2024,002222.SZ,2024-05-01,test,pending,1219692680,12,3,0,True,True,0,verified_nonfinancial,True,True,True,2025-04-30,False,False,none,rule_based_source_checks_not_manual_review,annual_financial_certification,0,0,False,False,ST_history_label_and_input_certification_pending
002222.SZ:2025,002222.SZ,2025-05-01,test,pending,1223360523,12,3,0,True,True,0,verified_nonfinancial,True,True,True,2026-04-30,False,False,none,rule_based_source_checks_not_manual_review,annual_financial_certification,0,0,False,False,ST_history_label_and_input_certification_pending
002223.SZ:2017,002223.SZ,2017-05-01,train,pending,1203260615,12,0,0,True,True,0,verified_nonfinancial,True,True,True,2018-04-30,False,False,none,rule_based_source_checks_not_manual_review,annual_financial_certification,0,0,False,False,ST_history_label_and_input_certification_pending
002223.SZ:2018,002223.SZ,2018-05-01,train,pending,1204822359,12,12,0,True,True,0,verified_nonfinancial,True,True,True,2019-04-30,False,False,none,rule_based_source_checks_not_manual_review,annual_financial_certification,0,0,False,False,ST_history_label_and_input_certification_pending
002223.SZ:2019,002223.SZ,2019-05-01,train,pending,1206048117,12,12,0,True,True,0,verified_nonfinancial,True,True,True,2020-04-30,False,False,none,rule_based_source_checks_not_manual_review,annual_financial_certification,0,0,False,False,ST_history_label_and_input_certification_pending
002223.SZ:2020,002223.SZ,2020-05-01,train,pending,1207525419,12,3,0,True,True,0,verified_nonfinancial,True,True,True,2021-04-30,False,False,none,rule_based_source_checks_not_manual_review,annual_financial_certification,0,0,False,False,ST_history_label_and_input_certification_pending
002223.SZ:2021,002223.SZ,2021-05-01,train,pending,1209714338,12,3,0,True,True,0,verified_nonfinancial,True,True,True,2022-04-30,False,False,none,rule_based_source_checks_not_manual_review,annual_financial_certification,0,0,False,False,ST_history_label_and_input_certification_pending
002223.SZ:2022,002223.SZ,2022-05-01,validation,pending,1213059325,12,3,0,True,False,0,verified_nonfinancial,True,True,True,2023-04-30,False,False,none,none,annual_financial_certification;annual_text_certification,0,0,False,False,ST_history_label_and_input_certification_pending
002223.SZ:2023,002223.SZ,2023-05-01,validation,pending,1216658782,12,12,0,True,False,0,pending,True,True,True,2024-04-30,False,False,none,none,historical_industry;annual_financial_certification;annual_text_certification,0,0,False,False,ST_history_label_and_input_certification_pending
002223.SZ:2024,002223.SZ,2024-05-01,test,pending,1219871664,12,12,0,True,False,0,verified_nonfinancial,True,True,True,2025-04-30,False,False,none,none,annual_financial_certification;annual_text_certification,0,0,False,False,ST_history_label_and_input_certification_pending
002223.SZ:2025,002223.SZ,2025-05-01,test,pending,1223316577,12,12,0,True,False,0,verified_nonfinancial,True,True,True,2026-04-30,False,False,none,none,annual_financial_certification;annual_text_certification,0,0,False,False,ST_history_label_and_input_certification_pending
002224.SZ:2017,002224.SZ,2017-05-01,train,pending,1203179775,12,12,0,True,True,0,verified_nonfinancial,True,True,True,2018-04-30,False,False,none,rule_based_source_checks_not_manual_review,annual_financial_certification,0,0,False,False,ST_history_label_and_input_certification_pending
002224.SZ:2018,002224.SZ,2018-05-01,train,pending,1204677239,12,12,0,True,True,0,verified_nonfinancial,True,True,True,2019-04-30,False,False,none,rule_based_source_checks_not_manual_review,annual_financial_certification,0,0,False,False,ST_history_label_and_input_certification_pending
002224.SZ:2019,002224.SZ,2019-05-01,train,pending,1206069138,12,12,0,True,True,0,verified_nonfinancial,True,True,True,2020-04-30,False,False,none,rule_based_source_checks_not_manual_review,annual_financial_certification,0,0,False,False,ST_history_label_and_input_certification_pending
002224.SZ:2020,002224.SZ,2020-05-01,train,pending,,12,0,0,False,False,0,verified_nonfinancial,True,True,True,2021-04-30,False,False,none,none,annual_financial_certification;annual_text_certification,0,0,False,False,ST_history_label_and_input_certification_pending
002224.SZ:2021,002224.SZ,2021-05-01,train,pending,1209830969,12,3,0,True,True,0,verified_nonfinancial,True,True,True,2022-04-30,False,False,none,rule_based_source_checks_not_manual_review,annual_financial_certification,0,0,False,False,ST_history_label_and_input_certification_pending
002224.SZ:2022,002224.SZ,2022-05-01,validation,pending,1213261812,12,3,0,True,False,0,verified_nonfinancial,True,True,True,2023-04-30,False,False,none,none,annual_financial_certification;annual_text_certification,0,0,False,False,ST_history_label_and_input_certification_pending
002224.SZ:2023,002224.SZ,2023-05-01,validation,pending,1216659774,12,12,0,True,False,0,pending,True,True,True,2024-04-30,False,False,none,none,historical_industry;annual_financial_certification;annual_text_certification,0,0,False,False,ST_history_label_and_input_certification_pending
002224.SZ:2024,002224.SZ,2024-05-01,test,pending,1219926131,12,12,0,True,False,0,verified_nonfinancial,True,True,True,2025-04-30,False,False,none,none,annual_financial_certification;annual_text_certification,0,0,False,False,ST_history_label_and_input_certification_pending
002224.SZ:2025,002224.SZ,2025-05-01,test,pending,1223380357,12,12,0,True,True,0,verified_nonfinancial,True,True,True,2026-04-30,False,False,none,rule_based_source_checks_not_manual_review,annual_financial_certification,0,0,False,False,ST_history_label_and_input_certification_pending
002227.SZ:2017,002227.SZ,2017-05-01,train,pending,1203406435,12,12,0,True,True,0,verified_nonfinancial,True,True,True,2018-04-30,False,False,none,rule_based_source_checks_not_manual_review,annual_financial_certification,0,0,False,False,ST_history_label_and_input_certification_pending
002227.SZ:2018,002227.SZ,2018-05-01,train,pending,1204739230,12,12,0,True,True,0,verified_nonfinancial,True,True,True,2019-04-30,False,False,none,rule_based_source_checks_not_manual_review,annual_financial_certification,0,0,False,False,ST_history_label_and_input_certification_pending
002227.SZ:2019,002227.SZ,2019-05-01,train,pending,1206121828,12,12,0,True,True,0,verified_nonfinancial,True,True,True,2020-04-30,False,False,none,rule_based_source_checks_not_manual_review,annual_financial_certification,0,0,False,False,ST_history_label_and_input_certification_pending
002227.SZ:2020,002227.SZ,2020-05-01,train,pending,1207584398,12,3,0,True,True,0,verified_nonfinancial,True,True,True,2021-04-30,False,False,none,rule_based_source_checks_not_manual_review,annual_financial_certification,0,0,False,False,ST_history_label_and_input_certification_pending
002227.SZ:2021,002227.SZ,2021-05-01,train,pending,1209832803,12,3,0,True,True,0,verified_nonfinancial,True,True,True,2022-04-30,False,False,none,rule_based_source_checks_not_manual_review,annual_financial_certification,0,0,False,False,ST_history_label_and_input_certification_pending
002227.SZ:2022,002227.SZ,2022-05-01,validation,pending,1213145872,12,3,0,True,True,0,verified_nonfinancial,True,True,True,2023-04-30,False,False,none,rule_based_source_checks_not_manual_review,annual_financial_certification,0,0,False,False,ST_history_label_and_input_certification_pending
002227.SZ:2023,002227.SZ,2023-05-01,validation,pending,1216593115,12,12,0,True,True,0,pending,True,True,True,2024-04-30,True,True,rule_based_source_checks_not_manual_review,rule_based_source_checks_not_manual_review,historical_industry,0,0,False,False,ST_history_label_and_input_certification_pending
002227.SZ:2024,002227.SZ,2024-05-01,test,eligible_awaiting_freeze,1219621365,12,12,0,True,True,0,verified_nonfinancial,True,True,True,2025-04-30,True,True,rule_based_source_checks_not_manual_review,rule_based_source_checks_not_manual_review,,0,0,False,True,Annual financial/text inputs and registry-defined endpoint verified; full-cohort freeze pending.
002227.SZ:2025,002227.SZ,2025-05-01,test,pending,1223414049,12,12,0,True,True,1,verified_nonfinancial,True,True,True,2026-04-22,False,False,none,rule_based_source_checks_not_manual_review,annual_financial_certification,0,1,False,False,ST_history_label_and_input_certification_pending
002246.SZ:2017,002246.SZ,2017-05-01,train,pending,1203216825,12,12,0,True,True,0,verified_nonfinancial,True,True,True,2018-04-30,False,False,none,rule_based_source_checks_not_manual_review,annual_financial_certification,0,0,False,False,ST_history_label_and_input_certification_pending
002246.SZ:2018,002246.SZ,2018-05-01,train,pending,1204648533,12,12,0,True,False,0,verified_nonfinancial,True,True,True,2019-04-30,False,False,none,none,annual_financial_certification;annual_text_certification,0,0,False,False,ST_history_label_and_input_certification_pending
002246.SZ:2019,002246.SZ,2019-05-01,train,pending,1206000122,12,12,0,True,True,0,verified_nonfinancial,True,True,True,2020-04-30,False,False,none,rule_based_source_checks_not_manual_review,annual_financial_certification,0,0,False,False,ST_history_label_and_input_certification_pending
002246.SZ:2020,002246.SZ,2020-05-01,train,eligible_awaiting_freeze,1207644283,12,12,0,True,True,0,verified_nonfinancial,True,True,True,2021-04-30,True,True,rule_based_source_checks_not_manual_review,rule_based_source_checks_not_manual_review,,0,0,False,True,Annual financial/text inputs and registry-defined endpoint verified; full-cohort freeze pending.
002246.SZ:2021,002246.SZ,2021-05-01,train,pending,1209774842,12,3,0,True,True,0,verified_nonfinancial,True,True,True,2022-04-30,False,False,none,rule_based_source_checks_not_manual_review,annual_financial_certification,0,0,False,False,ST_history_label_and_input_certification_pending
002246.SZ:2022,002246.SZ,2022-05-01,validation,pending,1213106642,12,3,0,True,True,0,verified_nonfinancial,True,True,True,2023-04-30,False,False,none,rule_based_source_checks_not_manual_review,annual_financial_certification,0,0,False,False,ST_history_label_and_input_certification_pending
002246.SZ:2023,002246.SZ,2023-05-01,validation,pending,1216441449,12,12,0,True,True,0,pending,True,True,True,2024-04-30,True,True,rule_based_source_checks_not_manual_review,rule_based_source_checks_not_manual_review,historical_industry,0,0,False,False,ST_history_label_and_input_certification_pending
002246.SZ:2024,002246.SZ,2024-05-01,test,eligible_awaiting_freeze,1219871078,12,12,0,True,True,0,verified_nonfinancial,True,True,True,2025-04-30,True,True,rule_based_source_checks_not_manual_review,rule_based_source_checks_not_manual_review,,0,0,False,True,Annual financial/text inputs and registry-defined endpoint verified; full-cohort freeze pending.
002246.SZ:2025,002246.SZ,2025-05-01,test,pending,1223241868,12,12,0,True,False,0,verified_nonfinancial,True,True,True,2026-04-30,False,False,none,none,annual_financial_certification;annual_text_certification,0,0,False,False,ST_history_label_and_input_certification_pending
002249.SZ:2017,002249.SZ,2017-05-01,train,pending,1203174047,12,12,0,True,False,0,verified_nonfinancial,True,True,True,2018-04-30,False,False,none,none,annual_financial_certification;annual_text_certification,0,0,False,False,ST_history_label_and_input_certification_pending
002249.SZ:2018,002249.SZ,2018-05-01,train,pending,1204519692,12,12,0,True,False,0,verified_nonfinancial,True,True,True,2019-04-30,False,False,none,none,annual_financial_certification;annual_text_certification,0,0,False,False,ST_history_label_and_input_certification_pending
002249.SZ:2019,002249.SZ,2019-05-01,train,pending,1206121038,12,12,0,True,False,0,verified_nonfinancial,True,True,True,2020-04-30,False,False,none,none,annual_financial_certification;annual_text_certification,0,0,False,False,ST_history_label_and_input_certification_pending
002249.SZ:2020,002249.SZ,2020-05-01,train,pending,1207660724,12,3,0,True,False,0,verified_nonfinancial,True,True,True,2021-04-30,False,False,none,none,annual_financial_certification;annual_text_certification,0,0,False,False,ST_history_label_and_input_certification_pending
002249.SZ:2021,002249.SZ,2021-05-01,train,pending,1209809693,12,3,0,True,False,0,verified_nonfinancial,True,True,True,2022-04-30,False,False,none,none,annual_financial_certification;annual_text_certification,0,0,False,False,ST_history_label_and_input_certification_pending
002249.SZ:2022,002249.SZ,2022-05-01,validation,pending,1213116317,12,3,0,True,False,0,verified_nonfinancial,True,True,True,2023-04-30,False,False,none,none,annual_financial_certification;annual_text_certification,0,0,False,False,ST_history_label_and_input_certification_pending
002249.SZ:2023,002249.SZ,2023-05-01,validation,pending,1216563400,12,12,0,True,False,0,pending,True,True,True,2024-04-30,False,False,none,none,historical_industry;annual_financial_certification;annual_text_certification,0,0,False,False,ST_history_label_and_input_certification_pending
002249.SZ:2024,002249.SZ,2024-05-01,test,pending,1219745367,12,12,0,True,False,0,verified_nonfinancial,True,True,True,2025-04-30,False,False,none,none,annual_financial_certification;annual_text_certification,0,0,False,False,ST_history_label_and_input_certification_pending
002249.SZ:2025,002249.SZ,2025-05-01,test,pending,1223322208,12,12,0,True,False,0,verified_nonfinancial,True,True,True,2026-04-30,False,False,none,none,annual_financial_certification;annual_text_certification,0,0,False,False,ST_history_label_and_input_certification_pending
002254.SZ:2017,002254.SZ,2017-05-01,train,pending,1203381451,12,12,0,True,True,0,verified_nonfinancial,True,True,True,2018-04-30,False,False,none,rule_based_source_checks_not_manual_review,annual_financial_certification,0,0,False,False,ST_history_label_and_input_certification_pending
002254.SZ:2018,002254.SZ,2018-05-01,train,pending,1204733758,12,12,0,True,True,0,verified_nonfinancial,True,True,True,2019-04-30,False,False,none,rule_based_source_checks_not_manual_review,annual_financial_certification,0,0,False,False,ST_history_label_and_input_certification_pending
002254.SZ:2019,002254.SZ,2019-05-01,train,pending,1206058402,12,12,0,True,True,0,verified_nonfinancial,True,True,True,2020-04-30,False,False,none,rule_based_source_checks_not_manual_review,annual_financial_certification,0,0,False,False,ST_history_label_and_input_certification_pending
002254.SZ:2020,002254.SZ,2020-05-01,train,pending,1207426852,12,3,0,True,True,0,verified_nonfinancial,True,True,True,2021-04-30,False,False,none,rule_based_source_checks_not_manual_review,annual_financial_certification,0,0,False,False,ST_history_label_and_input_certification_pending
002254.SZ:2021,002254.SZ,2021-05-01,train,pending,1209723758,12,3,0,True,True,0,verified_nonfinancial,True,True,True,2022-04-30,False,False,none,rule_based_source_checks_not_manual_review,annual_financial_certification,0,0,False,False,ST_history_label_and_input_certification_pending
002254.SZ:2022,002254.SZ,2022-05-01,validation,pending,1212857634,12,12,0,True,False,0,verified_nonfinancial,True,True,True,2023-04-30,False,False,none,none,annual_financial_certification;annual_text_certification,0,0,False,False,ST_history_label_and_input_certification_pending
002254.SZ:2023,002254.SZ,2023-05-01,validation,pending,1216167901,12,12,0,True,False,0,pending,True,True,True,2024-04-30,False,False,none,none,historical_industry;annual_financial_certification;annual_text_certification,0,0,False,False,ST_history_label_and_input_certification_pending
002254.SZ:2024,002254.SZ,2024-05-01,test,pending,1219866377,12,12,0,True,False,0,verified_nonfinancial,True,True,True,2025-04-30,False,False,none,none,annual_financial_certification;annual_text_certification,0,0,False,False,ST_history_label_and_input_certification_pending
002254.SZ:2025,002254.SZ,2025-05-01,test,pending,1223152382,12,12,0,True,False,0,verified_nonfinancial,True,True,True,2026-04-30,False,False,none,none,annual_financial_certification;annual_text_certification,0,0,False,False,ST_history_label_and_input_certification_pending
002255.SZ:2017,002255.SZ,2017-05-01,train,pending,1203402715,12,12,0,True,True,0,verified_nonfinancial,True,True,True,2018-04-30,False,False,none,rule_based_source_checks_not_manual_review,annual_financial_certification,0,0,False,False,ST_history_label_and_input_certification_pending
002255.SZ:2018,002255.SZ,2018-05-01,train,pending,1204594851,12,12,0,True,True,0,verified_nonfinancial,True,True,True,2019-04-30,False,False,none,rule_based_source_checks_not_manual_review,annual_financial_certification,0,0,False,False,ST_history_label_and_input_certification_pending
002255.SZ:2019,002255.SZ,2019-05-01,train,pending,1206070854,12,12,0,True,True,1,verified_nonfinancial,True,True,True,2020-04-29,False,False,none,rule_based_source_checks_not_manual_review,annual_financial_certification,0,1,False,False,ST_history_label_and_input_certification_pending
002255.SZ:2020,002255.SZ,2020-05-01,train,excluded,,12,0,0,False,False,,verified_nonfinancial,True,False,False,,False,False,none,none,,1,0,False,False,preorigin_financial_industry_or_confirmed_baseline_ST
002255.SZ:2021,002255.SZ,2021-05-01,train,excluded,,12,0,0,False,False,,verified_nonfinancial,True,False,False,,False,False,none,none,,1,0,False,False,preorigin_financial_industry_or_confirmed_baseline_ST
002255.SZ:2022,002255.SZ,2022-05-01,validation,pending,1212855236,12,3,0,True,True,0,verified_nonfinancial,True,True,True,2023-04-30,False,False,none,rule_based_source_checks_not_manual_review,annual_financial_certification,0,0,False,False,ST_history_label_and_input_certification_pending
002255.SZ:2023,002255.SZ,2023-05-01,validation,pending,1216371018,12,12,0,True,True,0,pending,True,True,True,2024-04-30,True,True,rule_based_source_checks_not_manual_review,rule_based_source_checks_not_manual_review,historical_industry,0,0,False,False,ST_history_label_and_input_certification_pending
002255.SZ:2024,002255.SZ,2024-05-01,test,pending,1219346582,12,3,0,True,True,0,verified_nonfinancial,True,True,True,2025-04-30,False,False,none,rule_based_source_checks_not_manual_review,annual_financial_certification,0,0,False,False,ST_history_label_and_input_certification_pending
002255.SZ:2025,002255.SZ,2025-05-01,test,pending,1222845503,12,12,0,True,True,0,verified_nonfinancial,True,True,True,2026-04-30,False,False,none,rule_based_source_checks_not_manual_review,annual_financial_certification,0,0,False,False,ST_history_label_and_input_certification_pending
002256.SZ:2017,002256.SZ,2017-05-01,train,pending,1203283858,12,12,0,True,True,0,verified_nonfinancial,True,True,True,2018-04-30,False,False,none,rule_based_source_checks_not_manual_review,annual_financial_certification,0,0,False,False,ST_history_label_and_input_certification_pending
002256.SZ:2018,002256.SZ,2018-05-01,train,pending,1204525616,12,12,0,True,True,0,verified_nonfinancial,True,True,True,2019-04-30,False,False,none,rule_based_source_checks_not_manual_review,annual_financial_certification,0,0,False,False,ST_history_label_and_input_certification_pending
002256.SZ:2019,002256.SZ,2019-05-01,train,pending,1206106865,12,12,0,True,True,1,verified_nonfinancial,True,True,True,2020-04-27,False,False,none,rule_based_source_checks_not_manual_review,annual_financial_certification,0,1,False,False,ST_history_label_and_input_certification_pending
002256.SZ:2020,002256.SZ,2020-05-01,train,excluded,,12,0,0,False,False,,verified_nonfinancial,True,False,False,,False,False,none,none,,1,0,False,False,preorigin_financial_industry_or_confirmed_baseline_ST
002256.SZ:2021,002256.SZ,2021-05-01,train,excluded,,12,0,0,False,False,,verified_nonfinancial,True,False,False,,False,False,none,none,,1,0,False,False,preorigin_financial_industry_or_confirmed_baseline_ST
002256.SZ:2022,002256.SZ,2022-05-01,validation,pending,1212751406,12,3,0,True,False,0,verified_nonfinancial,True,True,True,2023-04-30,False,False,none,none,annual_financial_certification;annual_text_certification,0,0,False,False,ST_history_label_and_input_certification_pending
002256.SZ:2023,002256.SZ,2023-05-01,validation,pending,1216379720,12,12,0,True,False,0,pending,True,True,True,2024-04-30,False,False,none,none,historical_industry;annual_financial_certification;annual_text_certification,0,0,False,False,ST_history_label_and_input_certification_pending
002256.SZ:2024,002256.SZ,2024-05-01,test,pending,1219908696,12,12,0,True,False,0,verified_nonfinancial,True,True,True,2025-04-30,False,False,none,none,annual_financial_certification;annual_text_certification,0,0,False,False,ST_history_label_and_input_certification_pending
002256.SZ:2025,002256.SZ,2025-05-01,test,pending,1223127383,12,12,0,True,False,0,verified_nonfinancial,True,True,True,2026-04-30,False,False,none,none,annual_financial_certification;annual_text_certification,0,0,False,False,ST_history_label_and_input_certification_pending
002260.SZ:2017,002260.SZ,2017-05-01,train,pending,1203415376,12,12,0,True,True,0,verified_nonfinancial,True,True,True,2018-04-30,False,False,none,rule_based_source_checks_not_manual_review,annual_financial_certification,0,0,False,False,ST_history_label_and_input_certification_pending
002260.SZ:2018,002260.SZ,2018-05-01,train,pending,1204808138,12,12,0,True,True,1,verified_nonfinancial,True,True,True,2018-05-02,False,False,none,rule_based_source_checks_not_manual_review,annual_financial_certification,0,1,False,False,ST_history_label_and_input_certification_pending
002260.SZ:2019,002260.SZ,2019-05-01,train,excluded,,12,0,0,False,False,,verified_nonfinancial,True,False,False,,False,False,none,none,,1,0,False,False,preorigin_financial_industry_or_confirmed_baseline_ST
002260.SZ:2020,002260.SZ,2020-05-01,train,excluded,,12,0,0,False,False,,verified_nonfinancial,True,False,False,,False,False,none,none,,1,0,False,False,preorigin_financial_industry_or_confirmed_baseline_ST
002260.SZ:2021,002260.SZ,2021-05-01,train,excluded,,12,0,0,False,False,,verified_nonfinancial,True,False,False,,False,False,none,none,,1,0,False,False,preorigin_financial_industry_or_confirmed_baseline_ST
002260.SZ:2022,002260.SZ,2022-05-01,validation,excluded,,12,0,0,False,False,,verified_nonfinancial,True,False,False,,False,False,none,none,,1,0,False,False,preorigin_financial_industry_or_confirmed_baseline_ST
002265.SZ:2017,002265.SZ,2017-05-01,train,pending,1203211690,12,12,0,True,True,0,verified_nonfinancial,True,True,True,2018-04-30,False,False,none,rule_based_source_checks_not_manual_review,annual_financial_certification,0,0,False,False,ST_history_label_and_input_certification_pending
002265.SZ:2018,002265.SZ,2018-05-01,train,pending,1204519876,12,12,0,True,True,0,verified_nonfinancial,True,True,True,2019-04-30,False,False,none,rule_based_source_checks_not_manual_review,annual_financial_certification,0,0,False,False,ST_history_label_and_input_certification_pending
002265.SZ:2019,002265.SZ,2019-05-01,train,pending,1205955463,12,3,0,True,True,0,verified_nonfinancial,True,True,True,2020-04-30,False,False,none,rule_based_source_checks_not_manual_review,annual_financial_certification,0,0,False,False,ST_history_label_and_input_certification_pending
002265.SZ:2020,002265.SZ,2020-05-01,train,pending,1207682044,12,0,0,True,True,0,verified_nonfinancial,True,True,True,2021-04-30,False,False,none,rule_based_source_checks_not_manual_review,annual_financial_certification,0,0,False,False,ST_history_label_and_input_certification_pending
002265.SZ:2021,002265.SZ,2021-05-01,train,pending,1209492038,12,3,0,True,True,0,verified_nonfinancial,True,True,True,2022-04-30,False,False,none,rule_based_source_checks_not_manual_review,annual_financial_certification,0,0,False,False,ST_history_label_and_input_certification_pending
002265.SZ:2022,002265.SZ,2022-05-01,validation,pending,1212742504,12,3,0,True,True,0,verified_nonfinancial,True,True,True,2023-04-30,False,False,none,rule_based_source_checks_not_manual_review,annual_financial_certification,0,0,False,False,ST_history_label_and_input_certification_pending
002265.SZ:2023,002265.SZ,2023-05-01,validation,pending,1216561363,12,12,0,True,True,0,pending,True,True,True,2024-04-30,True,True,rule_based_source_checks_not_manual_review,rule_based_source_checks_not_manual_review,historical_industry,0,0,False,False,ST_history_label_and_input_certification_pending
002265.SZ:2024,002265.SZ,2024-05-01,test,eligible_awaiting_freeze,1219650522,12,12,0,True,True,0,verified_nonfinancial,True,True,True,2025-04-30,True,True,rule_based_source_checks_not_manual_review,rule_based_source_checks_not_manual_review,,0,0,False,True,Annual financial/text inputs and registry-defined endpoint verified; full-cohort freeze pending.
002265.SZ:2025,002265.SZ,2025-05-01,test,pending,1223236966,12,12,0,True,True,0,verified_nonfinancial,True,True,True,2026-04-30,False,False,none,rule_based_source_checks_not_manual_review,annual_financial_certification,0,0,False,False,ST_history_label_and_input_certification_pending
002267.SZ:2017,002267.SZ,2017-05-01,train,pending,1203376919,12,12,0,True,True,0,verified_nonfinancial,True,True,True,2018-04-30,False,False,none,rule_based_source_checks_not_manual_review,annual_financial_certification,0,0,False,False,ST_history_label_and_input_certification_pending
002267.SZ:2018,002267.SZ,2018-05-01,train,pending,1204642531,12,12,0,True,True,0,verified_nonfinancial,True,True,True,2019-04-30,False,False,none,rule_based_source_checks_not_manual_review,annual_financial_certification,0,0,False,False,ST_history_label_and_input_certification_pending
002267.SZ:2019,002267.SZ,2019-05-01,train,pending,1205999073,12,12,0,True,True,0,verified_nonfinancial,True,True,True,2020-04-30,False,False,none,rule_based_source_checks_not_manual_review,annual_financial_certification,0,0,False,False,ST_history_label_and_input_certification_pending
002267.SZ:2020,002267.SZ,2020-05-01,train,pending,1207640723,12,3,0,True,True,0,verified_nonfinancial,True,True,True,2021-04-30,False,False,none,rule_based_source_checks_not_manual_review,annual_financial_certification,0,0,False,False,ST_history_label_and_input_certification_pending
002267.SZ:2021,002267.SZ,2021-05-01,train,pending,1209676928,12,3,0,True,True,0,verified_nonfinancial,True,True,True,2022-04-30,False,False,none,rule_based_source_checks_not_manual_review,annual_financial_certification,0,0,False,False,ST_history_label_and_input_certification_pending
002267.SZ:2022,002267.SZ,2022-05-01,validation,pending,1212886675,12,3,0,True,True,0,verified_nonfinancial,True,True,True,2023-04-30,False,False,none,rule_based_source_checks_not_manual_review,annual_financial_certification,0,0,False,False,ST_history_label_and_input_certification_pending
002267.SZ:2023,002267.SZ,2023-05-01,validation,pending,1216369872,12,12,0,True,True,0,pending,True,True,True,2024-04-30,True,True,rule_based_source_checks_not_manual_review,rule_based_source_checks_not_manual_review,historical_industry,0,0,False,False,ST_history_label_and_input_certification_pending
002267.SZ:2024,002267.SZ,2024-05-01,test,pending,1219737362,12,12,0,True,False,0,verified_nonfinancial,True,True,True,2025-04-30,False,False,none,none,annual_financial_certification;annual_text_certification,0,0,False,False,ST_history_label_and_input_certification_pending
002267.SZ:2025,002267.SZ,2025-05-01,test,pending,1223371445,12,12,0,True,False,0,verified_nonfinancial,True,True,True,2026-04-30,False,False,none,none,annual_financial_certification;annual_text_certification,0,0,False,False,ST_history_label_and_input_certification_pending
002271.SZ:2017,002271.SZ,2017-05-01,train,pending,1203343375,12,12,0,True,True,0,verified_nonfinancial,True,True,True,2018-04-30,False,False,none,rule_based_source_checks_not_manual_review,annual_financial_certification,0,0,False,False,ST_history_label_and_input_certification_pending
002271.SZ:2018,002271.SZ,2018-05-01,train,pending,1204701615,12,12,0,True,True,0,verified_nonfinancial,True,True,True,2019-04-30,False,False,none,rule_based_source_checks_not_manual_review,annual_financial_certification,0,0,False,False,ST_history_label_and_input_certification_pending
002271.SZ:2019,002271.SZ,2019-05-01,train,pending,1205946816,12,12,0,True,True,0,verified_nonfinancial,True,True,True,2020-04-30,False,False,none,rule_based_source_checks_not_manual_review,annual_financial_certification,0,0,False,False,ST_history_label_and_input_certification_pending
002271.SZ:2020,002271.SZ,2020-05-01,train,pending,1207586291,12,3,0,True,True,0,verified_nonfinancial,True,True,True,2021-04-30,False,False,none,rule_based_source_checks_not_manual_review,annual_financial_certification,0,0,False,False,ST_history_label_and_input_certification_pending
002271.SZ:2021,002271.SZ,2021-05-01,train,pending,1209703301,12,3,0,True,True,0,verified_nonfinancial,True,True,True,2022-04-30,False,False,none,rule_based_source_checks_not_manual_review,annual_financial_certification,0,0,False,False,ST_history_label_and_input_certification_pending
002271.SZ:2022,002271.SZ,2022-05-01,validation,pending,1212886771,12,3,0,True,True,0,verified_nonfinancial,True,True,True,2023-04-30,False,False,none,rule_based_source_checks_not_manual_review,annual_financial_certification,0,0,False,False,ST_history_label_and_input_certification_pending
002271.SZ:2023,002271.SZ,2023-05-01,validation,pending,1216394196,12,12,0,True,True,0,pending,True,True,True,2024-04-30,True,True,rule_based_source_checks_not_manual_review,rule_based_source_checks_not_manual_review,historical_industry,0,0,False,False,ST_history_label_and_input_certification_pending
002271.SZ:2024,002271.SZ,2024-05-01,test,eligible_awaiting_freeze,1219673354,12,12,0,True,True,0,verified_nonfinancial,True,True,True,2025-04-30,True,True,rule_based_source_checks_not_manual_review,rule_based_source_checks_not_manual_review,,0,0,False,True,Annual financial/text inputs and registry-defined endpoint verified; full-cohort freeze pending.
002271.SZ:2025,002271.SZ,2025-05-01,test,pending,1222663514,12,12,0,True,True,0,verified_nonfinancial,True,True,True,2026-04-30,False,False,none,rule_based_source_checks_not_manual_review,annual_financial_certification,0,0,False,False,ST_history_label_and_input_certification_pending
002272.SZ:2017,002272.SZ,2017-05-01,train,pending,1203194727,12,12,0,True,True,0,verified_nonfinancial,True,True,True,2018-04-30,False,False,none,rule_based_source_checks_not_manual_review,annual_financial_certification,0,0,False,False,ST_history_label_and_input_certification_pending
002272.SZ:2018,002272.SZ,2018-05-01,train,pending,1204507514,12,0,0,False,False,0,verified_nonfinancial,True,True,True,2019-04-30,False,False,none,none,annual_financial_certification;annual_text_certification,0,0,False,False,ST_history_label_and_input_certification_pending
002272.SZ:2019,002272.SZ,2019-05-01,train,pending,1205924936,12,12,0,True,True,0,verified_nonfinancial,True,True,True,2020-04-30,False,False,none,rule_based_source_checks_not_manual_review,annual_financial_certification,0,0,False,False,ST_history_label_and_input_certification_pending
002272.SZ:2020,002272.SZ,2020-05-01,train,pending,1207609378,12,3,0,True,True,0,verified_nonfinancial,True,True,True,2021-04-30,False,False,none,rule_based_source_checks_not_manual_review,annual_financial_certification,0,0,False,False,ST_history_label_and_input_certification_pending
002272.SZ:2021,002272.SZ,2021-05-01,train,pending,1209492383,12,3,0,True,True,0,verified_nonfinancial,True,True,True,2022-04-30,False,False,none,rule_based_source_checks_not_manual_review,annual_financial_certification,0,0,False,False,ST_history_label_and_input_certification_pending
002272.SZ:2022,002272.SZ,2022-05-01,validation,pending,1212745653,12,3,0,True,True,0,verified_nonfinancial,True,True,True,2023-04-30,False,False,none,rule_based_source_checks_not_manual_review,annual_financial_certification,0,0,False,False,ST_history_label_and_input_certification_pending
002272.SZ:2023,002272.SZ,2023-05-01,validation,pending,1216683565,12,12,0,True,False,0,pending,True,True,True,2024-04-30,False,False,none,none,historical_industry;annual_financial_certification;annual_text_certification,0,0,False,False,ST_history_label_and_input_certification_pending
002272.SZ:2024,002272.SZ,2024-05-01,test,pending,1219908169,12,12,0,True,False,0,verified_nonfinancial,True,True,True,2025-04-30,False,False,none,none,annual_financial_certification;annual_text_certification,0,0,False,False,ST_history_label_and_input_certification_pending
002272.SZ:2025,002272.SZ,2025-05-01,test,pending,1223310308,12,12,0,True,False,0,verified_nonfinancial,True,True,True,2026-04-30,False,False,none,none,annual_financial_certification;annual_text_certification,0,0,False,False,ST_history_label_and_input_certification_pending
002275.SZ:2017,002275.SZ,2017-05-01,train,pending,1203402274,12,12,0,True,True,0,verified_nonfinancial,True,True,True,2018-04-30,False,False,none,rule_based_source_checks_not_manual_review,annual_financial_certification,0,0,False,False,ST_history_label_and_input_certification_pending
002275.SZ:2018,002275.SZ,2018-05-01,train,pending,1204663259,12,12,0,True,True,0,verified_nonfinancial,True,True,True,2019-04-30,False,False,none,rule_based_source_checks_not_manual_review,annual_financial_certification,0,0,False,False,ST_history_label_and_input_certification_pending
002275.SZ:2019,002275.SZ,2019-05-01,train,pending,1206076964,12,12,0,True,True,0,verified_nonfinancial,True,True,True,2020-04-30,False,False,none,rule_based_source_checks_not_manual_review,annual_financial_certification,0,0,False,False,ST_history_label_and_input_certification_pending
002275.SZ:2020,002275.SZ,2020-05-01,train,eligible_awaiting_freeze,1207634608,12,12,0,True,True,0,verified_nonfinancial,True,True,True,2021-04-30,True,True,rule_based_source_checks_not_manual_review,rule_based_source_checks_not_manual_review,,0,0,False,True,Annual financial/text inputs and registry-defined endpoint verified; full-cohort freeze pending.
002275.SZ:2021,002275.SZ,2021-05-01,train,pending,1209851734,12,3,0,True,True,0,verified_nonfinancial,True,True,True,2022-04-30,False,False,none,rule_based_source_checks_not_manual_review,annual_financial_certification,0,0,False,False,ST_history_label_and_input_certification_pending
002275.SZ:2022,002275.SZ,2022-05-01,validation,pending,1213129347,12,3,0,True,True,0,verified_nonfinancial,True,True,True,2023-04-30,False,False,none,rule_based_source_checks_not_manual_review,annual_financial_certification,0,0,False,False,ST_history_label_and_input_certification_pending
002275.SZ:2023,002275.SZ,2023-05-01,validation,pending,1216646871,12,12,0,True,True,0,pending,True,True,True,2024-04-30,True,True,rule_based_source_checks_not_manual_review,rule_based_source_checks_not_manual_review,historical_industry,0,0,False,False,ST_history_label_and_input_certification_pending
002275.SZ:2024,002275.SZ,2024-05-01,test,eligible_awaiting_freeze,1219821384,12,12,0,True,True,0,verified_nonfinancial,True,True,True,2025-04-30,True,True,rule_based_source_checks_not_manual_review,rule_based_source_checks_not_manual_review,,0,0,False,True,Annual financial/text inputs and registry-defined endpoint verified; full-cohort freeze pending.
002275.SZ:2025,002275.SZ,2025-05-01,test,pending,1223312062,12,12,0,True,True,0,verified_nonfinancial,True,True,True,2026-04-30,False,False,none,rule_based_source_checks_not_manual_review,annual_financial_certification,0,0,False,False,ST_history_label_and_input_certification_pending
002286.SZ:2017,002286.SZ,2017-05-01,train,pending,1203413349,12,12,0,True,True,0,verified_nonfinancial,True,True,True,2018-04-30,False,False,none,rule_based_source_checks_not_manual_review,annual_financial_certification,0,0,False,False,ST_history_label_and_input_certification_pending
002286.SZ:2018,002286.SZ,2018-05-01,train,pending,1204466952,12,12,0,True,True,0,verified_nonfinancial,True,True,True,2019-04-30,False,False,none,rule_based_source_checks_not_manual_review,annual_financial_certification,0,0,False,False,ST_history_label_and_input_certification_pending
002286.SZ:2019,002286.SZ,2019-05-01,train,pending,1206162746,12,12,0,True,True,0,verified_nonfinancial,True,True,True,2020-04-30,False,False,none,rule_based_source_checks_not_manual_review,annual_financial_certification,0,0,False,False,ST_history_label_and_input_certification_pending
002286.SZ:2020,002286.SZ,2020-05-01,train,pending,1207656845,12,3,0,True,True,0,verified_nonfinancial,True,True,True,2021-04-30,False,False,none,rule_based_source_checks_not_manual_review,annual_financial_certification,0,0,False,False,ST_history_label_and_input_certification_pending
002286.SZ:2021,002286.SZ,2021-05-01,train,pending,1209850534,12,3,0,True,False,0,verified_nonfinancial,True,True,True,2022-04-30,False,False,none,none,annual_financial_certification;annual_text_certification,0,0,False,False,ST_history_label_and_input_certification_pending
002286.SZ:2022,002286.SZ,2022-05-01,validation,pending,1213205314,12,3,0,True,False,0,verified_nonfinancial,True,True,True,2023-04-30,False,False,none,none,annual_financial_certification;annual_text_certification,0,0,False,False,ST_history_label_and_input_certification_pending
002286.SZ:2023,002286.SZ,2023-05-01,validation,pending,1216649151,12,12,0,True,False,0,pending,True,True,True,2024-04-30,False,False,none,none,historical_industry;annual_financial_certification;annual_text_certification,0,0,False,False,ST_history_label_and_input_certification_pending
002286.SZ:2024,002286.SZ,2024-05-01,test,pending,1219110472,12,12,0,True,False,0,verified_nonfinancial,True,True,True,2025-04-30,False,False,none,none,annual_financial_certification;annual_text_certification,0,0,False,False,ST_history_label_and_input_certification_pending
002286.SZ:2025,002286.SZ,2025-05-01,test,pending,1223270212,12,12,0,True,False,0,verified_nonfinancial,True,True,True,2026-04-30,False,False,none,none,annual_financial_certification;annual_text_certification,0,0,False,False,ST_history_label_and_input_certification_pending
002290.SZ:2017,002290.SZ,2017-05-01,train,pending,1203390105,12,12,0,True,True,0,verified_nonfinancial,True,True,True,2018-04-30,False,False,none,rule_based_source_checks_not_manual_review,annual_financial_certification,0,0,False,False,ST_history_label_and_input_certification_pending
002290.SZ:2018,002290.SZ,2018-05-01,train,pending,1204793794,12,12,0,True,True,0,verified_nonfinancial,True,True,True,2019-04-30,False,False,none,rule_based_source_checks_not_manual_review,annual_financial_certification,0,0,False,False,ST_history_label_and_input_certification_pending
002290.SZ:2019,002290.SZ,2019-05-01,train,pending,1206160180,12,3,0,True,True,1,verified_nonfinancial,True,True,True,2019-05-06,False,False,none,rule_based_source_checks_not_manual_review,annual_financial_certification,0,1,False,False,ST_history_label_and_input_certification_pending
002290.SZ:2020,002290.SZ,2020-05-01,train,excluded,,12,0,0,False,False,,verified_nonfinancial,True,False,False,,False,False,none,none,,1,0,False,False,preorigin_financial_industry_or_confirmed_baseline_ST
002290.SZ:2021,002290.SZ,2021-05-01,train,pending,1209451447,12,3,0,True,True,0,verified_nonfinancial,True,True,True,2022-04-30,False,False,none,rule_based_source_checks_not_manual_review,annual_financial_certification,0,0,False,False,ST_history_label_and_input_certification_pending
002290.SZ:2022,002290.SZ,2022-05-01,validation,pending,1212836874,12,3,0,True,True,0,verified_nonfinancial,True,True,True,2023-04-30,False,False,none,rule_based_source_checks_not_manual_review,annual_financial_certification,0,0,False,False,ST_history_label_and_input_certification_pending
002290.SZ:2023,002290.SZ,2023-05-01,validation,pending,1216256122,12,12,0,True,True,0,pending,True,True,True,2024-04-30,True,True,rule_based_source_checks_not_manual_review,rule_based_source_checks_not_manual_review,historical_industry,0,0,False,False,ST_history_label_and_input_certification_pending
002290.SZ:2024,002290.SZ,2024-05-01,test,eligible_awaiting_freeze,1219345102,12,12,0,True,True,0,verified_nonfinancial,True,True,True,2025-04-30,True,True,rule_based_source_checks_not_manual_review,rule_based_source_checks_not_manual_review,,0,0,False,True,Annual financial/text inputs and registry-defined endpoint verified; full-cohort freeze pending.
002290.SZ:2025,002290.SZ,2025-05-01,test,pending,1222922630,12,12,0,True,True,0,verified_nonfinancial,True,True,True,2026-04-30,False,False,none,rule_based_source_checks_not_manual_review,annual_financial_certification,0,0,False,False,ST_history_label_and_input_certification_pending
002293.SZ:2017,002293.SZ,2017-05-01,train,pending,1203386628,12,12,0,True,True,0,verified_nonfinancial,True,True,True,2018-04-30,False,False,none,rule_based_source_checks_not_manual_review,annual_financial_certification,0,0,False,False,ST_history_label_and_input_certification_pending
002293.SZ:2018,002293.SZ,2018-05-01,train,pending,1204792424,12,12,0,True,True,0,verified_nonfinancial,True,True,True,2019-04-30,False,False,none,rule_based_source_checks_not_manual_review,annual_financial_certification,0,0,False,False,ST_history_label_and_input_certification_pending
002293.SZ:2019,002293.SZ,2019-05-01,train,pending,1206106813,12,12,0,True,True,0,verified_nonfinancial,True,True,True,2020-04-30,False,False,none,rule_based_source_checks_not_manual_review,annual_financial_certification,0,0,False,False,ST_history_label_and_input_certification_pending
002293.SZ:2020,002293.SZ,2020-05-01,train,pending,1207524459,12,3,0,True,True,0,verified_nonfinancial,True,True,True,2021-04-30,False,False,none,rule_based_source_checks_not_manual_review,annual_financial_certification,0,0,False,False,ST_history_label_and_input_certification_pending
002293.SZ:2021,002293.SZ,2021-05-01,train,pending,1209777225,12,3,0,True,True,0,verified_nonfinancial,True,True,True,2022-04-30,False,False,none,rule_based_source_checks_not_manual_review,annual_financial_certification,0,0,False,False,ST_history_label_and_input_certification_pending
002293.SZ:2022,002293.SZ,2022-05-01,validation,pending,1212983510,12,3,0,True,True,0,verified_nonfinancial,True,True,True,2023-04-30,False,False,none,rule_based_source_checks_not_manual_review,annual_financial_certification,0,0,False,False,ST_history_label_and_input_certification_pending
002293.SZ:2023,002293.SZ,2023-05-01,validation,pending,1216473950,12,12,0,True,True,0,pending,True,True,True,2024-04-30,True,True,rule_based_source_checks_not_manual_review,rule_based_source_checks_not_manual_review,historical_industry,0,0,False,False,ST_history_label_and_input_certification_pending
002293.SZ:2024,002293.SZ,2024-05-01,test,eligible_awaiting_freeze,1219864314,12,12,0,True,True,0,verified_nonfinancial,True,True,True,2025-04-30,True,True,rule_based_source_checks_not_manual_review,rule_based_source_checks_not_manual_review,,0,0,False,True,Annual financial/text inputs and registry-defined endpoint verified; full-cohort freeze pending.
002293.SZ:2025,002293.SZ,2025-05-01,test,pending,1223268572,12,12,0,True,True,0,verified_nonfinancial,True,True,True,2026-04-30,False,False,none,rule_based_source_checks_not_manual_review,annual_financial_certification,0,0,False,False,ST_history_label_and_input_certification_pending
002294.SZ:2017,002294.SZ,2017-05-01,train,pending,1203180254,12,12,0,True,False,0,verified_nonfinancial,True,True,True,2018-04-30,False,False,none,none,annual_financial_certification;annual_text_certification,0,0,False,False,ST_history_label_and_input_certification_pending
002294.SZ:2018,002294.SZ,2018-05-01,train,pending,1204519256,12,12,0,True,False,0,verified_nonfinancial,True,True,True,2019-04-30,False,False,none,none,annual_financial_certification;annual_text_certification,0,0,False,False,ST_history_label_and_input_certification_pending
002294.SZ:2019,002294.SZ,2019-05-01,train,pending,1205893526,12,12,0,True,False,0,verified_nonfinancial,True,True,True,2020-04-30,False,False,none,none,annual_financial_certification;annual_text_certification,0,0,False,False,ST_history_label_and_input_certification_pending
002294.SZ:2020,002294.SZ,2020-05-01,train,pending,1207482673,12,3,0,True,False,0,verified_nonfinancial,True,True,True,2021-04-30,False,False,none,none,annual_financial_certification;annual_text_certification,0,0,False,False,ST_history_label_and_input_certification_pending
002294.SZ:2021,002294.SZ,2021-05-01,train,pending,1209477085,12,3,0,True,False,0,verified_nonfinancial,True,True,True,2022-04-30,False,False,none,none,annual_financial_certification;annual_text_certification,0,0,False,False,ST_history_label_and_input_certification_pending
002294.SZ:2022,002294.SZ,2022-05-01,validation,pending,1212711809,12,3,0,True,False,0,verified_nonfinancial,True,True,True,2023-04-30,False,False,none,none,annual_financial_certification;annual_text_certification,0,0,False,False,ST_history_label_and_input_certification_pending
002294.SZ:2023,002294.SZ,2023-05-01,validation,pending,1216245817,12,12,0,True,False,0,pending,True,True,True,2024-04-30,False,False,none,none,historical_industry;annual_financial_certification;annual_text_certification,0,0,False,False,ST_history_label_and_input_certification_pending
002294.SZ:2024,002294.SZ,2024-05-01,test,pending,1219404372,12,12,0,True,False,0,verified_nonfinancial,True,True,True,2025-04-30,False,False,none,none,annual_financial_certification;annual_text_certification,0,0,False,False,ST_history_label_and_input_certification_pending
002294.SZ:2025,002294.SZ,2025-05-01,test,pending,1222946959,12,12,0,True,False,0,verified_nonfinancial,True,True,True,2026-04-30,False,False,none,none,annual_financial_certification;annual_text_certification,0,0,False,False,ST_history_label_and_input_certification_pending
002297.SZ:2017,002297.SZ,2017-05-01,train,pending,1203408181,12,12,0,True,True,0,verified_nonfinancial,True,True,True,2018-04-30,False,False,none,rule_based_source_checks_not_manual_review,annual_financial_certification,0,0,False,False,ST_history_label_and_input_certification_pending
002297.SZ:2018,002297.SZ,2018-05-01,train,pending,1204524776,12,12,0,True,True,0,verified_nonfinancial,True,True,True,2019-04-30,False,False,none,rule_based_source_checks_not_manual_review,annual_financial_certification,0,0,False,False,ST_history_label_and_input_certification_pending
002297.SZ:2019,002297.SZ,2019-05-01,train,pending,1205924489,12,12,0,True,True,0,verified_nonfinancial,True,True,True,2020-04-30,False,False,none,rule_based_source_checks_not_manual_review,annual_financial_certification,0,0,False,False,ST_history_label_and_input_certification_pending
002297.SZ:2020,002297.SZ,2020-05-01,train,pending,1207655173,12,3,0,True,True,0,verified_nonfinancial,True,True,True,2021-04-30,False,False,none,rule_based_source_checks_not_manual_review,annual_financial_certification,0,0,False,False,ST_history_label_and_input_certification_pending
002297.SZ:2021,002297.SZ,2021-05-01,train,pending,1209465069,12,3,0,True,True,0,verified_nonfinancial,True,True,True,2022-04-30,False,False,none,rule_based_source_checks_not_manual_review,annual_financial_certification,0,0,False,False,ST_history_label_and_input_certification_pending
002297.SZ:2022,002297.SZ,2022-05-01,validation,eligible_awaiting_freeze,1213053957,12,12,0,True,True,0,verified_nonfinancial,True,True,True,2023-04-30,True,True,rule_based_source_checks_not_manual_review,rule_based_source_checks_not_manual_review,,0,0,False,True,Annual financial/text inputs and registry-defined endpoint verified; full-cohort freeze pending.
002297.SZ:2023,002297.SZ,2023-05-01,validation,pending,1216413953,12,12,0,True,True,0,pending,True,True,True,2024-04-30,True,True,rule_based_source_checks_not_manual_review,rule_based_source_checks_not_manual_review,historical_industry,0,0,False,False,ST_history_label_and_input_certification_pending
002297.SZ:2024,002297.SZ,2024-05-01,test,eligible_awaiting_freeze,1219504204,12,12,0,True,True,0,verified_nonfinancial,True,True,True,2025-04-30,True,True,rule_based_source_checks_not_manual_review,rule_based_source_checks_not_manual_review,,0,0,False,True,Annual financial/text inputs and registry-defined endpoint verified; full-cohort freeze pending.
002297.SZ:2025,002297.SZ,2025-05-01,test,pending,1223030397,12,0,0,True,True,0,verified_nonfinancial,True,True,True,2026-04-30,False,False,none,rule_based_source_checks_not_manual_review,annual_financial_certification,0,0,False,False,ST_history_label_and_input_certification_pending
002308.SZ:2017,002308.SZ,2017-05-01,train,pending,1203344261,12,12,0,True,True,0,verified_nonfinancial,True,True,True,2018-04-30,False,False,none,rule_based_source_checks_not_manual_review,annual_financial_certification,0,0,False,False,ST_history_label_and_input_certification_pending
002308.SZ:2018,002308.SZ,2018-05-01,train,pending,1204639909,12,12,0,True,True,0,verified_nonfinancial,True,True,True,2019-04-30,False,False,none,rule_based_source_checks_not_manual_review,annual_financial_certification,0,0,False,False,ST_history_label_and_input_certification_pending
002308.SZ:2019,002308.SZ,2019-05-01,train,pending,1206046817,12,12,0,True,True,0,verified_nonfinancial,True,True,True,2020-04-30,False,False,none,rule_based_source_checks_not_manual_review,annual_financial_certification,0,0,False,False,ST_history_label_and_input_certification_pending
002308.SZ:2020,002308.SZ,2020-05-01,train,pending,1207524967,12,3,0,True,True,0,verified_nonfinancial,True,True,True,2021-04-30,False,False,none,rule_based_source_checks_not_manual_review,annual_financial_certification,0,0,False,False,ST_history_label_and_input_certification_pending
002308.SZ:2021,002308.SZ,2021-05-01,train,pending,1209759587,12,3,0,True,True,0,verified_nonfinancial,True,True,True,2022-04-30,False,False,none,rule_based_source_checks_not_manual_review,annual_financial_certification,0,0,False,False,ST_history_label_and_input_certification_pending
002308.SZ:2022,002308.SZ,2022-05-01,validation,pending,1213164375,12,3,0,True,True,0,verified_nonfinancial,True,True,True,2023-04-30,False,False,none,rule_based_source_checks_not_manual_review,annual_financial_certification,0,0,False,False,ST_history_label_and_input_certification_pending
002308.SZ:2023,002308.SZ,2023-05-01,validation,pending,1216584421,12,12,0,True,True,0,pending,True,True,True,2024-04-30,True,True,rule_based_source_checks_not_manual_review,rule_based_source_checks_not_manual_review,historical_industry,0,0,False,False,ST_history_label_and_input_certification_pending
002308.SZ:2024,002308.SZ,2024-05-01,test,pending,,12,0,0,False,False,1,verified_nonfinancial,True,True,True,2024-07-09,False,False,none,none,annual_financial_certification;annual_text_certification,0,1,False,False,ST_history_label_and_input_certification_pending
002309.SZ:2017,002309.SZ,2017-05-01,train,pending,1203372980,12,12,0,True,True,0,verified_nonfinancial,True,True,True,2018-04-30,False,False,none,rule_based_source_checks_not_manual_review,annual_financial_certification,0,0,False,False,ST_history_label_and_input_certification_pending
002309.SZ:2018,002309.SZ,2018-05-01,train,pending,1204646113,12,12,0,True,True,0,verified_nonfinancial,True,True,True,2019-04-30,False,False,none,rule_based_source_checks_not_manual_review,annual_financial_certification,0,0,False,False,ST_history_label_and_input_certification_pending
002309.SZ:2019,002309.SZ,2019-05-01,train,pending,1206071177,12,12,0,True,True,0,verified_nonfinancial,True,True,True,2020-04-30,False,False,none,rule_based_source_checks_not_manual_review,annual_financial_certification,0,0,False,False,ST_history_label_and_input_certification_pending
002309.SZ:2020,002309.SZ,2020-05-01,train,pending,1207684138,12,3,0,True,True,0,verified_nonfinancial,True,True,True,2021-04-30,False,False,none,rule_based_source_checks_not_manual_review,annual_financial_certification,0,0,False,False,ST_history_label_and_input_certification_pending
002309.SZ:2021,002309.SZ,2021-05-01,train,pending,1209838752,12,3,0,True,True,0,verified_nonfinancial,True,True,True,2022-04-30,False,False,none,rule_based_source_checks_not_manual_review,annual_financial_certification,0,0,False,False,ST_history_label_and_input_certification_pending
002309.SZ:2022,002309.SZ,2022-05-01,validation,pending,1213137834,12,3,0,True,True,1,verified_nonfinancial,True,True,True,2022-05-31,False,False,none,rule_based_source_checks_not_manual_review,annual_financial_certification,0,1,False,False,ST_history_label_and_input_certification_pending
002309.SZ:2023,002309.SZ,2023-05-01,validation,excluded,,12,0,0,False,False,,pending,True,False,False,,False,False,none,none,,1,0,False,False,preorigin_financial_industry_or_confirmed_baseline_ST
002309.SZ:2024,002309.SZ,2024-05-01,test,excluded,,12,0,0,False,False,,verified_nonfinancial,True,False,False,,False,False,none,none,,1,0,False,False,preorigin_financial_industry_or_confirmed_baseline_ST
002309.SZ:2025,002309.SZ,2025-05-01,test,excluded,,12,0,0,False,False,,verified_nonfinancial,True,False,False,,False,False,none,none,,1,0,False,False,preorigin_financial_industry_or_confirmed_baseline_ST
002310.SZ:2017,002310.SZ,2017-05-01,train,pending,1203314600,12,12,0,True,True,0,verified_nonfinancial,True,True,True,2018-04-30,False,False,none,rule_based_source_checks_not_manual_review,annual_financial_certification,0,0,False,False,ST_history_label_and_input_certification_pending
002310.SZ:2018,002310.SZ,2018-05-01,train,pending,1204666517,12,12,0,True,True,0,verified_nonfinancial,True,True,True,2019-04-30,False,False,none,rule_based_source_checks_not_manual_review,annual_financial_certification,0,0,False,False,ST_history_label_and_input_certification_pending
002310.SZ:2019,002310.SZ,2019-05-01,train,pending,1206062906,12,12,0,True,True,0,verified_nonfinancial,True,True,True,2020-04-30,False,False,none,rule_based_source_checks_not_manual_review,annual_financial_certification,0,0,False,False,ST_history_label_and_input_certification_pending
002310.SZ:2020,002310.SZ,2020-05-01,train,pending,1207684936,12,3,0,True,True,0,verified_nonfinancial,True,True,True,2021-04-30,False,False,none,rule_based_source_checks_not_manual_review,annual_financial_certification,0,0,False,False,ST_history_label_and_input_certification_pending
002310.SZ:2021,002310.SZ,2021-05-01,train,pending,1209855753,12,3,0,True,True,0,verified_nonfinancial,True,True,True,2022-04-30,False,False,none,rule_based_source_checks_not_manual_review,annual_financial_certification,0,0,False,False,ST_history_label_and_input_certification_pending
002310.SZ:2022,002310.SZ,2022-05-01,validation,pending,1213148865,12,3,0,True,False,0,verified_nonfinancial,True,True,True,2023-04-30,False,False,none,none,annual_financial_certification;annual_text_certification,0,0,False,False,ST_history_label_and_input_certification_pending
002310.SZ:2023,002310.SZ,2023-05-01,validation,pending,1216591739,12,12,0,True,True,1,pending,True,True,True,2024-04-30,True,True,rule_based_source_checks_not_manual_review,rule_based_source_checks_not_manual_review,historical_industry,0,1,False,False,ST_history_label_and_input_certification_pending
002310.SZ:2024,002310.SZ,2024-05-01,test,excluded,,12,0,0,False,False,,verified_nonfinancial,True,False,False,,False,False,none,none,,1,0,False,False,preorigin_financial_industry_or_confirmed_baseline_ST
002310.SZ:2025,002310.SZ,2025-05-01,test,excluded,,12,0,0,False,False,,verified_nonfinancial,True,False,False,,False,False,none,none,,1,0,False,False,preorigin_financial_industry_or_confirmed_baseline_ST
002316.SZ:2017,002316.SZ,2017-05-01,train,pending,1203388853,12,12,0,True,True,0,verified_nonfinancial,True,True,True,2018-04-30,False,False,none,rule_based_source_checks_not_manual_review,annual_financial_certification,0,0,False,False,ST_history_label_and_input_certification_pending
002316.SZ:2018,002316.SZ,2018-05-01,train,pending,1204669432,12,12,0,True,True,0,verified_nonfinancial,True,True,True,2019-04-30,False,False,none,rule_based_source_checks_not_manual_review,annual_financial_certification,0,0,False,False,ST_history_label_and_input_certification_pending
002316.SZ:2019,002316.SZ,2019-05-01,train,pending,1205996780,12,12,0,True,True,0,verified_nonfinancial,True,True,True,2020-04-30,False,False,none,rule_based_source_checks_not_manual_review,annual_financial_certification,0,0,False,False,ST_history_label_and_input_certification_pending
002316.SZ:2020,002316.SZ,2020-05-01,train,pending,1207685933,12,3,0,True,True,0,verified_nonfinancial,True,True,True,2021-04-30,False,False,none,rule_based_source_checks_not_manual_review,annual_financial_certification,0,0,False,False,ST_history_label_and_input_certification_pending
002316.SZ:2021,002316.SZ,2021-05-01,train,pending,1209836529,12,3,0,True,True,0,verified_nonfinancial,True,True,True,2022-04-30,False,False,none,rule_based_source_checks_not_manual_review,annual_financial_certification,0,0,False,False,ST_history_label_and_input_certification_pending
002316.SZ:2022,002316.SZ,2022-05-01,validation,pending,1213265488,12,3,0,True,True,1,verified_nonfinancial,True,True,True,2022-05-06,False,False,none,rule_based_source_checks_not_manual_review,annual_financial_certification,0,1,False,False,ST_history_label_and_input_certification_pending
002316.SZ:2023,002316.SZ,2023-05-01,validation,pending,1216276462,12,12,0,True,True,0,pending,True,True,True,2024-04-30,True,True,rule_based_source_checks_not_manual_review,rule_based_source_checks_not_manual_review,historical_industry,0,0,False,False,ST_history_label_and_input_certification_pending
002316.SZ:2024,002316.SZ,2024-05-01,test,eligible_awaiting_freeze,1219914359,12,12,0,True,True,1,verified_nonfinancial,True,True,True,2024-08-06,True,True,rule_based_source_checks_not_manual_review,rule_based_source_checks_not_manual_review,,0,1,False,True,Annual financial/text inputs and registry-defined endpoint verified; full-cohort freeze pending.
002316.SZ:2025,002316.SZ,2025-05-01,test,excluded,,12,0,0,False,False,,verified_nonfinancial,True,False,False,,False,False,none,none,,1,0,False,False,preorigin_financial_industry_or_confirmed_baseline_ST
002320.SZ:2017,002320.SZ,2017-05-01,train,pending,1203237645,12,12,0,True,True,0,verified_nonfinancial,True,True,True,2018-04-30,False,False,none,rule_based_source_checks_not_manual_review,annual_financial_certification,0,0,False,False,ST_history_label_and_input_certification_pending
002320.SZ:2018,002320.SZ,2018-05-01,train,pending,1204585624,12,12,0,True,True,0,verified_nonfinancial,True,True,True,2019-04-30,False,False,none,rule_based_source_checks_not_manual_review,annual_financial_certification,0,0,False,False,ST_history_label_and_input_certification_pending
002320.SZ:2019,002320.SZ,2019-05-01,train,pending,1205955668,12,12,0,True,True,0,verified_nonfinancial,True,True,True,2020-04-30,False,False,none,rule_based_source_checks_not_manual_review,annual_financial_certification,0,0,False,False,ST_history_label_and_input_certification_pending
002320.SZ:2020,002320.SZ,2020-05-01,train,pending,1207344697,12,3,0,True,True,0,verified_nonfinancial,True,True,True,2021-04-30,False,False,none,rule_based_source_checks_not_manual_review,annual_financial_certification,0,0,False,False,ST_history_label_and_input_certification_pending
002320.SZ:2021,002320.SZ,2021-05-01,train,pending,1209462017,12,3,0,True,True,0,verified_nonfinancial,True,True,True,2022-04-30,False,False,none,rule_based_source_checks_not_manual_review,annual_financial_certification,0,0,False,False,ST_history_label_and_input_certification_pending
002320.SZ:2022,002320.SZ,2022-05-01,validation,pending,1212541367,12,3,0,True,True,0,verified_nonfinancial,True,True,True,2023-04-30,False,False,none,rule_based_source_checks_not_manual_review,annual_financial_certification,0,0,False,False,ST_history_label_and_input_certification_pending
002320.SZ:2023,002320.SZ,2023-05-01,validation,pending,1216220188,12,12,0,True,True,0,pending,True,True,True,2024-04-30,True,True,rule_based_source_checks_not_manual_review,rule_based_source_checks_not_manual_review,historical_industry,0,0,False,False,ST_history_label_and_input_certification_pending
002320.SZ:2024,002320.SZ,2024-05-01,test,pending,1219468828,12,3,0,True,True,0,verified_nonfinancial,True,True,True,2025-04-30,False,False,none,rule_based_source_checks_not_manual_review,annual_financial_certification,0,0,False,False,ST_history_label_and_input_certification_pending
002320.SZ:2025,002320.SZ,2025-05-01,test,pending,1222942739,12,12,0,True,True,0,verified_nonfinancial,True,True,True,2026-04-30,False,False,none,rule_based_source_checks_not_manual_review,annual_financial_certification,0,0,False,False,ST_history_label_and_input_certification_pending
002325.SZ:2017,002325.SZ,2017-05-01,train,pending,1203414727,12,12,0,True,True,0,verified_nonfinancial,True,True,True,2018-04-30,False,False,none,rule_based_source_checks_not_manual_review,annual_financial_certification,0,0,False,False,ST_history_label_and_input_certification_pending
002325.SZ:2018,002325.SZ,2018-05-01,train,pending,1204805714,12,12,0,True,True,0,verified_nonfinancial,True,True,True,2019-04-30,False,False,none,rule_based_source_checks_not_manual_review,annual_financial_certification,0,0,False,False,ST_history_label_and_input_certification_pending
002325.SZ:2019,002325.SZ,2019-05-01,train,pending,1206124895,12,12,0,True,True,0,verified_nonfinancial,True,True,True,2020-04-30,False,False,none,rule_based_source_checks_not_manual_review,annual_financial_certification,0,0,False,False,ST_history_label_and_input_certification_pending
002325.SZ:2020,002325.SZ,2020-05-01,train,pending,1207686767,12,3,0,True,True,0,verified_nonfinancial,True,True,True,2021-04-30,False,False,none,rule_based_source_checks_not_manual_review,annual_financial_certification,0,0,False,False,ST_history_label_and_input_certification_pending
002325.SZ:2021,002325.SZ,2021-05-01,train,pending,1209856683,12,3,0,True,True,0,verified_nonfinancial,True,True,True,2022-04-30,False,False,none,rule_based_source_checks_not_manual_review,annual_financial_certification,0,0,False,False,ST_history_label_and_input_certification_pending
002325.SZ:2022,002325.SZ,2022-05-01,validation,pending,1213264572,12,12,0,True,False,0,verified_nonfinancial,True,True,True,2023-04-30,False,False,none,none,annual_financial_certification;annual_text_certification,0,0,False,False,ST_history_label_and_input_certification_pending
002325.SZ:2023,002325.SZ,2023-05-01,validation,pending,1216704120,12,12,0,True,False,0,pending,True,True,True,2024-04-30,False,False,none,none,historical_industry;annual_financial_certification;annual_text_certification,0,0,False,False,ST_history_label_and_input_certification_pending
002325.SZ:2024,002325.SZ,2024-05-01,test,pending,1219927912,12,12,0,True,False,1,verified_nonfinancial,True,True,True,2024-05-06,False,False,none,none,annual_financial_certification;annual_text_certification,0,1,False,False,ST_history_label_and_input_certification_pending
002332.SZ:2017,002332.SZ,2017-05-01,train,pending,1203223420,12,12,0,True,True,0,verified_nonfinancial,True,True,True,2018-04-30,False,False,none,rule_based_source_checks_not_manual_review,annual_financial_certification,0,0,False,False,ST_history_label_and_input_certification_pending
002332.SZ:2018,002332.SZ,2018-05-01,train,pending,1204788273,12,12,0,True,True,0,verified_nonfinancial,True,True,True,2019-04-30,False,False,none,rule_based_source_checks_not_manual_review,annual_financial_certification,0,0,False,False,ST_history_label_and_input_certification_pending
002332.SZ:2019,002332.SZ,2019-05-01,train,pending,1206086235,12,12,0,True,True,0,verified_nonfinancial,True,True,True,2020-04-30,False,False,none,rule_based_source_checks_not_manual_review,annual_financial_certification,0,0,False,False,ST_history_label_and_input_certification_pending
002332.SZ:2020,002332.SZ,2020-05-01,train,pending,1207604802,12,3,0,True,True,0,verified_nonfinancial,True,True,True,2021-04-30,False,False,none,rule_based_source_checks_not_manual_review,annual_financial_certification,0,0,False,False,ST_history_label_and_input_certification_pending
002332.SZ:2021,002332.SZ,2021-05-01,train,pending,1209830431,12,3,0,True,True,0,verified_nonfinancial,True,True,True,2022-04-30,False,False,none,rule_based_source_checks_not_manual_review,annual_financial_certification,0,0,False,False,ST_history_label_and_input_certification_pending
002332.SZ:2022,002332.SZ,2022-05-01,validation,pending,1212999588,12,3,0,True,False,0,verified_nonfinancial,True,True,True,2023-04-30,False,False,none,none,annual_financial_certification;annual_text_certification,0,0,False,False,ST_history_label_and_input_certification_pending
002332.SZ:2023,002332.SZ,2023-05-01,validation,pending,1216585342,12,12,0,True,False,0,pending,True,True,True,2024-04-30,False,False,none,none,historical_industry;annual_financial_certification;annual_text_certification,0,0,False,False,ST_history_label_and_input_certification_pending
002332.SZ:2024,002332.SZ,2024-05-01,test,pending,1219798621,12,12,0,False,False,0,verified_nonfinancial,True,True,True,2025-04-30,False,False,none,none,annual_financial_certification;annual_text_certification,0,0,False,False,ST_history_label_and_input_certification_pending
002332.SZ:2025,002332.SZ,2025-05-01,test,pending,1223241478,12,12,0,True,True,0,verified_nonfinancial,True,True,True,2026-04-30,False,False,none,rule_based_source_checks_not_manual_review,annual_financial_certification,0,0,False,False,ST_history_label_and_input_certification_pending
002340.SZ:2017,002340.SZ,2017-05-01,train,pending,1203263829,12,12,0,True,True,0,verified_nonfinancial,True,True,True,2018-04-30,False,False,none,rule_based_source_checks_not_manual_review,annual_financial_certification,0,0,False,False,ST_history_label_and_input_certification_pending
002340.SZ:2018,002340.SZ,2018-05-01,train,pending,1204804908,12,12,0,True,True,0,verified_nonfinancial,True,True,True,2019-04-30,False,False,none,rule_based_source_checks_not_manual_review,annual_financial_certification,0,0,False,False,ST_history_label_and_input_certification_pending
002340.SZ:2019,002340.SZ,2019-05-01,train,pending,1205966395,12,0,0,True,True,0,verified_nonfinancial,True,True,True,2020-04-30,False,False,none,rule_based_source_checks_not_manual_review,annual_financial_certification,0,0,False,False,ST_history_label_and_input_certification_pending
002340.SZ:2020,002340.SZ,2020-05-01,train,pending,1207684171,12,3,0,True,True,0,verified_nonfinancial,True,True,True,2021-04-30,False,False,none,rule_based_source_checks_not_manual_review,annual_financial_certification,0,0,False,False,ST_history_label_and_input_certification_pending
002340.SZ:2021,002340.SZ,2021-05-01,train,pending,1209691810,12,3,0,True,True,0,verified_nonfinancial,True,True,True,2022-04-30,False,False,none,rule_based_source_checks_not_manual_review,annual_financial_certification,0,0,False,False,ST_history_label_and_input_certification_pending
002340.SZ:2022,002340.SZ,2022-05-01,validation,pending,1213176561,12,3,0,True,True,0,verified_nonfinancial,True,True,True,2023-04-30,False,False,none,rule_based_source_checks_not_manual_review,annual_financial_certification,0,0,False,False,ST_history_label_and_input_certification_pending
002340.SZ:2023,002340.SZ,2023-05-01,validation,pending,1216702668,12,12,0,True,True,0,pending,True,True,True,2024-04-30,True,True,rule_based_source_checks_not_manual_review,rule_based_source_checks_not_manual_review,historical_industry,0,0,False,False,ST_history_label_and_input_certification_pending
002340.SZ:2024,002340.SZ,2024-05-01,test,eligible_awaiting_freeze,1219871582,12,12,0,True,True,0,verified_nonfinancial,True,True,True,2025-04-30,True,True,rule_based_source_checks_not_manual_review,rule_based_source_checks_not_manual_review,,0,0,False,True,Annual financial/text inputs and registry-defined endpoint verified; full-cohort freeze pending.
002340.SZ:2025,002340.SZ,2025-05-01,test,pending,1223332818,12,12,0,True,True,0,verified_nonfinancial,True,True,True,2026-04-30,False,False,none,rule_based_source_checks_not_manual_review,annual_financial_certification,0,0,False,False,ST_history_label_and_input_certification_pending
002346.SZ:2017,002346.SZ,2017-05-01,train,pending,1203407939,12,12,0,True,True,0,verified_nonfinancial,True,True,True,2018-04-30,False,False,none,rule_based_source_checks_not_manual_review,annual_financial_certification,0,0,False,False,ST_history_label_and_input_certification_pending
002346.SZ:2018,002346.SZ,2018-05-01,train,pending,1204735947,12,12,0,True,True,0,verified_nonfinancial,True,True,True,2019-04-30,False,False,none,rule_based_source_checks_not_manual_review,annual_financial_certification,0,0,False,False,ST_history_label_and_input_certification_pending
002346.SZ:2019,002346.SZ,2019-05-01,train,pending,1206102750,12,3,0,True,True,0,verified_nonfinancial,True,True,True,2020-04-30,False,False,none,rule_based_source_checks_not_manual_review,annual_financial_certification,0,0,False,False,ST_history_label_and_input_certification_pending
002346.SZ:2020,002346.SZ,2020-05-01,train,pending,1207659126,12,3,0,True,True,0,verified_nonfinancial,True,True,True,2021-04-30,False,False,none,rule_based_source_checks_not_manual_review,annual_financial_certification,0,0,False,False,ST_history_label_and_input_certification_pending
002346.SZ:2021,002346.SZ,2021-05-01,train,pending,1209726199,12,3,0,True,True,0,verified_nonfinancial,True,True,True,2022-04-30,False,False,none,rule_based_source_checks_not_manual_review,annual_financial_certification,0,0,False,False,ST_history_label_and_input_certification_pending
002346.SZ:2022,002346.SZ,2022-05-01,validation,eligible_awaiting_freeze,1212538586,12,12,0,True,True,0,verified_nonfinancial,True,True,True,2023-04-30,True,True,rule_based_source_checks_not_manual_review,rule_based_source_checks_not_manual_review,,0,0,False,True,Annual financial/text inputs and registry-defined endpoint verified; full-cohort freeze pending.
002346.SZ:2023,002346.SZ,2023-05-01,validation,pending,1216685212,12,12,0,True,True,0,pending,True,True,True,2024-04-30,True,True,rule_based_source_checks_not_manual_review,rule_based_source_checks_not_manual_review,historical_industry,0,0,False,False,ST_history_label_and_input_certification_pending
002346.SZ:2024,002346.SZ,2024-05-01,test,eligible_awaiting_freeze,1219829318,12,12,0,True,True,0,verified_nonfinancial,True,True,True,2025-04-30,True,True,rule_based_source_checks_not_manual_review,rule_based_source_checks_not_manual_review,,0,0,False,True,Annual financial/text inputs and registry-defined endpoint verified; full-cohort freeze pending.
002346.SZ:2025,002346.SZ,2025-05-01,test,pending,1223242623,12,12,0,True,True,0,verified_nonfinancial,True,True,True,2026-04-30,False,False,none,rule_based_source_checks_not_manual_review,annual_financial_certification,0,0,False,False,ST_history_label_and_input_certification_pending
002350.SZ:2017,002350.SZ,2017-05-01,train,pending,1203297369,12,12,0,True,True,0,verified_nonfinancial,True,True,True,2018-04-30,False,False,none,rule_based_source_checks_not_manual_review,annual_financial_certification,0,0,False,False,ST_history_label_and_input_certification_pending
002350.SZ:2018,002350.SZ,2018-05-01,train,pending,1204628056,12,12,0,True,True,0,verified_nonfinancial,True,True,True,2019-04-30,False,False,none,rule_based_source_checks_not_manual_review,annual_financial_certification,0,0,False,False,ST_history_label_and_input_certification_pending
002350.SZ:2019,002350.SZ,2019-05-01,train,pending,1206116120,12,12,0,True,True,0,verified_nonfinancial,True,True,True,2020-04-30,False,False,none,rule_based_source_checks_not_manual_review,annual_financial_certification,0,0,False,False,ST_history_label_and_input_certification_pending
002350.SZ:2020,002350.SZ,2020-05-01,train,pending,1207418708,12,3,0,True,True,0,verified_nonfinancial,True,True,True,2021-04-30,False,False,none,rule_based_source_checks_not_manual_review,annual_financial_certification,0,0,False,False,ST_history_label_and_input_certification_pending
002350.SZ:2021,002350.SZ,2021-05-01,train,pending,1209475842,12,3,0,True,True,0,verified_nonfinancial,True,True,True,2022-04-30,False,False,none,rule_based_source_checks_not_manual_review,annual_financial_certification,0,0,False,False,ST_history_label_and_input_certification_pending
002350.SZ:2022,002350.SZ,2022-05-01,validation,pending,1212978588,12,12,0,True,True,0,verified_nonfinancial,True,True,True,2023-04-30,False,False,none,rule_based_source_checks_not_manual_review,annual_financial_certification,0,0,False,False,ST_history_label_and_input_certification_pending
002350.SZ:2023,002350.SZ,2023-05-01,validation,pending,1216580229,12,12,0,True,True,0,pending,True,True,True,2024-04-30,True,True,rule_based_source_checks_not_manual_review,rule_based_source_checks_not_manual_review,historical_industry,0,0,False,False,ST_history_label_and_input_certification_pending
002350.SZ:2024,002350.SZ,2024-05-01,test,eligible_awaiting_freeze,1219637036,12,12,0,True,True,0,verified_nonfinancial,True,True,True,2025-04-30,True,True,rule_based_source_checks_not_manual_review,rule_based_source_checks_not_manual_review,,0,0,False,True,Annual financial/text inputs and registry-defined endpoint verified; full-cohort freeze pending.
002350.SZ:2025,002350.SZ,2025-05-01,test,pending,1223302647,12,12,0,True,True,0,verified_nonfinancial,True,True,True,2026-04-30,False,False,none,rule_based_source_checks_not_manual_review,annual_financial_certification,0,0,False,False,ST_history_label_and_input_certification_pending
002360.SZ:2017,002360.SZ,2017-05-01,train,pending,1203274117,12,12,0,True,True,0,verified_nonfinancial,True,True,True,2018-04-30,False,False,none,rule_based_source_checks_not_manual_review,annual_financial_certification,0,0,False,False,ST_history_label_and_input_certification_pending
002360.SZ:2018,002360.SZ,2018-05-01,train,pending,1204575799,12,12,0,True,True,0,verified_nonfinancial,True,True,True,2019-04-30,False,False,none,rule_based_source_checks_not_manual_review,annual_financial_certification,0,0,False,False,ST_history_label_and_input_certification_pending
002360.SZ:2019,002360.SZ,2019-05-01,train,pending,1205982467,12,12,0,True,True,0,verified_nonfinancial,True,True,True,2020-04-30,False,False,none,rule_based_source_checks_not_manual_review,annual_financial_certification,0,0,False,False,ST_history_label_and_input_certification_pending
002360.SZ:2020,002360.SZ,2020-05-01,train,pending,1207539053,12,3,0,True,True,0,verified_nonfinancial,True,True,True,2021-04-30,False,False,none,rule_based_source_checks_not_manual_review,annual_financial_certification,0,0,False,False,ST_history_label_and_input_certification_pending
002360.SZ:2021,002360.SZ,2021-05-01,train,pending,1209674636,12,3,0,True,True,0,verified_nonfinancial,True,True,True,2022-04-30,False,False,none,rule_based_source_checks_not_manual_review,annual_financial_certification,0,0,False,False,ST_history_label_and_input_certification_pending
002360.SZ:2022,002360.SZ,2022-05-01,validation,pending,1212882564,12,12,0,True,False,0,verified_nonfinancial,True,True,True,2023-04-30,False,False,none,none,annual_financial_certification;annual_text_certification,0,0,False,False,ST_history_label_and_input_certification_pending
002360.SZ:2023,002360.SZ,2023-05-01,validation,pending,1216561409,12,12,0,True,True,0,pending,True,True,True,2024-04-30,True,True,rule_based_source_checks_not_manual_review,rule_based_source_checks_not_manual_review,historical_industry,0,0,False,False,ST_history_label_and_input_certification_pending
002360.SZ:2024,002360.SZ,2024-05-01,test,eligible_awaiting_freeze,1219621234,12,12,0,True,True,0,verified_nonfinancial,True,True,True,2025-04-30,True,True,rule_based_source_checks_not_manual_review,rule_based_source_checks_not_manual_review,,0,0,False,True,Annual financial/text inputs and registry-defined endpoint verified; full-cohort freeze pending.
002360.SZ:2025,002360.SZ,2025-05-01,test,pending,1223328968,12,12,0,True,False,1,verified_nonfinancial,True,True,True,2026-04-29,False,False,none,none,annual_financial_certification;annual_text_certification,0,1,False,False,ST_history_label_and_input_certification_pending
002364.SZ:2017,002364.SZ,2017-05-01,train,pending,1203413171,12,12,0,True,False,0,verified_nonfinancial,True,True,True,2018-04-30,False,False,none,none,annual_financial_certification;annual_text_certification,0,0,False,False,ST_history_label_and_input_certification_pending
002364.SZ:2018,002364.SZ,2018-05-01,train,pending,1204595862,12,12,0,True,False,0,verified_nonfinancial,True,True,True,2019-04-30,False,False,none,none,annual_financial_certification;annual_text_certification,0,0,False,False,ST_history_label_and_input_certification_pending
002364.SZ:2019,002364.SZ,2019-05-01,train,pending,1206161822,12,12,0,True,False,0,verified_nonfinancial,True,True,True,2020-04-30,False,False,none,none,annual_financial_certification;annual_text_certification,0,0,False,False,ST_history_label_and_input_certification_pending
002364.SZ:2020,002364.SZ,2020-05-01,train,pending,1207679712,12,3,0,True,True,0,verified_nonfinancial,True,True,True,2021-04-30,False,False,none,rule_based_source_checks_not_manual_review,annual_financial_certification,0,0,False,False,ST_history_label_and_input_certification_pending
002364.SZ:2021,002364.SZ,2021-05-01,train,pending,1209810093,12,3,0,True,True,0,verified_nonfinancial,True,True,True,2022-04-30,False,False,none,rule_based_source_checks_not_manual_review,annual_financial_certification,0,0,False,False,ST_history_label_and_input_certification_pending
002364.SZ:2022,002364.SZ,2022-05-01,validation,pending,1213101961,12,3,0,True,True,0,verified_nonfinancial,True,True,True,2023-04-30,False,False,none,rule_based_source_checks_not_manual_review,annual_financial_certification,0,0,False,False,ST_history_label_and_input_certification_pending
002364.SZ:2023,002364.SZ,2023-05-01,validation,pending,1216685389,12,12,0,True,True,0,pending,True,True,True,2024-04-30,True,True,rule_based_source_checks_not_manual_review,rule_based_source_checks_not_manual_review,historical_industry,0,0,False,False,ST_history_label_and_input_certification_pending
002364.SZ:2024,002364.SZ,2024-05-01,test,eligible_awaiting_freeze,1219857583,12,12,0,True,True,0,verified_nonfinancial,True,True,True,2025-04-30,True,True,rule_based_source_checks_not_manual_review,rule_based_source_checks_not_manual_review,,0,0,False,True,Annual financial/text inputs and registry-defined endpoint verified; full-cohort freeze pending.
002364.SZ:2025,002364.SZ,2025-05-01,test,pending,1223189667,12,12,0,True,True,0,verified_nonfinancial,True,True,True,2026-04-30,False,False,none,rule_based_source_checks_not_manual_review,annual_financial_certification,0,0,False,False,ST_history_label_and_input_certification_pending
002365.SZ:2017,002365.SZ,2017-05-01,train,pending,1203223973,12,12,0,True,True,0,verified_nonfinancial,True,True,True,2018-04-30,False,False,none,rule_based_source_checks_not_manual_review,annual_financial_certification,0,0,False,False,ST_history_label_and_input_certification_pending
002365.SZ:2018,002365.SZ,2018-05-01,train,pending,1204556140,12,12,0,True,True,0,verified_nonfinancial,True,True,True,2019-04-30,False,False,none,rule_based_source_checks_not_manual_review,annual_financial_certification,0,0,False,False,ST_history_label_and_input_certification_pending
002365.SZ:2019,002365.SZ,2019-05-01,train,pending,1205948179,12,12,0,True,True,0,verified_nonfinancial,True,True,True,2020-04-30,False,False,none,rule_based_source_checks_not_manual_review,annual_financial_certification,0,0,False,False,ST_history_label_and_input_certification_pending
002365.SZ:2020,002365.SZ,2020-05-01,train,pending,1207644596,12,3,0,True,True,0,verified_nonfinancial,True,True,True,2021-04-30,False,False,none,rule_based_source_checks_not_manual_review,annual_financial_certification,0,0,False,False,ST_history_label_and_input_certification_pending
002365.SZ:2021,002365.SZ,2021-05-01,train,pending,1209487681,12,3,0,True,True,0,verified_nonfinancial,True,True,True,2022-04-30,False,False,none,rule_based_source_checks_not_manual_review,annual_financial_certification,0,0,False,False,ST_history_label_and_input_certification_pending
002365.SZ:2022,002365.SZ,2022-05-01,validation,eligible_awaiting_freeze,1212669655,12,12,0,True,True,0,verified_nonfinancial,True,True,True,2023-04-30,True,True,rule_based_source_checks_not_manual_review,rule_based_source_checks_not_manual_review,,0,0,False,True,Annual financial/text inputs and registry-defined endpoint verified; full-cohort freeze pending.
002365.SZ:2023,002365.SZ,2023-05-01,validation,pending,1216258461,12,12,0,True,True,0,pending,True,True,True,2024-04-30,True,True,rule_based_source_checks_not_manual_review,rule_based_source_checks_not_manual_review,historical_industry,0,0,False,False,ST_history_label_and_input_certification_pending
002365.SZ:2024,002365.SZ,2024-05-01,test,eligible_awaiting_freeze,1219670639,12,12,0,True,True,0,verified_nonfinancial,True,True,True,2025-04-30,True,True,rule_based_source_checks_not_manual_review,rule_based_source_checks_not_manual_review,,0,0,False,True,Annual financial/text inputs and registry-defined endpoint verified; full-cohort freeze pending.
002365.SZ:2025,002365.SZ,2025-05-01,test,pending,1223042723,12,12,0,True,True,0,verified_nonfinancial,True,True,True,2026-04-30,False,False,none,rule_based_source_checks_not_manual_review,annual_financial_certification,0,0,False,False,ST_history_label_and_input_certification_pending
002374.SZ:2017,002374.SZ,2017-05-01,train,pending,1203312969,12,12,0,True,True,0,verified_nonfinancial,True,True,True,2018-04-30,False,False,none,rule_based_source_checks_not_manual_review,annual_financial_certification,0,0,False,False,ST_history_label_and_input_certification_pending
002374.SZ:2018,002374.SZ,2018-05-01,train,pending,1204452294,12,12,0,True,True,0,verified_nonfinancial,True,True,True,2019-04-30,False,False,none,rule_based_source_checks_not_manual_review,annual_financial_certification,0,0,False,False,ST_history_label_and_input_certification_pending
002374.SZ:2019,002374.SZ,2019-05-01,train,pending,1206116683,12,12,0,True,True,0,verified_nonfinancial,True,True,True,2020-04-30,False,False,none,rule_based_source_checks_not_manual_review,annual_financial_certification,0,0,False,False,ST_history_label_and_input_certification_pending
002374.SZ:2020,002374.SZ,2020-05-01,train,pending,1207498759,12,3,0,True,True,0,verified_nonfinancial,True,True,True,2021-04-30,False,False,none,rule_based_source_checks_not_manual_review,annual_financial_certification,0,0,False,False,ST_history_label_and_input_certification_pending
002374.SZ:2021,002374.SZ,2021-05-01,train,pending,1209812413,12,3,0,True,True,0,verified_nonfinancial,True,True,True,2022-04-30,False,False,none,rule_based_source_checks_not_manual_review,annual_financial_certification,0,0,False,False,ST_history_label_and_input_certification_pending
002374.SZ:2022,002374.SZ,2022-05-01,validation,pending,1213199976,12,3,0,True,True,0,verified_nonfinancial,True,True,True,2023-04-30,False,False,none,rule_based_source_checks_not_manual_review,annual_financial_certification,0,0,False,False,ST_history_label_and_input_certification_pending
002374.SZ:2023,002374.SZ,2023-05-01,validation,pending,1216689440,12,12,0,True,True,0,pending,True,True,True,2024-04-30,True,True,rule_based_source_checks_not_manual_review,rule_based_source_checks_not_manual_review,historical_industry,0,0,False,False,ST_history_label_and_input_certification_pending
002374.SZ:2024,002374.SZ,2024-05-01,test,eligible_awaiting_freeze,1219708026,12,12,0,True,True,0,verified_nonfinancial,True,True,True,2025-04-30,True,True,rule_based_source_checks_not_manual_review,rule_based_source_checks_not_manual_review,,0,0,False,True,Annual financial/text inputs and registry-defined endpoint verified; full-cohort freeze pending.
002374.SZ:2025,002374.SZ,2025-05-01,test,pending,1223282474,12,12,0,True,True,0,verified_nonfinancial,True,True,True,2026-04-30,False,False,none,rule_based_source_checks_not_manual_review,annual_financial_certification,0,0,False,False,ST_history_label_and_input_certification_pending
002378.SZ:2017,002378.SZ,2017-05-01,train,pending,1203274415,12,12,0,True,True,0,verified_nonfinancial,True,True,True,2018-04-30,False,False,none,rule_based_source_checks_not_manual_review,annual_financial_certification,0,0,False,False,ST_history_label_and_input_certification_pending
002378.SZ:2018,002378.SZ,2018-05-01,train,pending,1204696437,12,12,0,True,True,0,verified_nonfinancial,True,True,True,2019-04-30,False,False,none,rule_based_source_checks_not_manual_review,annual_financial_certification,0,0,False,False,ST_history_label_and_input_certification_pending
002378.SZ:2019,002378.SZ,2019-05-01,train,pending,1206067416,12,12,0,True,True,0,verified_nonfinancial,True,True,True,2020-04-30,False,False,none,rule_based_source_checks_not_manual_review,annual_financial_certification,0,0,False,False,ST_history_label_and_input_certification_pending
002378.SZ:2020,002378.SZ,2020-05-01,train,pending,1207634547,12,3,0,True,True,0,verified_nonfinancial,True,True,True,2021-04-30,False,False,none,rule_based_source_checks_not_manual_review,annual_financial_certification,0,0,False,False,ST_history_label_and_input_certification_pending
002378.SZ:2021,002378.SZ,2021-05-01,train,pending,1209806557,12,3,0,True,True,0,verified_nonfinancial,True,True,True,2022-04-30,False,False,none,rule_based_source_checks_not_manual_review,annual_financial_certification,0,0,False,False,ST_history_label_and_input_certification_pending
002378.SZ:2022,002378.SZ,2022-05-01,validation,pending,1212959527,12,3,0,True,True,0,verified_nonfinancial,True,True,True,2023-04-30,False,False,none,rule_based_source_checks_not_manual_review,annual_financial_certification,0,0,False,False,ST_history_label_and_input_certification_pending
002378.SZ:2023,002378.SZ,2023-05-01,validation,pending,1216437721,12,12,0,True,True,0,pending,True,True,True,2024-04-30,True,True,rule_based_source_checks_not_manual_review,rule_based_source_checks_not_manual_review,historical_industry,0,0,False,False,ST_history_label_and_input_certification_pending
002378.SZ:2024,002378.SZ,2024-05-01,test,eligible_awaiting_freeze,1219743585,12,12,0,True,True,0,verified_nonfinancial,True,True,True,2025-04-30,True,True,rule_based_source_checks_not_manual_review,rule_based_source_checks_not_manual_review,,0,0,False,True,Annual financial/text inputs and registry-defined endpoint verified; full-cohort freeze pending.
002378.SZ:2025,002378.SZ,2025-05-01,test,pending,1223183624,12,12,0,True,True,0,verified_nonfinancial,True,True,True,2026-04-30,False,False,none,rule_based_source_checks_not_manual_review,annual_financial_certification,0,0,False,False,ST_history_label_and_input_certification_pending
002380.SZ:2017,002380.SZ,2017-05-01,train,pending,1203401316,12,12,0,True,True,0,verified_nonfinancial,True,True,True,2018-04-30,False,False,none,rule_based_source_checks_not_manual_review,annual_financial_certification,0,0,False,False,ST_history_label_and_input_certification_pending
002380.SZ:2018,002380.SZ,2018-05-01,train,pending,1204733453,12,12,0,True,True,0,verified_nonfinancial,True,True,True,2019-04-30,False,False,none,rule_based_source_checks_not_manual_review,annual_financial_certification,0,0,False,False,ST_history_label_and_input_certification_pending
002380.SZ:2019,002380.SZ,2019-05-01,train,pending,1205922966,12,12,0,True,True,0,verified_nonfinancial,True,True,True,2020-04-30,False,False,none,rule_based_source_checks_not_manual_review,annual_financial_certification,0,0,False,False,ST_history_label_and_input_certification_pending
002380.SZ:2020,002380.SZ,2020-05-01,train,pending,1207538611,12,3,0,True,True,0,verified_nonfinancial,True,True,True,2021-04-30,False,False,none,rule_based_source_checks_not_manual_review,annual_financial_certification,0,0,False,False,ST_history_label_and_input_certification_pending
002380.SZ:2021,002380.SZ,2021-05-01,train,pending,1209789432,12,3,0,True,True,0,verified_nonfinancial,True,True,True,2022-04-30,False,False,none,rule_based_source_checks_not_manual_review,annual_financial_certification,0,0,False,False,ST_history_label_and_input_certification_pending
002380.SZ:2022,002380.SZ,2022-05-01,validation,pending,1213219295,12,3,0,True,True,0,verified_nonfinancial,True,True,True,2023-04-30,False,False,none,rule_based_source_checks_not_manual_review,annual_financial_certification,0,0,False,False,ST_history_label_and_input_certification_pending
002380.SZ:2023,002380.SZ,2023-05-01,validation,pending,1216593556,12,12,0,True,True,0,pending,True,True,True,2024-04-30,True,True,rule_based_source_checks_not_manual_review,rule_based_source_checks_not_manual_review,historical_industry,0,0,False,False,ST_history_label_and_input_certification_pending
002380.SZ:2024,002380.SZ,2024-05-01,test,eligible_awaiting_freeze,1219814781,12,12,0,True,True,0,verified_nonfinancial,True,True,True,2025-04-30,True,True,rule_based_source_checks_not_manual_review,rule_based_source_checks_not_manual_review,,0,0,False,True,Annual financial/text inputs and registry-defined endpoint verified; full-cohort freeze pending.
002380.SZ:2025,002380.SZ,2025-05-01,test,pending,1223264518,12,12,0,True,True,0,verified_nonfinancial,True,True,True,2026-04-30,False,False,none,rule_based_source_checks_not_manual_review,annual_financial_certification,0,0,False,False,ST_history_label_and_input_certification_pending
002382.SZ:2017,002382.SZ,2017-05-01,train,pending,1203111264,12,12,0,True,True,0,verified_nonfinancial,True,True,True,2018-04-30,False,False,none,rule_based_source_checks_not_manual_review,annual_financial_certification,0,0,False,False,ST_history_label_and_input_certification_pending
002382.SZ:2018,002382.SZ,2018-05-01,train,pending,1204421434,12,12,0,True,True,0,verified_nonfinancial,True,True,True,2019-04-30,False,False,none,rule_based_source_checks_not_manual_review,annual_financial_certification,0,0,False,False,ST_history_label_and_input_certification_pending
002382.SZ:2019,002382.SZ,2019-05-01,train,pending,1206016474,12,12,0,True,True,0,verified_nonfinancial,True,True,True,2020-04-30,False,False,none,rule_based_source_checks_not_manual_review,annual_financial_certification,0,0,False,False,ST_history_label_and_input_certification_pending
002382.SZ:2020,002382.SZ,2020-05-01,train,pending,1207501037,12,3,0,True,True,0,verified_nonfinancial,True,True,True,2021-04-30,False,False,none,rule_based_source_checks_not_manual_review,annual_financial_certification,0,0,False,False,ST_history_label_and_input_certification_pending
002382.SZ:2021,002382.SZ,2021-05-01,train,pending,1209837794,12,3,0,True,True,0,verified_nonfinancial,True,True,True,2022-04-30,False,False,none,rule_based_source_checks_not_manual_review,annual_financial_certification,0,0,False,False,ST_history_label_and_input_certification_pending
002382.SZ:2022,002382.SZ,2022-05-01,validation,pending,1212899207,12,3,0,True,True,0,verified_nonfinancial,True,True,True,2023-04-30,False,False,none,rule_based_source_checks_not_manual_review,annual_financial_certification,0,0,False,False,ST_history_label_and_input_certification_pending
002382.SZ:2023,002382.SZ,2023-05-01,validation,pending,1216691745,12,12,0,True,True,0,pending,True,True,True,2024-04-30,True,True,rule_based_source_checks_not_manual_review,rule_based_source_checks_not_manual_review,historical_industry,0,0,False,False,ST_history_label_and_input_certification_pending
002382.SZ:2024,002382.SZ,2024-05-01,test,eligible_awaiting_freeze,1219855304,12,12,0,True,True,0,verified_nonfinancial,True,True,True,2025-04-30,True,True,rule_based_source_checks_not_manual_review,rule_based_source_checks_not_manual_review,,0,0,False,True,Annual financial/text inputs and registry-defined endpoint verified; full-cohort freeze pending.
002382.SZ:2025,002382.SZ,2025-05-01,test,pending,1223379052,12,12,0,True,True,0,verified_nonfinancial,True,True,True,2026-04-30,False,False,none,rule_based_source_checks_not_manual_review,annual_financial_certification,0,0,False,False,ST_history_label_and_input_certification_pending
002384.SZ:2017,002384.SZ,2017-05-01,train,pending,1203373395,12,12,0,True,True,0,verified_nonfinancial,True,True,True,2018-04-30,False,False,none,rule_based_source_checks_not_manual_review,annual_financial_certification,0,0,False,False,ST_history_label_and_input_certification_pending
002384.SZ:2018,002384.SZ,2018-05-01,train,pending,1204801925,12,12,0,True,False,0,verified_nonfinancial,True,True,True,2019-04-30,False,False,none,none,annual_financial_certification;annual_text_certification,0,0,False,False,ST_history_label_and_input_certification_pending
002384.SZ:2019,002384.SZ,2019-05-01,train,pending,1206060070,12,12,0,True,False,0,verified_nonfinancial,True,True,True,2020-04-30,False,False,none,none,annual_financial_certification;annual_text_certification,0,0,False,False,ST_history_label_and_input_certification_pending
002384.SZ:2020,002384.SZ,2020-05-01,train,pending,1207557768,12,3,0,True,True,0,verified_nonfinancial,True,True,True,2021-04-30,False,False,none,rule_based_source_checks_not_manual_review,annual_financial_certification,0,0,False,False,ST_history_label_and_input_certification_pending
002384.SZ:2021,002384.SZ,2021-05-01,train,pending,1209690229,12,3,0,True,True,0,verified_nonfinancial,True,True,True,2022-04-30,False,False,none,rule_based_source_checks_not_manual_review,annual_financial_certification,0,0,False,False,ST_history_label_and_input_certification_pending
002384.SZ:2022,002384.SZ,2022-05-01,validation,pending,1212978944,12,3,0,True,False,0,verified_nonfinancial,True,True,True,2023-04-30,False,False,none,none,annual_financial_certification;annual_text_certification,0,0,False,False,ST_history_label_and_input_certification_pending
002384.SZ:2023,002384.SZ,2023-05-01,validation,pending,1216496394,12,12,0,True,False,0,pending,True,True,True,2024-04-30,False,False,none,none,historical_industry;annual_financial_certification;annual_text_certification,0,0,False,False,ST_history_label_and_input_certification_pending
002384.SZ:2024,002384.SZ,2024-05-01,test,pending,1219652459,12,12,0,True,False,0,verified_nonfinancial,True,True,True,2025-04-30,False,False,none,none,annual_financial_certification;annual_text_certification,0,0,False,False,ST_history_label_and_input_certification_pending
002384.SZ:2025,002384.SZ,2025-05-01,test,pending,1223271985,12,12,0,True,False,0,verified_nonfinancial,True,True,True,2026-04-30,False,False,none,none,annual_financial_certification;annual_text_certification,0,0,False,False,ST_history_label_and_input_certification_pending
002391.SZ:2017,002391.SZ,2017-05-01,train,pending,1203314074,12,12,0,True,True,0,verified_nonfinancial,True,True,True,2018-04-30,False,False,none,rule_based_source_checks_not_manual_review,annual_financial_certification,0,0,False,False,ST_history_label_and_input_certification_pending
002391.SZ:2018,002391.SZ,2018-05-01,train,pending,1204459157,12,12,0,True,True,0,verified_nonfinancial,True,True,True,2019-04-30,False,False,none,rule_based_source_checks_not_manual_review,annual_financial_certification,0,0,False,False,ST_history_label_and_input_certification_pending
002391.SZ:2019,002391.SZ,2019-05-01,train,pending,1205885892,12,12,0,True,True,0,verified_nonfinancial,True,True,True,2020-04-30,False,False,none,rule_based_source_checks_not_manual_review,annual_financial_certification,0,0,False,False,ST_history_label_and_input_certification_pending
002391.SZ:2020,002391.SZ,2020-05-01,train,pending,1207552112,12,3,0,True,True,0,verified_nonfinancial,True,True,True,2021-04-30,False,False,none,rule_based_source_checks_not_manual_review,annual_financial_certification,0,0,False,False,ST_history_label_and_input_certification_pending
002391.SZ:2021,002391.SZ,2021-05-01,train,pending,1209758935,12,3,0,True,True,0,verified_nonfinancial,True,True,True,2022-04-30,False,False,none,rule_based_source_checks_not_manual_review,annual_financial_certification,0,0,False,False,ST_history_label_and_input_certification_pending
002391.SZ:2022,002391.SZ,2022-05-01,validation,eligible_awaiting_freeze,1212964235,12,12,0,True,True,0,verified_nonfinancial,True,True,True,2023-04-30,True,True,rule_based_source_checks_not_manual_review,rule_based_source_checks_not_manual_review,,0,0,False,True,Annual financial/text inputs and registry-defined endpoint verified; full-cohort freeze pending.
002391.SZ:2023,002391.SZ,2023-05-01,validation,pending,1216383287,12,12,0,True,True,0,pending,True,True,True,2024-04-30,True,True,rule_based_source_checks_not_manual_review,rule_based_source_checks_not_manual_review,historical_industry,0,0,False,False,ST_history_label_and_input_certification_pending
002391.SZ:2024,002391.SZ,2024-05-01,test,eligible_awaiting_freeze,1219653607,12,12,0,True,True,0,verified_nonfinancial,True,True,True,2025-04-30,True,True,rule_based_source_checks_not_manual_review,rule_based_source_checks_not_manual_review,,0,0,False,True,Annual financial/text inputs and registry-defined endpoint verified; full-cohort freeze pending.
002391.SZ:2025,002391.SZ,2025-05-01,test,pending,1223124406,12,12,0,True,True,0,verified_nonfinancial,True,True,True,2026-04-30,False,False,none,rule_based_source_checks_not_manual_review,annual_financial_certification,0,0,False,False,ST_history_label_and_input_certification_pending
002396.SZ:2017,002396.SZ,2017-05-01,train,pending,1203237245,12,12,0,True,True,0,verified_nonfinancial,True,True,True,2018-04-30,False,False,none,rule_based_source_checks_not_manual_review,annual_financial_certification,0,0,False,False,ST_history_label_and_input_certification_pending
002396.SZ:2018,002396.SZ,2018-05-01,train,pending,1204543729,12,12,0,True,True,0,verified_nonfinancial,True,True,True,2019-04-30,False,False,none,rule_based_source_checks_not_manual_review,annual_financial_certification,0,0,False,False,ST_history_label_and_input_certification_pending
002396.SZ:2019,002396.SZ,2019-05-01,train,pending,1205953524,12,12,0,True,True,0,verified_nonfinancial,True,True,True,2020-04-30,False,False,none,rule_based_source_checks_not_manual_review,annual_financial_certification,0,0,False,False,ST_history_label_and_input_certification_pending
002396.SZ:2020,002396.SZ,2020-05-01,train,pending,1207409007,12,3,0,True,True,0,verified_nonfinancial,True,True,True,2021-04-30,False,False,none,rule_based_source_checks_not_manual_review,annual_financial_certification,0,0,False,False,ST_history_label_and_input_certification_pending
002396.SZ:2021,002396.SZ,2021-05-01,train,pending,1209864080,12,3,0,True,True,0,verified_nonfinancial,True,True,True,2022-04-30,False,False,none,rule_based_source_checks_not_manual_review,annual_financial_certification,0,0,False,False,ST_history_label_and_input_certification_pending
002396.SZ:2022,002396.SZ,2022-05-01,validation,pending,1212667823,12,3,0,True,True,0,verified_nonfinancial,True,True,True,2023-04-30,False,False,none,rule_based_source_checks_not_manual_review,annual_financial_certification,0,0,False,False,ST_history_label_and_input_certification_pending
002396.SZ:2023,002396.SZ,2023-05-01,validation,pending,1216273286,12,12,0,True,True,0,pending,True,True,True,2024-04-30,True,True,rule_based_source_checks_not_manual_review,rule_based_source_checks_not_manual_review,historical_industry,0,0,False,False,ST_history_label_and_input_certification_pending
002396.SZ:2024,002396.SZ,2024-05-01,test,eligible_awaiting_freeze,1219438882,12,12,0,True,True,0,verified_nonfinancial,True,True,True,2025-04-30,True,True,rule_based_source_checks_not_manual_review,rule_based_source_checks_not_manual_review,,0,0,False,True,Annual financial/text inputs and registry-defined endpoint verified; full-cohort freeze pending.
002396.SZ:2025,002396.SZ,2025-05-01,test,pending,1222990992,12,12,0,True,True,0,verified_nonfinancial,True,True,True,2026-04-30,False,False,none,rule_based_source_checks_not_manual_review,annual_financial_certification,0,0,False,False,ST_history_label_and_input_certification_pending
002402.SZ:2017,002402.SZ,2017-05-01,train,pending,1203215099,12,12,0,True,True,0,verified_nonfinancial,True,True,True,2018-04-30,False,False,none,rule_based_source_checks_not_manual_review,annual_financial_certification,0,0,False,False,ST_history_label_and_input_certification_pending
002402.SZ:2018,002402.SZ,2018-05-01,train,pending,1204668059,12,12,0,True,True,0,verified_nonfinancial,True,True,True,2019-04-30,False,False,none,rule_based_source_checks_not_manual_review,annual_financial_certification,0,0,False,False,ST_history_label_and_input_certification_pending
002402.SZ:2019,002402.SZ,2019-05-01,train,pending,1205937849,12,12,0,True,True,0,verified_nonfinancial,True,True,True,2020-04-30,False,False,none,rule_based_source_checks_not_manual_review,annual_financial_certification,0,0,False,False,ST_history_label_and_input_certification_pending
002402.SZ:2020,002402.SZ,2020-05-01,train,pending,1207468686,12,3,0,True,True,0,verified_nonfinancial,True,True,True,2021-04-30,False,False,none,rule_based_source_checks_not_manual_review,annual_financial_certification,0,0,False,False,ST_history_label_and_input_certification_pending
002402.SZ:2021,002402.SZ,2021-05-01,train,pending,1209301422,12,3,0,True,True,0,verified_nonfinancial,True,True,True,2022-04-30,False,False,none,rule_based_source_checks_not_manual_review,annual_financial_certification,0,0,False,False,ST_history_label_and_input_certification_pending
002402.SZ:2022,002402.SZ,2022-05-01,validation,pending,1212840747,12,3,0,True,False,0,verified_nonfinancial,True,True,True,2023-04-30,False,False,none,none,annual_financial_certification;annual_text_certification,0,0,False,False,ST_history_label_and_input_certification_pending
002402.SZ:2023,002402.SZ,2023-05-01,validation,pending,1216246546,12,12,0,True,False,0,pending,True,True,True,2024-04-30,False,False,none,none,historical_industry;annual_financial_certification;annual_text_certification,0,0,False,False,ST_history_label_and_input_certification_pending
002402.SZ:2024,002402.SZ,2024-05-01,test,pending,1219472436,12,12,0,True,False,0,verified_nonfinancial,True,True,True,2025-04-30,False,False,none,none,annual_financial_certification;annual_text_certification,0,0,False,False,ST_history_label_and_input_certification_pending
002402.SZ:2025,002402.SZ,2025-05-01,test,pending,1223218799,12,12,0,True,False,0,verified_nonfinancial,True,True,True,2026-04-30,False,False,none,none,annual_financial_certification;annual_text_certification,0,0,False,False,ST_history_label_and_input_certification_pending
002405.SZ:2017,002405.SZ,2017-05-01,train,pending,1203383100,12,12,0,True,False,0,verified_nonfinancial,True,True,True,2018-04-30,False,False,none,none,annual_financial_certification;annual_text_certification,0,0,False,False,ST_history_label_and_input_certification_pending
002405.SZ:2018,002405.SZ,2018-05-01,train,pending,1204789287,12,12,0,True,False,0,verified_nonfinancial,True,True,True,2019-04-30,False,False,none,none,annual_financial_certification;annual_text_certification,0,0,False,False,ST_history_label_and_input_certification_pending
002405.SZ:2019,002405.SZ,2019-05-01,train,pending,1206021188,12,12,0,True,False,0,verified_nonfinancial,True,True,True,2020-04-30,False,False,none,none,annual_financial_certification;annual_text_certification,0,0,False,False,ST_history_label_and_input_certification_pending
002405.SZ:2020,002405.SZ,2020-05-01,train,pending,1207633763,12,3,0,True,True,0,verified_nonfinancial,True,True,True,2021-04-30,False,False,none,rule_based_source_checks_not_manual_review,annual_financial_certification,0,0,False,False,ST_history_label_and_input_certification_pending
002405.SZ:2021,002405.SZ,2021-05-01,train,pending,1209868953,12,3,0,True,False,0,verified_nonfinancial,True,True,True,2022-04-30,False,False,none,none,annual_financial_certification;annual_text_certification,0,0,False,False,ST_history_label_and_input_certification_pending
002405.SZ:2022,002405.SZ,2022-05-01,validation,pending,1213253589,12,3,0,True,False,0,verified_nonfinancial,True,True,True,2023-04-30,False,False,none,none,annual_financial_certification;annual_text_certification,0,0,False,False,ST_history_label_and_input_certification_pending
002405.SZ:2023,002405.SZ,2023-05-01,validation,pending,1216525087,12,12,0,True,True,0,pending,True,True,True,2024-04-30,True,True,rule_based_source_checks_not_manual_review,rule_based_source_checks_not_manual_review,historical_industry,0,0,False,False,ST_history_label_and_input_certification_pending
002405.SZ:2024,002405.SZ,2024-05-01,test,eligible_awaiting_freeze,1219915982,12,12,0,True,True,0,verified_nonfinancial,True,True,True,2025-04-30,True,True,rule_based_source_checks_not_manual_review,rule_based_source_checks_not_manual_review,,0,0,False,True,Annual financial/text inputs and registry-defined endpoint verified; full-cohort freeze pending.
002405.SZ:2025,002405.SZ,2025-05-01,test,pending,1223327120,12,12,0,True,True,0,verified_nonfinancial,True,True,True,2026-04-30,False,False,none,rule_based_source_checks_not_manual_review,annual_financial_certification,0,0,False,False,ST_history_label_and_input_certification_pending
002410.SZ:2017,002410.SZ,2017-05-01,train,pending,1203246083,12,12,0,True,True,0,verified_nonfinancial,True,True,True,2018-04-30,False,False,none,rule_based_source_checks_not_manual_review,annual_financial_certification,0,0,False,False,ST_history_label_and_input_certification_pending
002410.SZ:2018,002410.SZ,2018-05-01,train,pending,1204533307,12,12,0,True,True,0,verified_nonfinancial,True,True,True,2019-04-30,False,False,none,rule_based_source_checks_not_manual_review,annual_financial_certification,0,0,False,False,ST_history_label_and_input_certification_pending
002410.SZ:2019,002410.SZ,2019-05-01,train,pending,1205949442,12,12,0,True,True,0,verified_nonfinancial,True,True,True,2020-04-30,False,False,none,rule_based_source_checks_not_manual_review,annual_financial_certification,0,0,False,False,ST_history_label_and_input_certification_pending
002410.SZ:2020,002410.SZ,2020-05-01,train,pending,1207405043,12,3,0,True,True,0,verified_nonfinancial,True,True,True,2021-04-30,False,False,none,rule_based_source_checks_not_manual_review,annual_financial_certification,0,0,False,False,ST_history_label_and_input_certification_pending
002410.SZ:2021,002410.SZ,2021-05-01,train,pending,1209477316,12,3,0,True,True,0,verified_nonfinancial,True,True,True,2022-04-30,False,False,none,rule_based_source_checks_not_manual_review,annual_financial_certification,0,0,False,False,ST_history_label_and_input_certification_pending
002410.SZ:2022,002410.SZ,2022-05-01,validation,pending,1212707869,12,3,0,True,True,0,verified_nonfinancial,True,True,True,2023-04-30,False,False,none,rule_based_source_checks_not_manual_review,annual_financial_certification,0,0,False,False,ST_history_label_and_input_certification_pending
002410.SZ:2023,002410.SZ,2023-05-01,validation,pending,1216220214,12,12,0,True,True,0,pending,True,True,True,2024-04-30,True,True,rule_based_source_checks_not_manual_review,rule_based_source_checks_not_manual_review,historical_industry,0,0,False,False,ST_history_label_and_input_certification_pending
002410.SZ:2024,002410.SZ,2024-05-01,test,pending,1219402662,12,12,0,True,True,0,verified_nonfinancial,True,True,True,2025-04-30,False,False,none,rule_based_source_checks_not_manual_review,annual_financial_certification,0,0,False,False,ST_history_label_and_input_certification_pending
002410.SZ:2025,002410.SZ,2025-05-01,test,pending,1222881520,12,12,0,True,True,0,verified_nonfinancial,True,True,True,2026-04-30,False,False,none,rule_based_source_checks_not_manual_review,annual_financial_certification,0,0,False,False,ST_history_label_and_input_certification_pending
002413.SZ:2017,002413.SZ,2017-05-01,train,pending,1203377583,12,12,0,True,True,0,verified_nonfinancial,True,True,True,2018-04-30,False,False,none,rule_based_source_checks_not_manual_review,annual_financial_certification,0,0,False,False,ST_history_label_and_input_certification_pending
002413.SZ:2018,002413.SZ,2018-05-01,train,pending,1204702864,12,12,0,True,True,0,verified_nonfinancial,True,True,True,2019-04-30,False,False,none,rule_based_source_checks_not_manual_review,annual_financial_certification,0,0,False,False,ST_history_label_and_input_certification_pending
002413.SZ:2019,002413.SZ,2019-05-01,train,pending,1206068581,12,12,0,True,True,0,verified_nonfinancial,True,True,True,2020-04-30,False,False,none,rule_based_source_checks_not_manual_review,annual_financial_certification,0,0,False,False,ST_history_label_and_input_certification_pending
002413.SZ:2020,002413.SZ,2020-05-01,train,pending,1207688217,12,3,0,True,True,0,verified_nonfinancial,True,True,True,2021-04-30,False,False,none,rule_based_source_checks_not_manual_review,annual_financial_certification,0,0,False,False,ST_history_label_and_input_certification_pending
002413.SZ:2021,002413.SZ,2021-05-01,train,pending,1209727450,12,3,0,True,True,0,verified_nonfinancial,True,True,True,2022-04-30,False,False,none,rule_based_source_checks_not_manual_review,annual_financial_certification,0,0,False,False,ST_history_label_and_input_certification_pending
002413.SZ:2022,002413.SZ,2022-05-01,validation,pending,1212919494,12,3,0,True,True,0,verified_nonfinancial,True,True,True,2023-04-30,False,False,none,rule_based_source_checks_not_manual_review,annual_financial_certification,0,0,False,False,ST_history_label_and_input_certification_pending
002413.SZ:2023,002413.SZ,2023-05-01,validation,pending,1216412717,12,12,0,True,True,0,pending,True,True,True,2024-04-30,True,True,rule_based_source_checks_not_manual_review,rule_based_source_checks_not_manual_review,historical_industry,0,0,False,False,ST_history_label_and_input_certification_pending
002413.SZ:2024,002413.SZ,2024-05-01,test,eligible_awaiting_freeze,1219739536,12,12,0,True,True,0,verified_nonfinancial,True,True,True,2025-04-30,True,True,rule_based_source_checks_not_manual_review,rule_based_source_checks_not_manual_review,,0,0,False,True,Annual financial/text inputs and registry-defined endpoint verified; full-cohort freeze pending.
002413.SZ:2025,002413.SZ,2025-05-01,test,pending,1223149241,12,12,0,True,True,0,verified_nonfinancial,True,True,True,2026-04-30,False,False,none,rule_based_source_checks_not_manual_review,annual_financial_certification,0,0,False,False,ST_history_label_and_input_certification_pending
002418.SZ:2017,002418.SZ,2017-05-01,train,pending,1203413919,12,12,0,True,True,0,verified_nonfinancial,True,True,True,2018-04-30,False,False,none,rule_based_source_checks_not_manual_review,annual_financial_certification,0,0,False,False,ST_history_label_and_input_certification_pending
002418.SZ:2018,002418.SZ,2018-05-01,train,pending,1204679850,12,12,0,True,True,0,verified_nonfinancial,True,True,True,2019-04-30,False,False,none,rule_based_source_checks_not_manual_review,annual_financial_certification,0,0,False,False,ST_history_label_and_input_certification_pending
002418.SZ:2019,002418.SZ,2019-05-01,train,pending,1206103758,12,12,0,True,True,1,verified_nonfinancial,True,True,True,2020-04-30,False,False,none,rule_based_source_checks_not_manual_review,annual_financial_certification,0,1,False,False,ST_history_label_and_input_certification_pending
002418.SZ:2020,002418.SZ,2020-05-01,train,excluded,,12,0,0,False,False,,verified_nonfinancial,True,False,False,,False,False,none,none,,1,0,False,False,preorigin_financial_industry_or_confirmed_baseline_ST
002418.SZ:2021,002418.SZ,2021-05-01,train,excluded,,12,0,0,False,False,,verified_nonfinancial,True,False,False,,False,False,none,none,,1,0,False,False,preorigin_financial_industry_or_confirmed_baseline_ST
002418.SZ:2022,002418.SZ,2022-05-01,validation,eligible_awaiting_freeze,1213254527,12,12,0,True,True,0,verified_nonfinancial,True,True,True,2023-04-30,True,True,rule_based_source_checks_not_manual_review,rule_based_source_checks_not_manual_review,,0,0,False,True,Annual financial/text inputs and registry-defined endpoint verified; full-cohort freeze pending.
002418.SZ:2023,002418.SZ,2023-05-01,validation,pending,1216651388,12,12,0,True,False,0,pending,True,True,True,2024-04-30,False,False,none,none,historical_industry;annual_financial_certification;annual_text_certification,0,0,False,False,ST_history_label_and_input_certification_pending
002418.SZ:2024,002418.SZ,2024-05-01,test,eligible_awaiting_freeze,1219842762,12,12,0,True,True,0,verified_nonfinancial,True,True,True,2025-04-30,True,True,rule_based_source_checks_not_manual_review,rule_based_source_checks_not_manual_review,,0,0,False,True,Annual financial/text inputs and registry-defined endpoint verified; full-cohort freeze pending.
002418.SZ:2025,002418.SZ,2025-05-01,test,pending,1223287166,12,12,0,True,False,0,verified_nonfinancial,True,True,True,2026-04-30,False,False,none,none,annual_financial_certification;annual_text_certification,0,0,False,False,ST_history_label_and_input_certification_pending
002426.SZ:2017,002426.SZ,2017-05-01,train,pending,1203335474,12,12,0,True,True,0,verified_nonfinancial,True,True,True,2018-04-30,False,False,none,rule_based_source_checks_not_manual_review,annual_financial_certification,0,0,False,False,ST_history_label_and_input_certification_pending
002426.SZ:2018,002426.SZ,2018-05-01,train,pending,1204595330,12,12,0,True,True,0,verified_nonfinancial,True,True,True,2019-04-30,False,False,none,rule_based_source_checks_not_manual_review,annual_financial_certification,0,0,False,False,ST_history_label_and_input_certification_pending
002426.SZ:2019,002426.SZ,2019-05-01,train,pending,1206109092,12,12,0,True,True,1,verified_nonfinancial,True,True,True,2020-04-30,False,False,none,rule_based_source_checks_not_manual_review,annual_financial_certification,0,1,False,False,ST_history_label_and_input_certification_pending
002426.SZ:2020,002426.SZ,2020-05-01,train,excluded,,12,0,0,False,False,,verified_nonfinancial,True,False,False,,False,False,none,none,,1,0,False,False,preorigin_financial_industry_or_confirmed_baseline_ST
002426.SZ:2021,002426.SZ,2021-05-01,train,excluded,,12,0,0,False,False,,verified_nonfinancial,True,False,False,,False,False,none,none,,1,0,False,False,preorigin_financial_industry_or_confirmed_baseline_ST
002426.SZ:2022,002426.SZ,2022-05-01,validation,pending,1212960578,12,3,0,True,True,0,verified_nonfinancial,True,True,True,2023-04-30,False,False,none,rule_based_source_checks_not_manual_review,annual_financial_certification,0,0,False,False,ST_history_label_and_input_certification_pending
002426.SZ:2023,002426.SZ,2023-05-01,validation,pending,1216382212,12,12,0,True,True,0,pending,True,True,True,2024-04-30,True,True,rule_based_source_checks_not_manual_review,rule_based_source_checks_not_manual_review,historical_industry,0,0,False,False,ST_history_label_and_input_certification_pending
002426.SZ:2024,002426.SZ,2024-05-01,test,eligible_awaiting_freeze,1219831116,12,12,0,True,True,0,verified_nonfinancial,True,True,True,2025-04-30,True,True,rule_based_source_checks_not_manual_review,rule_based_source_checks_not_manual_review,,0,0,False,True,Annual financial/text inputs and registry-defined endpoint verified; full-cohort freeze pending.
002426.SZ:2025,002426.SZ,2025-05-01,test,pending,1223245929,12,12,0,True,True,0,verified_nonfinancial,True,True,True,2026-04-30,False,False,none,rule_based_source_checks_not_manual_review,annual_financial_certification,0,0,False,False,ST_history_label_and_input_certification_pending
002429.SZ:2017,002429.SZ,2017-05-01,train,pending,1203346439,12,12,0,True,True,0,verified_nonfinancial,True,True,True,2018-04-30,False,False,none,rule_based_source_checks_not_manual_review,annual_financial_certification,0,0,False,False,ST_history_label_and_input_certification_pending
002429.SZ:2018,002429.SZ,2018-05-01,train,pending,1204547146,12,12,0,True,True,0,verified_nonfinancial,True,True,True,2019-04-30,False,False,none,rule_based_source_checks_not_manual_review,annual_financial_certification,0,0,False,False,ST_history_label_and_input_certification_pending
002429.SZ:2019,002429.SZ,2019-05-01,train,pending,1206061116,12,12,0,True,True,0,verified_nonfinancial,True,True,True,2020-04-30,False,False,none,rule_based_source_checks_not_manual_review,annual_financial_certification,0,0,False,False,ST_history_label_and_input_certification_pending
002429.SZ:2020,002429.SZ,2020-05-01,train,pending,1207483132,12,3,0,True,True,0,verified_nonfinancial,True,True,True,2021-04-30,False,False,none,rule_based_source_checks_not_manual_review,annual_financial_certification,0,0,False,False,ST_history_label_and_input_certification_pending
002429.SZ:2021,002429.SZ,2021-05-01,train,pending,,12,0,0,False,False,0,verified_nonfinancial,True,True,True,2022-04-30,False,False,none,none,annual_financial_certification;annual_text_certification,0,0,False,False,ST_history_label_and_input_certification_pending
002429.SZ:2022,002429.SZ,2022-05-01,validation,pending,1213214825,12,3,0,True,True,0,verified_nonfinancial,True,True,True,2023-04-30,False,False,none,rule_based_source_checks_not_manual_review,annual_financial_certification,0,0,False,False,ST_history_label_and_input_certification_pending
002429.SZ:2023,002429.SZ,2023-05-01,validation,pending,1216373479,12,12,0,True,True,0,pending,True,True,True,2024-04-30,True,True,rule_based_source_checks_not_manual_review,rule_based_source_checks_not_manual_review,historical_industry,0,0,False,False,ST_history_label_and_input_certification_pending
002429.SZ:2024,002429.SZ,2024-05-01,test,pending,1219597033,12,12,0,True,False,0,verified_nonfinancial,True,True,True,2025-04-30,False,False,none,none,annual_financial_certification;annual_text_certification,0,0,False,False,ST_history_label_and_input_certification_pending
002429.SZ:2025,002429.SZ,2025-05-01,test,pending,1223113522,12,12,0,True,False,0,verified_nonfinancial,True,True,True,2026-04-30,False,False,none,none,annual_financial_certification;annual_text_certification,0,0,False,False,ST_history_label_and_input_certification_pending
002433.SZ:2017,002433.SZ,2017-05-01,train,pending,1203333685,12,12,0,True,False,0,verified_nonfinancial,True,True,True,2018-04-30,False,False,none,none,annual_financial_certification;annual_text_certification,0,0,False,False,ST_history_label_and_input_certification_pending
002433.SZ:2018,002433.SZ,2018-05-01,train,pending,1204601539,12,12,0,True,False,0,verified_nonfinancial,True,True,True,2019-04-30,False,False,none,none,annual_financial_certification;annual_text_certification,0,0,False,False,ST_history_label_and_input_certification_pending
002433.SZ:2019,002433.SZ,2019-05-01,train,pending,1206002568,12,12,0,True,False,0,verified_nonfinancial,True,True,True,2020-04-30,False,False,none,none,annual_financial_certification;annual_text_certification,0,0,False,False,ST_history_label_and_input_certification_pending
002433.SZ:2020,002433.SZ,2020-05-01,train,pending,1207600035,12,3,0,True,True,0,verified_nonfinancial,True,True,True,2021-04-30,False,False,none,rule_based_source_checks_not_manual_review,annual_financial_certification,0,0,False,False,ST_history_label_and_input_certification_pending
002433.SZ:2021,002433.SZ,2021-05-01,train,pending,1209668954,12,3,0,True,True,0,verified_nonfinancial,True,True,True,2022-04-30,False,False,none,rule_based_source_checks_not_manual_review,annual_financial_certification,0,0,False,False,ST_history_label_and_input_certification_pending
002433.SZ:2022,002433.SZ,2022-05-01,validation,pending,,12,0,0,False,False,1,verified_nonfinancial,True,True,True,2022-09-28,False,False,none,none,annual_financial_certification;annual_text_certification,0,1,False,False,ST_history_label_and_input_certification_pending
002433.SZ:2023,002433.SZ,2023-05-01,validation,excluded,,12,0,0,False,False,,pending,True,False,False,,False,False,none,none,,1,0,False,False,preorigin_financial_industry_or_confirmed_baseline_ST
002433.SZ:2024,002433.SZ,2024-05-01,test,excluded,,12,0,0,False,False,,verified_nonfinancial,True,False,False,,False,False,none,none,,1,0,False,False,preorigin_financial_industry_or_confirmed_baseline_ST
002434.SZ:2017,002434.SZ,2017-05-01,train,pending,1203275171,12,12,0,True,True,0,verified_nonfinancial,True,True,True,2018-04-30,False,False,none,rule_based_source_checks_not_manual_review,annual_financial_certification,0,0,False,False,ST_history_label_and_input_certification_pending
002434.SZ:2018,002434.SZ,2018-05-01,train,pending,1204640144,12,12,0,True,True,0,verified_nonfinancial,True,True,True,2019-04-30,False,False,none,rule_based_source_checks_not_manual_review,annual_financial_certification,0,0,False,False,ST_history_label_and_input_certification_pending
002434.SZ:2019,002434.SZ,2019-05-01,train,pending,,12,0,0,False,False,0,verified_nonfinancial,True,True,True,2020-04-30,False,False,none,none,annual_financial_certification;annual_text_certification,0,0,False,False,ST_history_label_and_input_certification_pending
002434.SZ:2020,002434.SZ,2020-05-01,train,pending,,12,0,0,False,False,0,verified_nonfinancial,True,True,True,2021-04-30,False,False,none,none,annual_financial_certification;annual_text_certification,0,0,False,False,ST_history_label_and_input_certification_pending
002434.SZ:2021,002434.SZ,2021-05-01,train,pending,,12,0,0,False,False,0,verified_nonfinancial,True,True,True,2022-04-30,False,False,none,none,annual_financial_certification;annual_text_certification,0,0,False,False,ST_history_label_and_input_certification_pending
002434.SZ:2022,002434.SZ,2022-05-01,validation,pending,,12,0,0,False,False,0,verified_nonfinancial,True,True,True,2023-04-30,False,False,none,none,annual_financial_certification;annual_text_certification,0,0,False,False,ST_history_label_and_input_certification_pending
002434.SZ:2023,002434.SZ,2023-05-01,validation,pending,,12,0,0,False,False,0,pending,True,True,True,2024-04-30,False,False,none,none,historical_industry;annual_financial_certification;annual_text_certification,0,0,False,False,ST_history_label_and_input_certification_pending
002434.SZ:2024,002434.SZ,2024-05-01,test,pending,,12,0,0,False,False,0,verified_nonfinancial,True,True,True,2025-04-30,False,False,none,none,annual_financial_certification;annual_text_certification,0,0,False,False,ST_history_label_and_input_certification_pending
002434.SZ:2025,002434.SZ,2025-05-01,test,pending,,12,0,0,False,False,0,verified_nonfinancial,True,True,True,2026-04-30,False,False,none,none,annual_financial_certification;annual_text_certification,0,0,False,False,ST_history_label_and_input_certification_pending
002440.SZ:2017,002440.SZ,2017-05-01,train,pending,,12,0,0,False,False,0,verified_nonfinancial,True,True,True,2018-04-30,False,False,none,none,annual_financial_certification;annual_text_certification,0,0,False,False,ST_history_label_and_input_certification_pending
002440.SZ:2018,002440.SZ,2018-05-01,train,pending,,12,0,0,False,False,0,verified_nonfinancial,True,True,True,2019-04-30,False,False,none,none,annual_financial_certification;annual_text_certification,0,0,False,False,ST_history_label_and_input_certification_pending
002440.SZ:2019,002440.SZ,2019-05-01,train,pending,,12,0,0,False,False,0,verified_nonfinancial,True,True,True,2020-04-30,False,False,none,none,annual_financial_certification;annual_text_certification,0,0,False,False,ST_history_label_and_input_certification_pending
002440.SZ:2020,002440.SZ,2020-05-01,train,pending,,12,0,0,False,False,0,verified_nonfinancial,True,True,True,2021-04-30,False,False,none,none,annual_financial_certification;annual_text_certification,0,0,False,False,ST_history_label_and_input_certification_pending
002440.SZ:2021,002440.SZ,2021-05-01,train,pending,,12,0,0,False,False,0,verified_nonfinancial,True,True,True,2022-04-30,False,False,none,none,annual_financial_certification;annual_text_certification,0,0,False,False,ST_history_label_and_input_certification_pending
002440.SZ:2022,002440.SZ,2022-05-01,validation,pending,,12,0,0,False,False,0,verified_nonfinancial,True,True,True,2023-04-30,False,False,none,none,annual_financial_certification;annual_text_certification,0,0,False,False,ST_history_label_and_input_certification_pending
002440.SZ:2023,002440.SZ,2023-05-01,validation,pending,,12,0,0,False,False,0,pending,True,True,True,2024-04-30,False,False,none,none,historical_industry;annual_financial_certification;annual_text_certification,0,0,False,False,ST_history_label_and_input_certification_pending
002440.SZ:2024,002440.SZ,2024-05-01,test,pending,,12,0,0,False,False,0,verified_nonfinancial,True,True,True,2025-04-30,False,False,none,none,annual_financial_certification;annual_text_certification,0,0,False,False,ST_history_label_and_input_certification_pending
002440.SZ:2025,002440.SZ,2025-05-01,test,pending,,12,0,0,False,False,0,verified_nonfinancial,True,True,True,2026-04-30,False,False,none,none,annual_financial_certification;annual_text_certification,0,0,False,False,ST_history_label_and_input_certification_pending
002445.SZ:2017,002445.SZ,2017-05-01,train,pending,,12,0,0,False,False,0,verified_nonfinancial,True,True,True,2018-04-30,False,False,none,none,annual_financial_certification;annual_text_certification,0,0,False,False,ST_history_label_and_input_certification_pending
002445.SZ:2018,002445.SZ,2018-05-01,train,pending,,12,0,0,False,False,1,verified_nonfinancial,True,True,True,2018-10-31,False,False,none,none,annual_financial_certification;annual_text_certification,0,1,False,False,ST_history_label_and_input_certification_pending
002445.SZ:2019,002445.SZ,2019-05-01,train,excluded,,12,0,0,False,False,,verified_nonfinancial,True,False,False,,False,False,none,none,,1,0,False,False,preorigin_financial_industry_or_confirmed_baseline_ST
002445.SZ:2020,002445.SZ,2020-05-01,train,excluded,,12,0,0,False,False,,verified_nonfinancial,True,False,False,,False,False,none,none,,1,0,False,False,preorigin_financial_industry_or_confirmed_baseline_ST
002445.SZ:2021,002445.SZ,2021-05-01,train,excluded,,12,0,0,False,False,,verified_nonfinancial,True,False,False,,False,False,none,none,,1,0,False,False,preorigin_financial_industry_or_confirmed_baseline_ST
002445.SZ:2022,002445.SZ,2022-05-01,validation,pending,,12,0,0,False,False,0,verified_nonfinancial,True,True,True,2023-04-30,False,False,none,none,annual_financial_certification;annual_text_certification,0,0,False,False,ST_history_label_and_input_certification_pending
002445.SZ:2023,002445.SZ,2023-05-01,validation,pending,,12,0,0,False,False,0,pending,True,True,True,2024-04-30,False,False,none,none,historical_industry;annual_financial_certification;annual_text_certification,0,0,False,False,ST_history_label_and_input_certification_pending
002445.SZ:2024,002445.SZ,2024-05-01,test,pending,,12,0,0,False,False,0,verified_nonfinancial,True,True,True,2025-04-30,False,False,none,none,annual_financial_certification;annual_text_certification,0,0,False,False,ST_history_label_and_input_certification_pending
002445.SZ:2025,002445.SZ,2025-05-01,test,pending,,12,0,0,False,False,0,verified_nonfinancial,True,True,True,2026-04-30,False,False,none,none,annual_financial_certification;annual_text_certification,0,0,False,False,ST_history_label_and_input_certification_pending
002455.SZ:2017,002455.SZ,2017-05-01,train,pending,,12,0,0,False,False,0,verified_nonfinancial,True,True,True,2018-04-30,False,False,none,none,annual_financial_certification;annual_text_certification,0,0,False,False,ST_history_label_and_input_certification_pending
002455.SZ:2018,002455.SZ,2018-05-01,train,pending,,12,0,0,False,False,0,verified_nonfinancial,True,True,True,2019-04-30,False,False,none,none,annual_financial_certification;annual_text_certification,0,0,False,False,ST_history_label_and_input_certification_pending
002455.SZ:2019,002455.SZ,2019-05-01,train,pending,,12,0,0,False,False,0,verified_nonfinancial,True,True,True,2020-04-30,False,False,none,none,annual_financial_certification;annual_text_certification,0,0,False,False,ST_history_label_and_input_certification_pending
002455.SZ:2020,002455.SZ,2020-05-01,train,pending,,12,0,0,False,False,0,verified_nonfinancial,True,True,True,2021-04-30,False,False,none,none,annual_financial_certification;annual_text_certification,0,0,False,False,ST_history_label_and_input_certification_pending
002455.SZ:2021,002455.SZ,2021-05-01,train,pending,,12,0,0,False,False,0,verified_nonfinancial,True,True,True,2022-04-30,False,False,none,none,annual_financial_certification;annual_text_certification,0,0,False,False,ST_history_label_and_input_certification_pending
002455.SZ:2022,002455.SZ,2022-05-01,validation,pending,,12,0,0,False,False,0,verified_nonfinancial,True,True,True,2023-04-30,False,False,none,none,annual_financial_certification;annual_text_certification,0,0,False,False,ST_history_label_and_input_certification_pending
002455.SZ:2023,002455.SZ,2023-05-01,validation,pending,,12,0,0,False,False,0,pending,True,True,True,2024-04-30,False,False,none,none,historical_industry;annual_financial_certification;annual_text_certification,0,0,False,False,ST_history_label_and_input_certification_pending
002455.SZ:2024,002455.SZ,2024-05-01,test,pending,,12,0,0,False,False,0,verified_nonfinancial,True,True,True,2025-04-30,False,False,none,none,annual_financial_certification;annual_text_certification,0,0,False,False,ST_history_label_and_input_certification_pending
002455.SZ:2025,002455.SZ,2025-05-01,test,pending,,12,0,0,False,False,0,verified_nonfinancial,True,True,True,2026-04-30,False,False,none,none,annual_financial_certification;annual_text_certification,0,0,False,False,ST_history_label_and_input_certification_pending
002460.SZ:2017,002460.SZ,2017-05-01,train,pending,,12,0,0,False,False,0,verified_nonfinancial,True,True,True,2018-04-30,False,False,none,none,annual_financial_certification;annual_text_certification,0,0,False,False,ST_history_label_and_input_certification_pending
002460.SZ:2018,002460.SZ,2018-05-01,train,pending,,12,0,0,False,False,0,verified_nonfinancial,True,True,True,2019-04-30,False,False,none,none,annual_financial_certification;annual_text_certification,0,0,False,False,ST_history_label_and_input_certification_pending
002460.SZ:2019,002460.SZ,2019-05-01,train,pending,,12,0,0,False,False,0,verified_nonfinancial,True,True,True,2020-04-30,False,False,none,none,annual_financial_certification;annual_text_certification,0,0,False,False,ST_history_label_and_input_certification_pending
002460.SZ:2020,002460.SZ,2020-05-01,train,pending,,12,0,0,False,False,0,verified_nonfinancial,True,True,True,2021-04-30,False,False,none,none,annual_financial_certification;annual_text_certification,0,0,False,False,ST_history_label_and_input_certification_pending
002460.SZ:2021,002460.SZ,2021-05-01,train,pending,,12,0,0,False,False,0,verified_nonfinancial,True,True,True,2022-04-30,False,False,none,none,annual_financial_certification;annual_text_certification,0,0,False,False,ST_history_label_and_input_certification_pending
002460.SZ:2022,002460.SZ,2022-05-01,validation,pending,,12,0,0,False,False,0,verified_nonfinancial,True,True,True,2023-04-30,False,False,none,none,annual_financial_certification;annual_text_certification,0,0,False,False,ST_history_label_and_input_certification_pending
002460.SZ:2023,002460.SZ,2023-05-01,validation,pending,,12,0,0,False,False,0,pending,True,True,True,2024-04-30,False,False,none,none,historical_industry;annual_financial_certification;annual_text_certification,0,0,False,False,ST_history_label_and_input_certification_pending
002460.SZ:2024,002460.SZ,2024-05-01,test,pending,,12,0,0,False,False,0,verified_nonfinancial,True,True,True,2025-04-30,False,False,none,none,annual_financial_certification;annual_text_certification,0,0,False,False,ST_history_label_and_input_certification_pending
002460.SZ:2025,002460.SZ,2025-05-01,test,pending,,12,0,0,False,False,0,verified_nonfinancial,True,True,True,2026-04-30,False,False,none,none,annual_financial_certification;annual_text_certification,0,0,False,False,ST_history_label_and_input_certification_pending
002467.SZ:2017,002467.SZ,2017-05-01,train,pending,,12,0,0,False,False,0,verified_nonfinancial,True,True,True,2018-04-30,False,False,none,none,annual_financial_certification;annual_text_certification,0,0,False,False,ST_history_label_and_input_certification_pending
002467.SZ:2018,002467.SZ,2018-05-01,train,pending,,12,0,0,False,False,0,verified_nonfinancial,True,True,True,2019-04-30,False,False,none,none,annual_financial_certification;annual_text_certification,0,0,False,False,ST_history_label_and_input_certification_pending
002467.SZ:2019,002467.SZ,2019-05-01,train,pending,,12,0,0,False,False,0,verified_nonfinancial,True,True,True,2020-04-30,False,False,none,none,annual_financial_certification;annual_text_certification,0,0,False,False,ST_history_label_and_input_certification_pending
002467.SZ:2020,002467.SZ,2020-05-01,train,pending,,12,0,0,False,False,0,verified_nonfinancial,True,True,True,2021-04-30,False,False,none,none,annual_financial_certification;annual_text_certification,0,0,False,False,ST_history_label_and_input_certification_pending
002467.SZ:2021,002467.SZ,2021-05-01,train,pending,,12,0,0,False,False,0,verified_nonfinancial,True,True,True,2022-04-30,False,False,none,none,annual_financial_certification;annual_text_certification,0,0,False,False,ST_history_label_and_input_certification_pending
002467.SZ:2022,002467.SZ,2022-05-01,validation,pending,,12,0,0,False,False,0,verified_nonfinancial,True,True,True,2023-04-30,False,False,none,none,annual_financial_certification;annual_text_certification,0,0,False,False,ST_history_label_and_input_certification_pending
002467.SZ:2023,002467.SZ,2023-05-01,validation,pending,,12,0,0,False,False,0,pending,True,True,True,2024-04-30,False,False,none,none,historical_industry;annual_financial_certification;annual_text_certification,0,0,False,False,ST_history_label_and_input_certification_pending
002467.SZ:2024,002467.SZ,2024-05-01,test,pending,,12,0,0,False,False,0,verified_nonfinancial,True,True,True,2025-04-30,False,False,none,none,annual_financial_certification;annual_text_certification,0,0,False,False,ST_history_label_and_input_certification_pending
002467.SZ:2025,002467.SZ,2025-05-01,test,pending,,12,0,0,False,False,0,verified_nonfinancial,True,True,True,2026-04-30,False,False,none,none,annual_financial_certification;annual_text_certification,0,0,False,False,ST_history_label_and_input_certification_pending
002470.SZ:2017,002470.SZ,2017-05-01,train,pending,,12,0,0,False,False,0,verified_nonfinancial,True,True,True,2018-04-30,False,False,none,none,annual_financial_certification;annual_text_certification,0,0,False,False,ST_history_label_and_input_certification_pending
002470.SZ:2018,002470.SZ,2018-05-01,train,pending,,12,0,0,False,False,0,verified_nonfinancial,True,True,True,2019-04-30,False,False,none,none,annual_financial_certification;annual_text_certification,0,0,False,False,ST_history_label_and_input_certification_pending
002470.SZ:2019,002470.SZ,2019-05-01,train,pending,,12,0,0,False,False,0,verified_nonfinancial,True,True,True,2020-04-30,False,False,none,none,annual_financial_certification;annual_text_certification,0,0,False,False,ST_history_label_and_input_certification_pending
002470.SZ:2020,002470.SZ,2020-05-01,train,pending,,12,0,0,False,False,1,verified_nonfinancial,True,True,True,2020-07-01,False,False,none,none,annual_financial_certification;annual_text_certification,0,1,False,False,ST_history_label_and_input_certification_pending
002470.SZ:2021,002470.SZ,2021-05-01,train,excluded,,12,0,0,False,False,,verified_nonfinancial,True,False,False,,False,False,none,none,,1,0,False,False,preorigin_financial_industry_or_confirmed_baseline_ST
002470.SZ:2022,002470.SZ,2022-05-01,validation,excluded,,12,0,0,False,False,,verified_nonfinancial,True,False,False,,False,False,none,none,,1,0,False,False,preorigin_financial_industry_or_confirmed_baseline_ST
002470.SZ:2023,002470.SZ,2023-05-01,validation,excluded,,12,0,0,False,False,,pending,True,False,False,,False,False,none,none,,1,0,False,False,preorigin_financial_industry_or_confirmed_baseline_ST
002470.SZ:2024,002470.SZ,2024-05-01,test,pending,,12,0,0,False,False,0,verified_nonfinancial,True,True,True,2025-04-30,False,False,none,none,annual_financial_certification;annual_text_certification,0,0,False,False,ST_history_label_and_input_certification_pending
002470.SZ:2025,002470.SZ,2025-05-01,test,pending,,12,0,0,False,False,0,verified_nonfinancial,True,True,True,2026-04-30,False,False,none,none,annual_financial_certification;annual_text_certification,0,0,False,False,ST_history_label_and_input_certification_pending
002479.SZ:2017,002479.SZ,2017-05-01,train,pending,,12,0,0,False,False,0,verified_nonfinancial,True,True,True,2018-04-30,False,False,none,none,annual_financial_certification;annual_text_certification,0,0,False,False,ST_history_label_and_input_certification_pending
002479.SZ:2018,002479.SZ,2018-05-01,train,pending,,12,0,0,False,False,0,verified_nonfinancial,True,True,True,2019-04-30,False,False,none,none,annual_financial_certification;annual_text_certification,0,0,False,False,ST_history_label_and_input_certification_pending
002479.SZ:2019,002479.SZ,2019-05-01,train,pending,,12,0,0,False,False,0,verified_nonfinancial,True,True,True,2020-04-30,False,False,none,none,annual_financial_certification;annual_text_certification,0,0,False,False,ST_history_label_and_input_certification_pending
002479.SZ:2020,002479.SZ,2020-05-01,train,pending,,12,0,0,False,False,0,verified_nonfinancial,True,True,True,2021-04-30,False,False,none,none,annual_financial_certification;annual_text_certification,0,0,False,False,ST_history_label_and_input_certification_pending
002479.SZ:2021,002479.SZ,2021-05-01,train,pending,,12,0,0,False,False,0,verified_nonfinancial,True,True,True,2022-04-30,False,False,none,none,annual_financial_certification;annual_text_certification,0,0,False,False,ST_history_label_and_input_certification_pending
002479.SZ:2022,002479.SZ,2022-05-01,validation,pending,,12,0,0,False,False,0,verified_nonfinancial,True,True,True,2023-04-30,False,False,none,none,annual_financial_certification;annual_text_certification,0,0,False,False,ST_history_label_and_input_certification_pending
002479.SZ:2023,002479.SZ,2023-05-01,validation,pending,,12,0,0,False,False,0,pending,True,True,True,2024-04-30,False,False,none,none,historical_industry;annual_financial_certification;annual_text_certification,0,0,False,False,ST_history_label_and_input_certification_pending
002479.SZ:2024,002479.SZ,2024-05-01,test,pending,,12,0,0,False,False,0,verified_nonfinancial,True,True,True,2025-04-30,False,False,none,none,annual_financial_certification;annual_text_certification,0,0,False,False,ST_history_label_and_input_certification_pending
002479.SZ:2025,002479.SZ,2025-05-01,test,pending,,12,0,0,False,False,0,verified_nonfinancial,True,True,True,2026-04-30,False,False,none,none,annual_financial_certification;annual_text_certification,0,0,False,False,ST_history_label_and_input_certification_pending
002484.SZ:2017,002484.SZ,2017-05-01,train,pending,,12,0,0,False,False,0,verified_nonfinancial,True,True,True,2018-04-30,False,False,none,none,annual_financial_certification;annual_text_certification,0,0,False,False,ST_history_label_and_input_certification_pending
002484.SZ:2018,002484.SZ,2018-05-01,train,pending,,12,0,0,False,False,0,verified_nonfinancial,True,True,True,2019-04-30,False,False,none,none,annual_financial_certification;annual_text_certification,0,0,False,False,ST_history_label_and_input_certification_pending
002484.SZ:2019,002484.SZ,2019-05-01,train,pending,,12,0,0,False,False,0,verified_nonfinancial,True,True,True,2020-04-30,False,False,none,none,annual_financial_certification;annual_text_certification,0,0,False,False,ST_history_label_and_input_certification_pending
002484.SZ:2020,002484.SZ,2020-05-01,train,pending,,12,0,0,False,False,0,verified_nonfinancial,True,True,True,2021-04-30,False,False,none,none,annual_financial_certification;annual_text_certification,0,0,False,False,ST_history_label_and_input_certification_pending
002484.SZ:2021,002484.SZ,2021-05-01,train,pending,,12,0,0,False,False,0,verified_nonfinancial,True,True,True,2022-04-30,False,False,none,none,annual_financial_certification;annual_text_certification,0,0,False,False,ST_history_label_and_input_certification_pending
002484.SZ:2022,002484.SZ,2022-05-01,validation,pending,,12,0,0,False,False,0,verified_nonfinancial,True,True,True,2023-04-30,False,False,none,none,annual_financial_certification;annual_text_certification,0,0,False,False,ST_history_label_and_input_certification_pending
002484.SZ:2023,002484.SZ,2023-05-01,validation,pending,,12,0,0,False,False,0,pending,True,True,True,2024-04-30,False,False,none,none,historical_industry;annual_financial_certification;annual_text_certification,0,0,False,False,ST_history_label_and_input_certification_pending
002484.SZ:2024,002484.SZ,2024-05-01,test,pending,,12,0,0,False,False,0,verified_nonfinancial,True,True,True,2025-04-30,False,False,none,none,annual_financial_certification;annual_text_certification,0,0,False,False,ST_history_label_and_input_certification_pending
002484.SZ:2025,002484.SZ,2025-05-01,test,pending,,12,0,0,False,False,0,verified_nonfinancial,True,True,True,2026-04-30,False,False,none,none,annual_financial_certification;annual_text_certification,0,0,False,False,ST_history_label_and_input_certification_pending
002492.SZ:2017,002492.SZ,2017-05-01,train,pending,,12,0,0,False,False,0,verified_nonfinancial,True,True,True,2018-04-30,False,False,none,none,annual_financial_certification;annual_text_certification,0,0,False,False,ST_history_label_and_input_certification_pending
002492.SZ:2018,002492.SZ,2018-05-01,train,pending,,12,0,0,False,False,0,verified_nonfinancial,True,True,True,2019-04-30,False,False,none,none,annual_financial_certification;annual_text_certification,0,0,False,False,ST_history_label_and_input_certification_pending
002492.SZ:2019,002492.SZ,2019-05-01,train,pending,,12,0,0,False,False,0,verified_nonfinancial,True,True,True,2020-04-30,False,False,none,none,annual_financial_certification;annual_text_certification,0,0,False,False,ST_history_label_and_input_certification_pending
002492.SZ:2020,002492.SZ,2020-05-01,train,pending,,12,0,0,False,False,0,verified_nonfinancial,True,True,True,2021-04-30,False,False,none,none,annual_financial_certification;annual_text_certification,0,0,False,False,ST_history_label_and_input_certification_pending
002492.SZ:2021,002492.SZ,2021-05-01,train,pending,,12,0,0,False,False,0,verified_nonfinancial,True,True,True,2022-04-30,False,False,none,none,annual_financial_certification;annual_text_certification,0,0,False,False,ST_history_label_and_input_certification_pending
002492.SZ:2022,002492.SZ,2022-05-01,validation,pending,,12,0,0,False,False,0,verified_nonfinancial,True,True,True,2023-04-30,False,False,none,none,annual_financial_certification;annual_text_certification,0,0,False,False,ST_history_label_and_input_certification_pending
002492.SZ:2023,002492.SZ,2023-05-01,validation,pending,,12,0,0,False,False,0,pending,True,True,True,2024-04-30,False,False,none,none,historical_industry;annual_financial_certification;annual_text_certification,0,0,False,False,ST_history_label_and_input_certification_pending
002492.SZ:2024,002492.SZ,2024-05-01,test,pending,,12,0,0,False,False,0,verified_nonfinancial,True,True,True,2025-04-30,False,False,none,none,annual_financial_certification;annual_text_certification,0,0,False,False,ST_history_label_and_input_certification_pending
002492.SZ:2025,002492.SZ,2025-05-01,test,pending,,12,0,0,False,False,0,verified_nonfinancial,True,True,True,2026-04-30,False,False,none,none,annual_financial_certification;annual_text_certification,0,0,False,False,ST_history_label_and_input_certification_pending
002513.SZ:2017,002513.SZ,2017-05-01,train,pending,,12,0,0,False,False,0,verified_nonfinancial,True,True,True,2018-04-30,False,False,none,none,annual_financial_certification;annual_text_certification,0,0,False,False,ST_history_label_and_input_certification_pending
002513.SZ:2018,002513.SZ,2018-05-01,train,pending,,12,0,0,False,False,0,verified_nonfinancial,True,True,True,2019-04-30,False,False,none,none,annual_financial_certification;annual_text_certification,0,0,False,False,ST_history_label_and_input_certification_pending
002513.SZ:2019,002513.SZ,2019-05-01,train,pending,,12,0,0,False,False,1,verified_nonfinancial,True,True,True,2020-04-29,False,False,none,none,annual_financial_certification;annual_text_certification,0,1,False,False,ST_history_label_and_input_certification_pending
002513.SZ:2020,002513.SZ,2020-05-01,train,excluded,,12,0,0,False,False,,verified_nonfinancial,True,False,False,,False,False,none,none,,1,0,False,False,preorigin_financial_industry_or_confirmed_baseline_ST
002513.SZ:2021,002513.SZ,2021-05-01,train,excluded,,12,0,0,False,False,,verified_nonfinancial,True,False,False,,False,False,none,none,,1,0,False,False,preorigin_financial_industry_or_confirmed_baseline_ST
002513.SZ:2022,002513.SZ,2022-05-01,validation,pending,,12,0,0,False,False,0,verified_nonfinancial,True,True,True,2023-04-30,False,False,none,none,annual_financial_certification;annual_text_certification,0,0,False,False,ST_history_label_and_input_certification_pending
002513.SZ:2023,002513.SZ,2023-05-01,validation,pending,,12,0,0,False,False,0,pending,True,True,True,2024-04-30,False,False,none,none,historical_industry;annual_financial_certification;annual_text_certification,0,0,False,False,ST_history_label_and_input_certification_pending
002513.SZ:2024,002513.SZ,2024-05-01,test,pending,,12,0,0,False,False,0,verified_nonfinancial,True,True,True,2025-04-30,False,False,none,none,annual_financial_certification;annual_text_certification,0,0,False,False,ST_history_label_and_input_certification_pending
002513.SZ:2025,002513.SZ,2025-05-01,test,pending,,12,0,0,False,False,0,verified_nonfinancial,True,True,True,2026-04-30,False,False,none,none,annual_financial_certification;annual_text_certification,0,0,False,False,ST_history_label_and_input_certification_pending
002519.SZ:2017,002519.SZ,2017-05-01,train,pending,,12,0,0,False,False,0,verified_nonfinancial,True,True,True,2018-04-30,False,False,none,none,annual_financial_certification;annual_text_certification,0,0,False,False,ST_history_label_and_input_certification_pending
002519.SZ:2018,002519.SZ,2018-05-01,train,pending,,12,0,0,False,False,0,verified_nonfinancial,True,True,True,2019-04-30,False,False,none,none,annual_financial_certification;annual_text_certification,0,0,False,False,ST_history_label_and_input_certification_pending
002519.SZ:2019,002519.SZ,2019-05-01,train,pending,,12,0,0,False,False,0,verified_nonfinancial,True,True,True,2020-04-30,False,False,none,none,annual_financial_certification;annual_text_certification,0,0,False,False,ST_history_label_and_input_certification_pending
002519.SZ:2020,002519.SZ,2020-05-01,train,pending,,12,0,0,False,False,0,verified_nonfinancial,True,True,True,2021-04-30,False,False,none,none,annual_financial_certification;annual_text_certification,0,0,False,False,ST_history_label_and_input_certification_pending
002519.SZ:2021,002519.SZ,2021-05-01,train,pending,,12,0,0,False,False,0,verified_nonfinancial,True,True,True,2022-04-30,False,False,none,none,annual_financial_certification;annual_text_certification,0,0,False,False,ST_history_label_and_input_certification_pending
002519.SZ:2022,002519.SZ,2022-05-01,validation,pending,,12,0,0,False,False,0,verified_nonfinancial,True,True,True,2023-04-30,False,False,none,none,annual_financial_certification;annual_text_certification,0,0,False,False,ST_history_label_and_input_certification_pending
002519.SZ:2023,002519.SZ,2023-05-01,validation,pending,,12,0,0,False,False,0,pending,True,True,True,2024-04-30,False,False,none,none,historical_industry;annual_financial_certification;annual_text_certification,0,0,False,False,ST_history_label_and_input_certification_pending
002519.SZ:2024,002519.SZ,2024-05-01,test,pending,,12,0,0,False,False,0,verified_nonfinancial,True,True,True,2025-04-30,False,False,none,none,annual_financial_certification;annual_text_certification,0,0,False,False,ST_history_label_and_input_certification_pending
002519.SZ:2025,002519.SZ,2025-05-01,test,pending,,12,0,0,False,False,0,verified_nonfinancial,True,True,True,2026-04-30,False,False,none,none,annual_financial_certification;annual_text_certification,0,0,False,False,ST_history_label_and_input_certification_pending
002520.SZ:2017,002520.SZ,2017-05-01,train,pending,,12,0,0,False,False,0,verified_nonfinancial,True,True,True,2018-04-30,False,False,none,none,annual_financial_certification;annual_text_certification,0,0,False,False,ST_history_label_and_input_certification_pending
002520.SZ:2018,002520.SZ,2018-05-01,train,pending,,12,0,0,False,False,0,verified_nonfinancial,True,True,True,2019-04-30,False,False,none,none,annual_financial_certification;annual_text_certification,0,0,False,False,ST_history_label_and_input_certification_pending
002520.SZ:2019,002520.SZ,2019-05-01,train,pending,,12,0,0,False,False,0,verified_nonfinancial,True,True,True,2020-04-30,False,False,none,none,annual_financial_certification;annual_text_certification,0,0,False,False,ST_history_label_and_input_certification_pending
002520.SZ:2020,002520.SZ,2020-05-01,train,pending,,12,0,0,False,False,0,verified_nonfinancial,True,True,True,2021-04-30,False,False,none,none,annual_financial_certification;annual_text_certification,0,0,False,False,ST_history_label_and_input_certification_pending
002520.SZ:2021,002520.SZ,2021-05-01,train,pending,,12,0,0,False,False,0,verified_nonfinancial,True,True,True,2022-04-30,False,False,none,none,annual_financial_certification;annual_text_certification,0,0,False,False,ST_history_label_and_input_certification_pending
002520.SZ:2022,002520.SZ,2022-05-01,validation,pending,,12,0,0,False,False,0,verified_nonfinancial,True,True,True,2023-04-30,False,False,none,none,annual_financial_certification;annual_text_certification,0,0,False,False,ST_history_label_and_input_certification_pending
002520.SZ:2023,002520.SZ,2023-05-01,validation,pending,,12,0,0,False,False,0,pending,True,True,True,2024-04-30,False,False,none,none,historical_industry;annual_financial_certification;annual_text_certification,0,0,False,False,ST_history_label_and_input_certification_pending
002520.SZ:2024,002520.SZ,2024-05-01,test,pending,,12,0,0,False,False,0,verified_nonfinancial,True,True,True,2025-04-30,False,False,none,none,annual_financial_certification;annual_text_certification,0,0,False,False,ST_history_label_and_input_certification_pending
002520.SZ:2025,002520.SZ,2025-05-01,test,pending,,12,0,0,False,False,0,verified_nonfinancial,True,True,True,2026-04-30,False,False,none,none,annual_financial_certification;annual_text_certification,0,0,False,False,ST_history_label_and_input_certification_pending
002524.SZ:2017,002524.SZ,2017-05-01,train,pending,,12,0,0,False,False,0,verified_nonfinancial,True,True,True,2018-04-30,False,False,none,none,annual_financial_certification;annual_text_certification,0,0,False,False,ST_history_label_and_input_certification_pending
002524.SZ:2018,002524.SZ,2018-05-01,train,pending,,12,0,0,False,False,0,verified_nonfinancial,True,True,True,2019-04-30,False,False,none,none,annual_financial_certification;annual_text_certification,0,0,False,False,ST_history_label_and_input_certification_pending
002524.SZ:2019,002524.SZ,2019-05-01,train,pending,,12,0,0,False,False,0,verified_nonfinancial,True,True,True,2020-04-30,False,False,none,none,annual_financial_certification;annual_text_certification,0,0,False,False,ST_history_label_and_input_certification_pending
002524.SZ:2020,002524.SZ,2020-05-01,train,pending,,12,0,0,False,False,0,verified_nonfinancial,True,True,True,2021-04-30,False,False,none,none,annual_financial_certification;annual_text_certification,0,0,False,False,ST_history_label_and_input_certification_pending
002524.SZ:2021,002524.SZ,2021-05-01,train,pending,,12,0,0,False,False,0,verified_nonfinancial,True,True,True,2022-04-30,False,False,none,none,annual_financial_certification;annual_text_certification,0,0,False,False,ST_history_label_and_input_certification_pending
002524.SZ:2022,002524.SZ,2022-05-01,validation,pending,,12,0,0,False,False,0,verified_nonfinancial,True,True,True,2023-04-30,False,False,none,none,annual_financial_certification;annual_text_certification,0,0,False,False,ST_history_label_and_input_certification_pending
002524.SZ:2023,002524.SZ,2023-05-01,validation,pending,,12,0,0,False,False,0,pending,True,True,True,2024-04-30,False,False,none,none,historical_industry;annual_financial_certification;annual_text_certification,0,0,False,False,ST_history_label_and_input_certification_pending
002524.SZ:2024,002524.SZ,2024-05-01,test,pending,,12,0,0,False,False,0,verified_nonfinancial,True,True,True,2025-04-30,False,False,none,none,annual_financial_certification;annual_text_certification,0,0,False,False,ST_history_label_and_input_certification_pending
002524.SZ:2025,002524.SZ,2025-05-01,test,pending,,12,0,0,False,False,0,verified_nonfinancial,True,True,True,2026-04-30,False,False,none,none,annual_financial_certification;annual_text_certification,0,0,False,False,ST_history_label_and_input_certification_pending
002526.SZ:2017,002526.SZ,2017-05-01,train,pending,,12,0,0,False,False,0,verified_nonfinancial,True,True,True,2018-04-30,False,False,none,none,annual_financial_certification;annual_text_certification,0,0,False,False,ST_history_label_and_input_certification_pending
002526.SZ:2018,002526.SZ,2018-05-01,train,pending,,12,0,0,False,False,0,verified_nonfinancial,True,True,True,2019-04-30,False,False,none,none,annual_financial_certification;annual_text_certification,0,0,False,False,ST_history_label_and_input_certification_pending
002526.SZ:2019,002526.SZ,2019-05-01,train,pending,,12,0,0,False,False,0,verified_nonfinancial,True,True,True,2020-04-30,False,False,none,none,annual_financial_certification;annual_text_certification,0,0,False,False,ST_history_label_and_input_certification_pending
002526.SZ:2020,002526.SZ,2020-05-01,train,pending,,12,0,0,False,False,0,verified_nonfinancial,True,True,True,2021-04-30,False,False,none,none,annual_financial_certification;annual_text_certification,0,0,False,False,ST_history_label_and_input_certification_pending
002526.SZ:2021,002526.SZ,2021-05-01,train,pending,,12,0,0,False,False,0,verified_nonfinancial,True,True,True,2022-04-30,False,False,none,none,annual_financial_certification;annual_text_certification,0,0,False,False,ST_history_label_and_input_certification_pending
002526.SZ:2022,002526.SZ,2022-05-01,validation,pending,,12,0,0,False,False,0,verified_nonfinancial,True,True,True,2023-04-30,False,False,none,none,annual_financial_certification;annual_text_certification,0,0,False,False,ST_history_label_and_input_certification_pending
002526.SZ:2023,002526.SZ,2023-05-01,validation,pending,,12,0,0,False,False,0,pending,True,True,True,2024-04-30,False,False,none,none,historical_industry;annual_financial_certification;annual_text_certification,0,0,False,False,ST_history_label_and_input_certification_pending
002526.SZ:2024,002526.SZ,2024-05-01,test,pending,,12,0,0,False,False,0,verified_nonfinancial,True,True,True,2025-04-30,False,False,none,none,annual_financial_certification;annual_text_certification,0,0,False,False,ST_history_label_and_input_certification_pending
002526.SZ:2025,002526.SZ,2025-05-01,test,pending,,12,0,0,False,False,0,verified_nonfinancial,True,True,True,2026-04-30,False,False,none,none,annual_financial_certification;annual_text_certification,0,0,False,False,ST_history_label_and_input_certification_pending
002531.SZ:2017,002531.SZ,2017-05-01,train,pending,,12,0,0,False,False,0,verified_nonfinancial,True,True,True,2018-04-30,False,False,none,none,annual_financial_certification;annual_text_certification,0,0,False,False,ST_history_label_and_input_certification_pending
002531.SZ:2018,002531.SZ,2018-05-01,train,pending,,12,0,0,False,False,0,verified_nonfinancial,True,True,True,2019-04-30,False,False,none,none,annual_financial_certification;annual_text_certification,0,0,False,False,ST_history_label_and_input_certification_pending
002531.SZ:2019,002531.SZ,2019-05-01,train,pending,,12,0,0,False,False,0,verified_nonfinancial,True,True,True,2020-04-30,False,False,none,none,annual_financial_certification;annual_text_certification,0,0,False,False,ST_history_label_and_input_certification_pending
002531.SZ:2020,002531.SZ,2020-05-01,train,pending,,12,0,0,False,False,0,verified_nonfinancial,True,True,True,2021-04-30,False,False,none,none,annual_financial_certification;annual_text_certification,0,0,False,False,ST_history_label_and_input_certification_pending
002531.SZ:2021,002531.SZ,2021-05-01,train,pending,,12,0,0,False,False,0,verified_nonfinancial,True,True,True,2022-04-30,False,False,none,none,annual_financial_certification;annual_text_certification,0,0,False,False,ST_history_label_and_input_certification_pending
002531.SZ:2022,002531.SZ,2022-05-01,validation,pending,,12,0,0,False,False,0,verified_nonfinancial,True,True,True,2023-04-30,False,False,none,none,annual_financial_certification;annual_text_certification,0,0,False,False,ST_history_label_and_input_certification_pending
002531.SZ:2023,002531.SZ,2023-05-01,validation,pending,,12,0,0,False,False,0,pending,True,True,True,2024-04-30,False,False,none,none,historical_industry;annual_financial_certification;annual_text_certification,0,0,False,False,ST_history_label_and_input_certification_pending
002531.SZ:2024,002531.SZ,2024-05-01,test,pending,,12,0,0,False,False,0,verified_nonfinancial,True,True,True,2025-04-30,False,False,none,none,annual_financial_certification;annual_text_certification,0,0,False,False,ST_history_label_and_input_certification_pending
002531.SZ:2025,002531.SZ,2025-05-01,test,pending,,12,0,0,False,False,0,verified_nonfinancial,True,True,True,2026-04-30,False,False,none,none,annual_financial_certification;annual_text_certification,0,0,False,False,ST_history_label_and_input_certification_pending
002540.SZ:2017,002540.SZ,2017-05-01,train,pending,,12,0,0,False,False,0,verified_nonfinancial,True,True,True,2018-04-30,False,False,none,none,annual_financial_certification;annual_text_certification,0,0,False,False,ST_history_label_and_input_certification_pending
002540.SZ:2018,002540.SZ,2018-05-01,train,pending,,12,0,0,False,False,0,verified_nonfinancial,True,True,True,2019-04-30,False,False,none,none,annual_financial_certification;annual_text_certification,0,0,False,False,ST_history_label_and_input_certification_pending
002540.SZ:2019,002540.SZ,2019-05-01,train,pending,,12,0,0,False,False,0,verified_nonfinancial,True,True,True,2020-04-30,False,False,none,none,annual_financial_certification;annual_text_certification,0,0,False,False,ST_history_label_and_input_certification_pending
002540.SZ:2020,002540.SZ,2020-05-01,train,pending,,12,0,0,False,False,0,verified_nonfinancial,True,True,True,2021-04-30,False,False,none,none,annual_financial_certification;annual_text_certification,0,0,False,False,ST_history_label_and_input_certification_pending
002540.SZ:2021,002540.SZ,2021-05-01,train,pending,,12,0,0,False,False,0,verified_nonfinancial,True,True,True,2022-04-30,False,False,none,none,annual_financial_certification;annual_text_certification,0,0,False,False,ST_history_label_and_input_certification_pending
002540.SZ:2022,002540.SZ,2022-05-01,validation,pending,,12,0,0,False,False,0,verified_nonfinancial,True,True,True,2023-04-30,False,False,none,none,annual_financial_certification;annual_text_certification,0,0,False,False,ST_history_label_and_input_certification_pending
002540.SZ:2023,002540.SZ,2023-05-01,validation,pending,,12,0,0,False,False,0,pending,True,True,True,2024-04-30,False,False,none,none,historical_industry;annual_financial_certification;annual_text_certification,0,0,False,False,ST_history_label_and_input_certification_pending
002540.SZ:2024,002540.SZ,2024-05-01,test,pending,,12,0,0,False,False,0,verified_nonfinancial,True,True,True,2025-04-30,False,False,none,none,annual_financial_certification;annual_text_certification,0,0,False,False,ST_history_label_and_input_certification_pending
002540.SZ:2025,002540.SZ,2025-05-01,test,pending,,12,0,0,False,False,0,verified_nonfinancial,True,True,True,2026-04-30,False,False,none,none,annual_financial_certification;annual_text_certification,0,0,False,False,ST_history_label_and_input_certification_pending
002542.SZ:2017,002542.SZ,2017-05-01,train,pending,,12,0,0,False,False,0,verified_nonfinancial,True,True,True,2018-04-30,False,False,none,none,annual_financial_certification;annual_text_certification,0,0,False,False,ST_history_label_and_input_certification_pending
002542.SZ:2018,002542.SZ,2018-05-01,train,pending,,12,0,0,False,False,0,verified_nonfinancial,True,True,True,2019-04-30,False,False,none,none,annual_financial_certification;annual_text_certification,0,0,False,False,ST_history_label_and_input_certification_pending
002542.SZ:2019,002542.SZ,2019-05-01,train,pending,,12,0,0,False,False,0,verified_nonfinancial,True,True,True,2020-04-30,False,False,none,none,annual_financial_certification;annual_text_certification,0,0,False,False,ST_history_label_and_input_certification_pending
002542.SZ:2020,002542.SZ,2020-05-01,train,pending,,12,0,0,False,False,0,verified_nonfinancial,True,True,True,2021-04-30,False,False,none,none,annual_financial_certification;annual_text_certification,0,0,False,False,ST_history_label_and_input_certification_pending
002542.SZ:2021,002542.SZ,2021-05-01,train,pending,,12,0,0,False,False,0,verified_nonfinancial,True,True,True,2022-04-30,False,False,none,none,annual_financial_certification;annual_text_certification,0,0,False,False,ST_history_label_and_input_certification_pending
002542.SZ:2022,002542.SZ,2022-05-01,validation,pending,,12,0,0,False,False,0,verified_nonfinancial,True,True,True,2023-04-30,False,False,none,none,annual_financial_certification;annual_text_certification,0,0,False,False,ST_history_label_and_input_certification_pending
002542.SZ:2023,002542.SZ,2023-05-01,validation,pending,,12,0,0,False,False,0,pending,True,True,True,2024-04-30,False,False,none,none,historical_industry;annual_financial_certification;annual_text_certification,0,0,False,False,ST_history_label_and_input_certification_pending
002542.SZ:2024,002542.SZ,2024-05-01,test,pending,,12,0,0,False,False,0,verified_nonfinancial,True,True,True,2025-04-30,False,False,none,none,annual_financial_certification;annual_text_certification,0,0,False,False,ST_history_label_and_input_certification_pending
002542.SZ:2025,002542.SZ,2025-05-01,test,pending,,12,0,0,False,False,1,verified_nonfinancial,True,True,True,2026-04-21,False,False,none,none,annual_financial_certification;annual_text_certification,0,1,False,False,ST_history_label_and_input_certification_pending
002543.SZ:2017,002543.SZ,2017-05-01,train,pending,,12,0,0,False,False,0,verified_nonfinancial,True,True,True,2018-04-30,False,False,none,none,annual_financial_certification;annual_text_certification,0,0,False,False,ST_history_label_and_input_certification_pending
002543.SZ:2018,002543.SZ,2018-05-01,train,pending,,12,0,0,False,False,0,verified_nonfinancial,True,True,True,2019-04-30,False,False,none,none,annual_financial_certification;annual_text_certification,0,0,False,False,ST_history_label_and_input_certification_pending
002543.SZ:2019,002543.SZ,2019-05-01,train,pending,,12,0,0,False,False,0,verified_nonfinancial,True,True,True,2020-04-30,False,False,none,none,annual_financial_certification;annual_text_certification,0,0,False,False,ST_history_label_and_input_certification_pending
002543.SZ:2020,002543.SZ,2020-05-01,train,pending,,12,0,0,False,False,0,verified_nonfinancial,True,True,True,2021-04-30,False,False,none,none,annual_financial_certification;annual_text_certification,0,0,False,False,ST_history_label_and_input_certification_pending
002543.SZ:2021,002543.SZ,2021-05-01,train,pending,,12,0,0,False,False,0,verified_nonfinancial,True,True,True,2022-04-30,False,False,none,none,annual_financial_certification;annual_text_certification,0,0,False,False,ST_history_label_and_input_certification_pending
002543.SZ:2022,002543.SZ,2022-05-01,validation,pending,,12,0,0,False,False,0,verified_nonfinancial,True,True,True,2023-04-30,False,False,none,none,annual_financial_certification;annual_text_certification,0,0,False,False,ST_history_label_and_input_certification_pending
002543.SZ:2023,002543.SZ,2023-05-01,validation,pending,,12,0,0,False,False,0,pending,True,True,True,2024-04-30,False,False,none,none,historical_industry;annual_financial_certification;annual_text_certification,0,0,False,False,ST_history_label_and_input_certification_pending
002543.SZ:2024,002543.SZ,2024-05-01,test,pending,,12,0,0,False,False,0,verified_nonfinancial,True,True,True,2025-04-30,False,False,none,none,annual_financial_certification;annual_text_certification,0,0,False,False,ST_history_label_and_input_certification_pending
002543.SZ:2025,002543.SZ,2025-05-01,test,pending,,12,0,0,False,False,0,verified_nonfinancial,True,True,True,2026-04-30,False,False,none,none,annual_financial_certification;annual_text_certification,0,0,False,False,ST_history_label_and_input_certification_pending
002545.SZ:2017,002545.SZ,2017-05-01,train,pending,,12,0,0,False,False,0,verified_nonfinancial,True,True,True,2018-04-30,False,False,none,none,annual_financial_certification;annual_text_certification,0,0,False,False,ST_history_label_and_input_certification_pending
002545.SZ:2018,002545.SZ,2018-05-01,train,pending,,12,0,0,False,False,0,verified_nonfinancial,True,True,True,2019-04-30,False,False,none,none,annual_financial_certification;annual_text_certification,0,0,False,False,ST_history_label_and_input_certification_pending
002545.SZ:2019,002545.SZ,2019-05-01,train,pending,,12,0,0,False,False,0,verified_nonfinancial,True,True,True,2020-04-30,False,False,none,none,annual_financial_certification;annual_text_certification,0,0,False,False,ST_history_label_and_input_certification_pending
002545.SZ:2020,002545.SZ,2020-05-01,train,pending,,12,0,0,False,False,0,verified_nonfinancial,True,True,True,2021-04-30,False,False,none,none,annual_financial_certification;annual_text_certification,0,0,False,False,ST_history_label_and_input_certification_pending
002545.SZ:2021,002545.SZ,2021-05-01,train,pending,,12,0,0,False,False,0,verified_nonfinancial,True,True,True,2022-04-30,False,False,none,none,annual_financial_certification;annual_text_certification,0,0,False,False,ST_history_label_and_input_certification_pending
002545.SZ:2022,002545.SZ,2022-05-01,validation,pending,,12,0,0,False,False,0,verified_nonfinancial,True,True,True,2023-04-30,False,False,none,none,annual_financial_certification;annual_text_certification,0,0,False,False,ST_history_label_and_input_certification_pending
002545.SZ:2023,002545.SZ,2023-05-01,validation,pending,,12,0,0,False,False,0,pending,True,True,True,2024-04-30,False,False,none,none,historical_industry;annual_financial_certification;annual_text_certification,0,0,False,False,ST_history_label_and_input_certification_pending
002545.SZ:2024,002545.SZ,2024-05-01,test,pending,,12,0,0,False,False,0,verified_nonfinancial,True,True,True,2025-04-30,False,False,none,none,annual_financial_certification;annual_text_certification,0,0,False,False,ST_history_label_and_input_certification_pending
002545.SZ:2025,002545.SZ,2025-05-01,test,pending,,12,0,0,False,False,0,verified_nonfinancial,True,True,True,2026-04-30,False,False,none,none,annual_financial_certification;annual_text_certification,0,0,False,False,ST_history_label_and_input_certification_pending
002548.SZ:2017,002548.SZ,2017-05-01,train,pending,,12,0,0,False,False,0,verified_nonfinancial,True,True,True,2018-04-30,False,False,none,none,annual_financial_certification;annual_text_certification,0,0,False,False,ST_history_label_and_input_certification_pending
002548.SZ:2018,002548.SZ,2018-05-01,train,pending,,12,0,0,False,False,0,verified_nonfinancial,True,True,True,2019-04-30,False,False,none,none,annual_financial_certification;annual_text_certification,0,0,False,False,ST_history_label_and_input_certification_pending
002548.SZ:2019,002548.SZ,2019-05-01,train,pending,,12,0,0,False,False,0,verified_nonfinancial,True,True,True,2020-04-30,False,False,none,none,annual_financial_certification;annual_text_certification,0,0,False,False,ST_history_label_and_input_certification_pending
002548.SZ:2020,002548.SZ,2020-05-01,train,pending,,12,0,0,False,False,0,verified_nonfinancial,True,True,True,2021-04-30,False,False,none,none,annual_financial_certification;annual_text_certification,0,0,False,False,ST_history_label_and_input_certification_pending
002548.SZ:2021,002548.SZ,2021-05-01,train,pending,,12,0,0,False,False,0,verified_nonfinancial,True,True,True,2022-04-30,False,False,none,none,annual_financial_certification;annual_text_certification,0,0,False,False,ST_history_label_and_input_certification_pending
002548.SZ:2022,002548.SZ,2022-05-01,validation,pending,,12,0,0,False,False,0,verified_nonfinancial,True,True,True,2023-04-30,False,False,none,none,annual_financial_certification;annual_text_certification,0,0,False,False,ST_history_label_and_input_certification_pending
002548.SZ:2023,002548.SZ,2023-05-01,validation,pending,,12,0,0,False,False,0,pending,True,True,True,2024-04-30,False,False,none,none,historical_industry;annual_financial_certification;annual_text_certification,0,0,False,False,ST_history_label_and_input_certification_pending
002548.SZ:2024,002548.SZ,2024-05-01,test,pending,,12,0,0,False,False,0,verified_nonfinancial,True,True,True,2025-04-30,False,False,none,none,annual_financial_certification;annual_text_certification,0,0,False,False,ST_history_label_and_input_certification_pending
002548.SZ:2025,002548.SZ,2025-05-01,test,pending,,12,0,0,False,False,0,verified_nonfinancial,True,True,True,2026-04-30,False,False,none,none,annual_financial_certification;annual_text_certification,0,0,False,False,ST_history_label_and_input_certification_pending
002552.SZ:2017,002552.SZ,2017-05-01,train,pending,,12,0,0,False,False,0,verified_nonfinancial,True,True,True,2018-04-30,False,False,none,none,annual_financial_certification;annual_text_certification,0,0,False,False,ST_history_label_and_input_certification_pending
002552.SZ:2018,002552.SZ,2018-05-01,train,pending,,12,0,0,False,False,1,verified_nonfinancial,True,True,True,2018-05-03,False,False,none,none,annual_financial_certification;annual_text_certification,0,1,False,False,ST_history_label_and_input_certification_pending
002552.SZ:2019,002552.SZ,2019-05-01,train,pending,,12,0,0,False,False,0,verified_nonfinancial,True,True,True,2020-04-30,False,False,none,none,annual_financial_certification;annual_text_certification,0,0,False,False,ST_history_label_and_input_certification_pending
002552.SZ:2020,002552.SZ,2020-05-01,train,pending,,12,0,0,False,False,0,verified_nonfinancial,True,True,True,2021-04-30,False,False,none,none,annual_financial_certification;annual_text_certification,0,0,False,False,ST_history_label_and_input_certification_pending
002552.SZ:2021,002552.SZ,2021-05-01,train,pending,,12,0,0,False,False,0,verified_nonfinancial,True,True,True,2022-04-30,False,False,none,none,annual_financial_certification;annual_text_certification,0,0,False,False,ST_history_label_and_input_certification_pending
002552.SZ:2022,002552.SZ,2022-05-01,validation,pending,,12,0,0,False,False,0,verified_nonfinancial,True,True,True,2023-04-30,False,False,none,none,annual_financial_certification;annual_text_certification,0,0,False,False,ST_history_label_and_input_certification_pending
002552.SZ:2023,002552.SZ,2023-05-01,validation,pending,,12,0,0,False,False,0,pending,True,True,True,2024-04-30,False,False,none,none,historical_industry;annual_financial_certification;annual_text_certification,0,0,False,False,ST_history_label_and_input_certification_pending
002552.SZ:2024,002552.SZ,2024-05-01,test,pending,,12,0,0,False,False,0,verified_nonfinancial,True,True,True,2025-04-30,False,False,none,none,annual_financial_certification;annual_text_certification,0,0,False,False,ST_history_label_and_input_certification_pending
002552.SZ:2025,002552.SZ,2025-05-01,test,pending,,12,0,0,False,False,0,verified_nonfinancial,True,True,True,2026-04-30,False,False,none,none,annual_financial_certification;annual_text_certification,0,0,False,False,ST_history_label_and_input_certification_pending
002557.SZ:2017,002557.SZ,2017-05-01,train,pending,,12,0,0,False,False,0,verified_nonfinancial,True,True,True,2018-04-30,False,False,none,none,annual_financial_certification;annual_text_certification,0,0,False,False,ST_history_label_and_input_certification_pending
002557.SZ:2018,002557.SZ,2018-05-01,train,pending,,12,0,0,False,False,0,verified_nonfinancial,True,True,True,2019-04-30,False,False,none,none,annual_financial_certification;annual_text_certification,0,0,False,False,ST_history_label_and_input_certification_pending
002557.SZ:2019,002557.SZ,2019-05-01,train,pending,,12,0,0,False,False,0,verified_nonfinancial,True,True,True,2020-04-30,False,False,none,none,annual_financial_certification;annual_text_certification,0,0,False,False,ST_history_label_and_input_certification_pending
002557.SZ:2020,002557.SZ,2020-05-01,train,pending,,12,0,0,False,False,0,verified_nonfinancial,True,True,True,2021-04-30,False,False,none,none,annual_financial_certification;annual_text_certification,0,0,False,False,ST_history_label_and_input_certification_pending
002557.SZ:2021,002557.SZ,2021-05-01,train,pending,,12,0,0,False,False,0,verified_nonfinancial,True,True,True,2022-04-30,False,False,none,none,annual_financial_certification;annual_text_certification,0,0,False,False,ST_history_label_and_input_certification_pending
002557.SZ:2022,002557.SZ,2022-05-01,validation,pending,,12,0,0,False,False,0,verified_nonfinancial,True,True,True,2023-04-30,False,False,none,none,annual_financial_certification;annual_text_certification,0,0,False,False,ST_history_label_and_input_certification_pending
002557.SZ:2023,002557.SZ,2023-05-01,validation,pending,,12,0,0,False,False,0,pending,True,True,True,2024-04-30,False,False,none,none,historical_industry;annual_financial_certification;annual_text_certification,0,0,False,False,ST_history_label_and_input_certification_pending
002557.SZ:2024,002557.SZ,2024-05-01,test,pending,,12,0,0,False,False,0,verified_nonfinancial,True,True,True,2025-04-30,False,False,none,none,annual_financial_certification;annual_text_certification,0,0,False,False,ST_history_label_and_input_certification_pending
002557.SZ:2025,002557.SZ,2025-05-01,test,pending,,12,0,0,False,False,0,verified_nonfinancial,True,True,True,2026-04-30,False,False,none,none,annual_financial_certification;annual_text_certification,0,0,False,False,ST_history_label_and_input_certification_pending
002558.SZ:2017,002558.SZ,2017-05-01,train,pending,,12,0,0,False,False,0,verified_nonfinancial,True,True,True,2018-04-30,False,False,none,none,annual_financial_certification;annual_text_certification,0,0,False,False,ST_history_label_and_input_certification_pending
002558.SZ:2018,002558.SZ,2018-05-01,train,pending,,12,0,0,False,False,0,verified_nonfinancial,True,True,True,2019-04-30,False,False,none,none,annual_financial_certification;annual_text_certification,0,0,False,False,ST_history_label_and_input_certification_pending
002558.SZ:2019,002558.SZ,2019-05-01,train,pending,,12,0,0,False,False,0,verified_nonfinancial,True,True,True,2020-04-30,False,False,none,none,annual_financial_certification;annual_text_certification,0,0,False,False,ST_history_label_and_input_certification_pending
002558.SZ:2020,002558.SZ,2020-05-01,train,pending,,12,0,0,False,False,0,verified_nonfinancial,True,True,True,2021-04-30,False,False,none,none,annual_financial_certification;annual_text_certification,0,0,False,False,ST_history_label_and_input_certification_pending
002558.SZ:2021,002558.SZ,2021-05-01,train,pending,,12,0,0,False,False,0,verified_nonfinancial,True,True,True,2022-04-30,False,False,none,none,annual_financial_certification;annual_text_certification,0,0,False,False,ST_history_label_and_input_certification_pending
002558.SZ:2022,002558.SZ,2022-05-01,validation,pending,,12,0,0,False,False,0,verified_nonfinancial,True,True,True,2023-04-30,False,False,none,none,annual_financial_certification;annual_text_certification,0,0,False,False,ST_history_label_and_input_certification_pending
002558.SZ:2023,002558.SZ,2023-05-01,validation,pending,,12,0,0,False,False,0,pending,True,True,True,2024-04-30,False,False,none,none,historical_industry;annual_financial_certification;annual_text_certification,0,0,False,False,ST_history_label_and_input_certification_pending
002558.SZ:2024,002558.SZ,2024-05-01,test,pending,,12,0,0,False,False,0,verified_nonfinancial,True,True,True,2025-04-30,False,False,none,none,annual_financial_certification;annual_text_certification,0,0,False,False,ST_history_label_and_input_certification_pending
002558.SZ:2025,002558.SZ,2025-05-01,test,pending,,12,0,0,False,False,0,verified_nonfinancial,True,True,True,2026-04-30,False,False,none,none,annual_financial_certification;annual_text_certification,0,0,False,False,ST_history_label_and_input_certification_pending
002561.SZ:2017,002561.SZ,2017-05-01,train,pending,,12,0,0,False,False,0,verified_nonfinancial,True,True,True,2018-04-30,False,False,none,none,annual_financial_certification;annual_text_certification,0,0,False,False,ST_history_label_and_input_certification_pending
002561.SZ:2018,002561.SZ,2018-05-01,train,pending,,12,0,0,False,False,0,verified_nonfinancial,True,True,True,2019-04-30,False,False,none,none,annual_financial_certification;annual_text_certification,0,0,False,False,ST_history_label_and_input_certification_pending
002561.SZ:2019,002561.SZ,2019-05-01,train,pending,,12,0,0,False,False,0,verified_nonfinancial,True,True,True,2020-04-30,False,False,none,none,annual_financial_certification;annual_text_certification,0,0,False,False,ST_history_label_and_input_certification_pending
002561.SZ:2020,002561.SZ,2020-05-01,train,pending,,12,0,0,False,False,0,verified_nonfinancial,True,True,True,2021-04-30,False,False,none,none,annual_financial_certification;annual_text_certification,0,0,False,False,ST_history_label_and_input_certification_pending
002561.SZ:2021,002561.SZ,2021-05-01,train,pending,,12,0,0,False,False,0,verified_nonfinancial,True,True,True,2022-04-30,False,False,none,none,annual_financial_certification;annual_text_certification,0,0,False,False,ST_history_label_and_input_certification_pending
002561.SZ:2022,002561.SZ,2022-05-01,validation,pending,,12,0,0,False,False,0,verified_nonfinancial,True,True,True,2023-04-30,False,False,none,none,annual_financial_certification;annual_text_certification,0,0,False,False,ST_history_label_and_input_certification_pending
002561.SZ:2023,002561.SZ,2023-05-01,validation,pending,,12,0,0,False,False,0,pending,True,True,True,2024-04-30,False,False,none,none,historical_industry;annual_financial_certification;annual_text_certification,0,0,False,False,ST_history_label_and_input_certification_pending
002561.SZ:2024,002561.SZ,2024-05-01,test,pending,,12,0,0,False,False,0,verified_nonfinancial,True,True,True,2025-04-30,False,False,none,none,annual_financial_certification;annual_text_certification,0,0,False,False,ST_history_label_and_input_certification_pending
002561.SZ:2025,002561.SZ,2025-05-01,test,pending,,12,0,0,False,False,0,verified_nonfinancial,True,True,True,2026-04-30,False,False,none,none,annual_financial_certification;annual_text_certification,0,0,False,False,ST_history_label_and_input_certification_pending
002583.SZ:2017,002583.SZ,2017-05-01,train,pending,,12,0,0,False,False,0,verified_nonfinancial,True,True,True,2018-04-30,False,False,none,none,annual_financial_certification;annual_text_certification,0,0,False,False,ST_history_label_and_input_certification_pending
002583.SZ:2018,002583.SZ,2018-05-01,train,pending,,12,0,0,False,False,0,verified_nonfinancial,True,True,True,2019-04-30,False,False,none,none,annual_financial_certification;annual_text_certification,0,0,False,False,ST_history_label_and_input_certification_pending
002583.SZ:2019,002583.SZ,2019-05-01,train,pending,,12,0,0,False,False,0,verified_nonfinancial,True,True,True,2020-04-30,False,False,none,none,annual_financial_certification;annual_text_certification,0,0,False,False,ST_history_label_and_input_certification_pending
002583.SZ:2020,002583.SZ,2020-05-01,train,pending,,12,0,0,False,False,0,verified_nonfinancial,True,True,True,2021-04-30,False,False,none,none,annual_financial_certification;annual_text_certification,0,0,False,False,ST_history_label_and_input_certification_pending
002583.SZ:2021,002583.SZ,2021-05-01,train,pending,,12,0,0,False,False,0,verified_nonfinancial,True,True,True,2022-04-30,False,False,none,none,annual_financial_certification;annual_text_certification,0,0,False,False,ST_history_label_and_input_certification_pending
002583.SZ:2022,002583.SZ,2022-05-01,validation,pending,,12,0,0,False,False,0,verified_nonfinancial,True,True,True,2023-04-30,False,False,none,none,annual_financial_certification;annual_text_certification,0,0,False,False,ST_history_label_and_input_certification_pending
002583.SZ:2023,002583.SZ,2023-05-01,validation,pending,,12,0,0,False,False,0,pending,True,True,True,2024-04-30,False,False,none,none,historical_industry;annual_financial_certification;annual_text_certification,0,0,False,False,ST_history_label_and_input_certification_pending
002583.SZ:2024,002583.SZ,2024-05-01,test,pending,,12,0,0,False,False,0,verified_nonfinancial,True,True,True,2025-04-30,False,False,none,none,annual_financial_certification;annual_text_certification,0,0,False,False,ST_history_label_and_input_certification_pending
002583.SZ:2025,002583.SZ,2025-05-01,test,pending,,12,0,0,False,False,0,verified_nonfinancial,True,True,True,2026-04-30,False,False,none,none,annual_financial_certification;annual_text_certification,0,0,False,False,ST_history_label_and_input_certification_pending
002588.SZ:2017,002588.SZ,2017-05-01,train,pending,,12,0,0,False,False,0,verified_nonfinancial,True,True,True,2018-04-30,False,False,none,none,annual_financial_certification;annual_text_certification,0,0,False,False,ST_history_label_and_input_certification_pending
002588.SZ:2018,002588.SZ,2018-05-01,train,pending,,12,0,0,False,False,0,verified_nonfinancial,True,True,True,2019-04-30,False,False,none,none,annual_financial_certification;annual_text_certification,0,0,False,False,ST_history_label_and_input_certification_pending
002588.SZ:2019,002588.SZ,2019-05-01,train,pending,,12,0,0,False,False,0,verified_nonfinancial,True,True,True,2020-04-30,False,False,none,none,annual_financial_certification;annual_text_certification,0,0,False,False,ST_history_label_and_input_certification_pending
002588.SZ:2020,002588.SZ,2020-05-01,train,pending,,12,0,0,False,False,0,verified_nonfinancial,True,True,True,2021-04-30,False,False,none,none,annual_financial_certification;annual_text_certification,0,0,False,False,ST_history_label_and_input_certification_pending
002588.SZ:2021,002588.SZ,2021-05-01,train,pending,,12,0,0,False,False,0,verified_nonfinancial,True,True,True,2022-04-30,False,False,none,none,annual_financial_certification;annual_text_certification,0,0,False,False,ST_history_label_and_input_certification_pending
002588.SZ:2022,002588.SZ,2022-05-01,validation,pending,,12,0,0,False,False,0,verified_nonfinancial,True,True,True,2023-04-30,False,False,none,none,annual_financial_certification;annual_text_certification,0,0,False,False,ST_history_label_and_input_certification_pending
002588.SZ:2023,002588.SZ,2023-05-01,validation,pending,,12,0,0,False,False,0,pending,True,True,True,2024-04-30,False,False,none,none,historical_industry;annual_financial_certification;annual_text_certification,0,0,False,False,ST_history_label_and_input_certification_pending
002588.SZ:2024,002588.SZ,2024-05-01,test,pending,,12,0,0,False,False,0,verified_nonfinancial,True,True,True,2025-04-30,False,False,none,none,annual_financial_certification;annual_text_certification,0,0,False,False,ST_history_label_and_input_certification_pending
002588.SZ:2025,002588.SZ,2025-05-01,test,pending,,12,0,0,False,False,0,verified_nonfinancial,True,True,True,2026-04-30,False,False,none,none,annual_financial_certification;annual_text_certification,0,0,False,False,ST_history_label_and_input_certification_pending
002601.SZ:2017,002601.SZ,2017-05-01,train,pending,,12,0,0,False,False,0,verified_nonfinancial,True,True,True,2018-04-30,False,False,none,none,annual_financial_certification;annual_text_certification,0,0,False,False,ST_history_label_and_input_certification_pending
002601.SZ:2018,002601.SZ,2018-05-01,train,pending,,12,0,0,False,False,0,verified_nonfinancial,True,True,True,2019-04-30,False,False,none,none,annual_financial_certification;annual_text_certification,0,0,False,False,ST_history_label_and_input_certification_pending
002601.SZ:2019,002601.SZ,2019-05-01,train,pending,,12,0,0,False,False,0,verified_nonfinancial,True,True,True,2020-04-30,False,False,none,none,annual_financial_certification;annual_text_certification,0,0,False,False,ST_history_label_and_input_certification_pending
002601.SZ:2020,002601.SZ,2020-05-01,train,pending,,12,0,0,False,False,0,verified_nonfinancial,True,True,True,2021-04-30,False,False,none,none,annual_financial_certification;annual_text_certification,0,0,False,False,ST_history_label_and_input_certification_pending
002601.SZ:2021,002601.SZ,2021-05-01,train,pending,,12,0,0,False,False,0,verified_nonfinancial,True,True,True,2022-04-30,False,False,none,none,annual_financial_certification;annual_text_certification,0,0,False,False,ST_history_label_and_input_certification_pending
002601.SZ:2022,002601.SZ,2022-05-01,validation,pending,,12,0,0,False,False,0,verified_nonfinancial,True,True,True,2023-04-30,False,False,none,none,annual_financial_certification;annual_text_certification,0,0,False,False,ST_history_label_and_input_certification_pending
002601.SZ:2023,002601.SZ,2023-05-01,validation,pending,,12,0,0,False,False,0,pending,True,True,True,2024-04-30,False,False,none,none,historical_industry;annual_financial_certification;annual_text_certification,0,0,False,False,ST_history_label_and_input_certification_pending
002601.SZ:2024,002601.SZ,2024-05-01,test,pending,,12,0,0,False,False,0,verified_nonfinancial,True,True,True,2025-04-30,False,False,none,none,annual_financial_certification;annual_text_certification,0,0,False,False,ST_history_label_and_input_certification_pending
002601.SZ:2025,002601.SZ,2025-05-01,test,pending,,12,0,0,False,False,0,verified_nonfinancial,True,True,True,2026-04-30,False,False,none,none,annual_financial_certification;annual_text_certification,0,0,False,False,ST_history_label_and_input_certification_pending
002615.SZ:2017,002615.SZ,2017-05-01,train,pending,,12,0,0,False,False,0,verified_nonfinancial,True,True,True,2018-04-30,False,False,none,none,annual_financial_certification;annual_text_certification,0,0,False,False,ST_history_label_and_input_certification_pending
002615.SZ:2018,002615.SZ,2018-05-01,train,pending,,12,0,0,False,False,0,verified_nonfinancial,True,True,True,2019-04-30,False,False,none,none,annual_financial_certification;annual_text_certification,0,0,False,False,ST_history_label_and_input_certification_pending
002615.SZ:2019,002615.SZ,2019-05-01,train,pending,,12,0,0,False,False,0,verified_nonfinancial,True,True,True,2020-04-30,False,False,none,none,annual_financial_certification;annual_text_certification,0,0,False,False,ST_history_label_and_input_certification_pending
002615.SZ:2020,002615.SZ,2020-05-01,train,pending,,12,0,0,False,False,0,verified_nonfinancial,True,True,True,2021-04-30,False,False,none,none,annual_financial_certification;annual_text_certification,0,0,False,False,ST_history_label_and_input_certification_pending
002615.SZ:2021,002615.SZ,2021-05-01,train,pending,,12,0,0,False,False,0,verified_nonfinancial,True,True,True,2022-04-30,False,False,none,none,annual_financial_certification;annual_text_certification,0,0,False,False,ST_history_label_and_input_certification_pending
002615.SZ:2022,002615.SZ,2022-05-01,validation,pending,,12,0,0,False,False,0,verified_nonfinancial,True,True,True,2023-04-30,False,False,none,none,annual_financial_certification;annual_text_certification,0,0,False,False,ST_history_label_and_input_certification_pending
002615.SZ:2023,002615.SZ,2023-05-01,validation,pending,,12,0,0,False,False,0,pending,True,True,True,2024-04-30,False,False,none,none,historical_industry;annual_financial_certification;annual_text_certification,0,0,False,False,ST_history_label_and_input_certification_pending
002615.SZ:2024,002615.SZ,2024-05-01,test,pending,,12,0,0,False,False,0,verified_nonfinancial,True,True,True,2025-04-30,False,False,none,none,annual_financial_certification;annual_text_certification,0,0,False,False,ST_history_label_and_input_certification_pending
002615.SZ:2025,002615.SZ,2025-05-01,test,pending,,12,0,0,False,False,0,verified_nonfinancial,True,True,True,2026-04-30,False,False,none,none,annual_financial_certification;annual_text_certification,0,0,False,False,ST_history_label_and_input_certification_pending
002617.SZ:2017,002617.SZ,2017-05-01,train,pending,,12,0,0,False,False,0,verified_nonfinancial,True,True,True,2018-04-30,False,False,none,none,annual_financial_certification;annual_text_certification,0,0,False,False,ST_history_label_and_input_certification_pending
002617.SZ:2018,002617.SZ,2018-05-01,train,pending,,12,0,0,False,False,0,verified_nonfinancial,True,True,True,2019-04-30,False,False,none,none,annual_financial_certification;annual_text_certification,0,0,False,False,ST_history_label_and_input_certification_pending
002617.SZ:2019,002617.SZ,2019-05-01,train,pending,,12,0,0,False,False,0,verified_nonfinancial,True,True,True,2020-04-30,False,False,none,none,annual_financial_certification;annual_text_certification,0,0,False,False,ST_history_label_and_input_certification_pending
002617.SZ:2020,002617.SZ,2020-05-01,train,pending,,12,0,0,False,False,0,verified_nonfinancial,True,True,True,2021-04-30,False,False,none,none,annual_financial_certification;annual_text_certification,0,0,False,False,ST_history_label_and_input_certification_pending
002617.SZ:2021,002617.SZ,2021-05-01,train,pending,,12,0,0,False,False,0,verified_nonfinancial,True,True,True,2022-04-30,False,False,none,none,annual_financial_certification;annual_text_certification,0,0,False,False,ST_history_label_and_input_certification_pending
002617.SZ:2022,002617.SZ,2022-05-01,validation,pending,,12,0,0,False,False,0,verified_nonfinancial,True,True,True,2023-04-30,False,False,none,none,annual_financial_certification;annual_text_certification,0,0,False,False,ST_history_label_and_input_certification_pending
002617.SZ:2023,002617.SZ,2023-05-01,validation,pending,,12,0,0,False,False,0,pending,True,True,True,2024-04-30,False,False,none,none,historical_industry;annual_financial_certification;annual_text_certification,0,0,False,False,ST_history_label_and_input_certification_pending
002617.SZ:2024,002617.SZ,2024-05-01,test,pending,,12,0,0,False,False,0,verified_nonfinancial,True,True,True,2025-04-30,False,False,none,none,annual_financial_certification;annual_text_certification,0,0,False,False,ST_history_label_and_input_certification_pending
002617.SZ:2025,002617.SZ,2025-05-01,test,pending,,12,0,0,False,False,0,verified_nonfinancial,True,True,True,2026-04-30,False,False,none,none,annual_financial_certification;annual_text_certification,0,0,False,False,ST_history_label_and_input_certification_pending
002632.SZ:2017,002632.SZ,2017-05-01,train,pending,,12,0,0,False,False,0,verified_nonfinancial,True,True,True,2018-04-30,False,False,none,none,annual_financial_certification;annual_text_certification,0,0,False,False,ST_history_label_and_input_certification_pending
002632.SZ:2018,002632.SZ,2018-05-01,train,pending,,12,0,0,False,False,0,verified_nonfinancial,True,True,True,2019-04-30,False,False,none,none,annual_financial_certification;annual_text_certification,0,0,False,False,ST_history_label_and_input_certification_pending
002632.SZ:2019,002632.SZ,2019-05-01,train,pending,,12,0,0,False,False,0,verified_nonfinancial,True,True,True,2020-04-30,False,False,none,none,annual_financial_certification;annual_text_certification,0,0,False,False,ST_history_label_and_input_certification_pending
002632.SZ:2020,002632.SZ,2020-05-01,train,pending,,12,0,0,False,False,0,verified_nonfinancial,True,True,True,2021-04-30,False,False,none,none,annual_financial_certification;annual_text_certification,0,0,False,False,ST_history_label_and_input_certification_pending
002632.SZ:2021,002632.SZ,2021-05-01,train,pending,,12,0,0,False,False,0,verified_nonfinancial,True,True,True,2022-04-30,False,False,none,none,annual_financial_certification;annual_text_certification,0,0,False,False,ST_history_label_and_input_certification_pending
002632.SZ:2022,002632.SZ,2022-05-01,validation,pending,,12,0,0,False,False,0,verified_nonfinancial,True,True,True,2023-04-30,False,False,none,none,annual_financial_certification;annual_text_certification,0,0,False,False,ST_history_label_and_input_certification_pending
002632.SZ:2023,002632.SZ,2023-05-01,validation,pending,,12,0,0,False,False,0,pending,True,True,True,2024-04-30,False,False,none,none,historical_industry;annual_financial_certification;annual_text_certification,0,0,False,False,ST_history_label_and_input_certification_pending
002632.SZ:2024,002632.SZ,2024-05-01,test,pending,,12,0,0,False,False,0,verified_nonfinancial,True,True,True,2025-04-30,False,False,none,none,annual_financial_certification;annual_text_certification,0,0,False,False,ST_history_label_and_input_certification_pending
002632.SZ:2025,002632.SZ,2025-05-01,test,pending,,12,0,0,False,False,0,verified_nonfinancial,True,True,True,2026-04-30,False,False,none,none,annual_financial_certification;annual_text_certification,0,0,False,False,ST_history_label_and_input_certification_pending
002633.SZ:2017,002633.SZ,2017-05-01,train,pending,,12,0,0,False,False,0,verified_nonfinancial,True,True,True,2018-04-30,False,False,none,none,annual_financial_certification;annual_text_certification,0,0,False,False,ST_history_label_and_input_certification_pending
002633.SZ:2018,002633.SZ,2018-05-01,train,pending,,12,0,0,False,False,0,verified_nonfinancial,True,True,True,2019-04-30,False,False,none,none,annual_financial_certification;annual_text_certification,0,0,False,False,ST_history_label_and_input_certification_pending
002633.SZ:2019,002633.SZ,2019-05-01,train,pending,,12,0,0,False,False,0,verified_nonfinancial,True,True,True,2020-04-30,False,False,none,none,annual_financial_certification;annual_text_certification,0,0,False,False,ST_history_label_and_input_certification_pending
002633.SZ:2020,002633.SZ,2020-05-01,train,pending,,12,0,0,False,False,0,verified_nonfinancial,True,True,True,2021-04-30,False,False,none,none,annual_financial_certification;annual_text_certification,0,0,False,False,ST_history_label_and_input_certification_pending
002633.SZ:2021,002633.SZ,2021-05-01,train,pending,,12,0,0,False,False,0,verified_nonfinancial,True,True,True,2022-04-30,False,False,none,none,annual_financial_certification;annual_text_certification,0,0,False,False,ST_history_label_and_input_certification_pending
002633.SZ:2022,002633.SZ,2022-05-01,validation,pending,,12,0,0,False,False,0,verified_nonfinancial,True,True,True,2023-04-30,False,False,none,none,annual_financial_certification;annual_text_certification,0,0,False,False,ST_history_label_and_input_certification_pending
002633.SZ:2023,002633.SZ,2023-05-01,validation,pending,,12,0,0,False,False,0,pending,True,True,True,2024-04-30,False,False,none,none,historical_industry;annual_financial_certification;annual_text_certification,0,0,False,False,ST_history_label_and_input_certification_pending
002633.SZ:2024,002633.SZ,2024-05-01,test,pending,,12,0,0,False,False,0,verified_nonfinancial,True,True,True,2025-04-30,False,False,none,none,annual_financial_certification;annual_text_certification,0,0,False,False,ST_history_label_and_input_certification_pending
002633.SZ:2025,002633.SZ,2025-05-01,test,pending,,12,0,0,False,False,0,verified_nonfinancial,True,True,True,2026-04-30,False,False,none,none,annual_financial_certification;annual_text_certification,0,0,False,False,ST_history_label_and_input_certification_pending
002641.SZ:2017,002641.SZ,2017-05-01,train,pending,,12,0,0,False,False,0,verified_nonfinancial,True,True,True,2018-04-30,False,False,none,none,annual_financial_certification;annual_text_certification,0,0,False,False,ST_history_label_and_input_certification_pending
002641.SZ:2018,002641.SZ,2018-05-01,train,pending,,12,0,0,False,False,0,verified_nonfinancial,True,True,True,2019-04-30,False,False,none,none,annual_financial_certification;annual_text_certification,0,0,False,False,ST_history_label_and_input_certification_pending
002641.SZ:2019,002641.SZ,2019-05-01,train,pending,,12,0,0,False,False,0,verified_nonfinancial,True,True,True,2020-04-30,False,False,none,none,annual_financial_certification;annual_text_certification,0,0,False,False,ST_history_label_and_input_certification_pending
002641.SZ:2020,002641.SZ,2020-05-01,train,pending,,12,0,0,False,False,0,verified_nonfinancial,True,True,True,2021-04-30,False,False,none,none,annual_financial_certification;annual_text_certification,0,0,False,False,ST_history_label_and_input_certification_pending
002641.SZ:2021,002641.SZ,2021-05-01,train,pending,,12,0,0,False,False,0,verified_nonfinancial,True,True,True,2022-04-30,False,False,none,none,annual_financial_certification;annual_text_certification,0,0,False,False,ST_history_label_and_input_certification_pending
002641.SZ:2022,002641.SZ,2022-05-01,validation,pending,,12,0,0,False,False,0,verified_nonfinancial,True,True,True,2023-04-30,False,False,none,none,annual_financial_certification;annual_text_certification,0,0,False,False,ST_history_label_and_input_certification_pending
002641.SZ:2023,002641.SZ,2023-05-01,validation,pending,,12,0,0,False,False,0,pending,True,True,True,2024-04-30,False,False,none,none,historical_industry;annual_financial_certification;annual_text_certification,0,0,False,False,ST_history_label_and_input_certification_pending
002641.SZ:2024,002641.SZ,2024-05-01,test,pending,,12,0,0,False,False,0,verified_nonfinancial,True,True,True,2025-04-30,False,False,none,none,annual_financial_certification;annual_text_certification,0,0,False,False,ST_history_label_and_input_certification_pending
002641.SZ:2025,002641.SZ,2025-05-01,test,pending,,12,0,0,False,False,0,verified_nonfinancial,True,True,True,2026-04-30,False,False,none,none,annual_financial_certification;annual_text_certification,0,0,False,False,ST_history_label_and_input_certification_pending
002652.SZ:2017,002652.SZ,2017-05-01,train,pending,,12,0,0,False,False,0,verified_nonfinancial,True,True,True,2018-04-30,False,False,none,none,annual_financial_certification;annual_text_certification,0,0,False,False,ST_history_label_and_input_certification_pending
002652.SZ:2018,002652.SZ,2018-05-01,train,pending,,12,0,0,False,False,0,verified_nonfinancial,True,True,True,2019-04-30,False,False,none,none,annual_financial_certification;annual_text_certification,0,0,False,False,ST_history_label_and_input_certification_pending
002652.SZ:2019,002652.SZ,2019-05-01,train,pending,,12,0,0,False,False,0,verified_nonfinancial,True,True,True,2020-04-30,False,False,none,none,annual_financial_certification;annual_text_certification,0,0,False,False,ST_history_label_and_input_certification_pending
002652.SZ:2020,002652.SZ,2020-05-01,train,pending,,12,0,0,False,False,0,verified_nonfinancial,True,True,True,2021-04-30,False,False,none,none,annual_financial_certification;annual_text_certification,0,0,False,False,ST_history_label_and_input_certification_pending
002652.SZ:2021,002652.SZ,2021-05-01,train,pending,,12,0,0,False,False,0,verified_nonfinancial,True,True,True,2022-04-30,False,False,none,none,annual_financial_certification;annual_text_certification,0,0,False,False,ST_history_label_and_input_certification_pending
002652.SZ:2022,002652.SZ,2022-05-01,validation,pending,,12,0,0,False,False,0,verified_nonfinancial,True,True,True,2023-04-30,False,False,none,none,annual_financial_certification;annual_text_certification,0,0,False,False,ST_history_label_and_input_certification_pending
002652.SZ:2023,002652.SZ,2023-05-01,validation,pending,,12,0,0,False,False,0,pending,True,True,True,2024-04-30,False,False,none,none,historical_industry;annual_financial_certification;annual_text_certification,0,0,False,False,ST_history_label_and_input_certification_pending
002652.SZ:2024,002652.SZ,2024-05-01,test,pending,,12,0,0,False,False,0,verified_nonfinancial,True,True,True,2025-04-30,False,False,none,none,annual_financial_certification;annual_text_certification,0,0,False,False,ST_history_label_and_input_certification_pending
002652.SZ:2025,002652.SZ,2025-05-01,test,pending,,12,0,0,False,False,0,verified_nonfinancial,True,True,True,2026-04-30,False,False,none,none,annual_financial_certification;annual_text_certification,0,0,False,False,ST_history_label_and_input_certification_pending
002654.SZ:2017,002654.SZ,2017-05-01,train,pending,,12,0,0,False,False,0,verified_nonfinancial,True,True,True,2018-04-30,False,False,none,none,annual_financial_certification;annual_text_certification,0,0,False,False,ST_history_label_and_input_certification_pending
002654.SZ:2018,002654.SZ,2018-05-01,train,pending,,12,0,0,False,False,0,verified_nonfinancial,True,True,True,2019-04-30,False,False,none,none,annual_financial_certification;annual_text_certification,0,0,False,False,ST_history_label_and_input_certification_pending
002654.SZ:2019,002654.SZ,2019-05-01,train,pending,,12,0,0,False,False,0,verified_nonfinancial,True,True,True,2020-04-30,False,False,none,none,annual_financial_certification;annual_text_certification,0,0,False,False,ST_history_label_and_input_certification_pending
002654.SZ:2020,002654.SZ,2020-05-01,train,pending,,12,0,0,False,False,0,verified_nonfinancial,True,True,True,2021-04-30,False,False,none,none,annual_financial_certification;annual_text_certification,0,0,False,False,ST_history_label_and_input_certification_pending
002654.SZ:2021,002654.SZ,2021-05-01,train,pending,,12,0,0,False,False,0,verified_nonfinancial,True,True,True,2022-04-30,False,False,none,none,annual_financial_certification;annual_text_certification,0,0,False,False,ST_history_label_and_input_certification_pending
002654.SZ:2022,002654.SZ,2022-05-01,validation,pending,,12,0,0,False,False,0,verified_nonfinancial,True,True,True,2023-04-30,False,False,none,none,annual_financial_certification;annual_text_certification,0,0,False,False,ST_history_label_and_input_certification_pending
002654.SZ:2023,002654.SZ,2023-05-01,validation,pending,,12,0,0,False,False,0,pending,True,True,True,2024-04-30,False,False,none,none,historical_industry;annual_financial_certification;annual_text_certification,0,0,False,False,ST_history_label_and_input_certification_pending
002654.SZ:2024,002654.SZ,2024-05-01,test,pending,,12,0,0,False,False,0,verified_nonfinancial,True,True,True,2025-04-30,False,False,none,none,annual_financial_certification;annual_text_certification,0,0,False,False,ST_history_label_and_input_certification_pending
002654.SZ:2025,002654.SZ,2025-05-01,test,pending,,12,0,0,False,False,0,verified_nonfinancial,True,True,True,2026-04-30,False,False,none,none,annual_financial_certification;annual_text_certification,0,0,False,False,ST_history_label_and_input_certification_pending
002659.SZ:2017,002659.SZ,2017-05-01,train,pending,,12,0,0,False,False,0,verified_nonfinancial,True,True,True,2018-04-30,False,False,none,none,annual_financial_certification;annual_text_certification,0,0,False,False,ST_history_label_and_input_certification_pending
002659.SZ:2018,002659.SZ,2018-05-01,train,pending,,12,0,0,False,False,0,verified_nonfinancial,True,True,True,2019-04-30,False,False,none,none,annual_financial_certification;annual_text_certification,0,0,False,False,ST_history_label_and_input_certification_pending
002659.SZ:2019,002659.SZ,2019-05-01,train,pending,,12,0,0,False,False,0,verified_nonfinancial,True,True,True,2020-04-30,False,False,none,none,annual_financial_certification;annual_text_certification,0,0,False,False,ST_history_label_and_input_certification_pending
002659.SZ:2020,002659.SZ,2020-05-01,train,pending,,12,0,0,False,False,0,verified_nonfinancial,True,True,True,2021-04-30,False,False,none,none,annual_financial_certification;annual_text_certification,0,0,False,False,ST_history_label_and_input_certification_pending
002659.SZ:2021,002659.SZ,2021-05-01,train,pending,,12,0,0,False,False,0,verified_nonfinancial,True,True,True,2022-04-30,False,False,none,none,annual_financial_certification;annual_text_certification,0,0,False,False,ST_history_label_and_input_certification_pending
002659.SZ:2022,002659.SZ,2022-05-01,validation,pending,,12,0,0,False,False,0,verified_nonfinancial,True,True,True,2023-04-30,False,False,none,none,annual_financial_certification;annual_text_certification,0,0,False,False,ST_history_label_and_input_certification_pending
002659.SZ:2023,002659.SZ,2023-05-01,validation,pending,,12,0,0,False,False,0,pending,True,True,True,2024-04-30,False,False,none,none,historical_industry;annual_financial_certification;annual_text_certification,0,0,False,False,ST_history_label_and_input_certification_pending
002659.SZ:2024,002659.SZ,2024-05-01,test,pending,,12,0,0,False,False,0,verified_nonfinancial,True,True,True,2025-04-30,False,False,none,none,annual_financial_certification;annual_text_certification,0,0,False,False,ST_history_label_and_input_certification_pending
002659.SZ:2025,002659.SZ,2025-05-01,test,pending,,12,0,0,False,False,0,verified_nonfinancial,True,True,True,2026-04-30,False,False,none,none,annual_financial_certification;annual_text_certification,0,0,False,False,ST_history_label_and_input_certification_pending
002669.SZ:2017,002669.SZ,2017-05-01,train,pending,,12,0,0,False,False,0,verified_nonfinancial,True,True,True,2018-04-30,False,False,none,none,annual_financial_certification;annual_text_certification,0,0,False,False,ST_history_label_and_input_certification_pending
002669.SZ:2018,002669.SZ,2018-05-01,train,pending,,12,0,0,False,False,0,verified_nonfinancial,True,True,True,2019-04-30,False,False,none,none,annual_financial_certification;annual_text_certification,0,0,False,False,ST_history_label_and_input_certification_pending
002669.SZ:2019,002669.SZ,2019-05-01,train,pending,,12,0,0,False,False,0,verified_nonfinancial,True,True,True,2020-04-30,False,False,none,none,annual_financial_certification;annual_text_certification,0,0,False,False,ST_history_label_and_input_certification_pending
002669.SZ:2020,002669.SZ,2020-05-01,train,pending,,12,0,0,False,False,0,verified_nonfinancial,True,True,True,2021-04-30,False,False,none,none,annual_financial_certification;annual_text_certification,0,0,False,False,ST_history_label_and_input_certification_pending
002669.SZ:2021,002669.SZ,2021-05-01,train,pending,,12,0,0,False,False,0,verified_nonfinancial,True,True,True,2022-04-30,False,False,none,none,annual_financial_certification;annual_text_certification,0,0,False,False,ST_history_label_and_input_certification_pending
002669.SZ:2022,002669.SZ,2022-05-01,validation,pending,,12,0,0,False,False,0,verified_nonfinancial,True,True,True,2023-04-30,False,False,none,none,annual_financial_certification;annual_text_certification,0,0,False,False,ST_history_label_and_input_certification_pending
002669.SZ:2023,002669.SZ,2023-05-01,validation,pending,,12,0,0,False,False,0,pending,True,True,True,2024-04-30,False,False,none,none,historical_industry;annual_financial_certification;annual_text_certification,0,0,False,False,ST_history_label_and_input_certification_pending
002669.SZ:2024,002669.SZ,2024-05-01,test,pending,,12,0,0,False,False,0,verified_nonfinancial,True,True,True,2025-04-30,False,False,none,none,annual_financial_certification;annual_text_certification,0,0,False,False,ST_history_label_and_input_certification_pending
002669.SZ:2025,002669.SZ,2025-05-01,test,pending,,12,0,0,False,False,0,verified_nonfinancial,True,True,True,2026-04-30,False,False,none,none,annual_financial_certification;annual_text_certification,0,0,False,False,ST_history_label_and_input_certification_pending
002676.SZ:2017,002676.SZ,2017-05-01,train,pending,,12,0,0,False,False,0,verified_nonfinancial,True,True,True,2018-04-30,False,False,none,none,annual_financial_certification;annual_text_certification,0,0,False,False,ST_history_label_and_input_certification_pending
002676.SZ:2018,002676.SZ,2018-05-01,train,pending,,12,0,0,False,False,0,verified_nonfinancial,True,True,True,2019-04-30,False,False,none,none,annual_financial_certification;annual_text_certification,0,0,False,False,ST_history_label_and_input_certification_pending
002676.SZ:2019,002676.SZ,2019-05-01,train,pending,,12,0,0,False,False,0,verified_nonfinancial,True,True,True,2020-04-30,False,False,none,none,annual_financial_certification;annual_text_certification,0,0,False,False,ST_history_label_and_input_certification_pending
002676.SZ:2020,002676.SZ,2020-05-01,train,pending,,12,0,0,False,False,0,verified_nonfinancial,True,True,True,2021-04-30,False,False,none,none,annual_financial_certification;annual_text_certification,0,0,False,False,ST_history_label_and_input_certification_pending
002676.SZ:2021,002676.SZ,2021-05-01,train,pending,,12,0,0,False,False,0,verified_nonfinancial,True,True,True,2022-04-30,False,False,none,none,annual_financial_certification;annual_text_certification,0,0,False,False,ST_history_label_and_input_certification_pending
002676.SZ:2022,002676.SZ,2022-05-01,validation,pending,,12,0,0,False,False,0,verified_nonfinancial,True,True,True,2023-04-30,False,False,none,none,annual_financial_certification;annual_text_certification,0,0,False,False,ST_history_label_and_input_certification_pending
002676.SZ:2023,002676.SZ,2023-05-01,validation,pending,,12,0,0,False,False,0,pending,True,True,True,2024-04-30,False,False,none,none,historical_industry;annual_financial_certification;annual_text_certification,0,0,False,False,ST_history_label_and_input_certification_pending
002676.SZ:2024,002676.SZ,2024-05-01,test,pending,,12,0,0,False,False,0,verified_nonfinancial,True,True,True,2025-04-30,False,False,none,none,annual_financial_certification;annual_text_certification,0,0,False,False,ST_history_label_and_input_certification_pending
002676.SZ:2025,002676.SZ,2025-05-01,test,pending,,12,0,0,False,False,0,verified_nonfinancial,True,True,True,2026-04-30,False,False,none,none,annual_financial_certification;annual_text_certification,0,0,False,False,ST_history_label_and_input_certification_pending
002683.SZ:2017,002683.SZ,2017-05-01,train,pending,,12,0,0,False,False,0,verified_nonfinancial,True,True,True,2018-04-30,False,False,none,none,annual_financial_certification;annual_text_certification,0,0,False,False,ST_history_label_and_input_certification_pending
002683.SZ:2018,002683.SZ,2018-05-01,train,pending,,12,0,0,False,False,0,verified_nonfinancial,True,True,True,2019-04-30,False,False,none,none,annual_financial_certification;annual_text_certification,0,0,False,False,ST_history_label_and_input_certification_pending
002683.SZ:2019,002683.SZ,2019-05-01,train,pending,,12,0,0,False,False,0,verified_nonfinancial,True,True,True,2020-04-30,False,False,none,none,annual_financial_certification;annual_text_certification,0,0,False,False,ST_history_label_and_input_certification_pending
002683.SZ:2020,002683.SZ,2020-05-01,train,pending,,12,0,0,False,False,0,verified_nonfinancial,True,True,True,2021-04-30,False,False,none,none,annual_financial_certification;annual_text_certification,0,0,False,False,ST_history_label_and_input_certification_pending
002683.SZ:2021,002683.SZ,2021-05-01,train,pending,,12,0,0,False,False,0,verified_nonfinancial,True,True,True,2022-04-30,False,False,none,none,annual_financial_certification;annual_text_certification,0,0,False,False,ST_history_label_and_input_certification_pending
002683.SZ:2022,002683.SZ,2022-05-01,validation,pending,,12,0,0,False,False,0,verified_nonfinancial,True,True,True,2023-04-30,False,False,none,none,annual_financial_certification;annual_text_certification,0,0,False,False,ST_history_label_and_input_certification_pending
002683.SZ:2023,002683.SZ,2023-05-01,validation,pending,,12,0,0,False,False,0,pending,True,True,True,2024-04-30,False,False,none,none,historical_industry;annual_financial_certification;annual_text_certification,0,0,False,False,ST_history_label_and_input_certification_pending
002683.SZ:2024,002683.SZ,2024-05-01,test,pending,,12,0,0,False,False,0,verified_nonfinancial,True,True,True,2025-04-30,False,False,none,none,annual_financial_certification;annual_text_certification,0,0,False,False,ST_history_label_and_input_certification_pending
002683.SZ:2025,002683.SZ,2025-05-01,test,pending,,12,0,0,False,False,0,verified_nonfinancial,True,True,True,2026-04-30,False,False,none,none,annual_financial_certification;annual_text_certification,0,0,False,False,ST_history_label_and_input_certification_pending
002690.SZ:2017,002690.SZ,2017-05-01,train,pending,,12,0,0,False,False,0,verified_nonfinancial,True,True,True,2018-04-30,False,False,none,none,annual_financial_certification;annual_text_certification,0,0,False,False,ST_history_label_and_input_certification_pending
002690.SZ:2018,002690.SZ,2018-05-01,train,pending,,12,0,0,False,False,0,verified_nonfinancial,True,True,True,2019-04-30,False,False,none,none,annual_financial_certification;annual_text_certification,0,0,False,False,ST_history_label_and_input_certification_pending
002690.SZ:2019,002690.SZ,2019-05-01,train,pending,,12,0,0,False,False,0,verified_nonfinancial,True,True,True,2020-04-30,False,False,none,none,annual_financial_certification;annual_text_certification,0,0,False,False,ST_history_label_and_input_certification_pending
002690.SZ:2020,002690.SZ,2020-05-01,train,pending,,12,0,0,False,False,0,verified_nonfinancial,True,True,True,2021-04-30,False,False,none,none,annual_financial_certification;annual_text_certification,0,0,False,False,ST_history_label_and_input_certification_pending
002690.SZ:2021,002690.SZ,2021-05-01,train,pending,,12,0,0,False,False,0,verified_nonfinancial,True,True,True,2022-04-30,False,False,none,none,annual_financial_certification;annual_text_certification,0,0,False,False,ST_history_label_and_input_certification_pending
002690.SZ:2022,002690.SZ,2022-05-01,validation,pending,,12,0,0,False,False,0,verified_nonfinancial,True,True,True,2023-04-30,False,False,none,none,annual_financial_certification;annual_text_certification,0,0,False,False,ST_history_label_and_input_certification_pending
002690.SZ:2023,002690.SZ,2023-05-01,validation,pending,,12,0,0,False,False,0,pending,True,True,True,2024-04-30,False,False,none,none,historical_industry;annual_financial_certification;annual_text_certification,0,0,False,False,ST_history_label_and_input_certification_pending
002690.SZ:2024,002690.SZ,2024-05-01,test,pending,,12,0,0,False,False,0,verified_nonfinancial,True,True,True,2025-04-30,False,False,none,none,annual_financial_certification;annual_text_certification,0,0,False,False,ST_history_label_and_input_certification_pending
002690.SZ:2025,002690.SZ,2025-05-01,test,pending,,12,0,0,False,False,0,verified_nonfinancial,True,True,True,2026-04-30,False,False,none,none,annual_financial_certification;annual_text_certification,0,0,False,False,ST_history_label_and_input_certification_pending
002697.SZ:2017,002697.SZ,2017-05-01,train,pending,,12,0,0,False,False,0,verified_nonfinancial,True,True,True,2018-04-30,False,False,none,none,annual_financial_certification;annual_text_certification,0,0,False,False,ST_history_label_and_input_certification_pending
002697.SZ:2018,002697.SZ,2018-05-01,train,pending,,12,0,0,False,False,0,verified_nonfinancial,True,True,True,2019-04-30,False,False,none,none,annual_financial_certification;annual_text_certification,0,0,False,False,ST_history_label_and_input_certification_pending
002697.SZ:2019,002697.SZ,2019-05-01,train,pending,,12,0,0,False,False,0,verified_nonfinancial,True,True,True,2020-04-30,False,False,none,none,annual_financial_certification;annual_text_certification,0,0,False,False,ST_history_label_and_input_certification_pending
002697.SZ:2020,002697.SZ,2020-05-01,train,pending,,12,0,0,False,False,0,verified_nonfinancial,True,True,True,2021-04-30,False,False,none,none,annual_financial_certification;annual_text_certification,0,0,False,False,ST_history_label_and_input_certification_pending
002697.SZ:2021,002697.SZ,2021-05-01,train,pending,,12,0,0,False,False,0,verified_nonfinancial,True,True,True,2022-04-30,False,False,none,none,annual_financial_certification;annual_text_certification,0,0,False,False,ST_history_label_and_input_certification_pending
002697.SZ:2022,002697.SZ,2022-05-01,validation,pending,,12,0,0,False,False,0,verified_nonfinancial,True,True,True,2023-04-30,False,False,none,none,annual_financial_certification;annual_text_certification,0,0,False,False,ST_history_label_and_input_certification_pending
002697.SZ:2023,002697.SZ,2023-05-01,validation,pending,,12,0,0,False,False,0,pending,True,True,True,2024-04-30,False,False,none,none,historical_industry;annual_financial_certification;annual_text_certification,0,0,False,False,ST_history_label_and_input_certification_pending
002697.SZ:2024,002697.SZ,2024-05-01,test,pending,,12,0,0,False,False,0,verified_nonfinancial,True,True,True,2025-04-30,False,False,none,none,annual_financial_certification;annual_text_certification,0,0,False,False,ST_history_label_and_input_certification_pending
002697.SZ:2025,002697.SZ,2025-05-01,test,pending,,12,0,0,False,False,0,verified_nonfinancial,True,True,True,2026-04-30,False,False,none,none,annual_financial_certification;annual_text_certification,0,0,False,False,ST_history_label_and_input_certification_pending
002699.SZ:2017,002699.SZ,2017-05-01,train,pending,,12,0,0,False,False,0,verified_nonfinancial,True,True,True,2018-04-30,False,False,none,none,annual_financial_certification;annual_text_certification,0,0,False,False,ST_history_label_and_input_certification_pending
002699.SZ:2018,002699.SZ,2018-05-01,train,pending,,12,0,0,False,False,0,verified_nonfinancial,True,True,True,2019-04-30,False,False,none,none,annual_financial_certification;annual_text_certification,0,0,False,False,ST_history_label_and_input_certification_pending
002699.SZ:2019,002699.SZ,2019-05-01,train,pending,,12,0,0,False,False,0,verified_nonfinancial,True,True,True,2020-04-30,False,False,none,none,annual_financial_certification;annual_text_certification,0,0,False,False,ST_history_label_and_input_certification_pending
002699.SZ:2020,002699.SZ,2020-05-01,train,pending,,12,0,0,False,False,0,verified_nonfinancial,True,True,True,2021-04-30,False,False,none,none,annual_financial_certification;annual_text_certification,0,0,False,False,ST_history_label_and_input_certification_pending
002699.SZ:2021,002699.SZ,2021-05-01,train,pending,,12,0,0,False,False,0,verified_nonfinancial,True,True,True,2022-04-30,False,False,none,none,annual_financial_certification;annual_text_certification,0,0,False,False,ST_history_label_and_input_certification_pending
002699.SZ:2022,002699.SZ,2022-05-01,validation,pending,,12,0,0,False,False,1,verified_nonfinancial,True,True,True,2022-06-06,False,False,none,none,annual_financial_certification;annual_text_certification,0,1,False,False,ST_history_label_and_input_certification_pending
002699.SZ:2023,002699.SZ,2023-05-01,validation,excluded,,12,0,0,False,False,,pending,True,False,False,,False,False,none,none,,1,0,False,False,preorigin_financial_industry_or_confirmed_baseline_ST
002699.SZ:2024,002699.SZ,2024-05-01,test,excluded,,12,0,0,False,False,,verified_nonfinancial,True,False,False,,False,False,none,none,,1,0,False,False,preorigin_financial_industry_or_confirmed_baseline_ST
002706.SZ:2017,002706.SZ,2017-05-01,train,pending,,12,0,0,False,False,0,verified_nonfinancial,True,True,True,2018-04-30,False,False,none,none,annual_financial_certification;annual_text_certification,0,0,False,False,ST_history_label_and_input_certification_pending
002706.SZ:2018,002706.SZ,2018-05-01,train,pending,,12,0,0,False,False,0,verified_nonfinancial,True,True,True,2019-04-30,False,False,none,none,annual_financial_certification;annual_text_certification,0,0,False,False,ST_history_label_and_input_certification_pending
002706.SZ:2019,002706.SZ,2019-05-01,train,pending,,12,0,0,False,False,0,verified_nonfinancial,True,True,True,2020-04-30,False,False,none,none,annual_financial_certification;annual_text_certification,0,0,False,False,ST_history_label_and_input_certification_pending
002706.SZ:2020,002706.SZ,2020-05-01,train,pending,,12,0,0,False,False,0,verified_nonfinancial,True,True,True,2021-04-30,False,False,none,none,annual_financial_certification;annual_text_certification,0,0,False,False,ST_history_label_and_input_certification_pending
002706.SZ:2021,002706.SZ,2021-05-01,train,pending,,12,0,0,False,False,0,verified_nonfinancial,True,True,True,2022-04-30,False,False,none,none,annual_financial_certification;annual_text_certification,0,0,False,False,ST_history_label_and_input_certification_pending
002706.SZ:2022,002706.SZ,2022-05-01,validation,pending,,12,0,0,False,False,0,verified_nonfinancial,True,True,True,2023-04-30,False,False,none,none,annual_financial_certification;annual_text_certification,0,0,False,False,ST_history_label_and_input_certification_pending
002706.SZ:2023,002706.SZ,2023-05-01,validation,pending,,12,0,0,False,False,0,pending,True,True,True,2024-04-30,False,False,none,none,historical_industry;annual_financial_certification;annual_text_certification,0,0,False,False,ST_history_label_and_input_certification_pending
002706.SZ:2024,002706.SZ,2024-05-01,test,pending,,12,0,0,False,False,0,verified_nonfinancial,True,True,True,2025-04-30,False,False,none,none,annual_financial_certification;annual_text_certification,0,0,False,False,ST_history_label_and_input_certification_pending
002706.SZ:2025,002706.SZ,2025-05-01,test,pending,,12,0,0,False,False,0,verified_nonfinancial,True,True,True,2026-04-30,False,False,none,none,annual_financial_certification;annual_text_certification,0,0,False,False,ST_history_label_and_input_certification_pending
002709.SZ:2017,002709.SZ,2017-05-01,train,pending,,12,0,0,False,False,0,verified_nonfinancial,True,True,True,2018-04-30,False,False,none,none,annual_financial_certification;annual_text_certification,0,0,False,False,ST_history_label_and_input_certification_pending
002709.SZ:2018,002709.SZ,2018-05-01,train,pending,,12,0,0,False,False,0,verified_nonfinancial,True,True,True,2019-04-30,False,False,none,none,annual_financial_certification;annual_text_certification,0,0,False,False,ST_history_label_and_input_certification_pending
002709.SZ:2019,002709.SZ,2019-05-01,train,pending,,12,0,0,False,False,0,verified_nonfinancial,True,True,True,2020-04-30,False,False,none,none,annual_financial_certification;annual_text_certification,0,0,False,False,ST_history_label_and_input_certification_pending
002709.SZ:2020,002709.SZ,2020-05-01,train,pending,,12,0,0,False,False,0,verified_nonfinancial,True,True,True,2021-04-30,False,False,none,none,annual_financial_certification;annual_text_certification,0,0,False,False,ST_history_label_and_input_certification_pending
002709.SZ:2021,002709.SZ,2021-05-01,train,pending,,12,0,0,False,False,0,verified_nonfinancial,True,True,True,2022-04-30,False,False,none,none,annual_financial_certification;annual_text_certification,0,0,False,False,ST_history_label_and_input_certification_pending
002709.SZ:2022,002709.SZ,2022-05-01,validation,pending,,12,0,0,False,False,0,verified_nonfinancial,True,True,True,2023-04-30,False,False,none,none,annual_financial_certification;annual_text_certification,0,0,False,False,ST_history_label_and_input_certification_pending
002709.SZ:2023,002709.SZ,2023-05-01,validation,pending,,12,0,0,False,False,0,pending,True,True,True,2024-04-30,False,False,none,none,historical_industry;annual_financial_certification;annual_text_certification,0,0,False,False,ST_history_label_and_input_certification_pending
002709.SZ:2024,002709.SZ,2024-05-01,test,pending,,12,0,0,False,False,0,verified_nonfinancial,True,True,True,2025-04-30,False,False,none,none,annual_financial_certification;annual_text_certification,0,0,False,False,ST_history_label_and_input_certification_pending
002709.SZ:2025,002709.SZ,2025-05-01,test,pending,,12,0,0,False,False,0,verified_nonfinancial,True,True,True,2026-04-30,False,False,none,none,annual_financial_certification;annual_text_certification,0,0,False,False,ST_history_label_and_input_certification_pending
002713.SZ:2017,002713.SZ,2017-05-01,train,pending,,12,0,0,False,False,0,verified_nonfinancial,True,True,True,2018-04-30,False,False,none,none,annual_financial_certification;annual_text_certification,0,0,False,False,ST_history_label_and_input_certification_pending
002713.SZ:2018,002713.SZ,2018-05-01,train,pending,,12,0,0,False,False,0,verified_nonfinancial,True,True,True,2019-04-30,False,False,none,none,annual_financial_certification;annual_text_certification,0,0,False,False,ST_history_label_and_input_certification_pending
002713.SZ:2019,002713.SZ,2019-05-01,train,pending,,12,0,0,False,False,0,verified_nonfinancial,True,True,True,2020-04-30,False,False,none,none,annual_financial_certification;annual_text_certification,0,0,False,False,ST_history_label_and_input_certification_pending
002713.SZ:2020,002713.SZ,2020-05-01,train,pending,,12,0,0,False,False,0,verified_nonfinancial,True,True,True,2021-04-30,False,False,none,none,annual_financial_certification;annual_text_certification,0,0,False,False,ST_history_label_and_input_certification_pending
002713.SZ:2021,002713.SZ,2021-05-01,train,pending,,12,0,0,False,False,0,verified_nonfinancial,True,True,True,2022-04-30,False,False,none,none,annual_financial_certification;annual_text_certification,0,0,False,False,ST_history_label_and_input_certification_pending
002713.SZ:2022,002713.SZ,2022-05-01,validation,pending,,12,0,0,False,False,0,verified_nonfinancial,True,True,True,2023-04-30,False,False,none,none,annual_financial_certification;annual_text_certification,0,0,False,False,ST_history_label_and_input_certification_pending
002713.SZ:2023,002713.SZ,2023-05-01,validation,pending,,12,0,0,False,False,0,pending,True,True,True,2024-04-30,False,False,none,none,historical_industry;annual_financial_certification;annual_text_certification,0,0,False,False,ST_history_label_and_input_certification_pending
002713.SZ:2024,002713.SZ,2024-05-01,test,pending,,12,0,0,False,False,1,verified_nonfinancial,True,True,True,2025-04-30,False,False,none,none,annual_financial_certification;annual_text_certification,0,1,False,False,ST_history_label_and_input_certification_pending
002713.SZ:2025,002713.SZ,2025-05-01,test,excluded,,12,0,0,False,False,,verified_nonfinancial,True,False,False,,False,False,none,none,,1,0,False,False,preorigin_financial_industry_or_confirmed_baseline_ST
002714.SZ:2017,002714.SZ,2017-05-01,train,pending,,12,0,0,False,False,0,verified_nonfinancial,True,True,True,2018-04-30,False,False,none,none,annual_financial_certification;annual_text_certification,0,0,False,False,ST_history_label_and_input_certification_pending
002714.SZ:2018,002714.SZ,2018-05-01,train,pending,,12,0,0,False,False,0,verified_nonfinancial,True,True,True,2019-04-30,False,False,none,none,annual_financial_certification;annual_text_certification,0,0,False,False,ST_history_label_and_input_certification_pending
002714.SZ:2019,002714.SZ,2019-05-01,train,pending,,12,0,0,False,False,0,verified_nonfinancial,True,True,True,2020-04-30,False,False,none,none,annual_financial_certification;annual_text_certification,0,0,False,False,ST_history_label_and_input_certification_pending
002714.SZ:2020,002714.SZ,2020-05-01,train,pending,,12,0,0,False,False,0,verified_nonfinancial,True,True,True,2021-04-30,False,False,none,none,annual_financial_certification;annual_text_certification,0,0,False,False,ST_history_label_and_input_certification_pending
002714.SZ:2021,002714.SZ,2021-05-01,train,pending,,12,0,0,False,False,0,verified_nonfinancial,True,True,True,2022-04-30,False,False,none,none,annual_financial_certification;annual_text_certification,0,0,False,False,ST_history_label_and_input_certification_pending
002714.SZ:2022,002714.SZ,2022-05-01,validation,pending,,12,0,0,False,False,0,verified_nonfinancial,True,True,True,2023-04-30,False,False,none,none,annual_financial_certification;annual_text_certification,0,0,False,False,ST_history_label_and_input_certification_pending
002714.SZ:2023,002714.SZ,2023-05-01,validation,pending,,12,0,0,False,False,0,pending,True,True,True,2024-04-30,False,False,none,none,historical_industry;annual_financial_certification;annual_text_certification,0,0,False,False,ST_history_label_and_input_certification_pending
002714.SZ:2024,002714.SZ,2024-05-01,test,pending,,12,0,0,False,False,0,verified_nonfinancial,True,True,True,2025-04-30,False,False,none,none,annual_financial_certification;annual_text_certification,0,0,False,False,ST_history_label_and_input_certification_pending
002714.SZ:2025,002714.SZ,2025-05-01,test,pending,,12,0,0,False,False,0,verified_nonfinancial,True,True,True,2026-04-30,False,False,none,none,annual_financial_certification;annual_text_certification,0,0,False,False,ST_history_label_and_input_certification_pending
002723.SZ:2017,002723.SZ,2017-05-01,train,pending,,12,0,0,False,False,0,verified_nonfinancial,True,True,True,2018-04-30,False,False,none,none,annual_financial_certification;annual_text_certification,0,0,False,False,ST_history_label_and_input_certification_pending
002723.SZ:2018,002723.SZ,2018-05-01,train,pending,,12,0,0,False,False,0,verified_nonfinancial,True,True,True,2019-04-30,False,False,none,none,annual_financial_certification;annual_text_certification,0,0,False,False,ST_history_label_and_input_certification_pending
002723.SZ:2019,002723.SZ,2019-05-01,train,pending,,12,0,0,False,False,0,verified_nonfinancial,True,True,True,2020-04-30,False,False,none,none,annual_financial_certification;annual_text_certification,0,0,False,False,ST_history_label_and_input_certification_pending
002723.SZ:2020,002723.SZ,2020-05-01,train,pending,,12,0,0,False,False,0,verified_nonfinancial,True,True,True,2021-04-30,False,False,none,none,annual_financial_certification;annual_text_certification,0,0,False,False,ST_history_label_and_input_certification_pending
002723.SZ:2021,002723.SZ,2021-05-01,train,pending,,12,0,0,False,False,0,verified_nonfinancial,True,True,True,2022-04-30,False,False,none,none,annual_financial_certification;annual_text_certification,0,0,False,False,ST_history_label_and_input_certification_pending
002723.SZ:2022,002723.SZ,2022-05-01,validation,pending,,12,0,0,False,False,0,verified_nonfinancial,True,True,True,2023-04-30,False,False,none,none,annual_financial_certification;annual_text_certification,0,0,False,False,ST_history_label_and_input_certification_pending
002723.SZ:2023,002723.SZ,2023-05-01,validation,pending,,12,0,0,False,False,0,pending,True,True,True,2024-04-30,False,False,none,none,historical_industry;annual_financial_certification;annual_text_certification,0,0,False,False,ST_history_label_and_input_certification_pending
002723.SZ:2024,002723.SZ,2024-05-01,test,pending,,12,0,0,False,False,0,verified_nonfinancial,True,True,True,2025-04-30,False,False,none,none,annual_financial_certification;annual_text_certification,0,0,False,False,ST_history_label_and_input_certification_pending
002723.SZ:2025,002723.SZ,2025-05-01,test,pending,,12,0,0,False,False,0,verified_nonfinancial,True,True,True,2026-04-30,False,False,none,none,annual_financial_certification;annual_text_certification,0,0,False,False,ST_history_label_and_input_certification_pending
002735.SZ:2018,002735.SZ,2018-05-01,train,pending,,12,0,0,False,False,0,verified_nonfinancial,True,True,True,2019-04-30,False,False,none,none,annual_financial_certification;annual_text_certification,0,0,False,False,ST_history_label_and_input_certification_pending
002735.SZ:2019,002735.SZ,2019-05-01,train,pending,,12,0,0,False,False,0,verified_nonfinancial,True,True,True,2020-04-30,False,False,none,none,annual_financial_certification;annual_text_certification,0,0,False,False,ST_history_label_and_input_certification_pending
002735.SZ:2020,002735.SZ,2020-05-01,train,pending,,12,0,0,False,False,0,verified_nonfinancial,True,True,True,2021-04-30,False,False,none,none,annual_financial_certification;annual_text_certification,0,0,False,False,ST_history_label_and_input_certification_pending
002735.SZ:2021,002735.SZ,2021-05-01,train,pending,,12,0,0,False,False,0,verified_nonfinancial,True,True,True,2022-04-30,False,False,none,none,annual_financial_certification;annual_text_certification,0,0,False,False,ST_history_label_and_input_certification_pending
002735.SZ:2022,002735.SZ,2022-05-01,validation,pending,,12,0,0,False,False,0,verified_nonfinancial,True,True,True,2023-04-30,False,False,none,none,annual_financial_certification;annual_text_certification,0,0,False,False,ST_history_label_and_input_certification_pending
002735.SZ:2023,002735.SZ,2023-05-01,validation,pending,,12,0,0,False,False,0,pending,True,True,True,2024-04-30,False,False,none,none,historical_industry;annual_financial_certification;annual_text_certification,0,0,False,False,ST_history_label_and_input_certification_pending
002735.SZ:2024,002735.SZ,2024-05-01,test,pending,,12,0,0,False,False,0,verified_nonfinancial,True,True,True,2025-04-30,False,False,none,none,annual_financial_certification;annual_text_certification,0,0,False,False,ST_history_label_and_input_certification_pending
002735.SZ:2025,002735.SZ,2025-05-01,test,pending,,12,0,0,False,False,0,verified_nonfinancial,True,True,True,2026-04-30,False,False,none,none,annual_financial_certification;annual_text_certification,0,0,False,False,ST_history_label_and_input_certification_pending
002736.SZ:2018,002736.SZ,2018-05-01,train,excluded,,12,0,0,False,False,,excluded_financial,True,True,True,2019-04-30,False,False,none,none,,0,0,False,False,preorigin_financial_industry_or_confirmed_baseline_ST
002736.SZ:2019,002736.SZ,2019-05-01,train,excluded,,12,0,0,False,False,,excluded_financial,True,True,True,2020-04-30,False,False,none,none,,0,0,False,False,preorigin_financial_industry_or_confirmed_baseline_ST
002736.SZ:2020,002736.SZ,2020-05-01,train,excluded,,12,0,0,False,False,,excluded_financial,True,True,True,2021-04-30,False,False,none,none,,0,0,False,False,preorigin_financial_industry_or_confirmed_baseline_ST
002736.SZ:2021,002736.SZ,2021-05-01,train,excluded,,12,0,0,False,False,,excluded_financial,True,True,True,2022-04-30,False,False,none,none,,0,0,False,False,preorigin_financial_industry_or_confirmed_baseline_ST
002736.SZ:2022,002736.SZ,2022-05-01,validation,excluded,,12,0,0,False,False,,excluded_financial,True,True,True,2023-04-30,False,False,none,none,,0,0,False,False,preorigin_financial_industry_or_confirmed_baseline_ST
002736.SZ:2023,002736.SZ,2023-05-01,validation,pending,,12,0,0,False,False,0,pending,True,True,True,2024-04-30,False,False,none,none,historical_industry;annual_financial_certification;annual_text_certification,0,0,False,False,ST_history_label_and_input_certification_pending
002736.SZ:2024,002736.SZ,2024-05-01,test,excluded,,12,0,0,False,False,,excluded_financial,True,True,True,2025-04-30,False,False,none,none,,0,0,False,False,preorigin_financial_industry_or_confirmed_baseline_ST
002736.SZ:2025,002736.SZ,2025-05-01,test,excluded,,12,0,0,False,False,,excluded_financial,True,True,True,2026-04-30,False,False,none,none,,0,0,False,False,preorigin_financial_industry_or_confirmed_baseline_ST
002738.SZ:2018,002738.SZ,2018-05-01,train,pending,,12,0,0,False,False,0,verified_nonfinancial,True,True,True,2019-04-30,False,False,none,none,annual_financial_certification;annual_text_certification,0,0,False,False,ST_history_label_and_input_certification_pending
002738.SZ:2019,002738.SZ,2019-05-01,train,pending,,12,0,0,False,False,0,verified_nonfinancial,True,True,True,2020-04-30,False,False,none,none,annual_financial_certification;annual_text_certification,0,0,False,False,ST_history_label_and_input_certification_pending
002738.SZ:2020,002738.SZ,2020-05-01,train,pending,,12,0,0,False,False,0,verified_nonfinancial,True,True,True,2021-04-30,False,False,none,none,annual_financial_certification;annual_text_certification,0,0,False,False,ST_history_label_and_input_certification_pending
002738.SZ:2021,002738.SZ,2021-05-01,train,pending,,12,0,0,False,False,0,verified_nonfinancial,True,True,True,2022-04-30,False,False,none,none,annual_financial_certification;annual_text_certification,0,0,False,False,ST_history_label_and_input_certification_pending
002738.SZ:2022,002738.SZ,2022-05-01,validation,pending,,12,0,0,False,False,0,verified_nonfinancial,True,True,True,2023-04-30,False,False,none,none,annual_financial_certification;annual_text_certification,0,0,False,False,ST_history_label_and_input_certification_pending
002738.SZ:2023,002738.SZ,2023-05-01,validation,pending,,12,0,0,False,False,0,pending,True,True,True,2024-04-30,False,False,none,none,historical_industry;annual_financial_certification;annual_text_certification,0,0,False,False,ST_history_label_and_input_certification_pending
002738.SZ:2024,002738.SZ,2024-05-01,test,pending,,12,0,0,False,False,0,verified_nonfinancial,True,True,True,2025-04-30,False,False,none,none,annual_financial_certification;annual_text_certification,0,0,False,False,ST_history_label_and_input_certification_pending
002738.SZ:2025,002738.SZ,2025-05-01,test,pending,,12,0,0,False,False,0,verified_nonfinancial,True,True,True,2026-04-30,False,False,none,none,annual_financial_certification;annual_text_certification,0,0,False,False,ST_history_label_and_input_certification_pending
002742.SZ:2018,002742.SZ,2018-05-01,train,pending,,12,0,0,False,False,0,verified_nonfinancial,True,True,True,2019-04-30,False,False,none,none,annual_financial_certification;annual_text_certification,0,0,False,False,ST_history_label_and_input_certification_pending
002742.SZ:2019,002742.SZ,2019-05-01,train,pending,,12,0,0,False,False,0,verified_nonfinancial,True,True,True,2020-04-30,False,False,none,none,annual_financial_certification;annual_text_certification,0,0,False,False,ST_history_label_and_input_certification_pending
002742.SZ:2020,002742.SZ,2020-05-01,train,pending,,12,0,0,False,False,0,verified_nonfinancial,True,True,True,2021-04-30,False,False,none,none,annual_financial_certification;annual_text_certification,0,0,False,False,ST_history_label_and_input_certification_pending
002742.SZ:2021,002742.SZ,2021-05-01,train,pending,,12,0,0,False,False,0,verified_nonfinancial,True,True,True,2022-04-30,False,False,none,none,annual_financial_certification;annual_text_certification,0,0,False,False,ST_history_label_and_input_certification_pending
002742.SZ:2022,002742.SZ,2022-05-01,validation,pending,,12,0,0,False,False,1,verified_nonfinancial,True,True,True,2022-09-27,False,False,none,none,annual_financial_certification;annual_text_certification,0,1,False,False,ST_history_label_and_input_certification_pending
002742.SZ:2023,002742.SZ,2023-05-01,validation,excluded,,12,0,0,False,False,,pending,True,False,False,,False,False,none,none,,1,0,False,False,preorigin_financial_industry_or_confirmed_baseline_ST
002742.SZ:2024,002742.SZ,2024-05-01,test,excluded,,12,0,0,False,False,,verified_nonfinancial,True,False,False,,False,False,none,none,,1,0,False,False,preorigin_financial_industry_or_confirmed_baseline_ST
002742.SZ:2025,002742.SZ,2025-05-01,test,excluded,,12,0,0,False,False,,verified_nonfinancial,True,False,False,,False,False,none,none,,1,0,False,False,preorigin_financial_industry_or_confirmed_baseline_ST
002747.SZ:2018,002747.SZ,2018-05-01,train,pending,,12,0,0,False,False,0,verified_nonfinancial,True,True,True,2019-04-30,False,False,none,none,annual_financial_certification;annual_text_certification,0,0,False,False,ST_history_label_and_input_certification_pending
002747.SZ:2019,002747.SZ,2019-05-01,train,pending,,12,0,0,False,False,0,verified_nonfinancial,True,True,True,2020-04-30,False,False,none,none,annual_financial_certification;annual_text_certification,0,0,False,False,ST_history_label_and_input_certification_pending
002747.SZ:2020,002747.SZ,2020-05-01,train,pending,,12,0,0,False,False,0,verified_nonfinancial,True,True,True,2021-04-30,False,False,none,none,annual_financial_certification;annual_text_certification,0,0,False,False,ST_history_label_and_input_certification_pending
002747.SZ:2021,002747.SZ,2021-05-01,train,pending,,12,0,0,False,False,0,verified_nonfinancial,True,True,True,2022-04-30,False,False,none,none,annual_financial_certification;annual_text_certification,0,0,False,False,ST_history_label_and_input_certification_pending
002747.SZ:2022,002747.SZ,2022-05-01,validation,pending,,12,0,0,False,False,0,verified_nonfinancial,True,True,True,2023-04-30,False,False,none,none,annual_financial_certification;annual_text_certification,0,0,False,False,ST_history_label_and_input_certification_pending
002747.SZ:2023,002747.SZ,2023-05-01,validation,pending,,12,0,0,False,False,0,pending,True,True,True,2024-04-30,False,False,none,none,historical_industry;annual_financial_certification;annual_text_certification,0,0,False,False,ST_history_label_and_input_certification_pending
002747.SZ:2024,002747.SZ,2024-05-01,test,pending,,12,0,0,False,False,0,verified_nonfinancial,True,True,True,2025-04-30,False,False,none,none,annual_financial_certification;annual_text_certification,0,0,False,False,ST_history_label_and_input_certification_pending
002747.SZ:2025,002747.SZ,2025-05-01,test,pending,,12,0,0,False,False,0,verified_nonfinancial,True,True,True,2026-04-30,False,False,none,none,annual_financial_certification;annual_text_certification,0,0,False,False,ST_history_label_and_input_certification_pending
002748.SZ:2018,002748.SZ,2018-05-01,train,pending,,12,0,0,False,False,0,verified_nonfinancial,True,True,True,2019-04-30,False,False,none,none,annual_financial_certification;annual_text_certification,0,0,False,False,ST_history_label_and_input_certification_pending
002748.SZ:2019,002748.SZ,2019-05-01,train,pending,,12,0,0,False,False,0,verified_nonfinancial,True,True,True,2020-04-30,False,False,none,none,annual_financial_certification;annual_text_certification,0,0,False,False,ST_history_label_and_input_certification_pending
002748.SZ:2020,002748.SZ,2020-05-01,train,pending,,12,0,0,False,False,0,verified_nonfinancial,True,True,True,2021-04-30,False,False,none,none,annual_financial_certification;annual_text_certification,0,0,False,False,ST_history_label_and_input_certification_pending
002748.SZ:2021,002748.SZ,2021-05-01,train,pending,,12,0,0,False,False,0,verified_nonfinancial,True,True,True,2022-04-30,False,False,none,none,annual_financial_certification;annual_text_certification,0,0,False,False,ST_history_label_and_input_certification_pending
002748.SZ:2022,002748.SZ,2022-05-01,validation,pending,,12,0,0,False,False,0,verified_nonfinancial,True,True,True,2023-04-30,False,False,none,none,annual_financial_certification;annual_text_certification,0,0,False,False,ST_history_label_and_input_certification_pending
002748.SZ:2023,002748.SZ,2023-05-01,validation,pending,,12,0,0,False,False,0,pending,True,True,True,2024-04-30,False,False,none,none,historical_industry;annual_financial_certification;annual_text_certification,0,0,False,False,ST_history_label_and_input_certification_pending
002748.SZ:2024,002748.SZ,2024-05-01,test,pending,,12,0,0,False,False,1,verified_nonfinancial,True,True,True,2024-05-17,False,False,none,none,annual_financial_certification;annual_text_certification,0,1,False,False,ST_history_label_and_input_certification_pending
002748.SZ:2025,002748.SZ,2025-05-01,test,excluded,,12,0,0,False,False,,verified_nonfinancial,True,False,False,,False,False,none,none,,1,0,False,False,preorigin_financial_industry_or_confirmed_baseline_ST
002753.SZ:2019,002753.SZ,2019-05-01,train,pending,,12,0,0,False,False,0,verified_nonfinancial,True,True,True,2020-04-30,False,False,none,none,annual_financial_certification;annual_text_certification,0,0,False,False,ST_history_label_and_input_certification_pending
002753.SZ:2020,002753.SZ,2020-05-01,train,pending,,12,0,0,False,False,0,verified_nonfinancial,True,True,True,2021-04-30,False,False,none,none,annual_financial_certification;annual_text_certification,0,0,False,False,ST_history_label_and_input_certification_pending
002753.SZ:2021,002753.SZ,2021-05-01,train,pending,,12,0,0,False,False,0,verified_nonfinancial,True,True,True,2022-04-30,False,False,none,none,annual_financial_certification;annual_text_certification,0,0,False,False,ST_history_label_and_input_certification_pending
002753.SZ:2022,002753.SZ,2022-05-01,validation,pending,,12,0,0,False,False,0,verified_nonfinancial,True,True,True,2023-04-30,False,False,none,none,annual_financial_certification;annual_text_certification,0,0,False,False,ST_history_label_and_input_certification_pending
002753.SZ:2023,002753.SZ,2023-05-01,validation,pending,,12,0,0,False,False,0,pending,True,True,True,2024-04-30,False,False,none,none,historical_industry;annual_financial_certification;annual_text_certification,0,0,False,False,ST_history_label_and_input_certification_pending
002753.SZ:2024,002753.SZ,2024-05-01,test,pending,,12,0,0,False,False,0,verified_nonfinancial,True,True,True,2025-04-30,False,False,none,none,annual_financial_certification;annual_text_certification,0,0,False,False,ST_history_label_and_input_certification_pending
002753.SZ:2025,002753.SZ,2025-05-01,test,pending,,12,0,0,False,False,0,verified_nonfinancial,True,True,True,2026-04-30,False,False,none,none,annual_financial_certification;annual_text_certification,0,0,False,False,ST_history_label_and_input_certification_pending
002760.SZ:2019,002760.SZ,2019-05-01,train,pending,,12,0,0,False,False,0,verified_nonfinancial,True,True,True,2020-04-30,False,False,none,none,annual_financial_certification;annual_text_certification,0,0,False,False,ST_history_label_and_input_certification_pending
002760.SZ:2020,002760.SZ,2020-05-01,train,pending,,12,0,0,False,False,0,verified_nonfinancial,True,True,True,2021-04-30,False,False,none,none,annual_financial_certification;annual_text_certification,0,0,False,False,ST_history_label_and_input_certification_pending
002760.SZ:2021,002760.SZ,2021-05-01,train,pending,,12,0,0,False,False,0,verified_nonfinancial,True,True,True,2022-04-30,False,False,none,none,annual_financial_certification;annual_text_certification,0,0,False,False,ST_history_label_and_input_certification_pending
002760.SZ:2022,002760.SZ,2022-05-01,validation,pending,,12,0,0,False,False,0,verified_nonfinancial,True,True,True,2023-04-30,False,False,none,none,annual_financial_certification;annual_text_certification,0,0,False,False,ST_history_label_and_input_certification_pending
002760.SZ:2023,002760.SZ,2023-05-01,validation,pending,,12,0,0,False,False,0,pending,True,True,True,2024-04-30,False,False,none,none,historical_industry;annual_financial_certification;annual_text_certification,0,0,False,False,ST_history_label_and_input_certification_pending
002760.SZ:2024,002760.SZ,2024-05-01,test,pending,,12,0,0,False,False,0,verified_nonfinancial,True,True,True,2025-04-30,False,False,none,none,annual_financial_certification;annual_text_certification,0,0,False,False,ST_history_label_and_input_certification_pending
002760.SZ:2025,002760.SZ,2025-05-01,test,pending,,12,0,0,False,False,0,verified_nonfinancial,True,True,True,2026-04-30,False,False,none,none,annual_financial_certification;annual_text_certification,0,0,False,False,ST_history_label_and_input_certification_pending
002782.SZ:2019,002782.SZ,2019-05-01,train,pending,,12,0,0,False,False,0,verified_nonfinancial,True,True,True,2020-04-30,False,False,none,none,annual_financial_certification;annual_text_certification,0,0,False,False,ST_history_label_and_input_certification_pending
002782.SZ:2020,002782.SZ,2020-05-01,train,pending,,12,0,0,False,False,0,verified_nonfinancial,True,True,True,2021-04-30,False,False,none,none,annual_financial_certification;annual_text_certification,0,0,False,False,ST_history_label_and_input_certification_pending
002782.SZ:2021,002782.SZ,2021-05-01,train,pending,,12,0,0,False,False,0,verified_nonfinancial,True,True,True,2022-04-30,False,False,none,none,annual_financial_certification;annual_text_certification,0,0,False,False,ST_history_label_and_input_certification_pending
002782.SZ:2022,002782.SZ,2022-05-01,validation,pending,,12,0,0,False,False,0,verified_nonfinancial,True,True,True,2023-04-30,False,False,none,none,annual_financial_certification;annual_text_certification,0,0,False,False,ST_history_label_and_input_certification_pending
002782.SZ:2023,002782.SZ,2023-05-01,validation,pending,,12,0,0,False,False,0,pending,True,True,True,2024-04-30,False,False,none,none,historical_industry;annual_financial_certification;annual_text_certification,0,0,False,False,ST_history_label_and_input_certification_pending
002782.SZ:2024,002782.SZ,2024-05-01,test,pending,,12,0,0,False,False,0,verified_nonfinancial,True,True,True,2025-04-30,False,False,none,none,annual_financial_certification;annual_text_certification,0,0,False,False,ST_history_label_and_input_certification_pending
002782.SZ:2025,002782.SZ,2025-05-01,test,pending,,12,0,0,False,False,0,verified_nonfinancial,True,True,True,2026-04-30,False,False,none,none,annual_financial_certification;annual_text_certification,0,0,False,False,ST_history_label_and_input_certification_pending
002788.SZ:2019,002788.SZ,2019-05-01,train,pending,,12,0,0,False,False,0,verified_nonfinancial,True,True,True,2020-04-30,False,False,none,none,annual_financial_certification;annual_text_certification,0,0,False,False,ST_history_label_and_input_certification_pending
002788.SZ:2020,002788.SZ,2020-05-01,train,pending,,12,0,0,False,False,0,verified_nonfinancial,True,True,True,2021-04-30,False,False,none,none,annual_financial_certification;annual_text_certification,0,0,False,False,ST_history_label_and_input_certification_pending
002788.SZ:2021,002788.SZ,2021-05-01,train,pending,,12,0,0,False,False,0,verified_nonfinancial,True,True,True,2022-04-30,False,False,none,none,annual_financial_certification;annual_text_certification,0,0,False,False,ST_history_label_and_input_certification_pending
002788.SZ:2022,002788.SZ,2022-05-01,validation,pending,,12,0,0,False,False,0,verified_nonfinancial,True,True,True,2023-04-30,False,False,none,none,annual_financial_certification;annual_text_certification,0,0,False,False,ST_history_label_and_input_certification_pending
002788.SZ:2023,002788.SZ,2023-05-01,validation,pending,,12,0,0,False,False,0,pending,True,True,True,2024-04-30,False,False,none,none,historical_industry;annual_financial_certification;annual_text_certification,0,0,False,False,ST_history_label_and_input_certification_pending
002788.SZ:2024,002788.SZ,2024-05-01,test,pending,,12,0,0,False,False,0,verified_nonfinancial,True,True,True,2025-04-30,False,False,none,none,annual_financial_certification;annual_text_certification,0,0,False,False,ST_history_label_and_input_certification_pending
002788.SZ:2025,002788.SZ,2025-05-01,test,pending,,12,0,0,False,False,0,verified_nonfinancial,True,True,True,2026-04-30,False,False,none,none,annual_financial_certification;annual_text_certification,0,0,False,False,ST_history_label_and_input_certification_pending
002790.SZ:2019,002790.SZ,2019-05-01,train,pending,,12,0,0,False,False,0,verified_nonfinancial,True,True,True,2020-04-30,False,False,none,none,annual_financial_certification;annual_text_certification,0,0,False,False,ST_history_label_and_input_certification_pending
002790.SZ:2020,002790.SZ,2020-05-01,train,pending,,12,0,0,False,False,0,verified_nonfinancial,True,True,True,2021-04-30,False,False,none,none,annual_financial_certification;annual_text_certification,0,0,False,False,ST_history_label_and_input_certification_pending
002790.SZ:2021,002790.SZ,2021-05-01,train,pending,,12,0,0,False,False,0,verified_nonfinancial,True,True,True,2022-04-30,False,False,none,none,annual_financial_certification;annual_text_certification,0,0,False,False,ST_history_label_and_input_certification_pending
002790.SZ:2022,002790.SZ,2022-05-01,validation,pending,,12,0,0,False,False,0,verified_nonfinancial,True,True,True,2023-04-30,False,False,none,none,annual_financial_certification;annual_text_certification,0,0,False,False,ST_history_label_and_input_certification_pending
002790.SZ:2023,002790.SZ,2023-05-01,validation,pending,,12,0,0,False,False,0,pending,True,True,True,2024-04-30,False,False,none,none,historical_industry;annual_financial_certification;annual_text_certification,0,0,False,False,ST_history_label_and_input_certification_pending
002790.SZ:2024,002790.SZ,2024-05-01,test,pending,,12,0,0,False,False,0,verified_nonfinancial,True,True,True,2025-04-30,False,False,none,none,annual_financial_certification;annual_text_certification,0,0,False,False,ST_history_label_and_input_certification_pending
002790.SZ:2025,002790.SZ,2025-05-01,test,pending,,12,0,0,False,False,0,verified_nonfinancial,True,True,True,2026-04-30,False,False,none,none,annual_financial_certification;annual_text_certification,0,0,False,False,ST_history_label_and_input_certification_pending
002792.SZ:2019,002792.SZ,2019-05-01,train,pending,,12,0,0,False,False,0,verified_nonfinancial,True,True,True,2020-04-30,False,False,none,none,annual_financial_certification;annual_text_certification,0,0,False,False,ST_history_label_and_input_certification_pending
002792.SZ:2020,002792.SZ,2020-05-01,train,pending,,12,0,0,False,False,0,verified_nonfinancial,True,True,True,2021-04-30,False,False,none,none,annual_financial_certification;annual_text_certification,0,0,False,False,ST_history_label_and_input_certification_pending
002792.SZ:2021,002792.SZ,2021-05-01,train,pending,,12,0,0,False,False,0,verified_nonfinancial,True,True,True,2022-04-30,False,False,none,none,annual_financial_certification;annual_text_certification,0,0,False,False,ST_history_label_and_input_certification_pending
002792.SZ:2022,002792.SZ,2022-05-01,validation,pending,,12,0,0,False,False,0,verified_nonfinancial,True,True,True,2023-04-30,False,False,none,none,annual_financial_certification;annual_text_certification,0,0,False,False,ST_history_label_and_input_certification_pending
002792.SZ:2023,002792.SZ,2023-05-01,validation,pending,,12,0,0,False,False,0,pending,True,True,True,2024-04-30,False,False,none,none,historical_industry;annual_financial_certification;annual_text_certification,0,0,False,False,ST_history_label_and_input_certification_pending
002792.SZ:2024,002792.SZ,2024-05-01,test,pending,,12,0,0,False,False,0,verified_nonfinancial,True,True,True,2025-04-30,False,False,none,none,annual_financial_certification;annual_text_certification,0,0,False,False,ST_history_label_and_input_certification_pending
002792.SZ:2025,002792.SZ,2025-05-01,test,pending,,12,0,0,False,False,0,verified_nonfinancial,True,True,True,2026-04-30,False,False,none,none,annual_financial_certification;annual_text_certification,0,0,False,False,ST_history_label_and_input_certification_pending
002795.SZ:2019,002795.SZ,2019-05-01,train,pending,,12,0,0,False,False,0,verified_nonfinancial,True,True,True,2020-04-30,False,False,none,none,annual_financial_certification;annual_text_certification,0,0,False,False,ST_history_label_and_input_certification_pending
002795.SZ:2020,002795.SZ,2020-05-01,train,pending,,12,0,0,False,False,0,verified_nonfinancial,True,True,True,2021-04-30,False,False,none,none,annual_financial_certification;annual_text_certification,0,0,False,False,ST_history_label_and_input_certification_pending
002795.SZ:2021,002795.SZ,2021-05-01,train,pending,,12,0,0,False,False,0,verified_nonfinancial,True,True,True,2022-04-30,False,False,none,none,annual_financial_certification;annual_text_certification,0,0,False,False,ST_history_label_and_input_certification_pending
002795.SZ:2022,002795.SZ,2022-05-01,validation,pending,,12,0,0,False,False,0,verified_nonfinancial,True,True,True,2023-04-30,False,False,none,none,annual_financial_certification;annual_text_certification,0,0,False,False,ST_history_label_and_input_certification_pending
002795.SZ:2023,002795.SZ,2023-05-01,validation,pending,,12,0,0,False,False,0,pending,True,True,True,2024-04-30,False,False,none,none,historical_industry;annual_financial_certification;annual_text_certification,0,0,False,False,ST_history_label_and_input_certification_pending
002795.SZ:2024,002795.SZ,2024-05-01,test,pending,,12,0,0,False,False,0,verified_nonfinancial,True,True,True,2025-04-30,False,False,none,none,annual_financial_certification;annual_text_certification,0,0,False,False,ST_history_label_and_input_certification_pending
002795.SZ:2025,002795.SZ,2025-05-01,test,pending,,12,0,0,False,False,0,verified_nonfinancial,True,True,True,2026-04-30,False,False,none,none,annual_financial_certification;annual_text_certification,0,0,False,False,ST_history_label_and_input_certification_pending
002796.SZ:2020,002796.SZ,2020-05-01,train,pending,,12,0,0,False,False,0,verified_nonfinancial,True,True,True,2021-04-30,False,False,none,none,annual_financial_certification;annual_text_certification,0,0,False,False,ST_history_label_and_input_certification_pending
002796.SZ:2021,002796.SZ,2021-05-01,train,pending,,12,0,0,False,False,0,verified_nonfinancial,True,True,True,2022-04-30,False,False,none,none,annual_financial_certification;annual_text_certification,0,0,False,False,ST_history_label_and_input_certification_pending
002796.SZ:2022,002796.SZ,2022-05-01,validation,pending,,12,0,0,False,False,0,verified_nonfinancial,True,True,True,2023-04-30,False,False,none,none,annual_financial_certification;annual_text_certification,0,0,False,False,ST_history_label_and_input_certification_pending
002796.SZ:2023,002796.SZ,2023-05-01,validation,pending,,12,0,0,False,False,0,pending,True,True,True,2024-04-30,False,False,none,none,historical_industry;annual_financial_certification;annual_text_certification,0,0,False,False,ST_history_label_and_input_certification_pending
002796.SZ:2024,002796.SZ,2024-05-01,test,pending,,12,0,0,False,False,0,verified_nonfinancial,True,True,True,2025-04-30,False,False,none,none,annual_financial_certification;annual_text_certification,0,0,False,False,ST_history_label_and_input_certification_pending
002796.SZ:2025,002796.SZ,2025-05-01,test,pending,,12,0,0,False,False,0,verified_nonfinancial,True,True,True,2026-04-30,False,False,none,none,annual_financial_certification;annual_text_certification,0,0,False,False,ST_history_label_and_input_certification_pending
002801.SZ:2020,002801.SZ,2020-05-01,train,pending,,12,0,0,False,False,0,verified_nonfinancial,True,True,True,2021-04-30,False,False,none,none,annual_financial_certification;annual_text_certification,0,0,False,False,ST_history_label_and_input_certification_pending
002801.SZ:2021,002801.SZ,2021-05-01,train,pending,,12,0,0,False,False,0,verified_nonfinancial,True,True,True,2022-04-30,False,False,none,none,annual_financial_certification;annual_text_certification,0,0,False,False,ST_history_label_and_input_certification_pending
002801.SZ:2022,002801.SZ,2022-05-01,validation,pending,,12,0,0,False,False,0,verified_nonfinancial,True,True,True,2023-04-30,False,False,none,none,annual_financial_certification;annual_text_certification,0,0,False,False,ST_history_label_and_input_certification_pending
002801.SZ:2023,002801.SZ,2023-05-01,validation,pending,,12,0,0,False,False,0,pending,True,True,True,2024-04-30,False,False,none,none,historical_industry;annual_financial_certification;annual_text_certification,0,0,False,False,ST_history_label_and_input_certification_pending
002801.SZ:2024,002801.SZ,2024-05-01,test,pending,,12,0,0,False,False,0,verified_nonfinancial,True,True,True,2025-04-30,False,False,none,none,annual_financial_certification;annual_text_certification,0,0,False,False,ST_history_label_and_input_certification_pending
002801.SZ:2025,002801.SZ,2025-05-01,test,pending,,12,0,0,False,False,0,verified_nonfinancial,True,True,True,2026-04-30,False,False,none,none,annual_financial_certification;annual_text_certification,0,0,False,False,ST_history_label_and_input_certification_pending
002811.SZ:2020,002811.SZ,2020-05-01,train,pending,,12,0,0,False,False,0,verified_nonfinancial,True,True,True,2021-04-30,False,False,none,none,annual_financial_certification;annual_text_certification,0,0,False,False,ST_history_label_and_input_certification_pending
002811.SZ:2021,002811.SZ,2021-05-01,train,pending,,12,0,0,False,False,0,verified_nonfinancial,True,True,True,2022-04-30,False,False,none,none,annual_financial_certification;annual_text_certification,0,0,False,False,ST_history_label_and_input_certification_pending
002811.SZ:2022,002811.SZ,2022-05-01,validation,pending,,12,0,0,False,False,0,verified_nonfinancial,True,True,True,2023-04-30,False,False,none,none,annual_financial_certification;annual_text_certification,0,0,False,False,ST_history_label_and_input_certification_pending
002811.SZ:2023,002811.SZ,2023-05-01,validation,pending,,12,0,0,False,False,0,pending,True,True,True,2024-04-30,False,False,none,none,historical_industry;annual_financial_certification;annual_text_certification,0,0,False,False,ST_history_label_and_input_certification_pending
002811.SZ:2024,002811.SZ,2024-05-01,test,pending,,12,0,0,False,False,0,verified_nonfinancial,True,True,True,2025-04-30,False,False,none,none,annual_financial_certification;annual_text_certification,0,0,False,False,ST_history_label_and_input_certification_pending
002811.SZ:2025,002811.SZ,2025-05-01,test,pending,,12,0,0,False,False,0,verified_nonfinancial,True,True,True,2026-04-30,False,False,none,none,annual_financial_certification;annual_text_certification,0,0,False,False,ST_history_label_and_input_certification_pending
002813.SZ:2020,002813.SZ,2020-05-01,train,pending,,12,0,0,False,False,0,verified_nonfinancial,True,True,True,2021-04-30,False,False,none,none,annual_financial_certification;annual_text_certification,0,0,False,False,ST_history_label_and_input_certification_pending
002813.SZ:2021,002813.SZ,2021-05-01,train,pending,,12,0,0,False,False,0,verified_nonfinancial,True,True,True,2022-04-30,False,False,none,none,annual_financial_certification;annual_text_certification,0,0,False,False,ST_history_label_and_input_certification_pending
002813.SZ:2022,002813.SZ,2022-05-01,validation,pending,,12,0,0,False,False,0,verified_nonfinancial,True,True,True,2023-04-30,False,False,none,none,annual_financial_certification;annual_text_certification,0,0,False,False,ST_history_label_and_input_certification_pending
002813.SZ:2023,002813.SZ,2023-05-01,validation,pending,,12,0,0,False,False,0,pending,True,True,True,2024-04-30,False,False,none,none,historical_industry;annual_financial_certification;annual_text_certification,0,0,False,False,ST_history_label_and_input_certification_pending
002813.SZ:2024,002813.SZ,2024-05-01,test,pending,,12,0,0,False,False,0,verified_nonfinancial,True,True,True,2025-04-30,False,False,none,none,annual_financial_certification;annual_text_certification,0,0,False,False,ST_history_label_and_input_certification_pending
002813.SZ:2025,002813.SZ,2025-05-01,test,pending,,12,0,0,False,False,0,verified_nonfinancial,True,True,True,2026-04-30,False,False,none,none,annual_financial_certification;annual_text_certification,0,0,False,False,ST_history_label_and_input_certification_pending
002822.SZ:2020,002822.SZ,2020-05-01,train,pending,,12,0,0,False,False,0,verified_nonfinancial,True,True,True,2021-04-30,False,False,none,none,annual_financial_certification;annual_text_certification,0,0,False,False,ST_history_label_and_input_certification_pending
002822.SZ:2021,002822.SZ,2021-05-01,train,pending,,12,0,0,False,False,0,verified_nonfinancial,True,True,True,2022-04-30,False,False,none,none,annual_financial_certification;annual_text_certification,0,0,False,False,ST_history_label_and_input_certification_pending
002822.SZ:2022,002822.SZ,2022-05-01,validation,pending,,12,0,0,False,False,0,verified_nonfinancial,True,True,True,2023-04-30,False,False,none,none,annual_financial_certification;annual_text_certification,0,0,False,False,ST_history_label_and_input_certification_pending
002822.SZ:2023,002822.SZ,2023-05-01,validation,pending,,12,0,0,False,False,1,pending,True,True,True,2024-02-27,False,False,none,none,historical_industry;annual_financial_certification;annual_text_certification,0,1,False,False,ST_history_label_and_input_certification_pending
002822.SZ:2024,002822.SZ,2024-05-01,test,excluded,,12,0,0,False,False,,verified_nonfinancial,True,False,False,,False,False,none,none,,1,0,False,False,preorigin_financial_industry_or_confirmed_baseline_ST
002822.SZ:2025,002822.SZ,2025-05-01,test,excluded,,12,0,0,False,False,,verified_nonfinancial,True,False,False,,False,False,none,none,,1,0,False,False,preorigin_financial_industry_or_confirmed_baseline_ST
002830.SZ:2020,002830.SZ,2020-05-01,train,pending,,12,0,0,False,False,0,verified_nonfinancial,True,True,True,2021-04-30,False,False,none,none,annual_financial_certification;annual_text_certification,0,0,False,False,ST_history_label_and_input_certification_pending
002830.SZ:2021,002830.SZ,2021-05-01,train,pending,,12,0,0,False,False,0,verified_nonfinancial,True,True,True,2022-04-30,False,False,none,none,annual_financial_certification;annual_text_certification,0,0,False,False,ST_history_label_and_input_certification_pending
002830.SZ:2022,002830.SZ,2022-05-01,validation,pending,,12,0,0,False,False,0,verified_nonfinancial,True,True,True,2023-04-30,False,False,none,none,annual_financial_certification;annual_text_certification,0,0,False,False,ST_history_label_and_input_certification_pending
002830.SZ:2023,002830.SZ,2023-05-01,validation,pending,,12,0,0,False,False,0,pending,True,True,True,2024-04-30,False,False,none,none,historical_industry;annual_financial_certification;annual_text_certification,0,0,False,False,ST_history_label_and_input_certification_pending
002830.SZ:2024,002830.SZ,2024-05-01,test,pending,,12,0,0,False,False,0,verified_nonfinancial,True,True,True,2025-04-30,False,False,none,none,annual_financial_certification;annual_text_certification,0,0,False,False,ST_history_label_and_input_certification_pending
002830.SZ:2025,002830.SZ,2025-05-01,test,pending,,12,0,0,False,False,0,verified_nonfinancial,True,True,True,2026-04-30,False,False,none,none,annual_financial_certification;annual_text_certification,0,0,False,False,ST_history_label_and_input_certification_pending
002832.SZ:2020,002832.SZ,2020-05-01,train,pending,,12,0,0,False,False,0,verified_nonfinancial,True,True,True,2021-04-30,False,False,none,none,annual_financial_certification;annual_text_certification,0,0,False,False,ST_history_label_and_input_certification_pending
002832.SZ:2021,002832.SZ,2021-05-01,train,pending,,12,0,0,False,False,0,verified_nonfinancial,True,True,True,2022-04-30,False,False,none,none,annual_financial_certification;annual_text_certification,0,0,False,False,ST_history_label_and_input_certification_pending
002832.SZ:2022,002832.SZ,2022-05-01,validation,pending,,12,0,0,False,False,0,verified_nonfinancial,True,True,True,2023-04-30,False,False,none,none,annual_financial_certification;annual_text_certification,0,0,False,False,ST_history_label_and_input_certification_pending
002832.SZ:2023,002832.SZ,2023-05-01,validation,pending,,12,0,0,False,False,0,pending,True,True,True,2024-04-30,False,False,none,none,historical_industry;annual_financial_certification;annual_text_certification,0,0,False,False,ST_history_label_and_input_certification_pending
002832.SZ:2024,002832.SZ,2024-05-01,test,pending,,12,0,0,False,False,0,verified_nonfinancial,True,True,True,2025-04-30,False,False,none,none,annual_financial_certification;annual_text_certification,0,0,False,False,ST_history_label_and_input_certification_pending
002832.SZ:2025,002832.SZ,2025-05-01,test,pending,,12,0,0,False,False,0,verified_nonfinancial,True,True,True,2026-04-30,False,False,none,none,annual_financial_certification;annual_text_certification,0,0,False,False,ST_history_label_and_input_certification_pending
002833.SZ:2020,002833.SZ,2020-05-01,train,pending,,12,0,0,False,False,0,verified_nonfinancial,True,True,True,2021-04-30,False,False,none,none,annual_financial_certification;annual_text_certification,0,0,False,False,ST_history_label_and_input_certification_pending
002833.SZ:2021,002833.SZ,2021-05-01,train,pending,,12,0,0,False,False,0,verified_nonfinancial,True,True,True,2022-04-30,False,False,none,none,annual_financial_certification;annual_text_certification,0,0,False,False,ST_history_label_and_input_certification_pending
002833.SZ:2022,002833.SZ,2022-05-01,validation,pending,,12,0,0,False,False,0,verified_nonfinancial,True,True,True,2023-04-30,False,False,none,none,annual_financial_certification;annual_text_certification,0,0,False,False,ST_history_label_and_input_certification_pending
002833.SZ:2023,002833.SZ,2023-05-01,validation,pending,,12,0,0,False,False,0,pending,True,True,True,2024-04-30,False,False,none,none,historical_industry;annual_financial_certification;annual_text_certification,0,0,False,False,ST_history_label_and_input_certification_pending
002833.SZ:2024,002833.SZ,2024-05-01,test,pending,,12,0,0,False,False,0,verified_nonfinancial,True,True,True,2025-04-30,False,False,none,none,annual_financial_certification;annual_text_certification,0,0,False,False,ST_history_label_and_input_certification_pending
002833.SZ:2025,002833.SZ,2025-05-01,test,pending,,12,0,0,False,False,0,verified_nonfinancial,True,True,True,2026-04-30,False,False,none,none,annual_financial_certification;annual_text_certification,0,0,False,False,ST_history_label_and_input_certification_pending
002835.SZ:2020,002835.SZ,2020-05-01,train,pending,,12,0,0,False,False,0,verified_nonfinancial,True,True,True,2021-04-30,False,False,none,none,annual_financial_certification;annual_text_certification,0,0,False,False,ST_history_label_and_input_certification_pending
002835.SZ:2021,002835.SZ,2021-05-01,train,pending,,12,0,0,False,False,0,verified_nonfinancial,True,True,True,2022-04-30,False,False,none,none,annual_financial_certification;annual_text_certification,0,0,False,False,ST_history_label_and_input_certification_pending
002835.SZ:2022,002835.SZ,2022-05-01,validation,pending,,12,0,0,False,False,0,verified_nonfinancial,True,True,True,2023-04-30,False,False,none,none,annual_financial_certification;annual_text_certification,0,0,False,False,ST_history_label_and_input_certification_pending
002835.SZ:2023,002835.SZ,2023-05-01,validation,pending,,12,0,0,False,False,0,pending,True,True,True,2024-04-30,False,False,none,none,historical_industry;annual_financial_certification;annual_text_certification,0,0,False,False,ST_history_label_and_input_certification_pending
002835.SZ:2024,002835.SZ,2024-05-01,test,pending,,12,0,0,False,False,0,verified_nonfinancial,True,True,True,2025-04-30,False,False,none,none,annual_financial_certification;annual_text_certification,0,0,False,False,ST_history_label_and_input_certification_pending
002835.SZ:2025,002835.SZ,2025-05-01,test,pending,,12,0,0,False,False,0,verified_nonfinancial,True,True,True,2026-04-30,False,False,none,none,annual_financial_certification;annual_text_certification,0,0,False,False,ST_history_label_and_input_certification_pending
002851.SZ:2020,002851.SZ,2020-05-01,train,pending,,12,0,0,False,False,0,verified_nonfinancial,True,True,True,2021-04-30,False,False,none,none,annual_financial_certification;annual_text_certification,0,0,False,False,ST_history_label_and_input_certification_pending
002851.SZ:2021,002851.SZ,2021-05-01,train,pending,,12,0,0,False,False,0,verified_nonfinancial,True,True,True,2022-04-30,False,False,none,none,annual_financial_certification;annual_text_certification,0,0,False,False,ST_history_label_and_input_certification_pending
002851.SZ:2022,002851.SZ,2022-05-01,validation,pending,,12,0,0,False,False,0,verified_nonfinancial,True,True,True,2023-04-30,False,False,none,none,annual_financial_certification;annual_text_certification,0,0,False,False,ST_history_label_and_input_certification_pending
002851.SZ:2023,002851.SZ,2023-05-01,validation,pending,,12,0,0,False,False,0,pending,True,True,True,2024-04-30,False,False,none,none,historical_industry;annual_financial_certification;annual_text_certification,0,0,False,False,ST_history_label_and_input_certification_pending
002851.SZ:2024,002851.SZ,2024-05-01,test,pending,,12,0,0,False,False,0,verified_nonfinancial,True,True,True,2025-04-30,False,False,none,none,annual_financial_certification;annual_text_certification,0,0,False,False,ST_history_label_and_input_certification_pending
002851.SZ:2025,002851.SZ,2025-05-01,test,pending,,12,0,0,False,False,0,verified_nonfinancial,True,True,True,2026-04-30,False,False,none,none,annual_financial_certification;annual_text_certification,0,0,False,False,ST_history_label_and_input_certification_pending
002862.SZ:2020,002862.SZ,2020-05-01,train,pending,,12,0,0,False,False,0,verified_nonfinancial,True,True,True,2021-04-30,False,False,none,none,annual_financial_certification;annual_text_certification,0,0,False,False,ST_history_label_and_input_certification_pending
002862.SZ:2021,002862.SZ,2021-05-01,train,pending,,12,0,0,False,False,0,verified_nonfinancial,True,True,True,2022-04-30,False,False,none,none,annual_financial_certification;annual_text_certification,0,0,False,False,ST_history_label_and_input_certification_pending
002862.SZ:2022,002862.SZ,2022-05-01,validation,pending,,12,0,0,False,False,0,verified_nonfinancial,True,True,True,2023-04-30,False,False,none,none,annual_financial_certification;annual_text_certification,0,0,False,False,ST_history_label_and_input_certification_pending
002862.SZ:2023,002862.SZ,2023-05-01,validation,pending,,12,0,0,False,False,0,pending,True,True,True,2024-04-30,False,False,none,none,historical_industry;annual_financial_certification;annual_text_certification,0,0,False,False,ST_history_label_and_input_certification_pending
002862.SZ:2024,002862.SZ,2024-05-01,test,pending,,12,0,0,False,False,0,verified_nonfinancial,True,True,True,2025-04-30,False,False,none,none,annual_financial_certification;annual_text_certification,0,0,False,False,ST_history_label_and_input_certification_pending
002862.SZ:2025,002862.SZ,2025-05-01,test,pending,,12,0,0,False,False,0,verified_nonfinancial,True,True,True,2026-04-30,False,False,none,none,annual_financial_certification;annual_text_certification,0,0,False,False,ST_history_label_and_input_certification_pending
002864.SZ:2021,002864.SZ,2021-05-01,train,pending,,12,0,0,False,False,0,verified_nonfinancial,True,True,True,2022-04-30,False,False,none,none,annual_financial_certification;annual_text_certification,0,0,False,False,ST_history_label_and_input_certification_pending
002864.SZ:2022,002864.SZ,2022-05-01,validation,pending,,12,0,0,False,False,0,verified_nonfinancial,True,True,True,2023-04-30,False,False,none,none,annual_financial_certification;annual_text_certification,0,0,False,False,ST_history_label_and_input_certification_pending
002864.SZ:2023,002864.SZ,2023-05-01,validation,pending,,12,0,0,False,False,0,pending,True,True,True,2024-04-30,False,False,none,none,historical_industry;annual_financial_certification;annual_text_certification,0,0,False,False,ST_history_label_and_input_certification_pending
002864.SZ:2024,002864.SZ,2024-05-01,test,pending,,12,0,0,False,False,0,verified_nonfinancial,True,True,True,2025-04-30,False,False,none,none,annual_financial_certification;annual_text_certification,0,0,False,False,ST_history_label_and_input_certification_pending
002864.SZ:2025,002864.SZ,2025-05-01,test,pending,,12,0,0,False,False,0,verified_nonfinancial,True,True,True,2026-04-30,False,False,none,none,annual_financial_certification;annual_text_certification,0,0,False,False,ST_history_label_and_input_certification_pending
002865.SZ:2020,002865.SZ,2020-05-01,train,pending,,12,0,0,False,False,0,verified_nonfinancial,True,True,True,2021-04-30,False,False,none,none,annual_financial_certification;annual_text_certification,0,0,False,False,ST_history_label_and_input_certification_pending
002865.SZ:2021,002865.SZ,2021-05-01,train,pending,,12,0,0,False,False,0,verified_nonfinancial,True,True,True,2022-04-30,False,False,none,none,annual_financial_certification;annual_text_certification,0,0,False,False,ST_history_label_and_input_certification_pending
002865.SZ:2022,002865.SZ,2022-05-01,validation,pending,,12,0,0,False,False,0,verified_nonfinancial,True,True,True,2023-04-30,False,False,none,none,annual_financial_certification;annual_text_certification,0,0,False,False,ST_history_label_and_input_certification_pending
002865.SZ:2023,002865.SZ,2023-05-01,validation,pending,,12,0,0,False,False,0,pending,True,True,True,2024-04-30,False,False,none,none,historical_industry;annual_financial_certification;annual_text_certification,0,0,False,False,ST_history_label_and_input_certification_pending
002865.SZ:2024,002865.SZ,2024-05-01,test,pending,,12,0,0,False,False,0,verified_nonfinancial,True,True,True,2025-04-30,False,False,none,none,annual_financial_certification;annual_text_certification,0,0,False,False,ST_history_label_and_input_certification_pending
002865.SZ:2025,002865.SZ,2025-05-01,test,pending,,12,0,0,False,False,0,verified_nonfinancial,True,True,True,2026-04-30,False,False,none,none,annual_financial_certification;annual_text_certification,0,0,False,False,ST_history_label_and_input_certification_pending
002886.SZ:2021,002886.SZ,2021-05-01,train,pending,,12,0,0,False,False,0,verified_nonfinancial,True,True,True,2022-04-30,False,False,none,none,annual_financial_certification;annual_text_certification,0,0,False,False,ST_history_label_and_input_certification_pending
002886.SZ:2022,002886.SZ,2022-05-01,validation,pending,,12,0,0,False,False,0,verified_nonfinancial,True,True,True,2023-04-30,False,False,none,none,annual_financial_certification;annual_text_certification,0,0,False,False,ST_history_label_and_input_certification_pending
002886.SZ:2023,002886.SZ,2023-05-01,validation,pending,,12,0,0,False,False,0,pending,True,True,True,2024-04-30,False,False,none,none,historical_industry;annual_financial_certification;annual_text_certification,0,0,False,False,ST_history_label_and_input_certification_pending
002886.SZ:2024,002886.SZ,2024-05-01,test,pending,,12,0,0,False,False,0,verified_nonfinancial,True,True,True,2025-04-30,False,False,none,none,annual_financial_certification;annual_text_certification,0,0,False,False,ST_history_label_and_input_certification_pending
002886.SZ:2025,002886.SZ,2025-05-01,test,pending,,12,0,0,False,False,0,verified_nonfinancial,True,True,True,2026-04-30,False,False,none,none,annual_financial_certification;annual_text_certification,0,0,False,False,ST_history_label_and_input_certification_pending
002892.SZ:2021,002892.SZ,2021-05-01,train,pending,,12,0,0,False,False,0,verified_nonfinancial,True,True,True,2022-04-30,False,False,none,none,annual_financial_certification;annual_text_certification,0,0,False,False,ST_history_label_and_input_certification_pending
002892.SZ:2022,002892.SZ,2022-05-01,validation,pending,,12,0,0,False,False,0,verified_nonfinancial,True,True,True,2023-04-30,False,False,none,none,annual_financial_certification;annual_text_certification,0,0,False,False,ST_history_label_and_input_certification_pending
002892.SZ:2023,002892.SZ,2023-05-01,validation,pending,,12,0,0,False,False,0,pending,True,True,True,2024-04-30,False,False,none,none,historical_industry;annual_financial_certification;annual_text_certification,0,0,False,False,ST_history_label_and_input_certification_pending
002892.SZ:2024,002892.SZ,2024-05-01,test,pending,,12,0,0,False,False,0,verified_nonfinancial,True,True,True,2025-04-30,False,False,none,none,annual_financial_certification;annual_text_certification,0,0,False,False,ST_history_label_and_input_certification_pending
002892.SZ:2025,002892.SZ,2025-05-01,test,pending,,12,0,0,False,False,0,verified_nonfinancial,True,True,True,2026-04-30,False,False,none,none,annual_financial_certification;annual_text_certification,0,0,False,False,ST_history_label_and_input_certification_pending
002898.SZ:2021,002898.SZ,2021-05-01,train,pending,,12,0,0,False,False,0,verified_nonfinancial,True,True,True,2022-04-30,False,False,none,none,annual_financial_certification;annual_text_certification,0,0,False,False,ST_history_label_and_input_certification_pending
002898.SZ:2022,002898.SZ,2022-05-01,validation,pending,,12,0,0,False,False,0,verified_nonfinancial,True,True,True,2023-04-30,False,False,none,none,annual_financial_certification;annual_text_certification,0,0,False,False,ST_history_label_and_input_certification_pending
002898.SZ:2023,002898.SZ,2023-05-01,validation,pending,,12,0,0,False,False,0,pending,True,True,True,2024-04-30,False,False,none,none,historical_industry;annual_financial_certification;annual_text_certification,0,0,False,False,ST_history_label_and_input_certification_pending
002898.SZ:2024,002898.SZ,2024-05-01,test,pending,,12,0,0,False,False,1,verified_nonfinancial,True,True,True,2025-04-28,False,False,none,none,annual_financial_certification;annual_text_certification,0,1,False,False,ST_history_label_and_input_certification_pending
002898.SZ:2025,002898.SZ,2025-05-01,test,excluded,,12,0,0,False,False,,verified_nonfinancial,True,False,False,,False,False,none,none,,1,0,False,False,preorigin_financial_industry_or_confirmed_baseline_ST
002899.SZ:2021,002899.SZ,2021-05-01,train,pending,,12,0,0,False,False,0,verified_nonfinancial,True,True,True,2022-04-30,False,False,none,none,annual_financial_certification;annual_text_certification,0,0,False,False,ST_history_label_and_input_certification_pending
002899.SZ:2022,002899.SZ,2022-05-01,validation,pending,,12,0,0,False,False,0,verified_nonfinancial,True,True,True,2023-04-30,False,False,none,none,annual_financial_certification;annual_text_certification,0,0,False,False,ST_history_label_and_input_certification_pending
002899.SZ:2023,002899.SZ,2023-05-01,validation,pending,,12,0,0,False,False,0,pending,True,True,True,2024-04-30,False,False,none,none,historical_industry;annual_financial_certification;annual_text_certification,0,0,False,False,ST_history_label_and_input_certification_pending
002899.SZ:2024,002899.SZ,2024-05-01,test,pending,,12,0,0,False,False,0,verified_nonfinancial,True,True,True,2025-04-30,False,False,none,none,annual_financial_certification;annual_text_certification,0,0,False,False,ST_history_label_and_input_certification_pending
002899.SZ:2025,002899.SZ,2025-05-01,test,pending,,12,0,0,False,False,0,verified_nonfinancial,True,True,True,2026-04-30,False,False,none,none,annual_financial_certification;annual_text_certification,0,0,False,False,ST_history_label_and_input_certification_pending
002906.SZ:2021,002906.SZ,2021-05-01,train,pending,,12,0,0,False,False,0,verified_nonfinancial,True,True,True,2022-04-30,False,False,none,none,annual_financial_certification;annual_text_certification,0,0,False,False,ST_history_label_and_input_certification_pending
002906.SZ:2022,002906.SZ,2022-05-01,validation,pending,,12,0,0,False,False,0,verified_nonfinancial,True,True,True,2023-04-30,False,False,none,none,annual_financial_certification;annual_text_certification,0,0,False,False,ST_history_label_and_input_certification_pending
002906.SZ:2023,002906.SZ,2023-05-01,validation,pending,,12,0,0,False,False,0,pending,True,True,True,2024-04-30,False,False,none,none,historical_industry;annual_financial_certification;annual_text_certification,0,0,False,False,ST_history_label_and_input_certification_pending
002906.SZ:2024,002906.SZ,2024-05-01,test,pending,,12,0,0,False,False,0,verified_nonfinancial,True,True,True,2025-04-30,False,False,none,none,annual_financial_certification;annual_text_certification,0,0,False,False,ST_history_label_and_input_certification_pending
002906.SZ:2025,002906.SZ,2025-05-01,test,pending,,12,0,0,False,False,0,verified_nonfinancial,True,True,True,2026-04-30,False,False,none,none,annual_financial_certification;annual_text_certification,0,0,False,False,ST_history_label_and_input_certification_pending
002917.SZ:2021,002917.SZ,2021-05-01,train,pending,,12,0,0,False,False,0,verified_nonfinancial,True,True,True,2022-04-30,False,False,none,none,annual_financial_certification;annual_text_certification,0,0,False,False,ST_history_label_and_input_certification_pending
002917.SZ:2022,002917.SZ,2022-05-01,validation,pending,,12,0,0,False,False,0,verified_nonfinancial,True,True,True,2023-04-30,False,False,none,none,annual_financial_certification;annual_text_certification,0,0,False,False,ST_history_label_and_input_certification_pending
002917.SZ:2023,002917.SZ,2023-05-01,validation,pending,,12,0,0,False,False,0,pending,True,True,True,2024-04-30,False,False,none,none,historical_industry;annual_financial_certification;annual_text_certification,0,0,False,False,ST_history_label_and_input_certification_pending
002917.SZ:2024,002917.SZ,2024-05-01,test,pending,,12,0,0,False,False,0,verified_nonfinancial,True,True,True,2025-04-30,False,False,none,none,annual_financial_certification;annual_text_certification,0,0,False,False,ST_history_label_and_input_certification_pending
002917.SZ:2025,002917.SZ,2025-05-01,test,pending,,12,0,0,False,False,0,verified_nonfinancial,True,True,True,2026-04-30,False,False,none,none,annual_financial_certification;annual_text_certification,0,0,False,False,ST_history_label_and_input_certification_pending
002920.SZ:2021,002920.SZ,2021-05-01,train,pending,,12,0,0,False,False,0,verified_nonfinancial,True,True,True,2022-04-30,False,False,none,none,annual_financial_certification;annual_text_certification,0,0,False,False,ST_history_label_and_input_certification_pending
002920.SZ:2022,002920.SZ,2022-05-01,validation,pending,,12,0,0,False,False,0,verified_nonfinancial,True,True,True,2023-04-30,False,False,none,none,annual_financial_certification;annual_text_certification,0,0,False,False,ST_history_label_and_input_certification_pending
002920.SZ:2023,002920.SZ,2023-05-01,validation,pending,,12,0,0,False,False,0,pending,True,True,True,2024-04-30,False,False,none,none,historical_industry;annual_financial_certification;annual_text_certification,0,0,False,False,ST_history_label_and_input_certification_pending
002920.SZ:2024,002920.SZ,2024-05-01,test,pending,,12,0,0,False,False,0,verified_nonfinancial,True,True,True,2025-04-30,False,False,none,none,annual_financial_certification;annual_text_certification,0,0,False,False,ST_history_label_and_input_certification_pending
002920.SZ:2025,002920.SZ,2025-05-01,test,pending,,12,0,0,False,False,0,verified_nonfinancial,True,True,True,2026-04-30,False,False,none,none,annual_financial_certification;annual_text_certification,0,0,False,False,ST_history_label_and_input_certification_pending
002928.SZ:2021,002928.SZ,2021-05-01,train,pending,,12,0,0,False,False,0,verified_nonfinancial,True,True,True,2022-04-30,False,False,none,none,annual_financial_certification;annual_text_certification,0,0,False,False,ST_history_label_and_input_certification_pending
002928.SZ:2022,002928.SZ,2022-05-01,validation,pending,,12,0,0,False,False,0,verified_nonfinancial,True,True,True,2023-04-30,False,False,none,none,annual_financial_certification;annual_text_certification,0,0,False,False,ST_history_label_and_input_certification_pending
002928.SZ:2023,002928.SZ,2023-05-01,validation,pending,,12,0,0,False,False,0,pending,True,True,True,2024-04-30,False,False,none,none,historical_industry;annual_financial_certification;annual_text_certification,0,0,False,False,ST_history_label_and_input_certification_pending
002928.SZ:2024,002928.SZ,2024-05-01,test,pending,,12,0,0,False,False,0,verified_nonfinancial,True,True,True,2025-04-30,False,False,none,none,annual_financial_certification;annual_text_certification,0,0,False,False,ST_history_label_and_input_certification_pending
002928.SZ:2025,002928.SZ,2025-05-01,test,pending,,12,0,0,False,False,0,verified_nonfinancial,True,True,True,2026-04-30,False,False,none,none,annual_financial_certification;annual_text_certification,0,0,False,False,ST_history_label_and_input_certification_pending
002929.SZ:2021,002929.SZ,2021-05-01,train,pending,,12,0,0,False,False,0,verified_nonfinancial,True,True,True,2022-04-30,False,False,none,none,annual_financial_certification;annual_text_certification,0,0,False,False,ST_history_label_and_input_certification_pending
002929.SZ:2022,002929.SZ,2022-05-01,validation,pending,,12,0,0,False,False,0,verified_nonfinancial,True,True,True,2023-04-30,False,False,none,none,annual_financial_certification;annual_text_certification,0,0,False,False,ST_history_label_and_input_certification_pending
002929.SZ:2023,002929.SZ,2023-05-01,validation,pending,,12,0,0,False,False,0,pending,True,True,True,2024-04-30,False,False,none,none,historical_industry;annual_financial_certification;annual_text_certification,0,0,False,False,ST_history_label_and_input_certification_pending
002929.SZ:2024,002929.SZ,2024-05-01,test,pending,,12,0,0,False,False,0,verified_nonfinancial,True,True,True,2025-04-30,False,False,none,none,annual_financial_certification;annual_text_certification,0,0,False,False,ST_history_label_and_input_certification_pending
002929.SZ:2025,002929.SZ,2025-05-01,test,pending,,12,0,0,False,False,0,verified_nonfinancial,True,True,True,2026-04-30,False,False,none,none,annual_financial_certification;annual_text_certification,0,0,False,False,ST_history_label_and_input_certification_pending
002930.SZ:2021,002930.SZ,2021-05-01,train,pending,,12,0,0,False,False,0,verified_nonfinancial,True,True,True,2022-04-30,False,False,none,none,annual_financial_certification;annual_text_certification,0,0,False,False,ST_history_label_and_input_certification_pending
002930.SZ:2022,002930.SZ,2022-05-01,validation,pending,,12,0,0,False,False,0,verified_nonfinancial,True,True,True,2023-04-30,False,False,none,none,annual_financial_certification;annual_text_certification,0,0,False,False,ST_history_label_and_input_certification_pending
002930.SZ:2023,002930.SZ,2023-05-01,validation,pending,,12,0,0,False,False,0,pending,True,True,True,2024-04-30,False,False,none,none,historical_industry;annual_financial_certification;annual_text_certification,0,0,False,False,ST_history_label_and_input_certification_pending
002930.SZ:2024,002930.SZ,2024-05-01,test,pending,,12,0,0,False,False,0,verified_nonfinancial,True,True,True,2025-04-30,False,False,none,none,annual_financial_certification;annual_text_certification,0,0,False,False,ST_history_label_and_input_certification_pending
002930.SZ:2025,002930.SZ,2025-05-01,test,pending,,12,0,0,False,False,0,verified_nonfinancial,True,True,True,2026-04-30,False,False,none,none,annual_financial_certification;annual_text_certification,0,0,False,False,ST_history_label_and_input_certification_pending
002933.SZ:2022,002933.SZ,2022-05-01,validation,pending,,12,0,0,False,False,0,verified_nonfinancial,True,True,True,2023-04-30,False,False,none,none,annual_financial_certification;annual_text_certification,0,0,False,False,ST_history_label_and_input_certification_pending
002933.SZ:2023,002933.SZ,2023-05-01,validation,pending,,12,0,0,False,False,0,pending,True,True,True,2024-04-30,False,False,none,none,historical_industry;annual_financial_certification;annual_text_certification,0,0,False,False,ST_history_label_and_input_certification_pending
002933.SZ:2024,002933.SZ,2024-05-01,test,pending,,12,0,0,False,False,0,verified_nonfinancial,True,True,True,2025-04-30,False,False,none,none,annual_financial_certification;annual_text_certification,0,0,False,False,ST_history_label_and_input_certification_pending
002933.SZ:2025,002933.SZ,2025-05-01,test,pending,,12,0,0,False,False,0,verified_nonfinancial,True,True,True,2026-04-30,False,False,none,none,annual_financial_certification;annual_text_certification,0,0,False,False,ST_history_label_and_input_certification_pending
002942.SZ:2022,002942.SZ,2022-05-01,validation,pending,,12,0,0,False,False,0,verified_nonfinancial,True,True,True,2023-04-30,False,False,none,none,annual_financial_certification;annual_text_certification,0,0,False,False,ST_history_label_and_input_certification_pending
002942.SZ:2023,002942.SZ,2023-05-01,validation,pending,,12,0,0,False,False,0,pending,True,True,True,2024-04-30,False,False,none,none,historical_industry;annual_financial_certification;annual_text_certification,0,0,False,False,ST_history_label_and_input_certification_pending
002942.SZ:2024,002942.SZ,2024-05-01,test,pending,,12,0,0,False,False,0,verified_nonfinancial,True,True,True,2025-04-30,False,False,none,none,annual_financial_certification;annual_text_certification,0,0,False,False,ST_history_label_and_input_certification_pending
002942.SZ:2025,002942.SZ,2025-05-01,test,pending,,12,0,0,False,False,0,verified_nonfinancial,True,True,True,2026-04-30,False,False,none,none,annual_financial_certification;annual_text_certification,0,0,False,False,ST_history_label_and_input_certification_pending
002945.SZ:2022,002945.SZ,2022-05-01,validation,excluded,,12,0,0,False,False,,excluded_financial,True,True,True,2023-04-30,False,False,none,none,,0,0,False,False,preorigin_financial_industry_or_confirmed_baseline_ST
002945.SZ:2023,002945.SZ,2023-05-01,validation,pending,,12,0,0,False,False,0,pending,True,True,True,2024-04-30,False,False,none,none,historical_industry;annual_financial_certification;annual_text_certification,0,0,False,False,ST_history_label_and_input_certification_pending
002945.SZ:2024,002945.SZ,2024-05-01,test,excluded,,12,0,0,False,False,,excluded_financial,True,True,True,2025-04-30,False,False,none,none,,0,0,False,False,preorigin_financial_industry_or_confirmed_baseline_ST
002945.SZ:2025,002945.SZ,2025-05-01,test,excluded,,12,0,0,False,False,,excluded_financial,True,True,True,2026-04-30,False,False,none,none,,0,0,False,False,preorigin_financial_industry_or_confirmed_baseline_ST
002958.SZ:2022,002958.SZ,2022-05-01,validation,excluded,,12,0,0,False,False,,excluded_financial,True,True,True,2023-04-30,False,False,none,none,,0,0,False,False,preorigin_financial_industry_or_confirmed_baseline_ST
002958.SZ:2023,002958.SZ,2023-05-01,validation,pending,,12,0,0,False,False,0,pending,True,True,True,2024-04-30,False,False,none,none,historical_industry;annual_financial_certification;annual_text_certification,0,0,False,False,ST_history_label_and_input_certification_pending
002958.SZ:2024,002958.SZ,2024-05-01,test,excluded,,12,0,0,False,False,,excluded_financial,True,True,True,2025-04-30,False,False,none,none,,0,0,False,False,preorigin_financial_industry_or_confirmed_baseline_ST
002958.SZ:2025,002958.SZ,2025-05-01,test,excluded,,12,0,0,False,False,,excluded_financial,True,True,True,2026-04-30,False,False,none,none,,0,0,False,False,preorigin_financial_industry_or_confirmed_baseline_ST
002978.SZ:2023,002978.SZ,2023-05-01,validation,pending,,12,0,0,False,False,0,pending,True,True,True,2024-04-30,False,False,none,none,historical_industry;annual_financial_certification;annual_text_certification,0,0,False,False,ST_history_label_and_input_certification_pending
002978.SZ:2024,002978.SZ,2024-05-01,test,pending,,12,0,0,False,False,0,verified_nonfinancial,True,True,True,2025-04-30,False,False,none,none,annual_financial_certification;annual_text_certification,0,0,False,False,ST_history_label_and_input_certification_pending
002978.SZ:2025,002978.SZ,2025-05-01,test,pending,,12,0,0,False,False,0,verified_nonfinancial,True,True,True,2026-04-30,False,False,none,none,annual_financial_certification;annual_text_certification,0,0,False,False,ST_history_label_and_input_certification_pending
003005.SZ:2024,003005.SZ,2024-05-01,test,pending,,12,0,0,False,False,0,verified_nonfinancial,True,True,True,2025-04-30,False,False,none,none,annual_financial_certification;annual_text_certification,0,0,False,False,ST_history_label_and_input_certification_pending
003005.SZ:2025,003005.SZ,2025-05-01,test,pending,,12,0,0,False,False,0,verified_nonfinancial,True,True,True,2026-04-30,False,False,none,none,annual_financial_certification;annual_text_certification,0,0,False,False,ST_history_label_and_input_certification_pending
003012.SZ:2024,003012.SZ,2024-05-01,test,pending,,12,0,0,False,False,0,verified_nonfinancial,True,True,True,2025-04-30,False,False,none,none,annual_financial_certification;annual_text_certification,0,0,False,False,ST_history_label_and_input_certification_pending
003012.SZ:2025,003012.SZ,2025-05-01,test,pending,,12,0,0,False,False,0,verified_nonfinancial,True,True,True,2026-04-30,False,False,none,none,annual_financial_certification;annual_text_certification,0,0,False,False,ST_history_label_and_input_certification_pending
003020.SZ:2024,003020.SZ,2024-05-01,test,pending,,12,0,0,False,False,0,verified_nonfinancial,True,True,True,2025-04-30,False,False,none,none,annual_financial_certification;annual_text_certification,0,0,False,False,ST_history_label_and_input_certification_pending
003020.SZ:2025,003020.SZ,2025-05-01,test,pending,,12,0,0,False,False,0,verified_nonfinancial,True,True,True,2026-04-30,False,False,none,none,annual_financial_certification;annual_text_certification,0,0,False,False,ST_history_label_and_input_certification_pending
003021.SZ:2024,003021.SZ,2024-05-01,test,pending,,12,0,0,False,False,0,verified_nonfinancial,True,True,True,2025-04-30,False,False,none,none,annual_financial_certification;annual_text_certification,0,0,False,False,ST_history_label_and_input_certification_pending
003021.SZ:2025,003021.SZ,2025-05-01,test,pending,,12,0,0,False,False,0,verified_nonfinancial,True,True,True,2026-04-30,False,False,none,none,annual_financial_certification;annual_text_certification,0,0,False,False,ST_history_label_and_input_certification_pending
003027.SZ:2024,003027.SZ,2024-05-01,test,pending,,12,0,0,False,False,0,verified_nonfinancial,True,True,True,2025-04-30,False,False,none,none,annual_financial_certification;annual_text_certification,0,0,False,False,ST_history_label_and_input_certification_pending
003027.SZ:2025,003027.SZ,2025-05-01,test,pending,,12,0,0,False,False,0,verified_nonfinancial,True,True,True,2026-04-30,False,False,none,none,annual_financial_certification;annual_text_certification,0,0,False,False,ST_history_label_and_input_certification_pending
300003.SZ:2017,300003.SZ,2017-05-01,train,pending,,12,0,0,False,False,0,verified_nonfinancial,True,True,True,2018-04-30,False,False,none,none,annual_financial_certification;annual_text_certification,0,0,False,False,ST_history_label_and_input_certification_pending
300003.SZ:2018,300003.SZ,2018-05-01,train,pending,,12,0,0,False,False,0,verified_nonfinancial,True,True,True,2019-04-30,False,False,none,none,annual_financial_certification;annual_text_certification,0,0,False,False,ST_history_label_and_input_certification_pending
300003.SZ:2019,300003.SZ,2019-05-01,train,pending,,12,0,0,False,False,0,verified_nonfinancial,True,True,True,2020-04-30,False,False,none,none,annual_financial_certification;annual_text_certification,0,0,False,False,ST_history_label_and_input_certification_pending
300003.SZ:2020,300003.SZ,2020-05-01,train,pending,,12,0,0,False,False,0,verified_nonfinancial,True,True,True,2021-04-30,False,False,none,none,annual_financial_certification;annual_text_certification,0,0,False,False,ST_history_label_and_input_certification_pending
300003.SZ:2021,300003.SZ,2021-05-01,train,pending,,12,0,0,False,False,0,verified_nonfinancial,True,True,True,2022-04-30,False,False,none,none,annual_financial_certification;annual_text_certification,0,0,False,False,ST_history_label_and_input_certification_pending
300003.SZ:2022,300003.SZ,2022-05-01,validation,pending,,12,0,0,False,False,0,verified_nonfinancial,True,True,True,2023-04-30,False,False,none,none,annual_financial_certification;annual_text_certification,0,0,False,False,ST_history_label_and_input_certification_pending
300003.SZ:2023,300003.SZ,2023-05-01,validation,pending,,12,0,0,False,False,0,pending,True,True,True,2024-04-30,False,False,none,none,historical_industry;annual_financial_certification;annual_text_certification,0,0,False,False,ST_history_label_and_input_certification_pending
300003.SZ:2024,300003.SZ,2024-05-01,test,pending,,12,0,0,False,False,0,verified_nonfinancial,True,True,True,2025-04-30,False,False,none,none,annual_financial_certification;annual_text_certification,0,0,False,False,ST_history_label_and_input_certification_pending
300003.SZ:2025,300003.SZ,2025-05-01,test,pending,,12,0,0,False,False,0,verified_nonfinancial,True,True,True,2026-04-30,False,False,none,none,annual_financial_certification;annual_text_certification,0,0,False,False,ST_history_label_and_input_certification_pending
300004.SZ:2017,300004.SZ,2017-05-01,train,pending,,12,0,0,False,False,0,verified_nonfinancial,True,True,True,2018-04-30,False,False,none,none,annual_financial_certification;annual_text_certification,0,0,False,False,ST_history_label_and_input_certification_pending
300004.SZ:2018,300004.SZ,2018-05-01,train,pending,,12,0,0,False,False,0,verified_nonfinancial,True,True,True,2019-04-30,False,False,none,none,annual_financial_certification;annual_text_certification,0,0,False,False,ST_history_label_and_input_certification_pending
300004.SZ:2019,300004.SZ,2019-05-01,train,pending,,12,0,0,False,False,0,verified_nonfinancial,True,True,True,2020-04-30,False,False,none,none,annual_financial_certification;annual_text_certification,0,0,False,False,ST_history_label_and_input_certification_pending
300004.SZ:2020,300004.SZ,2020-05-01,train,pending,,12,0,0,False,False,0,verified_nonfinancial,True,True,True,2021-04-30,False,False,none,none,annual_financial_certification;annual_text_certification,0,0,False,False,ST_history_label_and_input_certification_pending
300004.SZ:2021,300004.SZ,2021-05-01,train,pending,,12,0,0,False,False,0,verified_nonfinancial,True,True,True,2022-04-30,False,False,none,none,annual_financial_certification;annual_text_certification,0,0,False,False,ST_history_label_and_input_certification_pending
300004.SZ:2022,300004.SZ,2022-05-01,validation,pending,,12,0,0,False,False,0,verified_nonfinancial,True,True,True,2023-04-30,False,False,none,none,annual_financial_certification;annual_text_certification,0,0,False,False,ST_history_label_and_input_certification_pending
300004.SZ:2023,300004.SZ,2023-05-01,validation,pending,,12,0,0,False,False,0,pending,True,True,True,2024-04-30,False,False,none,none,historical_industry;annual_financial_certification;annual_text_certification,0,0,False,False,ST_history_label_and_input_certification_pending
300004.SZ:2024,300004.SZ,2024-05-01,test,pending,,12,0,0,False,False,0,verified_nonfinancial,True,True,True,2025-04-30,False,False,none,none,annual_financial_certification;annual_text_certification,0,0,False,False,ST_history_label_and_input_certification_pending
300004.SZ:2025,300004.SZ,2025-05-01,test,pending,,12,0,0,False,False,0,verified_nonfinancial,True,True,True,2026-04-30,False,False,none,none,annual_financial_certification;annual_text_certification,0,0,False,False,ST_history_label_and_input_certification_pending
300009.SZ:2017,300009.SZ,2017-05-01,train,pending,,12,0,0,False,False,0,verified_nonfinancial,True,True,True,2018-04-30,False,False,none,none,annual_financial_certification;annual_text_certification,0,0,False,False,ST_history_label_and_input_certification_pending
300009.SZ:2018,300009.SZ,2018-05-01,train,pending,,12,0,0,False,False,0,verified_nonfinancial,True,True,True,2019-04-30,False,False,none,none,annual_financial_certification;annual_text_certification,0,0,False,False,ST_history_label_and_input_certification_pending
300009.SZ:2019,300009.SZ,2019-05-01,train,pending,,12,0,0,False,False,0,verified_nonfinancial,True,True,True,2020-04-30,False,False,none,none,annual_financial_certification;annual_text_certification,0,0,False,False,ST_history_label_and_input_certification_pending
300009.SZ:2020,300009.SZ,2020-05-01,train,pending,,12,0,0,False,False,0,verified_nonfinancial,True,True,True,2021-04-30,False,False,none,none,annual_financial_certification;annual_text_certification,0,0,False,False,ST_history_label_and_input_certification_pending
300009.SZ:2021,300009.SZ,2021-05-01,train,pending,,12,0,0,False,False,0,verified_nonfinancial,True,True,True,2022-04-30,False,False,none,none,annual_financial_certification;annual_text_certification,0,0,False,False,ST_history_label_and_input_certification_pending
300009.SZ:2022,300009.SZ,2022-05-01,validation,pending,,12,0,0,False,False,0,verified_nonfinancial,True,True,True,2023-04-30,False,False,none,none,annual_financial_certification;annual_text_certification,0,0,False,False,ST_history_label_and_input_certification_pending
300009.SZ:2023,300009.SZ,2023-05-01,validation,pending,,12,0,0,False,False,0,pending,True,True,True,2024-04-30,False,False,none,none,historical_industry;annual_financial_certification;annual_text_certification,0,0,False,False,ST_history_label_and_input_certification_pending
300009.SZ:2024,300009.SZ,2024-05-01,test,pending,,12,0,0,False,False,0,verified_nonfinancial,True,True,True,2025-04-30,False,False,none,none,annual_financial_certification;annual_text_certification,0,0,False,False,ST_history_label_and_input_certification_pending
300009.SZ:2025,300009.SZ,2025-05-01,test,pending,,12,0,0,False,False,0,verified_nonfinancial,True,True,True,2026-04-30,False,False,none,none,annual_financial_certification;annual_text_certification,0,0,False,False,ST_history_label_and_input_certification_pending
300013.SZ:2017,300013.SZ,2017-05-01,train,pending,,12,0,0,False,False,0,verified_nonfinancial,True,True,True,2018-04-30,False,False,none,none,annual_financial_certification;annual_text_certification,0,0,False,False,ST_history_label_and_input_certification_pending
300013.SZ:2018,300013.SZ,2018-05-01,train,pending,,12,0,0,False,False,0,verified_nonfinancial,True,True,True,2019-04-30,False,False,none,none,annual_financial_certification;annual_text_certification,0,0,False,False,ST_history_label_and_input_certification_pending
300013.SZ:2019,300013.SZ,2019-05-01,train,pending,,12,0,0,False,False,0,verified_nonfinancial,True,True,True,2020-04-30,False,False,none,none,annual_financial_certification;annual_text_certification,0,0,False,False,ST_history_label_and_input_certification_pending
300013.SZ:2020,300013.SZ,2020-05-01,train,pending,,12,0,0,False,False,0,verified_nonfinancial,True,True,True,2021-04-30,False,False,none,none,annual_financial_certification;annual_text_certification,0,0,False,False,ST_history_label_and_input_certification_pending
300013.SZ:2021,300013.SZ,2021-05-01,train,pending,,12,0,0,False,False,0,verified_nonfinancial,True,True,True,2022-04-30,False,False,none,none,annual_financial_certification;annual_text_certification,0,0,False,False,ST_history_label_and_input_certification_pending
300013.SZ:2022,300013.SZ,2022-05-01,validation,pending,,12,0,0,False,False,0,verified_nonfinancial,True,True,True,2023-04-30,False,False,none,none,annual_financial_certification;annual_text_certification,0,0,False,False,ST_history_label_and_input_certification_pending
300013.SZ:2023,300013.SZ,2023-05-01,validation,pending,,12,0,0,False,False,1,pending,True,True,True,2024-04-30,False,False,none,none,historical_industry;annual_financial_certification;annual_text_certification,0,1,False,False,ST_history_label_and_input_certification_pending
300013.SZ:2024,300013.SZ,2024-05-01,test,excluded,,12,0,0,False,False,,verified_nonfinancial,True,False,False,,False,False,none,none,,1,0,False,False,preorigin_financial_industry_or_confirmed_baseline_ST
300013.SZ:2025,300013.SZ,2025-05-01,test,excluded,,12,0,0,False,False,,verified_nonfinancial,True,False,False,,False,False,none,none,,1,0,False,False,preorigin_financial_industry_or_confirmed_baseline_ST
300018.SZ:2017,300018.SZ,2017-05-01,train,pending,,12,0,0,False,False,0,verified_nonfinancial,True,True,True,2018-04-30,False,False,none,none,annual_financial_certification;annual_text_certification,0,0,False,False,ST_history_label_and_input_certification_pending
300018.SZ:2018,300018.SZ,2018-05-01,train,pending,,12,0,0,False,False,0,verified_nonfinancial,True,True,True,2019-04-30,False,False,none,none,annual_financial_certification;annual_text_certification,0,0,False,False,ST_history_label_and_input_certification_pending
300018.SZ:2019,300018.SZ,2019-05-01,train,pending,,12,0,0,False,False,0,verified_nonfinancial,True,True,True,2020-04-30,False,False,none,none,annual_financial_certification;annual_text_certification,0,0,False,False,ST_history_label_and_input_certification_pending
300018.SZ:2020,300018.SZ,2020-05-01,train,pending,,12,0,0,False,False,0,verified_nonfinancial,True,True,True,2021-04-30,False,False,none,none,annual_financial_certification;annual_text_certification,0,0,False,False,ST_history_label_and_input_certification_pending
300018.SZ:2021,300018.SZ,2021-05-01,train,pending,,12,0,0,False,False,0,verified_nonfinancial,True,True,True,2022-04-30,False,False,none,none,annual_financial_certification;annual_text_certification,0,0,False,False,ST_history_label_and_input_certification_pending
300018.SZ:2022,300018.SZ,2022-05-01,validation,pending,,12,0,0,False,False,0,verified_nonfinancial,True,True,True,2023-04-30,False,False,none,none,annual_financial_certification;annual_text_certification,0,0,False,False,ST_history_label_and_input_certification_pending
300018.SZ:2023,300018.SZ,2023-05-01,validation,pending,,12,0,0,False,False,0,pending,True,True,True,2024-04-30,False,False,none,none,historical_industry;annual_financial_certification;annual_text_certification,0,0,False,False,ST_history_label_and_input_certification_pending
300018.SZ:2024,300018.SZ,2024-05-01,test,pending,,12,0,0,False,False,0,verified_nonfinancial,True,True,True,2025-04-30,False,False,none,none,annual_financial_certification;annual_text_certification,0,0,False,False,ST_history_label_and_input_certification_pending
300018.SZ:2025,300018.SZ,2025-05-01,test,pending,,12,0,0,False,False,0,verified_nonfinancial,True,True,True,2026-04-30,False,False,none,none,annual_financial_certification;annual_text_certification,0,0,False,False,ST_history_label_and_input_certification_pending
300026.SZ:2017,300026.SZ,2017-05-01,train,pending,,12,0,0,False,False,0,verified_nonfinancial,True,True,True,2018-04-30,False,False,none,none,annual_financial_certification;annual_text_certification,0,0,False,False,ST_history_label_and_input_certification_pending
300026.SZ:2018,300026.SZ,2018-05-01,train,pending,,12,0,0,False,False,0,verified_nonfinancial,True,True,True,2019-04-30,False,False,none,none,annual_financial_certification;annual_text_certification,0,0,False,False,ST_history_label_and_input_certification_pending
300026.SZ:2019,300026.SZ,2019-05-01,train,pending,,12,0,0,False,False,0,verified_nonfinancial,True,True,True,2020-04-30,False,False,none,none,annual_financial_certification;annual_text_certification,0,0,False,False,ST_history_label_and_input_certification_pending
300026.SZ:2020,300026.SZ,2020-05-01,train,pending,,12,0,0,False,False,0,verified_nonfinancial,True,True,True,2021-04-30,False,False,none,none,annual_financial_certification;annual_text_certification,0,0,False,False,ST_history_label_and_input_certification_pending
300026.SZ:2021,300026.SZ,2021-05-01,train,pending,,12,0,0,False,False,0,verified_nonfinancial,True,True,True,2022-04-30,False,False,none,none,annual_financial_certification;annual_text_certification,0,0,False,False,ST_history_label_and_input_certification_pending
300026.SZ:2022,300026.SZ,2022-05-01,validation,pending,,12,0,0,False,False,0,verified_nonfinancial,True,True,True,2023-04-30,False,False,none,none,annual_financial_certification;annual_text_certification,0,0,False,False,ST_history_label_and_input_certification_pending
300026.SZ:2023,300026.SZ,2023-05-01,validation,pending,,12,0,0,False,False,0,pending,True,True,True,2024-04-30,False,False,none,none,historical_industry;annual_financial_certification;annual_text_certification,0,0,False,False,ST_history_label_and_input_certification_pending
300026.SZ:2024,300026.SZ,2024-05-01,test,pending,,12,0,0,False,False,0,verified_nonfinancial,True,True,True,2025-04-30,False,False,none,none,annual_financial_certification;annual_text_certification,0,0,False,False,ST_history_label_and_input_certification_pending
300026.SZ:2025,300026.SZ,2025-05-01,test,pending,,12,0,0,False,False,0,verified_nonfinancial,True,True,True,2026-04-30,False,False,none,none,annual_financial_certification;annual_text_certification,0,0,False,False,ST_history_label_and_input_certification_pending
300027.SZ:2017,300027.SZ,2017-05-01,train,pending,,12,0,0,False,False,0,verified_nonfinancial,True,True,True,2018-04-30,False,False,none,none,annual_financial_certification;annual_text_certification,0,0,False,False,ST_history_label_and_input_certification_pending
300027.SZ:2018,300027.SZ,2018-05-01,train,pending,,12,0,0,False,False,0,verified_nonfinancial,True,True,True,2019-04-30,False,False,none,none,annual_financial_certification;annual_text_certification,0,0,False,False,ST_history_label_and_input_certification_pending
300027.SZ:2019,300027.SZ,2019-05-01,train,pending,,12,0,0,False,False,0,verified_nonfinancial,True,True,True,2020-04-30,False,False,none,none,annual_financial_certification;annual_text_certification,0,0,False,False,ST_history_label_and_input_certification_pending
300027.SZ:2020,300027.SZ,2020-05-01,train,pending,,12,0,0,False,False,0,verified_nonfinancial,True,True,True,2021-04-30,False,False,none,none,annual_financial_certification;annual_text_certification,0,0,False,False,ST_history_label_and_input_certification_pending
300027.SZ:2021,300027.SZ,2021-05-01,train,pending,,12,0,0,False,False,0,verified_nonfinancial,True,True,True,2022-04-30,False,False,none,none,annual_financial_certification;annual_text_certification,0,0,False,False,ST_history_label_and_input_certification_pending
300027.SZ:2022,300027.SZ,2022-05-01,validation,pending,,12,0,0,False,False,0,verified_nonfinancial,True,True,True,2023-04-30,False,False,none,none,annual_financial_certification;annual_text_certification,0,0,False,False,ST_history_label_and_input_certification_pending
300027.SZ:2023,300027.SZ,2023-05-01,validation,pending,,12,0,0,False,False,0,pending,True,True,True,2024-04-30,False,False,none,none,historical_industry;annual_financial_certification;annual_text_certification,0,0,False,False,ST_history_label_and_input_certification_pending
300027.SZ:2024,300027.SZ,2024-05-01,test,pending,,12,0,0,False,False,0,verified_nonfinancial,True,True,True,2025-04-30,False,False,none,none,annual_financial_certification;annual_text_certification,0,0,False,False,ST_history_label_and_input_certification_pending
300027.SZ:2025,300027.SZ,2025-05-01,test,pending,,12,0,0,False,False,1,verified_nonfinancial,True,True,True,2026-04-30,False,False,none,none,annual_financial_certification;annual_text_certification,0,1,False,False,ST_history_label_and_input_certification_pending
300028.SZ:2017,300028.SZ,2017-05-01,train,pending,,12,0,0,False,False,0,verified_nonfinancial,True,True,True,2018-04-30,False,False,none,none,annual_financial_certification;annual_text_certification,0,0,False,False,ST_history_label_and_input_certification_pending
300028.SZ:2018,300028.SZ,2018-05-01,train,pending,,12,0,0,False,False,0,verified_nonfinancial,True,True,True,2019-04-30,False,False,none,none,annual_financial_certification;annual_text_certification,0,0,False,False,ST_history_label_and_input_certification_pending
300028.SZ:2019,300028.SZ,2019-05-01,train,pending,,12,0,0,False,False,0,verified_nonfinancial,True,True,True,2020-04-30,False,False,none,none,annual_financial_certification;annual_text_certification,0,0,False,False,ST_history_label_and_input_certification_pending
300028.SZ:2020,300028.SZ,2020-05-01,train,excluded,,12,0,0,False,False,,verified_nonfinancial,True,True,False,,False,False,none,none,,0,0,False,False,known_incomplete_followup_due_to_delisting
300034.SZ:2017,300034.SZ,2017-05-01,train,pending,,12,0,0,False,False,0,verified_nonfinancial,True,True,True,2018-04-30,False,False,none,none,annual_financial_certification;annual_text_certification,0,0,False,False,ST_history_label_and_input_certification_pending
300034.SZ:2018,300034.SZ,2018-05-01,train,pending,,12,0,0,False,False,0,verified_nonfinancial,True,True,True,2019-04-30,False,False,none,none,annual_financial_certification;annual_text_certification,0,0,False,False,ST_history_label_and_input_certification_pending
300034.SZ:2019,300034.SZ,2019-05-01,train,pending,,12,0,0,False,False,0,verified_nonfinancial,True,True,True,2020-04-30,False,False,none,none,annual_financial_certification;annual_text_certification,0,0,False,False,ST_history_label_and_input_certification_pending
300034.SZ:2020,300034.SZ,2020-05-01,train,pending,,12,0,0,False,False,0,verified_nonfinancial,True,True,True,2021-04-30,False,False,none,none,annual_financial_certification;annual_text_certification,0,0,False,False,ST_history_label_and_input_certification_pending
300034.SZ:2021,300034.SZ,2021-05-01,train,pending,,12,0,0,False,False,0,verified_nonfinancial,True,True,True,2022-04-30,False,False,none,none,annual_financial_certification;annual_text_certification,0,0,False,False,ST_history_label_and_input_certification_pending
300034.SZ:2022,300034.SZ,2022-05-01,validation,pending,,12,0,0,False,False,0,verified_nonfinancial,True,True,True,2023-04-30,False,False,none,none,annual_financial_certification;annual_text_certification,0,0,False,False,ST_history_label_and_input_certification_pending
300034.SZ:2023,300034.SZ,2023-05-01,validation,pending,,12,0,0,False,False,0,pending,True,True,True,2024-04-30,False,False,none,none,historical_industry;annual_financial_certification;annual_text_certification,0,0,False,False,ST_history_label_and_input_certification_pending
300034.SZ:2024,300034.SZ,2024-05-01,test,pending,,12,0,0,False,False,0,verified_nonfinancial,True,True,True,2025-04-30,False,False,none,none,annual_financial_certification;annual_text_certification,0,0,False,False,ST_history_label_and_input_certification_pending
300034.SZ:2025,300034.SZ,2025-05-01,test,pending,,12,0,0,False,False,0,verified_nonfinancial,True,True,True,2026-04-30,False,False,none,none,annual_financial_certification;annual_text_certification,0,0,False,False,ST_history_label_and_input_certification_pending
300035.SZ:2017,300035.SZ,2017-05-01,train,pending,,12,0,0,False,False,0,verified_nonfinancial,True,True,True,2018-04-30,False,False,none,none,annual_financial_certification;annual_text_certification,0,0,False,False,ST_history_label_and_input_certification_pending
300035.SZ:2018,300035.SZ,2018-05-01,train,pending,,12,0,0,False,False,0,verified_nonfinancial,True,True,True,2019-04-30,False,False,none,none,annual_financial_certification;annual_text_certification,0,0,False,False,ST_history_label_and_input_certification_pending
300035.SZ:2019,300035.SZ,2019-05-01,train,pending,,12,0,0,False,False,0,verified_nonfinancial,True,True,True,2020-04-30,False,False,none,none,annual_financial_certification;annual_text_certification,0,0,False,False,ST_history_label_and_input_certification_pending
300035.SZ:2020,300035.SZ,2020-05-01,train,pending,,12,0,0,False,False,0,verified_nonfinancial,True,True,True,2021-04-30,False,False,none,none,annual_financial_certification;annual_text_certification,0,0,False,False,ST_history_label_and_input_certification_pending
300035.SZ:2021,300035.SZ,2021-05-01,train,pending,,12,0,0,False,False,0,verified_nonfinancial,True,True,True,2022-04-30,False,False,none,none,annual_financial_certification;annual_text_certification,0,0,False,False,ST_history_label_and_input_certification_pending
300035.SZ:2022,300035.SZ,2022-05-01,validation,pending,,12,0,0,False,False,0,verified_nonfinancial,True,True,True,2023-04-30,False,False,none,none,annual_financial_certification;annual_text_certification,0,0,False,False,ST_history_label_and_input_certification_pending
300035.SZ:2023,300035.SZ,2023-05-01,validation,pending,,12,0,0,False,False,0,pending,True,True,True,2024-04-30,False,False,none,none,historical_industry;annual_financial_certification;annual_text_certification,0,0,False,False,ST_history_label_and_input_certification_pending
300035.SZ:2024,300035.SZ,2024-05-01,test,pending,,12,0,0,False,False,0,verified_nonfinancial,True,True,True,2025-04-30,False,False,none,none,annual_financial_certification;annual_text_certification,0,0,False,False,ST_history_label_and_input_certification_pending
300035.SZ:2025,300035.SZ,2025-05-01,test,pending,,12,0,0,False,False,0,verified_nonfinancial,True,True,True,2026-04-30,False,False,none,none,annual_financial_certification;annual_text_certification,0,0,False,False,ST_history_label_and_input_certification_pending
300042.SZ:2017,300042.SZ,2017-05-01,train,pending,,12,0,0,False,False,0,verified_nonfinancial,True,True,True,2018-04-30,False,False,none,none,annual_financial_certification;annual_text_certification,0,0,False,False,ST_history_label_and_input_certification_pending
300042.SZ:2018,300042.SZ,2018-05-01,train,pending,,12,0,0,False,False,0,verified_nonfinancial,True,True,True,2019-04-30,False,False,none,none,annual_financial_certification;annual_text_certification,0,0,False,False,ST_history_label_and_input_certification_pending
300042.SZ:2019,300042.SZ,2019-05-01,train,pending,,12,0,0,False,False,0,verified_nonfinancial,True,True,True,2020-04-30,False,False,none,none,annual_financial_certification;annual_text_certification,0,0,False,False,ST_history_label_and_input_certification_pending
300042.SZ:2020,300042.SZ,2020-05-01,train,pending,,12,0,0,False,False,0,verified_nonfinancial,True,True,True,2021-04-30,False,False,none,none,annual_financial_certification;annual_text_certification,0,0,False,False,ST_history_label_and_input_certification_pending
300042.SZ:2021,300042.SZ,2021-05-01,train,pending,,12,0,0,False,False,0,verified_nonfinancial,True,True,True,2022-04-30,False,False,none,none,annual_financial_certification;annual_text_certification,0,0,False,False,ST_history_label_and_input_certification_pending
300042.SZ:2022,300042.SZ,2022-05-01,validation,pending,,12,0,0,False,False,0,verified_nonfinancial,True,True,True,2023-04-30,False,False,none,none,annual_financial_certification;annual_text_certification,0,0,False,False,ST_history_label_and_input_certification_pending
300042.SZ:2023,300042.SZ,2023-05-01,validation,pending,,12,0,0,False,False,0,pending,True,True,True,2024-04-30,False,False,none,none,historical_industry;annual_financial_certification;annual_text_certification,0,0,False,False,ST_history_label_and_input_certification_pending
300042.SZ:2024,300042.SZ,2024-05-01,test,pending,,12,0,0,False,False,0,verified_nonfinancial,True,True,True,2025-04-30,False,False,none,none,annual_financial_certification;annual_text_certification,0,0,False,False,ST_history_label_and_input_certification_pending
300042.SZ:2025,300042.SZ,2025-05-01,test,pending,,12,0,0,False,False,0,verified_nonfinancial,True,True,True,2026-04-30,False,False,none,none,annual_financial_certification;annual_text_certification,0,0,False,False,ST_history_label_and_input_certification_pending
300043.SZ:2017,300043.SZ,2017-05-01,train,pending,,12,0,0,False,False,0,verified_nonfinancial,True,True,True,2018-04-30,False,False,none,none,annual_financial_certification;annual_text_certification,0,0,False,False,ST_history_label_and_input_certification_pending
300043.SZ:2018,300043.SZ,2018-05-01,train,pending,,12,0,0,False,False,0,verified_nonfinancial,True,True,True,2019-04-30,False,False,none,none,annual_financial_certification;annual_text_certification,0,0,False,False,ST_history_label_and_input_certification_pending
300043.SZ:2019,300043.SZ,2019-05-01,train,pending,,12,0,0,False,False,0,verified_nonfinancial,True,True,True,2020-04-30,False,False,none,none,annual_financial_certification;annual_text_certification,0,0,False,False,ST_history_label_and_input_certification_pending
300043.SZ:2020,300043.SZ,2020-05-01,train,pending,,12,0,0,False,False,0,verified_nonfinancial,True,True,True,2021-04-30,False,False,none,none,annual_financial_certification;annual_text_certification,0,0,False,False,ST_history_label_and_input_certification_pending
300043.SZ:2021,300043.SZ,2021-05-01,train,pending,,12,0,0,False,False,0,verified_nonfinancial,True,True,True,2022-04-30,False,False,none,none,annual_financial_certification;annual_text_certification,0,0,False,False,ST_history_label_and_input_certification_pending
300043.SZ:2022,300043.SZ,2022-05-01,validation,pending,,12,0,0,False,False,0,verified_nonfinancial,True,True,True,2023-04-30,False,False,none,none,annual_financial_certification;annual_text_certification,0,0,False,False,ST_history_label_and_input_certification_pending
300043.SZ:2023,300043.SZ,2023-05-01,validation,pending,,12,0,0,False,False,0,pending,True,True,True,2024-04-30,False,False,none,none,historical_industry;annual_financial_certification;annual_text_certification,0,0,False,False,ST_history_label_and_input_certification_pending
300043.SZ:2024,300043.SZ,2024-05-01,test,pending,,12,0,0,False,False,0,verified_nonfinancial,True,True,True,2025-04-30,False,False,none,none,annual_financial_certification;annual_text_certification,0,0,False,False,ST_history_label_and_input_certification_pending
300043.SZ:2025,300043.SZ,2025-05-01,test,pending,,12,0,0,False,False,0,verified_nonfinancial,True,True,True,2026-04-30,False,False,none,none,annual_financial_certification;annual_text_certification,0,0,False,False,ST_history_label_and_input_certification_pending
300045.SZ:2017,300045.SZ,2017-05-01,train,pending,,12,0,0,False,False,0,verified_nonfinancial,True,True,True,2018-04-30,False,False,none,none,annual_financial_certification;annual_text_certification,0,0,False,False,ST_history_label_and_input_certification_pending
300045.SZ:2018,300045.SZ,2018-05-01,train,pending,,12,0,0,False,False,0,verified_nonfinancial,True,True,True,2019-04-30,False,False,none,none,annual_financial_certification;annual_text_certification,0,0,False,False,ST_history_label_and_input_certification_pending
300045.SZ:2019,300045.SZ,2019-05-01,train,pending,,12,0,0,False,False,0,verified_nonfinancial,True,True,True,2020-04-30,False,False,none,none,annual_financial_certification;annual_text_certification,0,0,False,False,ST_history_label_and_input_certification_pending
300045.SZ:2020,300045.SZ,2020-05-01,train,pending,,12,0,0,False,False,0,verified_nonfinancial,True,True,True,2021-04-30,False,False,none,none,annual_financial_certification;annual_text_certification,0,0,False,False,ST_history_label_and_input_certification_pending
300045.SZ:2021,300045.SZ,2021-05-01,train,pending,,12,0,0,False,False,0,verified_nonfinancial,True,True,True,2022-04-30,False,False,none,none,annual_financial_certification;annual_text_certification,0,0,False,False,ST_history_label_and_input_certification_pending
300045.SZ:2022,300045.SZ,2022-05-01,validation,pending,,12,0,0,False,False,0,verified_nonfinancial,True,True,True,2023-04-30,False,False,none,none,annual_financial_certification;annual_text_certification,0,0,False,False,ST_history_label_and_input_certification_pending
300045.SZ:2023,300045.SZ,2023-05-01,validation,pending,,12,0,0,False,False,0,pending,True,True,True,2024-04-30,False,False,none,none,historical_industry;annual_financial_certification;annual_text_certification,0,0,False,False,ST_history_label_and_input_certification_pending
300045.SZ:2024,300045.SZ,2024-05-01,test,pending,,12,0,0,False,False,0,verified_nonfinancial,True,True,True,2025-04-30,False,False,none,none,annual_financial_certification;annual_text_certification,0,0,False,False,ST_history_label_and_input_certification_pending
300045.SZ:2025,300045.SZ,2025-05-01,test,pending,,12,0,0,False,False,0,verified_nonfinancial,True,True,True,2026-04-30,False,False,none,none,annual_financial_certification;annual_text_certification,0,0,False,False,ST_history_label_and_input_certification_pending
300051.SZ:2017,300051.SZ,2017-05-01,train,pending,,12,0,0,False,False,0,verified_nonfinancial,True,True,True,2018-04-30,False,False,none,none,annual_financial_certification;annual_text_certification,0,0,False,False,ST_history_label_and_input_certification_pending
300051.SZ:2018,300051.SZ,2018-05-01,train,pending,,12,0,0,False,False,0,verified_nonfinancial,True,True,True,2019-04-30,False,False,none,none,annual_financial_certification;annual_text_certification,0,0,False,False,ST_history_label_and_input_certification_pending
300051.SZ:2019,300051.SZ,2019-05-01,train,pending,,12,0,0,False,False,0,verified_nonfinancial,True,True,True,2020-04-30,False,False,none,none,annual_financial_certification;annual_text_certification,0,0,False,False,ST_history_label_and_input_certification_pending
300051.SZ:2020,300051.SZ,2020-05-01,train,pending,,12,0,0,False,False,1,verified_nonfinancial,True,True,True,2021-04-26,False,False,none,none,annual_financial_certification;annual_text_certification,0,1,False,False,ST_history_label_and_input_certification_pending
300051.SZ:2021,300051.SZ,2021-05-01,train,excluded,,12,0,0,False,False,,verified_nonfinancial,True,False,False,,False,False,none,none,,1,0,False,False,preorigin_financial_industry_or_confirmed_baseline_ST
300051.SZ:2022,300051.SZ,2022-05-01,validation,excluded,,12,0,0,False,False,,verified_nonfinancial,True,False,False,,False,False,none,none,,1,0,False,False,preorigin_financial_industry_or_confirmed_baseline_ST
300051.SZ:2023,300051.SZ,2023-05-01,validation,pending,,12,0,0,False,False,0,pending,True,True,True,2024-04-30,False,False,none,none,historical_industry;annual_financial_certification;annual_text_certification,0,0,False,False,ST_history_label_and_input_certification_pending
300051.SZ:2024,300051.SZ,2024-05-01,test,pending,,12,0,0,False,False,0,verified_nonfinancial,True,True,True,2025-04-30,False,False,none,none,annual_financial_certification;annual_text_certification,0,0,False,False,ST_history_label_and_input_certification_pending
300051.SZ:2025,300051.SZ,2025-05-01,test,pending,,12,0,0,False,False,0,verified_nonfinancial,True,True,True,2026-04-30,False,False,none,none,annual_financial_certification;annual_text_certification,0,0,False,False,ST_history_label_and_input_certification_pending
300054.SZ:2017,300054.SZ,2017-05-01,train,pending,,12,0,0,False,False,0,verified_nonfinancial,True,True,True,2018-04-30,False,False,none,none,annual_financial_certification;annual_text_certification,0,0,False,False,ST_history_label_and_input_certification_pending
300054.SZ:2018,300054.SZ,2018-05-01,train,pending,,12,0,0,False,False,0,verified_nonfinancial,True,True,True,2019-04-30,False,False,none,none,annual_financial_certification;annual_text_certification,0,0,False,False,ST_history_label_and_input_certification_pending
300054.SZ:2019,300054.SZ,2019-05-01,train,pending,,12,0,0,False,False,0,verified_nonfinancial,True,True,True,2020-04-30,False,False,none,none,annual_financial_certification;annual_text_certification,0,0,False,False,ST_history_label_and_input_certification_pending
300054.SZ:2020,300054.SZ,2020-05-01,train,pending,,12,0,0,False,False,0,verified_nonfinancial,True,True,True,2021-04-30,False,False,none,none,annual_financial_certification;annual_text_certification,0,0,False,False,ST_history_label_and_input_certification_pending
300054.SZ:2021,300054.SZ,2021-05-01,train,pending,,12,0,0,False,False,0,verified_nonfinancial,True,True,True,2022-04-30,False,False,none,none,annual_financial_certification;annual_text_certification,0,0,False,False,ST_history_label_and_input_certification_pending
300054.SZ:2022,300054.SZ,2022-05-01,validation,pending,,12,0,0,False,False,0,verified_nonfinancial,True,True,True,2023-04-30,False,False,none,none,annual_financial_certification;annual_text_certification,0,0,False,False,ST_history_label_and_input_certification_pending
300054.SZ:2023,300054.SZ,2023-05-01,validation,pending,,12,0,0,False,False,0,pending,True,True,True,2024-04-30,False,False,none,none,historical_industry;annual_financial_certification;annual_text_certification,0,0,False,False,ST_history_label_and_input_certification_pending
300054.SZ:2024,300054.SZ,2024-05-01,test,pending,,12,0,0,False,False,0,verified_nonfinancial,True,True,True,2025-04-30,False,False,none,none,annual_financial_certification;annual_text_certification,0,0,False,False,ST_history_label_and_input_certification_pending
300054.SZ:2025,300054.SZ,2025-05-01,test,pending,,12,0,0,False,False,0,verified_nonfinancial,True,True,True,2026-04-30,False,False,none,none,annual_financial_certification;annual_text_certification,0,0,False,False,ST_history_label_and_input_certification_pending
300088.SZ:2017,300088.SZ,2017-05-01,train,pending,,12,0,0,False,False,0,verified_nonfinancial,True,True,True,2018-04-30,False,False,none,none,annual_financial_certification;annual_text_certification,0,0,False,False,ST_history_label_and_input_certification_pending
300088.SZ:2018,300088.SZ,2018-05-01,train,pending,,12,0,0,False,False,0,verified_nonfinancial,True,True,True,2019-04-30,False,False,none,none,annual_financial_certification;annual_text_certification,0,0,False,False,ST_history_label_and_input_certification_pending
300088.SZ:2019,300088.SZ,2019-05-01,train,pending,,12,0,0,False,False,0,verified_nonfinancial,True,True,True,2020-04-30,False,False,none,none,annual_financial_certification;annual_text_certification,0,0,False,False,ST_history_label_and_input_certification_pending
300088.SZ:2020,300088.SZ,2020-05-01,train,pending,,12,0,0,False,False,0,verified_nonfinancial,True,True,True,2021-04-30,False,False,none,none,annual_financial_certification;annual_text_certification,0,0,False,False,ST_history_label_and_input_certification_pending
300088.SZ:2021,300088.SZ,2021-05-01,train,pending,,12,0,0,False,False,0,verified_nonfinancial,True,True,True,2022-04-30,False,False,none,none,annual_financial_certification;annual_text_certification,0,0,False,False,ST_history_label_and_input_certification_pending
300088.SZ:2022,300088.SZ,2022-05-01,validation,pending,,12,0,0,False,False,0,verified_nonfinancial,True,True,True,2023-04-30,False,False,none,none,annual_financial_certification;annual_text_certification,0,0,False,False,ST_history_label_and_input_certification_pending
300088.SZ:2023,300088.SZ,2023-05-01,validation,pending,,12,0,0,False,False,0,pending,True,True,True,2024-04-30,False,False,none,none,historical_industry;annual_financial_certification;annual_text_certification,0,0,False,False,ST_history_label_and_input_certification_pending
300088.SZ:2024,300088.SZ,2024-05-01,test,pending,,12,0,0,False,False,0,verified_nonfinancial,True,True,True,2025-04-30,False,False,none,none,annual_financial_certification;annual_text_certification,0,0,False,False,ST_history_label_and_input_certification_pending
300088.SZ:2025,300088.SZ,2025-05-01,test,pending,,12,0,0,False,False,0,verified_nonfinancial,True,True,True,2026-04-30,False,False,none,none,annual_financial_certification;annual_text_certification,0,0,False,False,ST_history_label_and_input_certification_pending
300090.SZ:2017,300090.SZ,2017-05-01,train,pending,,12,0,0,False,False,0,verified_nonfinancial,True,True,True,2018-04-30,False,False,none,none,annual_financial_certification;annual_text_certification,0,0,False,False,ST_history_label_and_input_certification_pending
300090.SZ:2018,300090.SZ,2018-05-01,train,pending,,12,0,0,False,False,0,verified_nonfinancial,True,True,True,2019-04-30,False,False,none,none,annual_financial_certification;annual_text_certification,0,0,False,False,ST_history_label_and_input_certification_pending
300090.SZ:2019,300090.SZ,2019-05-01,train,pending,,12,0,0,False,False,0,verified_nonfinancial,True,True,True,2020-04-30,False,False,none,none,annual_financial_certification;annual_text_certification,0,0,False,False,ST_history_label_and_input_certification_pending
300090.SZ:2020,300090.SZ,2020-05-01,train,excluded,,12,0,0,False,False,,verified_nonfinancial,True,True,False,,False,False,none,none,,0,0,False,False,known_incomplete_followup_due_to_delisting
300091.SZ:2017,300091.SZ,2017-05-01,train,pending,,12,0,0,False,False,0,verified_nonfinancial,True,True,True,2018-04-30,False,False,none,none,annual_financial_certification;annual_text_certification,0,0,False,False,ST_history_label_and_input_certification_pending
300091.SZ:2018,300091.SZ,2018-05-01,train,pending,,12,0,0,False,False,0,verified_nonfinancial,True,True,True,2019-04-30,False,False,none,none,annual_financial_certification;annual_text_certification,0,0,False,False,ST_history_label_and_input_certification_pending
300091.SZ:2019,300091.SZ,2019-05-01,train,pending,,12,0,0,False,False,0,verified_nonfinancial,True,True,True,2020-04-30,False,False,none,none,annual_financial_certification;annual_text_certification,0,0,False,False,ST_history_label_and_input_certification_pending
300091.SZ:2020,300091.SZ,2020-05-01,train,pending,,12,0,0,False,False,0,verified_nonfinancial,True,True,True,2021-04-30,False,False,none,none,annual_financial_certification;annual_text_certification,0,0,False,False,ST_history_label_and_input_certification_pending
300091.SZ:2021,300091.SZ,2021-05-01,train,pending,,12,0,0,False,False,0,verified_nonfinancial,True,True,True,2022-04-30,False,False,none,none,annual_financial_certification;annual_text_certification,0,0,False,False,ST_history_label_and_input_certification_pending
300091.SZ:2022,300091.SZ,2022-05-01,validation,pending,,12,0,0,False,False,0,verified_nonfinancial,True,True,True,2023-04-30,False,False,none,none,annual_financial_certification;annual_text_certification,0,0,False,False,ST_history_label_and_input_certification_pending
300091.SZ:2023,300091.SZ,2023-05-01,validation,pending,,12,0,0,False,False,0,pending,True,True,True,2024-04-30,False,False,none,none,historical_industry;annual_financial_certification;annual_text_certification,0,0,False,False,ST_history_label_and_input_certification_pending
300091.SZ:2024,300091.SZ,2024-05-01,test,pending,,12,0,0,False,False,0,verified_nonfinancial,True,True,True,2025-04-30,False,False,none,none,annual_financial_certification;annual_text_certification,0,0,False,False,ST_history_label_and_input_certification_pending
300091.SZ:2025,300091.SZ,2025-05-01,test,pending,,12,0,0,False,False,1,verified_nonfinancial,True,True,True,2026-01-06,False,False,none,none,annual_financial_certification;annual_text_certification,0,1,False,False,ST_history_label_and_input_certification_pending
300094.SZ:2017,300094.SZ,2017-05-01,train,pending,,12,0,0,False,False,0,verified_nonfinancial,True,True,True,2018-04-30,False,False,none,none,annual_financial_certification;annual_text_certification,0,0,False,False,ST_history_label_and_input_certification_pending
300094.SZ:2018,300094.SZ,2018-05-01,train,pending,,12,0,0,False,False,0,verified_nonfinancial,True,True,True,2019-04-30,False,False,none,none,annual_financial_certification;annual_text_certification,0,0,False,False,ST_history_label_and_input_certification_pending
300094.SZ:2019,300094.SZ,2019-05-01,train,pending,,12,0,0,False,False,0,verified_nonfinancial,True,True,True,2020-04-30,False,False,none,none,annual_financial_certification;annual_text_certification,0,0,False,False,ST_history_label_and_input_certification_pending
300094.SZ:2020,300094.SZ,2020-05-01,train,pending,,12,0,0,False,False,0,verified_nonfinancial,True,True,True,2021-04-30,False,False,none,none,annual_financial_certification;annual_text_certification,0,0,False,False,ST_history_label_and_input_certification_pending
300094.SZ:2021,300094.SZ,2021-05-01,train,pending,,12,0,0,False,False,0,verified_nonfinancial,True,True,True,2022-04-30,False,False,none,none,annual_financial_certification;annual_text_certification,0,0,False,False,ST_history_label_and_input_certification_pending
300094.SZ:2022,300094.SZ,2022-05-01,validation,pending,,12,0,0,False,False,0,verified_nonfinancial,True,True,True,2023-04-30,False,False,none,none,annual_financial_certification;annual_text_certification,0,0,False,False,ST_history_label_and_input_certification_pending
300094.SZ:2023,300094.SZ,2023-05-01,validation,pending,,12,0,0,False,False,0,pending,True,True,True,2024-04-30,False,False,none,none,historical_industry;annual_financial_certification;annual_text_certification,0,0,False,False,ST_history_label_and_input_certification_pending
300094.SZ:2024,300094.SZ,2024-05-01,test,pending,,12,0,0,False,False,0,verified_nonfinancial,True,True,True,2025-04-30,False,False,none,none,annual_financial_certification;annual_text_certification,0,0,False,False,ST_history_label_and_input_certification_pending
300094.SZ:2025,300094.SZ,2025-05-01,test,pending,,12,0,0,False,False,0,verified_nonfinancial,True,True,True,2026-04-30,False,False,none,none,annual_financial_certification;annual_text_certification,0,0,False,False,ST_history_label_and_input_certification_pending
300098.SZ:2017,300098.SZ,2017-05-01,train,pending,,12,0,0,False,False,0,verified_nonfinancial,True,True,True,2018-04-30,False,False,none,none,annual_financial_certification;annual_text_certification,0,0,False,False,ST_history_label_and_input_certification_pending
300098.SZ:2018,300098.SZ,2018-05-01,train,pending,,12,0,0,False,False,0,verified_nonfinancial,True,True,True,2019-04-30,False,False,none,none,annual_financial_certification;annual_text_certification,0,0,False,False,ST_history_label_and_input_certification_pending
300098.SZ:2019,300098.SZ,2019-05-01,train,pending,,12,0,0,False,False,0,verified_nonfinancial,True,True,True,2020-04-30,False,False,none,none,annual_financial_certification;annual_text_certification,0,0,False,False,ST_history_label_and_input_certification_pending
300098.SZ:2020,300098.SZ,2020-05-01,train,pending,,12,0,0,False,False,0,verified_nonfinancial,True,True,True,2021-04-30,False,False,none,none,annual_financial_certification;annual_text_certification,0,0,False,False,ST_history_label_and_input_certification_pending
300098.SZ:2021,300098.SZ,2021-05-01,train,pending,,12,0,0,False,False,0,verified_nonfinancial,True,True,True,2022-04-30,False,False,none,none,annual_financial_certification;annual_text_certification,0,0,False,False,ST_history_label_and_input_certification_pending
300098.SZ:2022,300098.SZ,2022-05-01,validation,pending,,12,0,0,False,False,0,verified_nonfinancial,True,True,True,2023-04-30,False,False,none,none,annual_financial_certification;annual_text_certification,0,0,False,False,ST_history_label_and_input_certification_pending
300098.SZ:2023,300098.SZ,2023-05-01,validation,pending,,12,0,0,False,False,0,pending,True,True,True,2024-04-30,False,False,none,none,historical_industry;annual_financial_certification;annual_text_certification,0,0,False,False,ST_history_label_and_input_certification_pending
300098.SZ:2024,300098.SZ,2024-05-01,test,pending,,12,0,0,False,False,0,verified_nonfinancial,True,True,True,2025-04-30,False,False,none,none,annual_financial_certification;annual_text_certification,0,0,False,False,ST_history_label_and_input_certification_pending
300098.SZ:2025,300098.SZ,2025-05-01,test,pending,,12,0,0,False,False,0,verified_nonfinancial,True,True,True,2026-04-30,False,False,none,none,annual_financial_certification;annual_text_certification,0,0,False,False,ST_history_label_and_input_certification_pending
300099.SZ:2017,300099.SZ,2017-05-01,train,pending,,12,0,0,False,False,0,verified_nonfinancial,True,True,True,2018-04-30,False,False,none,none,annual_financial_certification;annual_text_certification,0,0,False,False,ST_history_label_and_input_certification_pending
300099.SZ:2018,300099.SZ,2018-05-01,train,pending,,12,0,0,False,False,0,verified_nonfinancial,True,True,True,2019-04-30,False,False,none,none,annual_financial_certification;annual_text_certification,0,0,False,False,ST_history_label_and_input_certification_pending
300099.SZ:2019,300099.SZ,2019-05-01,train,pending,,12,0,0,False,False,0,verified_nonfinancial,True,True,True,2020-04-30,False,False,none,none,annual_financial_certification;annual_text_certification,0,0,False,False,ST_history_label_and_input_certification_pending
300099.SZ:2020,300099.SZ,2020-05-01,train,pending,,12,0,0,False,False,0,verified_nonfinancial,True,True,True,2021-04-30,False,False,none,none,annual_financial_certification;annual_text_certification,0,0,False,False,ST_history_label_and_input_certification_pending
300099.SZ:2021,300099.SZ,2021-05-01,train,pending,,12,0,0,False,False,0,verified_nonfinancial,True,True,True,2022-04-30,False,False,none,none,annual_financial_certification;annual_text_certification,0,0,False,False,ST_history_label_and_input_certification_pending
300099.SZ:2022,300099.SZ,2022-05-01,validation,pending,,12,0,0,False,False,0,verified_nonfinancial,True,True,True,2023-04-30,False,False,none,none,annual_financial_certification;annual_text_certification,0,0,False,False,ST_history_label_and_input_certification_pending
300099.SZ:2023,300099.SZ,2023-05-01,validation,pending,,12,0,0,False,False,0,pending,True,True,True,2024-04-30,False,False,none,none,historical_industry;annual_financial_certification;annual_text_certification,0,0,False,False,ST_history_label_and_input_certification_pending
300099.SZ:2024,300099.SZ,2024-05-01,test,pending,,12,0,0,False,False,0,verified_nonfinancial,True,True,True,2025-04-30,False,False,none,none,annual_financial_certification;annual_text_certification,0,0,False,False,ST_history_label_and_input_certification_pending
300099.SZ:2025,300099.SZ,2025-05-01,test,pending,,12,0,0,False,False,0,verified_nonfinancial,True,True,True,2026-04-30,False,False,none,none,annual_financial_certification;annual_text_certification,0,0,False,False,ST_history_label_and_input_certification_pending
300101.SZ:2017,300101.SZ,2017-05-01,train,pending,,12,0,0,False,False,0,verified_nonfinancial,True,True,True,2018-04-30,False,False,none,none,annual_financial_certification;annual_text_certification,0,0,False,False,ST_history_label_and_input_certification_pending
300101.SZ:2018,300101.SZ,2018-05-01,train,pending,,12,0,0,False,False,0,verified_nonfinancial,True,True,True,2019-04-30,False,False,none,none,annual_financial_certification;annual_text_certification,0,0,False,False,ST_history_label_and_input_certification_pending
300101.SZ:2019,300101.SZ,2019-05-01,train,pending,,12,0,0,False,False,0,verified_nonfinancial,True,True,True,2020-04-30,False,False,none,none,annual_financial_certification;annual_text_certification,0,0,False,False,ST_history_label_and_input_certification_pending
300101.SZ:2020,300101.SZ,2020-05-01,train,pending,,12,0,0,False,False,0,verified_nonfinancial,True,True,True,2021-04-30,False,False,none,none,annual_financial_certification;annual_text_certification,0,0,False,False,ST_history_label_and_input_certification_pending
300101.SZ:2021,300101.SZ,2021-05-01,train,pending,,12,0,0,False,False,0,verified_nonfinancial,True,True,True,2022-04-30,False,False,none,none,annual_financial_certification;annual_text_certification,0,0,False,False,ST_history_label_and_input_certification_pending
300101.SZ:2022,300101.SZ,2022-05-01,validation,pending,,12,0,0,False,False,0,verified_nonfinancial,True,True,True,2023-04-30,False,False,none,none,annual_financial_certification;annual_text_certification,0,0,False,False,ST_history_label_and_input_certification_pending
300101.SZ:2023,300101.SZ,2023-05-01,validation,pending,,12,0,0,False,False,0,pending,True,True,True,2024-04-30,False,False,none,none,historical_industry;annual_financial_certification;annual_text_certification,0,0,False,False,ST_history_label_and_input_certification_pending
300101.SZ:2024,300101.SZ,2024-05-01,test,pending,,12,0,0,False,False,0,verified_nonfinancial,True,True,True,2025-04-30,False,False,none,none,annual_financial_certification;annual_text_certification,0,0,False,False,ST_history_label_and_input_certification_pending
300101.SZ:2025,300101.SZ,2025-05-01,test,pending,,12,0,0,False,False,0,verified_nonfinancial,True,True,True,2026-04-30,False,False,none,none,annual_financial_certification;annual_text_certification,0,0,False,False,ST_history_label_and_input_certification_pending
300106.SZ:2017,300106.SZ,2017-05-01,train,pending,,12,0,0,False,False,0,verified_nonfinancial,True,True,True,2018-04-30,False,False,none,none,annual_financial_certification;annual_text_certification,0,0,False,False,ST_history_label_and_input_certification_pending
300106.SZ:2018,300106.SZ,2018-05-01,train,pending,,12,0,0,False,False,0,verified_nonfinancial,True,True,True,2019-04-30,False,False,none,none,annual_financial_certification;annual_text_certification,0,0,False,False,ST_history_label_and_input_certification_pending
300106.SZ:2019,300106.SZ,2019-05-01,train,pending,,12,0,0,False,False,0,verified_nonfinancial,True,True,True,2020-04-30,False,False,none,none,annual_financial_certification;annual_text_certification,0,0,False,False,ST_history_label_and_input_certification_pending
300106.SZ:2020,300106.SZ,2020-05-01,train,pending,,12,0,0,False,False,0,verified_nonfinancial,True,True,True,2021-04-30,False,False,none,none,annual_financial_certification;annual_text_certification,0,0,False,False,ST_history_label_and_input_certification_pending
300106.SZ:2021,300106.SZ,2021-05-01,train,pending,,12,0,0,False,False,0,verified_nonfinancial,True,True,True,2022-04-30,False,False,none,none,annual_financial_certification;annual_text_certification,0,0,False,False,ST_history_label_and_input_certification_pending
300106.SZ:2022,300106.SZ,2022-05-01,validation,pending,,12,0,0,False,False,0,verified_nonfinancial,True,True,True,2023-04-30,False,False,none,none,annual_financial_certification;annual_text_certification,0,0,False,False,ST_history_label_and_input_certification_pending
300106.SZ:2023,300106.SZ,2023-05-01,validation,pending,,12,0,0,False,False,0,pending,True,True,True,2024-04-30,False,False,none,none,historical_industry;annual_financial_certification;annual_text_certification,0,0,False,False,ST_history_label_and_input_certification_pending
300106.SZ:2024,300106.SZ,2024-05-01,test,pending,,12,0,0,False,False,0,verified_nonfinancial,True,True,True,2025-04-30,False,False,none,none,annual_financial_certification;annual_text_certification,0,0,False,False,ST_history_label_and_input_certification_pending
300106.SZ:2025,300106.SZ,2025-05-01,test,pending,,12,0,0,False,False,0,verified_nonfinancial,True,True,True,2026-04-30,False,False,none,none,annual_financial_certification;annual_text_certification,0,0,False,False,ST_history_label_and_input_certification_pending
300109.SZ:2017,300109.SZ,2017-05-01,train,pending,,12,0,0,False,False,0,verified_nonfinancial,True,True,True,2018-04-30,False,False,none,none,annual_financial_certification;annual_text_certification,0,0,False,False,ST_history_label_and_input_certification_pending
300109.SZ:2018,300109.SZ,2018-05-01,train,pending,,12,0,0,False,False,0,verified_nonfinancial,True,True,True,2019-04-30,False,False,none,none,annual_financial_certification;annual_text_certification,0,0,False,False,ST_history_label_and_input_certification_pending
300109.SZ:2019,300109.SZ,2019-05-01,train,pending,,12,0,0,False,False,0,verified_nonfinancial,True,True,True,2020-04-30,False,False,none,none,annual_financial_certification;annual_text_certification,0,0,False,False,ST_history_label_and_input_certification_pending
300109.SZ:2020,300109.SZ,2020-05-01,train,pending,,12,0,0,False,False,0,verified_nonfinancial,True,True,True,2021-04-30,False,False,none,none,annual_financial_certification;annual_text_certification,0,0,False,False,ST_history_label_and_input_certification_pending
300109.SZ:2021,300109.SZ,2021-05-01,train,pending,,12,0,0,False,False,0,verified_nonfinancial,True,True,True,2022-04-30,False,False,none,none,annual_financial_certification;annual_text_certification,0,0,False,False,ST_history_label_and_input_certification_pending
300109.SZ:2022,300109.SZ,2022-05-01,validation,pending,,12,0,0,False,False,0,verified_nonfinancial,True,True,True,2023-04-30,False,False,none,none,annual_financial_certification;annual_text_certification,0,0,False,False,ST_history_label_and_input_certification_pending
300109.SZ:2023,300109.SZ,2023-05-01,validation,pending,,12,0,0,False,False,0,pending,True,True,True,2024-04-30,False,False,none,none,historical_industry;annual_financial_certification;annual_text_certification,0,0,False,False,ST_history_label_and_input_certification_pending
300109.SZ:2024,300109.SZ,2024-05-01,test,pending,,12,0,0,False,False,0,verified_nonfinancial,True,True,True,2025-04-30,False,False,none,none,annual_financial_certification;annual_text_certification,0,0,False,False,ST_history_label_and_input_certification_pending
300109.SZ:2025,300109.SZ,2025-05-01,test,pending,,12,0,0,False,False,0,verified_nonfinancial,True,True,True,2026-04-30,False,False,none,none,annual_financial_certification;annual_text_certification,0,0,False,False,ST_history_label_and_input_certification_pending
300111.SZ:2017,300111.SZ,2017-05-01,train,pending,,12,0,0,False,False,0,verified_nonfinancial,True,True,True,2018-04-30,False,False,none,none,annual_financial_certification;annual_text_certification,0,0,False,False,ST_history_label_and_input_certification_pending
300111.SZ:2018,300111.SZ,2018-05-01,train,pending,,12,0,0,False,False,0,verified_nonfinancial,True,True,True,2019-04-30,False,False,none,none,annual_financial_certification;annual_text_certification,0,0,False,False,ST_history_label_and_input_certification_pending
300111.SZ:2019,300111.SZ,2019-05-01,train,pending,,12,0,0,False,False,0,verified_nonfinancial,True,True,True,2020-04-30,False,False,none,none,annual_financial_certification;annual_text_certification,0,0,False,False,ST_history_label_and_input_certification_pending
300111.SZ:2020,300111.SZ,2020-05-01,train,pending,,12,0,0,False,False,0,verified_nonfinancial,True,True,True,2021-04-30,False,False,none,none,annual_financial_certification;annual_text_certification,0,0,False,False,ST_history_label_and_input_certification_pending
300111.SZ:2021,300111.SZ,2021-05-01,train,pending,,12,0,0,False,False,0,verified_nonfinancial,True,True,True,2022-04-30,False,False,none,none,annual_financial_certification;annual_text_certification,0,0,False,False,ST_history_label_and_input_certification_pending
300111.SZ:2022,300111.SZ,2022-05-01,validation,pending,,12,0,0,False,False,0,verified_nonfinancial,True,True,True,2023-04-30,False,False,none,none,annual_financial_certification;annual_text_certification,0,0,False,False,ST_history_label_and_input_certification_pending
300111.SZ:2023,300111.SZ,2023-05-01,validation,pending,,12,0,0,False,False,0,pending,True,True,True,2024-04-30,False,False,none,none,historical_industry;annual_financial_certification;annual_text_certification,0,0,False,False,ST_history_label_and_input_certification_pending
300111.SZ:2024,300111.SZ,2024-05-01,test,pending,,12,0,0,False,False,0,verified_nonfinancial,True,True,True,2025-04-30,False,False,none,none,annual_financial_certification;annual_text_certification,0,0,False,False,ST_history_label_and_input_certification_pending
300111.SZ:2025,300111.SZ,2025-05-01,test,pending,,12,0,0,False,False,0,verified_nonfinancial,True,True,True,2026-04-30,False,False,none,none,annual_financial_certification;annual_text_certification,0,0,False,False,ST_history_label_and_input_certification_pending
300117.SZ:2017,300117.SZ,2017-05-01,train,pending,,12,0,0,False,False,0,verified_nonfinancial,True,True,True,2018-04-30,False,False,none,none,annual_financial_certification;annual_text_certification,0,0,False,False,ST_history_label_and_input_certification_pending
300117.SZ:2018,300117.SZ,2018-05-01,train,pending,,12,0,0,False,False,0,verified_nonfinancial,True,True,True,2019-04-30,False,False,none,none,annual_financial_certification;annual_text_certification,0,0,False,False,ST_history_label_and_input_certification_pending
300117.SZ:2019,300117.SZ,2019-05-01,train,pending,,12,0,0,False,False,0,verified_nonfinancial,True,True,True,2020-04-30,False,False,none,none,annual_financial_certification;annual_text_certification,0,0,False,False,ST_history_label_and_input_certification_pending
300117.SZ:2020,300117.SZ,2020-05-01,train,pending,,12,0,0,False,False,0,verified_nonfinancial,True,True,True,2021-04-30,False,False,none,none,annual_financial_certification;annual_text_certification,0,0,False,False,ST_history_label_and_input_certification_pending
300117.SZ:2021,300117.SZ,2021-05-01,train,pending,,12,0,0,False,False,0,verified_nonfinancial,True,True,True,2022-04-30,False,False,none,none,annual_financial_certification;annual_text_certification,0,0,False,False,ST_history_label_and_input_certification_pending
300117.SZ:2022,300117.SZ,2022-05-01,validation,pending,,12,0,0,False,False,0,verified_nonfinancial,True,True,True,2023-04-30,False,False,none,none,annual_financial_certification;annual_text_certification,0,0,False,False,ST_history_label_and_input_certification_pending
300117.SZ:2023,300117.SZ,2023-05-01,validation,pending,,12,0,0,False,False,1,pending,True,True,True,2024-04-29,False,False,none,none,historical_industry;annual_financial_certification;annual_text_certification,0,1,False,False,ST_history_label_and_input_certification_pending
300117.SZ:2024,300117.SZ,2024-05-01,test,excluded,,12,0,0,False,False,,verified_nonfinancial,True,False,False,,False,False,none,none,,1,0,False,False,preorigin_financial_industry_or_confirmed_baseline_ST
300119.SZ:2017,300119.SZ,2017-05-01,train,pending,,12,0,0,False,False,0,verified_nonfinancial,True,True,True,2018-04-30,False,False,none,none,annual_financial_certification;annual_text_certification,0,0,False,False,ST_history_label_and_input_certification_pending
300119.SZ:2018,300119.SZ,2018-05-01,train,pending,,12,0,0,False,False,0,verified_nonfinancial,True,True,True,2019-04-30,False,False,none,none,annual_financial_certification;annual_text_certification,0,0,False,False,ST_history_label_and_input_certification_pending
300119.SZ:2019,300119.SZ,2019-05-01,train,pending,,12,0,0,False,False,0,verified_nonfinancial,True,True,True,2020-04-30,False,False,none,none,annual_financial_certification;annual_text_certification,0,0,False,False,ST_history_label_and_input_certification_pending
300119.SZ:2020,300119.SZ,2020-05-01,train,pending,,12,0,0,False,False,0,verified_nonfinancial,True,True,True,2021-04-30,False,False,none,none,annual_financial_certification;annual_text_certification,0,0,False,False,ST_history_label_and_input_certification_pending
300119.SZ:2021,300119.SZ,2021-05-01,train,pending,,12,0,0,False,False,0,verified_nonfinancial,True,True,True,2022-04-30,False,False,none,none,annual_financial_certification;annual_text_certification,0,0,False,False,ST_history_label_and_input_certification_pending
300119.SZ:2022,300119.SZ,2022-05-01,validation,pending,,12,0,0,False,False,0,verified_nonfinancial,True,True,True,2023-04-30,False,False,none,none,annual_financial_certification;annual_text_certification,0,0,False,False,ST_history_label_and_input_certification_pending
300119.SZ:2023,300119.SZ,2023-05-01,validation,pending,,12,0,0,False,False,0,pending,True,True,True,2024-04-30,False,False,none,none,historical_industry;annual_financial_certification;annual_text_certification,0,0,False,False,ST_history_label_and_input_certification_pending
300119.SZ:2024,300119.SZ,2024-05-01,test,pending,,12,0,0,False,False,0,verified_nonfinancial,True,True,True,2025-04-30,False,False,none,none,annual_financial_certification;annual_text_certification,0,0,False,False,ST_history_label_and_input_certification_pending
300119.SZ:2025,300119.SZ,2025-05-01,test,pending,,12,0,0,False,False,0,verified_nonfinancial,True,True,True,2026-04-30,False,False,none,none,annual_financial_certification;annual_text_certification,0,0,False,False,ST_history_label_and_input_certification_pending
300132.SZ:2017,300132.SZ,2017-05-01,train,pending,,12,0,0,False,False,0,verified_nonfinancial,True,True,True,2018-04-30,False,False,none,none,annual_financial_certification;annual_text_certification,0,0,False,False,ST_history_label_and_input_certification_pending
300132.SZ:2018,300132.SZ,2018-05-01,train,pending,,12,0,0,False,False,0,verified_nonfinancial,True,True,True,2019-04-30,False,False,none,none,annual_financial_certification;annual_text_certification,0,0,False,False,ST_history_label_and_input_certification_pending
300132.SZ:2019,300132.SZ,2019-05-01,train,pending,,12,0,0,False,False,0,verified_nonfinancial,True,True,True,2020-04-30,False,False,none,none,annual_financial_certification;annual_text_certification,0,0,False,False,ST_history_label_and_input_certification_pending
300132.SZ:2020,300132.SZ,2020-05-01,train,pending,,12,0,0,False,False,0,verified_nonfinancial,True,True,True,2021-04-30,False,False,none,none,annual_financial_certification;annual_text_certification,0,0,False,False,ST_history_label_and_input_certification_pending
300132.SZ:2021,300132.SZ,2021-05-01,train,pending,,12,0,0,False,False,0,verified_nonfinancial,True,True,True,2022-04-30,False,False,none,none,annual_financial_certification;annual_text_certification,0,0,False,False,ST_history_label_and_input_certification_pending
300132.SZ:2022,300132.SZ,2022-05-01,validation,pending,,12,0,0,False,False,0,verified_nonfinancial,True,True,True,2023-04-30,False,False,none,none,annual_financial_certification;annual_text_certification,0,0,False,False,ST_history_label_and_input_certification_pending
300132.SZ:2023,300132.SZ,2023-05-01,validation,pending,,12,0,0,False,False,0,pending,True,True,True,2024-04-30,False,False,none,none,historical_industry;annual_financial_certification;annual_text_certification,0,0,False,False,ST_history_label_and_input_certification_pending
300132.SZ:2024,300132.SZ,2024-05-01,test,pending,,12,0,0,False,False,0,verified_nonfinancial,True,True,True,2025-04-30,False,False,none,none,annual_financial_certification;annual_text_certification,0,0,False,False,ST_history_label_and_input_certification_pending
300132.SZ:2025,300132.SZ,2025-05-01,test,pending,,12,0,0,False,False,0,verified_nonfinancial,True,True,True,2026-04-30,False,False,none,none,annual_financial_certification;annual_text_certification,0,0,False,False,ST_history_label_and_input_certification_pending
300139.SZ:2017,300139.SZ,2017-05-01,train,pending,,12,0,0,False,False,0,verified_nonfinancial,True,True,True,2018-04-30,False,False,none,none,annual_financial_certification;annual_text_certification,0,0,False,False,ST_history_label_and_input_certification_pending
300139.SZ:2018,300139.SZ,2018-05-01,train,pending,,12,0,0,False,False,0,verified_nonfinancial,True,True,True,2019-04-30,False,False,none,none,annual_financial_certification;annual_text_certification,0,0,False,False,ST_history_label_and_input_certification_pending
300139.SZ:2019,300139.SZ,2019-05-01,train,pending,,12,0,0,False,False,0,verified_nonfinancial,True,True,True,2020-04-30,False,False,none,none,annual_financial_certification;annual_text_certification,0,0,False,False,ST_history_label_and_input_certification_pending
300139.SZ:2020,300139.SZ,2020-05-01,train,pending,,12,0,0,False,False,0,verified_nonfinancial,True,True,True,2021-04-30,False,False,none,none,annual_financial_certification;annual_text_certification,0,0,False,False,ST_history_label_and_input_certification_pending
300139.SZ:2021,300139.SZ,2021-05-01,train,pending,,12,0,0,False,False,0,verified_nonfinancial,True,True,True,2022-04-30,False,False,none,none,annual_financial_certification;annual_text_certification,0,0,False,False,ST_history_label_and_input_certification_pending
300139.SZ:2022,300139.SZ,2022-05-01,validation,pending,,12,0,0,False,False,0,verified_nonfinancial,True,True,True,2023-04-30,False,False,none,none,annual_financial_certification;annual_text_certification,0,0,False,False,ST_history_label_and_input_certification_pending
300139.SZ:2023,300139.SZ,2023-05-01,validation,pending,,12,0,0,False,False,0,pending,True,True,True,2024-04-30,False,False,none,none,historical_industry;annual_financial_certification;annual_text_certification,0,0,False,False,ST_history_label_and_input_certification_pending
300139.SZ:2024,300139.SZ,2024-05-01,test,pending,,12,0,0,False,False,0,verified_nonfinancial,True,True,True,2025-04-30,False,False,none,none,annual_financial_certification;annual_text_certification,0,0,False,False,ST_history_label_and_input_certification_pending
300139.SZ:2025,300139.SZ,2025-05-01,test,pending,,12,0,0,False,False,0,verified_nonfinancial,True,True,True,2026-04-30,False,False,none,none,annual_financial_certification;annual_text_certification,0,0,False,False,ST_history_label_and_input_certification_pending
300140.SZ:2017,300140.SZ,2017-05-01,train,pending,,12,0,0,False,False,0,verified_nonfinancial,True,True,True,2018-04-30,False,False,none,none,annual_financial_certification;annual_text_certification,0,0,False,False,ST_history_label_and_input_certification_pending
300140.SZ:2018,300140.SZ,2018-05-01,train,pending,,12,0,0,False,False,0,verified_nonfinancial,True,True,True,2019-04-30,False,False,none,none,annual_financial_certification;annual_text_certification,0,0,False,False,ST_history_label_and_input_certification_pending
300140.SZ:2019,300140.SZ,2019-05-01,train,pending,,12,0,0,False,False,0,verified_nonfinancial,True,True,True,2020-04-30,False,False,none,none,annual_financial_certification;annual_text_certification,0,0,False,False,ST_history_label_and_input_certification_pending
300140.SZ:2020,300140.SZ,2020-05-01,train,pending,,12,0,0,False,False,0,verified_nonfinancial,True,True,True,2021-04-30,False,False,none,none,annual_financial_certification;annual_text_certification,0,0,False,False,ST_history_label_and_input_certification_pending
300140.SZ:2021,300140.SZ,2021-05-01,train,pending,,12,0,0,False,False,0,verified_nonfinancial,True,True,True,2022-04-30,False,False,none,none,annual_financial_certification;annual_text_certification,0,0,False,False,ST_history_label_and_input_certification_pending
300140.SZ:2022,300140.SZ,2022-05-01,validation,pending,,12,0,0,False,False,0,verified_nonfinancial,True,True,True,2023-04-30,False,False,none,none,annual_financial_certification;annual_text_certification,0,0,False,False,ST_history_label_and_input_certification_pending
300140.SZ:2023,300140.SZ,2023-05-01,validation,pending,,12,0,0,False,False,0,pending,True,True,True,2024-04-30,False,False,none,none,historical_industry;annual_financial_certification;annual_text_certification,0,0,False,False,ST_history_label_and_input_certification_pending
300140.SZ:2024,300140.SZ,2024-05-01,test,pending,,12,0,0,False,False,0,verified_nonfinancial,True,True,True,2025-04-30,False,False,none,none,annual_financial_certification;annual_text_certification,0,0,False,False,ST_history_label_and_input_certification_pending
300140.SZ:2025,300140.SZ,2025-05-01,test,pending,,12,0,0,False,False,0,verified_nonfinancial,True,True,True,2026-04-30,False,False,none,none,annual_financial_certification;annual_text_certification,0,0,False,False,ST_history_label_and_input_certification_pending
300145.SZ:2017,300145.SZ,2017-05-01,train,pending,,12,0,0,False,False,0,verified_nonfinancial,True,True,True,2018-04-30,False,False,none,none,annual_financial_certification;annual_text_certification,0,0,False,False,ST_history_label_and_input_certification_pending
300145.SZ:2018,300145.SZ,2018-05-01,train,pending,,12,0,0,False,False,0,verified_nonfinancial,True,True,True,2019-04-30,False,False,none,none,annual_financial_certification;annual_text_certification,0,0,False,False,ST_history_label_and_input_certification_pending
300145.SZ:2019,300145.SZ,2019-05-01,train,pending,,12,0,0,False,False,0,verified_nonfinancial,True,True,True,2020-04-30,False,False,none,none,annual_financial_certification;annual_text_certification,0,0,False,False,ST_history_label_and_input_certification_pending
300145.SZ:2020,300145.SZ,2020-05-01,train,pending,,12,0,0,False,False,0,verified_nonfinancial,True,True,True,2021-04-30,False,False,none,none,annual_financial_certification;annual_text_certification,0,0,False,False,ST_history_label_and_input_certification_pending
300145.SZ:2021,300145.SZ,2021-05-01,train,pending,,12,0,0,False,False,0,verified_nonfinancial,True,True,True,2022-04-30,False,False,none,none,annual_financial_certification;annual_text_certification,0,0,False,False,ST_history_label_and_input_certification_pending
300145.SZ:2022,300145.SZ,2022-05-01,validation,pending,,12,0,0,False,False,0,verified_nonfinancial,True,True,True,2023-04-30,False,False,none,none,annual_financial_certification;annual_text_certification,0,0,False,False,ST_history_label_and_input_certification_pending
300145.SZ:2023,300145.SZ,2023-05-01,validation,pending,,12,0,0,False,False,0,pending,True,True,True,2024-04-30,False,False,none,none,historical_industry;annual_financial_certification;annual_text_certification,0,0,False,False,ST_history_label_and_input_certification_pending
300145.SZ:2024,300145.SZ,2024-05-01,test,pending,,12,0,0,False,False,0,verified_nonfinancial,True,True,True,2025-04-30,False,False,none,none,annual_financial_certification;annual_text_certification,0,0,False,False,ST_history_label_and_input_certification_pending
300145.SZ:2025,300145.SZ,2025-05-01,test,pending,,12,0,0,False,False,0,verified_nonfinancial,True,True,True,2026-04-30,False,False,none,none,annual_financial_certification;annual_text_certification,0,0,False,False,ST_history_label_and_input_certification_pending
300147.SZ:2017,300147.SZ,2017-05-01,train,pending,,12,0,0,False,False,0,verified_nonfinancial,True,True,True,2018-04-30,False,False,none,none,annual_financial_certification;annual_text_certification,0,0,False,False,ST_history_label_and_input_certification_pending
300147.SZ:2018,300147.SZ,2018-05-01,train,pending,,12,0,0,False,False,0,verified_nonfinancial,True,True,True,2019-04-30,False,False,none,none,annual_financial_certification;annual_text_certification,0,0,False,False,ST_history_label_and_input_certification_pending
300147.SZ:2019,300147.SZ,2019-05-01,train,pending,,12,0,0,False,False,0,verified_nonfinancial,True,True,True,2020-04-30,False,False,none,none,annual_financial_certification;annual_text_certification,0,0,False,False,ST_history_label_and_input_certification_pending
300147.SZ:2020,300147.SZ,2020-05-01,train,pending,,12,0,0,False,False,0,verified_nonfinancial,True,True,True,2021-04-30,False,False,none,none,annual_financial_certification;annual_text_certification,0,0,False,False,ST_history_label_and_input_certification_pending
300147.SZ:2021,300147.SZ,2021-05-01,train,pending,,12,0,0,False,False,0,verified_nonfinancial,True,True,True,2022-04-30,False,False,none,none,annual_financial_certification;annual_text_certification,0,0,False,False,ST_history_label_and_input_certification_pending
300147.SZ:2022,300147.SZ,2022-05-01,validation,pending,,12,0,0,False,False,0,verified_nonfinancial,True,True,True,2023-04-30,False,False,none,none,annual_financial_certification;annual_text_certification,0,0,False,False,ST_history_label_and_input_certification_pending
300147.SZ:2023,300147.SZ,2023-05-01,validation,pending,,12,0,0,False,False,0,pending,True,True,True,2024-04-30,False,False,none,none,historical_industry;annual_financial_certification;annual_text_certification,0,0,False,False,ST_history_label_and_input_certification_pending
300147.SZ:2024,300147.SZ,2024-05-01,test,pending,,12,0,0,False,False,1,verified_nonfinancial,True,True,True,2025-03-25,False,False,none,none,annual_financial_certification;annual_text_certification,0,1,False,False,ST_history_label_and_input_certification_pending
300147.SZ:2025,300147.SZ,2025-05-01,test,excluded,,12,0,0,False,False,,verified_nonfinancial,True,False,False,,False,False,none,none,,1,0,False,False,preorigin_financial_industry_or_confirmed_baseline_ST
300148.SZ:2017,300148.SZ,2017-05-01,train,pending,,12,0,0,False,False,0,verified_nonfinancial,True,True,True,2018-04-30,False,False,none,none,annual_financial_certification;annual_text_certification,0,0,False,False,ST_history_label_and_input_certification_pending
300148.SZ:2018,300148.SZ,2018-05-01,train,pending,,12,0,0,False,False,0,verified_nonfinancial,True,True,True,2019-04-30,False,False,none,none,annual_financial_certification;annual_text_certification,0,0,False,False,ST_history_label_and_input_certification_pending
300148.SZ:2019,300148.SZ,2019-05-01,train,pending,,12,0,0,False,False,0,verified_nonfinancial,True,True,True,2020-04-30,False,False,none,none,annual_financial_certification;annual_text_certification,0,0,False,False,ST_history_label_and_input_certification_pending
300148.SZ:2020,300148.SZ,2020-05-01,train,pending,,12,0,0,False,False,0,verified_nonfinancial,True,True,True,2021-04-30,False,False,none,none,annual_financial_certification;annual_text_certification,0,0,False,False,ST_history_label_and_input_certification_pending
300148.SZ:2021,300148.SZ,2021-05-01,train,pending,,12,0,0,False,False,0,verified_nonfinancial,True,True,True,2022-04-30,False,False,none,none,annual_financial_certification;annual_text_certification,0,0,False,False,ST_history_label_and_input_certification_pending
300148.SZ:2022,300148.SZ,2022-05-01,validation,pending,,12,0,0,False,False,0,verified_nonfinancial,True,True,True,2023-04-30,False,False,none,none,annual_financial_certification;annual_text_certification,0,0,False,False,ST_history_label_and_input_certification_pending
300148.SZ:2023,300148.SZ,2023-05-01,validation,pending,,12,0,0,False,False,0,pending,True,True,True,2024-04-30,False,False,none,none,historical_industry;annual_financial_certification;annual_text_certification,0,0,False,False,ST_history_label_and_input_certification_pending
300148.SZ:2024,300148.SZ,2024-05-01,test,pending,,12,0,0,False,False,0,verified_nonfinancial,True,True,True,2025-04-30,False,False,none,none,annual_financial_certification;annual_text_certification,0,0,False,False,ST_history_label_and_input_certification_pending
300148.SZ:2025,300148.SZ,2025-05-01,test,pending,,12,0,0,False,False,0,verified_nonfinancial,True,True,True,2026-04-30,False,False,none,none,annual_financial_certification;annual_text_certification,0,0,False,False,ST_history_label_and_input_certification_pending
300154.SZ:2017,300154.SZ,2017-05-01,train,pending,,12,0,0,False,False,0,verified_nonfinancial,True,True,True,2018-04-30,False,False,none,none,annual_financial_certification;annual_text_certification,0,0,False,False,ST_history_label_and_input_certification_pending
300154.SZ:2018,300154.SZ,2018-05-01,train,pending,,12,0,0,False,False,0,verified_nonfinancial,True,True,True,2019-04-30,False,False,none,none,annual_financial_certification;annual_text_certification,0,0,False,False,ST_history_label_and_input_certification_pending
300154.SZ:2019,300154.SZ,2019-05-01,train,pending,,12,0,0,False,False,0,verified_nonfinancial,True,True,True,2020-04-30,False,False,none,none,annual_financial_certification;annual_text_certification,0,0,False,False,ST_history_label_and_input_certification_pending
300154.SZ:2020,300154.SZ,2020-05-01,train,pending,,12,0,0,False,False,0,verified_nonfinancial,True,True,True,2021-04-30,False,False,none,none,annual_financial_certification;annual_text_certification,0,0,False,False,ST_history_label_and_input_certification_pending
300154.SZ:2021,300154.SZ,2021-05-01,train,pending,,12,0,0,False,False,0,verified_nonfinancial,True,True,True,2022-04-30,False,False,none,none,annual_financial_certification;annual_text_certification,0,0,False,False,ST_history_label_and_input_certification_pending
300154.SZ:2022,300154.SZ,2022-05-01,validation,pending,,12,0,0,False,False,0,verified_nonfinancial,True,True,True,2023-04-30,False,False,none,none,annual_financial_certification;annual_text_certification,0,0,False,False,ST_history_label_and_input_certification_pending
300154.SZ:2023,300154.SZ,2023-05-01,validation,pending,,12,0,0,False,False,0,pending,True,True,True,2024-04-30,False,False,none,none,historical_industry;annual_financial_certification;annual_text_certification,0,0,False,False,ST_history_label_and_input_certification_pending
300154.SZ:2024,300154.SZ,2024-05-01,test,pending,,12,0,0,False,False,0,verified_nonfinancial,True,True,True,2025-04-30,False,False,none,none,annual_financial_certification;annual_text_certification,0,0,False,False,ST_history_label_and_input_certification_pending
300154.SZ:2025,300154.SZ,2025-05-01,test,pending,,12,0,0,False,False,0,verified_nonfinancial,True,True,True,2026-04-30,False,False,none,none,annual_financial_certification;annual_text_certification,0,0,False,False,ST_history_label_and_input_certification_pending
300174.SZ:2017,300174.SZ,2017-05-01,train,pending,,12,0,0,False,False,0,verified_nonfinancial,True,True,True,2018-04-30,False,False,none,none,annual_financial_certification;annual_text_certification,0,0,False,False,ST_history_label_and_input_certification_pending
300174.SZ:2018,300174.SZ,2018-05-01,train,pending,,12,0,0,False,False,0,verified_nonfinancial,True,True,True,2019-04-30,False,False,none,none,annual_financial_certification;annual_text_certification,0,0,False,False,ST_history_label_and_input_certification_pending
300174.SZ:2019,300174.SZ,2019-05-01,train,pending,,12,0,0,False,False,0,verified_nonfinancial,True,True,True,2020-04-30,False,False,none,none,annual_financial_certification;annual_text_certification,0,0,False,False,ST_history_label_and_input_certification_pending
300174.SZ:2020,300174.SZ,2020-05-01,train,pending,,12,0,0,False,False,0,verified_nonfinancial,True,True,True,2021-04-30,False,False,none,none,annual_financial_certification;annual_text_certification,0,0,False,False,ST_history_label_and_input_certification_pending
300174.SZ:2021,300174.SZ,2021-05-01,train,pending,,12,0,0,False,False,0,verified_nonfinancial,True,True,True,2022-04-30,False,False,none,none,annual_financial_certification;annual_text_certification,0,0,False,False,ST_history_label_and_input_certification_pending
300174.SZ:2022,300174.SZ,2022-05-01,validation,pending,,12,0,0,False,False,0,verified_nonfinancial,True,True,True,2023-04-30,False,False,none,none,annual_financial_certification;annual_text_certification,0,0,False,False,ST_history_label_and_input_certification_pending
300174.SZ:2023,300174.SZ,2023-05-01,validation,pending,,12,0,0,False,False,0,pending,True,True,True,2024-04-30,False,False,none,none,historical_industry;annual_financial_certification;annual_text_certification,0,0,False,False,ST_history_label_and_input_certification_pending
300174.SZ:2024,300174.SZ,2024-05-01,test,pending,,12,0,0,False,False,0,verified_nonfinancial,True,True,True,2025-04-30,False,False,none,none,annual_financial_certification;annual_text_certification,0,0,False,False,ST_history_label_and_input_certification_pending
300174.SZ:2025,300174.SZ,2025-05-01,test,pending,,12,0,0,False,False,0,verified_nonfinancial,True,True,True,2026-04-30,False,False,none,none,annual_financial_certification;annual_text_certification,0,0,False,False,ST_history_label_and_input_certification_pending
300183.SZ:2017,300183.SZ,2017-05-01,train,pending,,12,0,0,False,False,0,verified_nonfinancial,True,True,True,2018-04-30,False,False,none,none,annual_financial_certification;annual_text_certification,0,0,False,False,ST_history_label_and_input_certification_pending
300183.SZ:2018,300183.SZ,2018-05-01,train,pending,,12,0,0,False,False,0,verified_nonfinancial,True,True,True,2019-04-30,False,False,none,none,annual_financial_certification;annual_text_certification,0,0,False,False,ST_history_label_and_input_certification_pending
300183.SZ:2019,300183.SZ,2019-05-01,train,pending,,12,0,0,False,False,0,verified_nonfinancial,True,True,True,2020-04-30,False,False,none,none,annual_financial_certification;annual_text_certification,0,0,False,False,ST_history_label_and_input_certification_pending
300183.SZ:2020,300183.SZ,2020-05-01,train,pending,,12,0,0,False,False,0,verified_nonfinancial,True,True,True,2021-04-30,False,False,none,none,annual_financial_certification;annual_text_certification,0,0,False,False,ST_history_label_and_input_certification_pending
300183.SZ:2021,300183.SZ,2021-05-01,train,pending,,12,0,0,False,False,0,verified_nonfinancial,True,True,True,2022-04-30,False,False,none,none,annual_financial_certification;annual_text_certification,0,0,False,False,ST_history_label_and_input_certification_pending
300183.SZ:2022,300183.SZ,2022-05-01,validation,pending,,12,0,0,False,False,0,verified_nonfinancial,True,True,True,2023-04-30,False,False,none,none,annual_financial_certification;annual_text_certification,0,0,False,False,ST_history_label_and_input_certification_pending
300183.SZ:2023,300183.SZ,2023-05-01,validation,pending,,12,0,0,False,False,0,pending,True,True,True,2024-04-30,False,False,none,none,historical_industry;annual_financial_certification;annual_text_certification,0,0,False,False,ST_history_label_and_input_certification_pending
300183.SZ:2024,300183.SZ,2024-05-01,test,pending,,12,0,0,False,False,0,verified_nonfinancial,True,True,True,2025-04-30,False,False,none,none,annual_financial_certification;annual_text_certification,0,0,False,False,ST_history_label_and_input_certification_pending
300183.SZ:2025,300183.SZ,2025-05-01,test,pending,,12,0,0,False,False,0,verified_nonfinancial,True,True,True,2026-04-30,False,False,none,none,annual_financial_certification;annual_text_certification,0,0,False,False,ST_history_label_and_input_certification_pending
300187.SZ:2017,300187.SZ,2017-05-01,train,pending,,12,0,0,False,False,0,verified_nonfinancial,True,True,True,2018-04-30,False,False,none,none,annual_financial_certification;annual_text_certification,0,0,False,False,ST_history_label_and_input_certification_pending
300187.SZ:2018,300187.SZ,2018-05-01,train,pending,,12,0,0,False,False,0,verified_nonfinancial,True,True,True,2019-04-30,False,False,none,none,annual_financial_certification;annual_text_certification,0,0,False,False,ST_history_label_and_input_certification_pending
300187.SZ:2019,300187.SZ,2019-05-01,train,pending,,12,0,0,False,False,0,verified_nonfinancial,True,True,True,2020-04-30,False,False,none,none,annual_financial_certification;annual_text_certification,0,0,False,False,ST_history_label_and_input_certification_pending
300187.SZ:2020,300187.SZ,2020-05-01,train,pending,,12,0,0,False,False,0,verified_nonfinancial,True,True,True,2021-04-30,False,False,none,none,annual_financial_certification;annual_text_certification,0,0,False,False,ST_history_label_and_input_certification_pending
300187.SZ:2021,300187.SZ,2021-05-01,train,pending,,12,0,0,False,False,0,verified_nonfinancial,True,True,True,2022-04-30,False,False,none,none,annual_financial_certification;annual_text_certification,0,0,False,False,ST_history_label_and_input_certification_pending
300187.SZ:2022,300187.SZ,2022-05-01,validation,pending,,12,0,0,False,False,0,verified_nonfinancial,True,True,True,2023-04-30,False,False,none,none,annual_financial_certification;annual_text_certification,0,0,False,False,ST_history_label_and_input_certification_pending
300187.SZ:2023,300187.SZ,2023-05-01,validation,pending,,12,0,0,False,False,0,pending,True,True,True,2024-04-30,False,False,none,none,historical_industry;annual_financial_certification;annual_text_certification,0,0,False,False,ST_history_label_and_input_certification_pending
300187.SZ:2024,300187.SZ,2024-05-01,test,pending,,12,0,0,False,False,0,verified_nonfinancial,True,True,True,2025-04-30,False,False,none,none,annual_financial_certification;annual_text_certification,0,0,False,False,ST_history_label_and_input_certification_pending
300187.SZ:2025,300187.SZ,2025-05-01,test,pending,,12,0,0,False,False,0,verified_nonfinancial,True,True,True,2026-04-30,False,False,none,none,annual_financial_certification;annual_text_certification,0,0,False,False,ST_history_label_and_input_certification_pending
300189.SZ:2017,300189.SZ,2017-05-01,train,pending,,12,0,0,False,False,0,verified_nonfinancial,True,True,True,2018-04-30,False,False,none,none,annual_financial_certification;annual_text_certification,0,0,False,False,ST_history_label_and_input_certification_pending
300189.SZ:2018,300189.SZ,2018-05-01,train,pending,,12,0,0,False,False,0,verified_nonfinancial,True,True,True,2019-04-30,False,False,none,none,annual_financial_certification;annual_text_certification,0,0,False,False,ST_history_label_and_input_certification_pending
300189.SZ:2019,300189.SZ,2019-05-01,train,pending,,12,0,0,False,False,0,verified_nonfinancial,True,True,True,2020-04-30,False,False,none,none,annual_financial_certification;annual_text_certification,0,0,False,False,ST_history_label_and_input_certification_pending
300189.SZ:2020,300189.SZ,2020-05-01,train,pending,,12,0,0,False,False,0,verified_nonfinancial,True,True,True,2021-04-30,False,False,none,none,annual_financial_certification;annual_text_certification,0,0,False,False,ST_history_label_and_input_certification_pending
300189.SZ:2021,300189.SZ,2021-05-01,train,pending,,12,0,0,False,False,0,verified_nonfinancial,True,True,True,2022-04-30,False,False,none,none,annual_financial_certification;annual_text_certification,0,0,False,False,ST_history_label_and_input_certification_pending
300189.SZ:2022,300189.SZ,2022-05-01,validation,pending,,12,0,0,False,False,0,verified_nonfinancial,True,True,True,2023-04-30,False,False,none,none,annual_financial_certification;annual_text_certification,0,0,False,False,ST_history_label_and_input_certification_pending
300189.SZ:2023,300189.SZ,2023-05-01,validation,pending,,12,0,0,False,False,0,pending,True,True,True,2024-04-30,False,False,none,none,historical_industry;annual_financial_certification;annual_text_certification,0,0,False,False,ST_history_label_and_input_certification_pending
300189.SZ:2024,300189.SZ,2024-05-01,test,pending,,12,0,0,False,False,0,verified_nonfinancial,True,True,True,2025-04-30,False,False,none,none,annual_financial_certification;annual_text_certification,0,0,False,False,ST_history_label_and_input_certification_pending
300189.SZ:2025,300189.SZ,2025-05-01,test,pending,,12,0,0,False,False,0,verified_nonfinancial,True,True,True,2026-04-30,False,False,none,none,annual_financial_certification;annual_text_certification,0,0,False,False,ST_history_label_and_input_certification_pending
300190.SZ:2017,300190.SZ,2017-05-01,train,pending,,12,0,0,False,False,0,verified_nonfinancial,True,True,True,2018-04-30,False,False,none,none,annual_financial_certification;annual_text_certification,0,0,False,False,ST_history_label_and_input_certification_pending
300190.SZ:2018,300190.SZ,2018-05-01,train,pending,,12,0,0,False,False,0,verified_nonfinancial,True,True,True,2019-04-30,False,False,none,none,annual_financial_certification;annual_text_certification,0,0,False,False,ST_history_label_and_input_certification_pending
300190.SZ:2019,300190.SZ,2019-05-01,train,pending,,12,0,0,False,False,0,verified_nonfinancial,True,True,True,2020-04-30,False,False,none,none,annual_financial_certification;annual_text_certification,0,0,False,False,ST_history_label_and_input_certification_pending
300190.SZ:2020,300190.SZ,2020-05-01,train,pending,,12,0,0,False,False,0,verified_nonfinancial,True,True,True,2021-04-30,False,False,none,none,annual_financial_certification;annual_text_certification,0,0,False,False,ST_history_label_and_input_certification_pending
300190.SZ:2021,300190.SZ,2021-05-01,train,pending,,12,0,0,False,False,0,verified_nonfinancial,True,True,True,2022-04-30,False,False,none,none,annual_financial_certification;annual_text_certification,0,0,False,False,ST_history_label_and_input_certification_pending
300190.SZ:2022,300190.SZ,2022-05-01,validation,pending,,12,0,0,False,False,0,verified_nonfinancial,True,True,True,2023-04-30,False,False,none,none,annual_financial_certification;annual_text_certification,0,0,False,False,ST_history_label_and_input_certification_pending
300190.SZ:2023,300190.SZ,2023-05-01,validation,pending,,12,0,0,False,False,0,pending,True,True,True,2024-04-30,False,False,none,none,historical_industry;annual_financial_certification;annual_text_certification,0,0,False,False,ST_history_label_and_input_certification_pending
300190.SZ:2024,300190.SZ,2024-05-01,test,pending,,12,0,0,False,False,0,verified_nonfinancial,True,True,True,2025-04-30,False,False,none,none,annual_financial_certification;annual_text_certification,0,0,False,False,ST_history_label_and_input_certification_pending
300190.SZ:2025,300190.SZ,2025-05-01,test,pending,,12,0,0,False,False,0,verified_nonfinancial,True,True,True,2026-04-30,False,False,none,none,annual_financial_certification;annual_text_certification,0,0,False,False,ST_history_label_and_input_certification_pending
300191.SZ:2017,300191.SZ,2017-05-01,train,pending,,12,0,0,False,False,0,verified_nonfinancial,True,True,True,2018-04-30,False,False,none,none,annual_financial_certification;annual_text_certification,0,0,False,False,ST_history_label_and_input_certification_pending
300191.SZ:2018,300191.SZ,2018-05-01,train,pending,,12,0,0,False,False,0,verified_nonfinancial,True,True,True,2019-04-30,False,False,none,none,annual_financial_certification;annual_text_certification,0,0,False,False,ST_history_label_and_input_certification_pending
300191.SZ:2019,300191.SZ,2019-05-01,train,pending,,12,0,0,False,False,0,verified_nonfinancial,True,True,True,2020-04-30,False,False,none,none,annual_financial_certification;annual_text_certification,0,0,False,False,ST_history_label_and_input_certification_pending
300191.SZ:2020,300191.SZ,2020-05-01,train,pending,,12,0,0,False,False,0,verified_nonfinancial,True,True,True,2021-04-30,False,False,none,none,annual_financial_certification;annual_text_certification,0,0,False,False,ST_history_label_and_input_certification_pending
300191.SZ:2021,300191.SZ,2021-05-01,train,pending,,12,0,0,False,False,0,verified_nonfinancial,True,True,True,2022-04-30,False,False,none,none,annual_financial_certification;annual_text_certification,0,0,False,False,ST_history_label_and_input_certification_pending
300191.SZ:2022,300191.SZ,2022-05-01,validation,pending,,12,0,0,False,False,0,verified_nonfinancial,True,True,True,2023-04-30,False,False,none,none,annual_financial_certification;annual_text_certification,0,0,False,False,ST_history_label_and_input_certification_pending
300191.SZ:2023,300191.SZ,2023-05-01,validation,pending,,12,0,0,False,False,0,pending,True,True,True,2024-04-30,False,False,none,none,historical_industry;annual_financial_certification;annual_text_certification,0,0,False,False,ST_history_label_and_input_certification_pending
300191.SZ:2024,300191.SZ,2024-05-01,test,pending,,12,0,0,False,False,0,verified_nonfinancial,True,True,True,2025-04-30,False,False,none,none,annual_financial_certification;annual_text_certification,0,0,False,False,ST_history_label_and_input_certification_pending
300191.SZ:2025,300191.SZ,2025-05-01,test,pending,,12,0,0,False,False,0,verified_nonfinancial,True,True,True,2026-04-30,False,False,none,none,annual_financial_certification;annual_text_certification,0,0,False,False,ST_history_label_and_input_certification_pending
300193.SZ:2017,300193.SZ,2017-05-01,train,pending,,12,0,0,False,False,0,verified_nonfinancial,True,True,True,2018-04-30,False,False,none,none,annual_financial_certification;annual_text_certification,0,0,False,False,ST_history_label_and_input_certification_pending
300193.SZ:2018,300193.SZ,2018-05-01,train,pending,,12,0,0,False,False,0,verified_nonfinancial,True,True,True,2019-04-30,False,False,none,none,annual_financial_certification;annual_text_certification,0,0,False,False,ST_history_label_and_input_certification_pending
300193.SZ:2019,300193.SZ,2019-05-01,train,pending,,12,0,0,False,False,0,verified_nonfinancial,True,True,True,2020-04-30,False,False,none,none,annual_financial_certification;annual_text_certification,0,0,False,False,ST_history_label_and_input_certification_pending
300193.SZ:2020,300193.SZ,2020-05-01,train,pending,,12,0,0,False,False,0,verified_nonfinancial,True,True,True,2021-04-30,False,False,none,none,annual_financial_certification;annual_text_certification,0,0,False,False,ST_history_label_and_input_certification_pending
300193.SZ:2021,300193.SZ,2021-05-01,train,pending,,12,0,0,False,False,0,verified_nonfinancial,True,True,True,2022-04-30,False,False,none,none,annual_financial_certification;annual_text_certification,0,0,False,False,ST_history_label_and_input_certification_pending
300193.SZ:2022,300193.SZ,2022-05-01,validation,pending,,12,0,0,False,False,0,verified_nonfinancial,True,True,True,2023-04-30,False,False,none,none,annual_financial_certification;annual_text_certification,0,0,False,False,ST_history_label_and_input_certification_pending
300193.SZ:2023,300193.SZ,2023-05-01,validation,pending,,12,0,0,False,False,0,pending,True,True,True,2024-04-30,False,False,none,none,historical_industry;annual_financial_certification;annual_text_certification,0,0,False,False,ST_history_label_and_input_certification_pending
300193.SZ:2024,300193.SZ,2024-05-01,test,pending,,12,0,0,False,False,0,verified_nonfinancial,True,True,True,2025-04-30,False,False,none,none,annual_financial_certification;annual_text_certification,0,0,False,False,ST_history_label_and_input_certification_pending
300193.SZ:2025,300193.SZ,2025-05-01,test,pending,,12,0,0,False,False,0,verified_nonfinancial,True,True,True,2026-04-30,False,False,none,none,annual_financial_certification;annual_text_certification,0,0,False,False,ST_history_label_and_input_certification_pending
300200.SZ:2017,300200.SZ,2017-05-01,train,pending,,12,0,0,False,False,0,verified_nonfinancial,True,True,True,2018-04-30,False,False,none,none,annual_financial_certification;annual_text_certification,0,0,False,False,ST_history_label_and_input_certification_pending
300200.SZ:2018,300200.SZ,2018-05-01,train,pending,,12,0,0,False,False,0,verified_nonfinancial,True,True,True,2019-04-30,False,False,none,none,annual_financial_certification;annual_text_certification,0,0,False,False,ST_history_label_and_input_certification_pending
300200.SZ:2019,300200.SZ,2019-05-01,train,pending,,12,0,0,False,False,0,verified_nonfinancial,True,True,True,2020-04-30,False,False,none,none,annual_financial_certification;annual_text_certification,0,0,False,False,ST_history_label_and_input_certification_pending
300200.SZ:2020,300200.SZ,2020-05-01,train,pending,,12,0,0,False,False,0,verified_nonfinancial,True,True,True,2021-04-30,False,False,none,none,annual_financial_certification;annual_text_certification,0,0,False,False,ST_history_label_and_input_certification_pending
300200.SZ:2021,300200.SZ,2021-05-01,train,pending,,12,0,0,False,False,0,verified_nonfinancial,True,True,True,2022-04-30,False,False,none,none,annual_financial_certification;annual_text_certification,0,0,False,False,ST_history_label_and_input_certification_pending
300200.SZ:2022,300200.SZ,2022-05-01,validation,pending,,12,0,0,False,False,0,verified_nonfinancial,True,True,True,2023-04-30,False,False,none,none,annual_financial_certification;annual_text_certification,0,0,False,False,ST_history_label_and_input_certification_pending
300200.SZ:2023,300200.SZ,2023-05-01,validation,pending,,12,0,0,False,False,0,pending,True,True,True,2024-04-30,False,False,none,none,historical_industry;annual_financial_certification;annual_text_certification,0,0,False,False,ST_history_label_and_input_certification_pending
300200.SZ:2024,300200.SZ,2024-05-01,test,pending,,12,0,0,False,False,0,verified_nonfinancial,True,True,True,2025-04-30,False,False,none,none,annual_financial_certification;annual_text_certification,0,0,False,False,ST_history_label_and_input_certification_pending
300200.SZ:2025,300200.SZ,2025-05-01,test,pending,,12,0,0,False,False,0,verified_nonfinancial,True,True,True,2026-04-30,False,False,none,none,annual_financial_certification;annual_text_certification,0,0,False,False,ST_history_label_and_input_certification_pending
300204.SZ:2017,300204.SZ,2017-05-01,train,pending,,12,0,0,False,False,0,verified_nonfinancial,True,True,True,2018-04-30,False,False,none,none,annual_financial_certification;annual_text_certification,0,0,False,False,ST_history_label_and_input_certification_pending
300204.SZ:2018,300204.SZ,2018-05-01,train,pending,,12,0,0,False,False,0,verified_nonfinancial,True,True,True,2019-04-30,False,False,none,none,annual_financial_certification;annual_text_certification,0,0,False,False,ST_history_label_and_input_certification_pending
300204.SZ:2019,300204.SZ,2019-05-01,train,pending,,12,0,0,False,False,0,verified_nonfinancial,True,True,True,2020-04-30,False,False,none,none,annual_financial_certification;annual_text_certification,0,0,False,False,ST_history_label_and_input_certification_pending
300204.SZ:2020,300204.SZ,2020-05-01,train,pending,,12,0,0,False,False,0,verified_nonfinancial,True,True,True,2021-04-30,False,False,none,none,annual_financial_certification;annual_text_certification,0,0,False,False,ST_history_label_and_input_certification_pending
300204.SZ:2021,300204.SZ,2021-05-01,train,pending,,12,0,0,False,False,0,verified_nonfinancial,True,True,True,2022-04-30,False,False,none,none,annual_financial_certification;annual_text_certification,0,0,False,False,ST_history_label_and_input_certification_pending
300204.SZ:2022,300204.SZ,2022-05-01,validation,pending,,12,0,0,False,False,0,verified_nonfinancial,True,True,True,2023-04-30,False,False,none,none,annual_financial_certification;annual_text_certification,0,0,False,False,ST_history_label_and_input_certification_pending
300204.SZ:2023,300204.SZ,2023-05-01,validation,pending,,12,0,0,False,False,0,pending,True,True,True,2024-04-30,False,False,none,none,historical_industry;annual_financial_certification;annual_text_certification,0,0,False,False,ST_history_label_and_input_certification_pending
300204.SZ:2024,300204.SZ,2024-05-01,test,pending,,12,0,0,False,False,0,verified_nonfinancial,True,True,True,2025-04-30,False,False,none,none,annual_financial_certification;annual_text_certification,0,0,False,False,ST_history_label_and_input_certification_pending
300204.SZ:2025,300204.SZ,2025-05-01,test,pending,,12,0,0,False,False,0,verified_nonfinancial,True,True,True,2026-04-30,False,False,none,none,annual_financial_certification;annual_text_certification,0,0,False,False,ST_history_label_and_input_certification_pending
300207.SZ:2017,300207.SZ,2017-05-01,train,pending,,12,0,0,False,False,0,verified_nonfinancial,True,True,True,2018-04-30,False,False,none,none,annual_financial_certification;annual_text_certification,0,0,False,False,ST_history_label_and_input_certification_pending
300207.SZ:2018,300207.SZ,2018-05-01,train,pending,,12,0,0,False,False,0,verified_nonfinancial,True,True,True,2019-04-30,False,False,none,none,annual_financial_certification;annual_text_certification,0,0,False,False,ST_history_label_and_input_certification_pending
300207.SZ:2019,300207.SZ,2019-05-01,train,pending,,12,0,0,False,False,0,verified_nonfinancial,True,True,True,2020-04-30,False,False,none,none,annual_financial_certification;annual_text_certification,0,0,False,False,ST_history_label_and_input_certification_pending
300207.SZ:2020,300207.SZ,2020-05-01,train,pending,,12,0,0,False,False,0,verified_nonfinancial,True,True,True,2021-04-30,False,False,none,none,annual_financial_certification;annual_text_certification,0,0,False,False,ST_history_label_and_input_certification_pending
300207.SZ:2021,300207.SZ,2021-05-01,train,pending,,12,0,0,False,False,0,verified_nonfinancial,True,True,True,2022-04-30,False,False,none,none,annual_financial_certification;annual_text_certification,0,0,False,False,ST_history_label_and_input_certification_pending
300207.SZ:2022,300207.SZ,2022-05-01,validation,pending,,12,0,0,False,False,0,verified_nonfinancial,True,True,True,2023-04-30,False,False,none,none,annual_financial_certification;annual_text_certification,0,0,False,False,ST_history_label_and_input_certification_pending
300207.SZ:2023,300207.SZ,2023-05-01,validation,pending,,12,0,0,False,False,0,pending,True,True,True,2024-04-30,False,False,none,none,historical_industry;annual_financial_certification;annual_text_certification,0,0,False,False,ST_history_label_and_input_certification_pending
300207.SZ:2024,300207.SZ,2024-05-01,test,pending,,12,0,0,False,False,0,verified_nonfinancial,True,True,True,2025-04-30,False,False,none,none,annual_financial_certification;annual_text_certification,0,0,False,False,ST_history_label_and_input_certification_pending
300207.SZ:2025,300207.SZ,2025-05-01,test,pending,,12,0,0,False,False,0,verified_nonfinancial,True,True,True,2026-04-30,False,False,none,none,annual_financial_certification;annual_text_certification,0,0,False,False,ST_history_label_and_input_certification_pending
300215.SZ:2017,300215.SZ,2017-05-01,train,pending,,12,0,0,False,False,0,verified_nonfinancial,True,True,True,2018-04-30,False,False,none,none,annual_financial_certification;annual_text_certification,0,0,False,False,ST_history_label_and_input_certification_pending
300215.SZ:2018,300215.SZ,2018-05-01,train,pending,,12,0,0,False,False,0,verified_nonfinancial,True,True,True,2019-04-30,False,False,none,none,annual_financial_certification;annual_text_certification,0,0,False,False,ST_history_label_and_input_certification_pending
300215.SZ:2019,300215.SZ,2019-05-01,train,pending,,12,0,0,False,False,0,verified_nonfinancial,True,True,True,2020-04-30,False,False,none,none,annual_financial_certification;annual_text_certification,0,0,False,False,ST_history_label_and_input_certification_pending
300215.SZ:2020,300215.SZ,2020-05-01,train,pending,,12,0,0,False,False,0,verified_nonfinancial,True,True,True,2021-04-30,False,False,none,none,annual_financial_certification;annual_text_certification,0,0,False,False,ST_history_label_and_input_certification_pending
300215.SZ:2021,300215.SZ,2021-05-01,train,pending,,12,0,0,False,False,0,verified_nonfinancial,True,True,True,2022-04-30,False,False,none,none,annual_financial_certification;annual_text_certification,0,0,False,False,ST_history_label_and_input_certification_pending
300215.SZ:2022,300215.SZ,2022-05-01,validation,pending,,12,0,0,False,False,0,verified_nonfinancial,True,True,True,2023-04-30,False,False,none,none,annual_financial_certification;annual_text_certification,0,0,False,False,ST_history_label_and_input_certification_pending
300215.SZ:2023,300215.SZ,2023-05-01,validation,pending,,12,0,0,False,False,0,pending,True,True,True,2024-04-30,False,False,none,none,historical_industry;annual_financial_certification;annual_text_certification,0,0,False,False,ST_history_label_and_input_certification_pending
300215.SZ:2024,300215.SZ,2024-05-01,test,pending,,12,0,0,False,False,0,verified_nonfinancial,True,True,True,2025-04-30,False,False,none,none,annual_financial_certification;annual_text_certification,0,0,False,False,ST_history_label_and_input_certification_pending
300215.SZ:2025,300215.SZ,2025-05-01,test,pending,,12,0,0,False,False,0,verified_nonfinancial,True,True,True,2026-04-30,False,False,none,none,annual_financial_certification;annual_text_certification,0,0,False,False,ST_history_label_and_input_certification_pending
300218.SZ:2017,300218.SZ,2017-05-01,train,pending,,12,0,0,False,False,0,verified_nonfinancial,True,True,True,2018-04-30,False,False,none,none,annual_financial_certification;annual_text_certification,0,0,False,False,ST_history_label_and_input_certification_pending
300218.SZ:2018,300218.SZ,2018-05-01,train,pending,,12,0,0,False,False,0,verified_nonfinancial,True,True,True,2019-04-30,False,False,none,none,annual_financial_certification;annual_text_certification,0,0,False,False,ST_history_label_and_input_certification_pending
300218.SZ:2019,300218.SZ,2019-05-01,train,pending,,12,0,0,False,False,0,verified_nonfinancial,True,True,True,2020-04-30,False,False,none,none,annual_financial_certification;annual_text_certification,0,0,False,False,ST_history_label_and_input_certification_pending
300218.SZ:2020,300218.SZ,2020-05-01,train,pending,,12,0,0,False,False,0,verified_nonfinancial,True,True,True,2021-04-30,False,False,none,none,annual_financial_certification;annual_text_certification,0,0,False,False,ST_history_label_and_input_certification_pending
300218.SZ:2021,300218.SZ,2021-05-01,train,pending,,12,0,0,False,False,0,verified_nonfinancial,True,True,True,2022-04-30,False,False,none,none,annual_financial_certification;annual_text_certification,0,0,False,False,ST_history_label_and_input_certification_pending
300218.SZ:2022,300218.SZ,2022-05-01,validation,pending,,12,0,0,False,False,0,verified_nonfinancial,True,True,True,2023-04-30,False,False,none,none,annual_financial_certification;annual_text_certification,0,0,False,False,ST_history_label_and_input_certification_pending
300218.SZ:2023,300218.SZ,2023-05-01,validation,pending,,12,0,0,False,False,0,pending,True,True,True,2024-04-30,False,False,none,none,historical_industry;annual_financial_certification;annual_text_certification,0,0,False,False,ST_history_label_and_input_certification_pending
300218.SZ:2024,300218.SZ,2024-05-01,test,pending,,12,0,0,False,False,0,verified_nonfinancial,True,True,True,2025-04-30,False,False,none,none,annual_financial_certification;annual_text_certification,0,0,False,False,ST_history_label_and_input_certification_pending
300218.SZ:2025,300218.SZ,2025-05-01,test,pending,,12,0,0,False,False,0,verified_nonfinancial,True,True,True,2026-04-30,False,False,none,none,annual_financial_certification;annual_text_certification,0,0,False,False,ST_history_label_and_input_certification_pending
300228.SZ:2017,300228.SZ,2017-05-01,train,pending,,12,0,0,False,False,0,verified_nonfinancial,True,True,True,2018-04-30,False,False,none,none,annual_financial_certification;annual_text_certification,0,0,False,False,ST_history_label_and_input_certification_pending
300228.SZ:2018,300228.SZ,2018-05-01,train,pending,,12,0,0,False,False,0,verified_nonfinancial,True,True,True,2019-04-30,False,False,none,none,annual_financial_certification;annual_text_certification,0,0,False,False,ST_history_label_and_input_certification_pending
300228.SZ:2019,300228.SZ,2019-05-01,train,pending,,12,0,0,False,False,0,verified_nonfinancial,True,True,True,2020-04-30,False,False,none,none,annual_financial_certification;annual_text_certification,0,0,False,False,ST_history_label_and_input_certification_pending
300228.SZ:2020,300228.SZ,2020-05-01,train,pending,,12,0,0,False,False,0,verified_nonfinancial,True,True,True,2021-04-30,False,False,none,none,annual_financial_certification;annual_text_certification,0,0,False,False,ST_history_label_and_input_certification_pending
300228.SZ:2021,300228.SZ,2021-05-01,train,pending,,12,0,0,False,False,0,verified_nonfinancial,True,True,True,2022-04-30,False,False,none,none,annual_financial_certification;annual_text_certification,0,0,False,False,ST_history_label_and_input_certification_pending
300228.SZ:2022,300228.SZ,2022-05-01,validation,pending,,12,0,0,False,False,0,verified_nonfinancial,True,True,True,2023-04-30,False,False,none,none,annual_financial_certification;annual_text_certification,0,0,False,False,ST_history_label_and_input_certification_pending
300228.SZ:2023,300228.SZ,2023-05-01,validation,pending,,12,0,0,False,False,0,pending,True,True,True,2024-04-30,False,False,none,none,historical_industry;annual_financial_certification;annual_text_certification,0,0,False,False,ST_history_label_and_input_certification_pending
300228.SZ:2024,300228.SZ,2024-05-01,test,pending,,12,0,0,False,False,0,verified_nonfinancial,True,True,True,2025-04-30,False,False,none,none,annual_financial_certification;annual_text_certification,0,0,False,False,ST_history_label_and_input_certification_pending
300228.SZ:2025,300228.SZ,2025-05-01,test,pending,,12,0,0,False,False,0,verified_nonfinancial,True,True,True,2026-04-30,False,False,none,none,annual_financial_certification;annual_text_certification,0,0,False,False,ST_history_label_and_input_certification_pending
300238.SZ:2017,300238.SZ,2017-05-01,train,pending,,12,0,0,False,False,0,verified_nonfinancial,True,True,True,2018-04-30,False,False,none,none,annual_financial_certification;annual_text_certification,0,0,False,False,ST_history_label_and_input_certification_pending
300238.SZ:2018,300238.SZ,2018-05-01,train,pending,,12,0,0,False,False,0,verified_nonfinancial,True,True,True,2019-04-30,False,False,none,none,annual_financial_certification;annual_text_certification,0,0,False,False,ST_history_label_and_input_certification_pending
300238.SZ:2019,300238.SZ,2019-05-01,train,pending,,12,0,0,False,False,0,verified_nonfinancial,True,True,True,2020-04-30,False,False,none,none,annual_financial_certification;annual_text_certification,0,0,False,False,ST_history_label_and_input_certification_pending
300238.SZ:2020,300238.SZ,2020-05-01,train,pending,,12,0,0,False,False,0,verified_nonfinancial,True,True,True,2021-04-30,False,False,none,none,annual_financial_certification;annual_text_certification,0,0,False,False,ST_history_label_and_input_certification_pending
300238.SZ:2021,300238.SZ,2021-05-01,train,pending,,12,0,0,False,False,0,verified_nonfinancial,True,True,True,2022-04-30,False,False,none,none,annual_financial_certification;annual_text_certification,0,0,False,False,ST_history_label_and_input_certification_pending
300238.SZ:2022,300238.SZ,2022-05-01,validation,pending,,12,0,0,False,False,0,verified_nonfinancial,True,True,True,2023-04-30,False,False,none,none,annual_financial_certification;annual_text_certification,0,0,False,False,ST_history_label_and_input_certification_pending
300238.SZ:2023,300238.SZ,2023-05-01,validation,pending,,12,0,0,False,False,0,pending,True,True,True,2024-04-30,False,False,none,none,historical_industry;annual_financial_certification;annual_text_certification,0,0,False,False,ST_history_label_and_input_certification_pending
300238.SZ:2024,300238.SZ,2024-05-01,test,pending,,12,0,0,False,False,0,verified_nonfinancial,True,True,True,2025-04-30,False,False,none,none,annual_financial_certification;annual_text_certification,0,0,False,False,ST_history_label_and_input_certification_pending
300238.SZ:2025,300238.SZ,2025-05-01,test,pending,,12,0,0,False,False,0,verified_nonfinancial,True,True,True,2026-04-30,False,False,none,none,annual_financial_certification;annual_text_certification,0,0,False,False,ST_history_label_and_input_certification_pending
300240.SZ:2017,300240.SZ,2017-05-01,train,pending,,12,0,0,False,False,0,verified_nonfinancial,True,True,True,2018-04-30,False,False,none,none,annual_financial_certification;annual_text_certification,0,0,False,False,ST_history_label_and_input_certification_pending
300240.SZ:2018,300240.SZ,2018-05-01,train,pending,,12,0,0,False,False,0,verified_nonfinancial,True,True,True,2019-04-30,False,False,none,none,annual_financial_certification;annual_text_certification,0,0,False,False,ST_history_label_and_input_certification_pending
300240.SZ:2019,300240.SZ,2019-05-01,train,pending,,12,0,0,False,False,0,verified_nonfinancial,True,True,True,2020-04-30,False,False,none,none,annual_financial_certification;annual_text_certification,0,0,False,False,ST_history_label_and_input_certification_pending
300240.SZ:2020,300240.SZ,2020-05-01,train,pending,,12,0,0,False,False,0,verified_nonfinancial,True,True,True,2021-04-30,False,False,none,none,annual_financial_certification;annual_text_certification,0,0,False,False,ST_history_label_and_input_certification_pending
300240.SZ:2021,300240.SZ,2021-05-01,train,pending,,12,0,0,False,False,0,verified_nonfinancial,True,True,True,2022-04-30,False,False,none,none,annual_financial_certification;annual_text_certification,0,0,False,False,ST_history_label_and_input_certification_pending
300240.SZ:2022,300240.SZ,2022-05-01,validation,pending,,12,0,0,False,False,0,verified_nonfinancial,True,True,True,2023-04-30,False,False,none,none,annual_financial_certification;annual_text_certification,0,0,False,False,ST_history_label_and_input_certification_pending
300240.SZ:2023,300240.SZ,2023-05-01,validation,pending,,12,0,0,False,False,0,pending,True,True,True,2024-04-30,False,False,none,none,historical_industry;annual_financial_certification;annual_text_certification,0,0,False,False,ST_history_label_and_input_certification_pending
300240.SZ:2024,300240.SZ,2024-05-01,test,pending,,12,0,0,False,False,0,verified_nonfinancial,True,True,True,2025-04-30,False,False,none,none,annual_financial_certification;annual_text_certification,0,0,False,False,ST_history_label_and_input_certification_pending
300240.SZ:2025,300240.SZ,2025-05-01,test,pending,,12,0,0,False,False,0,verified_nonfinancial,True,True,True,2026-04-30,False,False,none,none,annual_financial_certification;annual_text_certification,0,0,False,False,ST_history_label_and_input_certification_pending
300250.SZ:2017,300250.SZ,2017-05-01,train,pending,,12,0,0,False,False,0,verified_nonfinancial,True,True,True,2018-04-30,False,False,none,none,annual_financial_certification;annual_text_certification,0,0,False,False,ST_history_label_and_input_certification_pending
300250.SZ:2018,300250.SZ,2018-05-01,train,pending,,12,0,0,False,False,0,verified_nonfinancial,True,True,True,2019-04-30,False,False,none,none,annual_financial_certification;annual_text_certification,0,0,False,False,ST_history_label_and_input_certification_pending
300250.SZ:2019,300250.SZ,2019-05-01,train,pending,,12,0,0,False,False,0,verified_nonfinancial,True,True,True,2020-04-30,False,False,none,none,annual_financial_certification;annual_text_certification,0,0,False,False,ST_history_label_and_input_certification_pending
300250.SZ:2020,300250.SZ,2020-05-01,train,pending,,12,0,0,False,False,0,verified_nonfinancial,True,True,True,2021-04-30,False,False,none,none,annual_financial_certification;annual_text_certification,0,0,False,False,ST_history_label_and_input_certification_pending
300250.SZ:2021,300250.SZ,2021-05-01,train,pending,,12,0,0,False,False,0,verified_nonfinancial,True,True,True,2022-04-30,False,False,none,none,annual_financial_certification;annual_text_certification,0,0,False,False,ST_history_label_and_input_certification_pending
300250.SZ:2022,300250.SZ,2022-05-01,validation,pending,,12,0,0,False,False,0,verified_nonfinancial,True,True,True,2023-04-30,False,False,none,none,annual_financial_certification;annual_text_certification,0,0,False,False,ST_history_label_and_input_certification_pending
300250.SZ:2023,300250.SZ,2023-05-01,validation,pending,,12,0,0,False,False,0,pending,True,True,True,2024-04-30,False,False,none,none,historical_industry;annual_financial_certification;annual_text_certification,0,0,False,False,ST_history_label_and_input_certification_pending
300250.SZ:2024,300250.SZ,2024-05-01,test,pending,,12,0,0,False,False,0,verified_nonfinancial,True,True,True,2025-04-30,False,False,none,none,annual_financial_certification;annual_text_certification,0,0,False,False,ST_history_label_and_input_certification_pending
300250.SZ:2025,300250.SZ,2025-05-01,test,pending,,12,0,0,False,False,0,verified_nonfinancial,True,True,True,2026-04-30,False,False,none,none,annual_financial_certification;annual_text_certification,0,0,False,False,ST_history_label_and_input_certification_pending
300259.SZ:2017,300259.SZ,2017-05-01,train,pending,,12,0,0,False,False,0,verified_nonfinancial,True,True,True,2018-04-30,False,False,none,none,annual_financial_certification;annual_text_certification,0,0,False,False,ST_history_label_and_input_certification_pending
300259.SZ:2018,300259.SZ,2018-05-01,train,pending,,12,0,0,False,False,0,verified_nonfinancial,True,True,True,2019-04-30,False,False,none,none,annual_financial_certification;annual_text_certification,0,0,False,False,ST_history_label_and_input_certification_pending
300259.SZ:2019,300259.SZ,2019-05-01,train,pending,,12,0,0,False,False,0,verified_nonfinancial,True,True,True,2020-04-30,False,False,none,none,annual_financial_certification;annual_text_certification,0,0,False,False,ST_history_label_and_input_certification_pending
300259.SZ:2020,300259.SZ,2020-05-01,train,pending,,12,0,0,False,False,0,verified_nonfinancial,True,True,True,2021-04-30,False,False,none,none,annual_financial_certification;annual_text_certification,0,0,False,False,ST_history_label_and_input_certification_pending
300259.SZ:2021,300259.SZ,2021-05-01,train,pending,,12,0,0,False,False,0,verified_nonfinancial,True,True,True,2022-04-30,False,False,none,none,annual_financial_certification;annual_text_certification,0,0,False,False,ST_history_label_and_input_certification_pending
300259.SZ:2022,300259.SZ,2022-05-01,validation,pending,,12,0,0,False,False,0,verified_nonfinancial,True,True,True,2023-04-30,False,False,none,none,annual_financial_certification;annual_text_certification,0,0,False,False,ST_history_label_and_input_certification_pending
300259.SZ:2023,300259.SZ,2023-05-01,validation,pending,,12,0,0,False,False,0,pending,True,True,True,2024-04-30,False,False,none,none,historical_industry;annual_financial_certification;annual_text_certification,0,0,False,False,ST_history_label_and_input_certification_pending
300259.SZ:2024,300259.SZ,2024-05-01,test,pending,,12,0,0,False,False,0,verified_nonfinancial,True,True,True,2025-04-30,False,False,none,none,annual_financial_certification;annual_text_certification,0,0,False,False,ST_history_label_and_input_certification_pending
300259.SZ:2025,300259.SZ,2025-05-01,test,pending,,12,0,0,False,False,0,verified_nonfinancial,True,True,True,2026-04-30,False,False,none,none,annual_financial_certification;annual_text_certification,0,0,False,False,ST_history_label_and_input_certification_pending
300266.SZ:2017,300266.SZ,2017-05-01,train,pending,,12,0,0,False,False,0,verified_nonfinancial,True,True,True,2018-04-30,False,False,none,none,annual_financial_certification;annual_text_certification,0,0,False,False,ST_history_label_and_input_certification_pending
300266.SZ:2018,300266.SZ,2018-05-01,train,pending,,12,0,0,False,False,0,verified_nonfinancial,True,True,True,2019-04-30,False,False,none,none,annual_financial_certification;annual_text_certification,0,0,False,False,ST_history_label_and_input_certification_pending
300266.SZ:2019,300266.SZ,2019-05-01,train,pending,,12,0,0,False,False,0,verified_nonfinancial,True,True,True,2020-04-30,False,False,none,none,annual_financial_certification;annual_text_certification,0,0,False,False,ST_history_label_and_input_certification_pending
300266.SZ:2020,300266.SZ,2020-05-01,train,pending,,12,0,0,False,False,0,verified_nonfinancial,True,True,True,2021-04-30,False,False,none,none,annual_financial_certification;annual_text_certification,0,0,False,False,ST_history_label_and_input_certification_pending
300266.SZ:2021,300266.SZ,2021-05-01,train,pending,,12,0,0,False,False,0,verified_nonfinancial,True,True,True,2022-04-30,False,False,none,none,annual_financial_certification;annual_text_certification,0,0,False,False,ST_history_label_and_input_certification_pending
300266.SZ:2022,300266.SZ,2022-05-01,validation,pending,,12,0,0,False,False,0,verified_nonfinancial,True,True,True,2023-04-30,False,False,none,none,annual_financial_certification;annual_text_certification,0,0,False,False,ST_history_label_and_input_certification_pending
300266.SZ:2023,300266.SZ,2023-05-01,validation,pending,,12,0,0,False,False,0,pending,True,True,True,2024-04-30,False,False,none,none,historical_industry;annual_financial_certification;annual_text_certification,0,0,False,False,ST_history_label_and_input_certification_pending
300266.SZ:2024,300266.SZ,2024-05-01,test,pending,,12,0,0,False,False,0,verified_nonfinancial,True,True,True,2025-04-30,False,False,none,none,annual_financial_certification;annual_text_certification,0,0,False,False,ST_history_label_and_input_certification_pending
300266.SZ:2025,300266.SZ,2025-05-01,test,pending,,12,0,0,False,False,0,verified_nonfinancial,True,True,True,2026-04-30,False,False,none,none,annual_financial_certification;annual_text_certification,0,0,False,False,ST_history_label_and_input_certification_pending
300267.SZ:2017,300267.SZ,2017-05-01,train,pending,,12,0,0,False,False,0,verified_nonfinancial,True,True,True,2018-04-30,False,False,none,none,annual_financial_certification;annual_text_certification,0,0,False,False,ST_history_label_and_input_certification_pending
300267.SZ:2018,300267.SZ,2018-05-01,train,pending,,12,0,0,False,False,0,verified_nonfinancial,True,True,True,2019-04-30,False,False,none,none,annual_financial_certification;annual_text_certification,0,0,False,False,ST_history_label_and_input_certification_pending
300267.SZ:2019,300267.SZ,2019-05-01,train,pending,,12,0,0,False,False,0,verified_nonfinancial,True,True,True,2020-04-30,False,False,none,none,annual_financial_certification;annual_text_certification,0,0,False,False,ST_history_label_and_input_certification_pending
300267.SZ:2020,300267.SZ,2020-05-01,train,pending,,12,0,0,False,False,0,verified_nonfinancial,True,True,True,2021-04-30,False,False,none,none,annual_financial_certification;annual_text_certification,0,0,False,False,ST_history_label_and_input_certification_pending
300267.SZ:2021,300267.SZ,2021-05-01,train,pending,,12,0,0,False,False,0,verified_nonfinancial,True,True,True,2022-04-30,False,False,none,none,annual_financial_certification;annual_text_certification,0,0,False,False,ST_history_label_and_input_certification_pending
300267.SZ:2022,300267.SZ,2022-05-01,validation,pending,,12,0,0,False,False,0,verified_nonfinancial,True,True,True,2023-04-30,False,False,none,none,annual_financial_certification;annual_text_certification,0,0,False,False,ST_history_label_and_input_certification_pending
300267.SZ:2023,300267.SZ,2023-05-01,validation,pending,,12,0,0,False,False,0,pending,True,True,True,2024-04-30,False,False,none,none,historical_industry;annual_financial_certification;annual_text_certification,0,0,False,False,ST_history_label_and_input_certification_pending
300267.SZ:2024,300267.SZ,2024-05-01,test,pending,,12,0,0,False,False,0,verified_nonfinancial,True,True,True,2025-04-30,False,False,none,none,annual_financial_certification;annual_text_certification,0,0,False,False,ST_history_label_and_input_certification_pending
300267.SZ:2025,300267.SZ,2025-05-01,test,pending,,12,0,0,False,False,0,verified_nonfinancial,True,True,True,2026-04-30,False,False,none,none,annual_financial_certification;annual_text_certification,0,0,False,False,ST_history_label_and_input_certification_pending
300277.SZ:2017,300277.SZ,2017-05-01,train,pending,,12,0,0,False,False,0,verified_nonfinancial,True,True,True,2018-04-30,False,False,none,none,annual_financial_certification;annual_text_certification,0,0,False,False,ST_history_label_and_input_certification_pending
300277.SZ:2018,300277.SZ,2018-05-01,train,pending,,12,0,0,False,False,0,verified_nonfinancial,True,True,True,2019-04-30,False,False,none,none,annual_financial_certification;annual_text_certification,0,0,False,False,ST_history_label_and_input_certification_pending
300277.SZ:2019,300277.SZ,2019-05-01,train,pending,,12,0,0,False,False,0,verified_nonfinancial,True,True,True,2020-04-30,False,False,none,none,annual_financial_certification;annual_text_certification,0,0,False,False,ST_history_label_and_input_certification_pending
300277.SZ:2020,300277.SZ,2020-05-01,train,pending,,12,0,0,False,False,0,verified_nonfinancial,True,True,True,2021-04-30,False,False,none,none,annual_financial_certification;annual_text_certification,0,0,False,False,ST_history_label_and_input_certification_pending
300277.SZ:2021,300277.SZ,2021-05-01,train,pending,,12,0,0,False,False,0,verified_nonfinancial,True,True,True,2022-04-30,False,False,none,none,annual_financial_certification;annual_text_certification,0,0,False,False,ST_history_label_and_input_certification_pending
300277.SZ:2022,300277.SZ,2022-05-01,validation,pending,,12,0,0,False,False,0,verified_nonfinancial,True,True,True,2023-04-30,False,False,none,none,annual_financial_certification;annual_text_certification,0,0,False,False,ST_history_label_and_input_certification_pending
300277.SZ:2023,300277.SZ,2023-05-01,validation,pending,,12,0,0,False,False,0,pending,True,True,True,2024-04-30,False,False,none,none,historical_industry;annual_financial_certification;annual_text_certification,0,0,False,False,ST_history_label_and_input_certification_pending
300277.SZ:2024,300277.SZ,2024-05-01,test,pending,,12,0,0,False,False,0,verified_nonfinancial,True,True,True,2025-04-30,False,False,none,none,annual_financial_certification;annual_text_certification,0,0,False,False,ST_history_label_and_input_certification_pending
300277.SZ:2025,300277.SZ,2025-05-01,test,pending,,12,0,0,False,False,0,verified_nonfinancial,True,True,True,2026-04-30,False,False,none,none,annual_financial_certification;annual_text_certification,0,0,False,False,ST_history_label_and_input_certification_pending
300279.SZ:2017,300279.SZ,2017-05-01,train,pending,,12,0,0,False,False,0,verified_nonfinancial,True,True,True,2018-04-30,False,False,none,none,annual_financial_certification;annual_text_certification,0,0,False,False,ST_history_label_and_input_certification_pending
300279.SZ:2018,300279.SZ,2018-05-01,train,pending,,12,0,0,False,False,0,verified_nonfinancial,True,True,True,2019-04-30,False,False,none,none,annual_financial_certification;annual_text_certification,0,0,False,False,ST_history_label_and_input_certification_pending
300279.SZ:2019,300279.SZ,2019-05-01,train,pending,,12,0,0,False,False,0,verified_nonfinancial,True,True,True,2020-04-30,False,False,none,none,annual_financial_certification;annual_text_certification,0,0,False,False,ST_history_label_and_input_certification_pending
300279.SZ:2020,300279.SZ,2020-05-01,train,pending,,12,0,0,False,False,0,verified_nonfinancial,True,True,True,2021-04-30,False,False,none,none,annual_financial_certification;annual_text_certification,0,0,False,False,ST_history_label_and_input_certification_pending
300279.SZ:2021,300279.SZ,2021-05-01,train,pending,,12,0,0,False,False,0,verified_nonfinancial,True,True,True,2022-04-30,False,False,none,none,annual_financial_certification;annual_text_certification,0,0,False,False,ST_history_label_and_input_certification_pending
300279.SZ:2022,300279.SZ,2022-05-01,validation,pending,,12,0,0,False,False,0,verified_nonfinancial,True,True,True,2023-04-30,False,False,none,none,annual_financial_certification;annual_text_certification,0,0,False,False,ST_history_label_and_input_certification_pending
300279.SZ:2023,300279.SZ,2023-05-01,validation,pending,,12,0,0,False,False,0,pending,True,True,True,2024-04-30,False,False,none,none,historical_industry;annual_financial_certification;annual_text_certification,0,0,False,False,ST_history_label_and_input_certification_pending
300279.SZ:2024,300279.SZ,2024-05-01,test,pending,,12,0,0,False,False,0,verified_nonfinancial,True,True,True,2025-04-30,False,False,none,none,annual_financial_certification;annual_text_certification,0,0,False,False,ST_history_label_and_input_certification_pending
300279.SZ:2025,300279.SZ,2025-05-01,test,pending,,12,0,0,False,False,0,verified_nonfinancial,True,True,True,2026-04-30,False,False,none,none,annual_financial_certification;annual_text_certification,0,0,False,False,ST_history_label_and_input_certification_pending
300288.SZ:2017,300288.SZ,2017-05-01,train,pending,,12,0,0,False,False,0,verified_nonfinancial,True,True,True,2018-04-30,False,False,none,none,annual_financial_certification;annual_text_certification,0,0,False,False,ST_history_label_and_input_certification_pending
300288.SZ:2018,300288.SZ,2018-05-01,train,pending,,12,0,0,False,False,0,verified_nonfinancial,True,True,True,2019-04-30,False,False,none,none,annual_financial_certification;annual_text_certification,0,0,False,False,ST_history_label_and_input_certification_pending
300288.SZ:2019,300288.SZ,2019-05-01,train,pending,,12,0,0,False,False,0,verified_nonfinancial,True,True,True,2020-04-30,False,False,none,none,annual_financial_certification;annual_text_certification,0,0,False,False,ST_history_label_and_input_certification_pending
300288.SZ:2020,300288.SZ,2020-05-01,train,pending,,12,0,0,False,False,0,verified_nonfinancial,True,True,True,2021-04-30,False,False,none,none,annual_financial_certification;annual_text_certification,0,0,False,False,ST_history_label_and_input_certification_pending
300288.SZ:2021,300288.SZ,2021-05-01,train,pending,,12,0,0,False,False,0,verified_nonfinancial,True,True,True,2022-04-30,False,False,none,none,annual_financial_certification;annual_text_certification,0,0,False,False,ST_history_label_and_input_certification_pending
300288.SZ:2022,300288.SZ,2022-05-01,validation,pending,,12,0,0,False,False,0,verified_nonfinancial,True,True,True,2023-04-30,False,False,none,none,annual_financial_certification;annual_text_certification,0,0,False,False,ST_history_label_and_input_certification_pending
300288.SZ:2023,300288.SZ,2023-05-01,validation,pending,,12,0,0,False,False,0,pending,True,True,True,2024-04-30,False,False,none,none,historical_industry;annual_financial_certification;annual_text_certification,0,0,False,False,ST_history_label_and_input_certification_pending
300288.SZ:2024,300288.SZ,2024-05-01,test,pending,,12,0,0,False,False,0,verified_nonfinancial,True,True,True,2025-04-30,False,False,none,none,annual_financial_certification;annual_text_certification,0,0,False,False,ST_history_label_and_input_certification_pending
300288.SZ:2025,300288.SZ,2025-05-01,test,pending,,12,0,0,False,False,0,verified_nonfinancial,True,True,True,2026-04-30,False,False,none,none,annual_financial_certification;annual_text_certification,0,0,False,False,ST_history_label_and_input_certification_pending
300292.SZ:2017,300292.SZ,2017-05-01,train,pending,,12,0,0,False,False,0,verified_nonfinancial,True,True,True,2018-04-30,False,False,none,none,annual_financial_certification;annual_text_certification,0,0,False,False,ST_history_label_and_input_certification_pending
300292.SZ:2018,300292.SZ,2018-05-01,train,pending,,12,0,0,False,False,0,verified_nonfinancial,True,True,True,2019-04-30,False,False,none,none,annual_financial_certification;annual_text_certification,0,0,False,False,ST_history_label_and_input_certification_pending
300292.SZ:2019,300292.SZ,2019-05-01,train,pending,,12,0,0,False,False,0,verified_nonfinancial,True,True,True,2020-04-30,False,False,none,none,annual_financial_certification;annual_text_certification,0,0,False,False,ST_history_label_and_input_certification_pending
300292.SZ:2020,300292.SZ,2020-05-01,train,pending,,12,0,0,False,False,0,verified_nonfinancial,True,True,True,2021-04-30,False,False,none,none,annual_financial_certification;annual_text_certification,0,0,False,False,ST_history_label_and_input_certification_pending
300292.SZ:2021,300292.SZ,2021-05-01,train,pending,,12,0,0,False,False,0,verified_nonfinancial,True,True,True,2022-04-30,False,False,none,none,annual_financial_certification;annual_text_certification,0,0,False,False,ST_history_label_and_input_certification_pending
300292.SZ:2022,300292.SZ,2022-05-01,validation,pending,,12,0,0,False,False,0,verified_nonfinancial,True,True,True,2023-04-30,False,False,none,none,annual_financial_certification;annual_text_certification,0,0,False,False,ST_history_label_and_input_certification_pending
300292.SZ:2023,300292.SZ,2023-05-01,validation,pending,,12,0,0,False,False,0,pending,True,True,True,2024-04-30,False,False,none,none,historical_industry;annual_financial_certification;annual_text_certification,0,0,False,False,ST_history_label_and_input_certification_pending
300292.SZ:2024,300292.SZ,2024-05-01,test,pending,,12,0,0,False,False,0,verified_nonfinancial,True,True,True,2025-04-30,False,False,none,none,annual_financial_certification;annual_text_certification,0,0,False,False,ST_history_label_and_input_certification_pending
300292.SZ:2025,300292.SZ,2025-05-01,test,pending,,12,0,0,False,False,0,verified_nonfinancial,True,True,True,2026-04-30,False,False,none,none,annual_financial_certification;annual_text_certification,0,0,False,False,ST_history_label_and_input_certification_pending
300293.SZ:2017,300293.SZ,2017-05-01,train,pending,,12,0,0,False,False,0,verified_nonfinancial,True,True,True,2018-04-30,False,False,none,none,annual_financial_certification;annual_text_certification,0,0,False,False,ST_history_label_and_input_certification_pending
300293.SZ:2018,300293.SZ,2018-05-01,train,pending,,12,0,0,False,False,0,verified_nonfinancial,True,True,True,2019-04-30,False,False,none,none,annual_financial_certification;annual_text_certification,0,0,False,False,ST_history_label_and_input_certification_pending
300293.SZ:2019,300293.SZ,2019-05-01,train,pending,,12,0,0,False,False,0,verified_nonfinancial,True,True,True,2020-04-30,False,False,none,none,annual_financial_certification;annual_text_certification,0,0,False,False,ST_history_label_and_input_certification_pending
300293.SZ:2020,300293.SZ,2020-05-01,train,pending,,12,0,0,False,False,0,verified_nonfinancial,True,True,True,2021-04-30,False,False,none,none,annual_financial_certification;annual_text_certification,0,0,False,False,ST_history_label_and_input_certification_pending
300293.SZ:2021,300293.SZ,2021-05-01,train,pending,,12,0,0,False,False,0,verified_nonfinancial,True,True,True,2022-04-30,False,False,none,none,annual_financial_certification;annual_text_certification,0,0,False,False,ST_history_label_and_input_certification_pending
300293.SZ:2022,300293.SZ,2022-05-01,validation,pending,,12,0,0,False,False,0,verified_nonfinancial,True,True,True,2023-04-30,False,False,none,none,annual_financial_certification;annual_text_certification,0,0,False,False,ST_history_label_and_input_certification_pending
300293.SZ:2023,300293.SZ,2023-05-01,validation,pending,,12,0,0,False,False,0,pending,True,True,True,2024-04-30,False,False,none,none,historical_industry;annual_financial_certification;annual_text_certification,0,0,False,False,ST_history_label_and_input_certification_pending
300293.SZ:2024,300293.SZ,2024-05-01,test,pending,,12,0,0,False,False,0,verified_nonfinancial,True,True,True,2025-04-30,False,False,none,none,annual_financial_certification;annual_text_certification,0,0,False,False,ST_history_label_and_input_certification_pending
300293.SZ:2025,300293.SZ,2025-05-01,test,pending,,12,0,0,False,False,0,verified_nonfinancial,True,True,True,2026-04-30,False,False,none,none,annual_financial_certification;annual_text_certification,0,0,False,False,ST_history_label_and_input_certification_pending
300295.SZ:2017,300295.SZ,2017-05-01,train,pending,,12,0,0,False,False,0,verified_nonfinancial,True,True,True,2018-04-30,False,False,none,none,annual_financial_certification;annual_text_certification,0,0,False,False,ST_history_label_and_input_certification_pending
300295.SZ:2018,300295.SZ,2018-05-01,train,pending,,12,0,0,False,False,0,verified_nonfinancial,True,True,True,2019-04-30,False,False,none,none,annual_financial_certification;annual_text_certification,0,0,False,False,ST_history_label_and_input_certification_pending
300295.SZ:2019,300295.SZ,2019-05-01,train,pending,,12,0,0,False,False,0,verified_nonfinancial,True,True,True,2020-04-30,False,False,none,none,annual_financial_certification;annual_text_certification,0,0,False,False,ST_history_label_and_input_certification_pending
300295.SZ:2020,300295.SZ,2020-05-01,train,pending,,12,0,0,False,False,0,verified_nonfinancial,True,True,True,2021-04-30,False,False,none,none,annual_financial_certification;annual_text_certification,0,0,False,False,ST_history_label_and_input_certification_pending
300295.SZ:2021,300295.SZ,2021-05-01,train,pending,,12,0,0,False,False,0,verified_nonfinancial,True,True,True,2022-04-30,False,False,none,none,annual_financial_certification;annual_text_certification,0,0,False,False,ST_history_label_and_input_certification_pending
300295.SZ:2022,300295.SZ,2022-05-01,validation,pending,,12,0,0,False,False,0,verified_nonfinancial,True,True,True,2023-04-30,False,False,none,none,annual_financial_certification;annual_text_certification,0,0,False,False,ST_history_label_and_input_certification_pending
300295.SZ:2023,300295.SZ,2023-05-01,validation,pending,,12,0,0,False,False,0,pending,True,True,True,2024-04-30,False,False,none,none,historical_industry;annual_financial_certification;annual_text_certification,0,0,False,False,ST_history_label_and_input_certification_pending
300295.SZ:2024,300295.SZ,2024-05-01,test,pending,,12,0,0,False,False,0,verified_nonfinancial,True,True,True,2025-04-30,False,False,none,none,annual_financial_certification;annual_text_certification,0,0,False,False,ST_history_label_and_input_certification_pending
300295.SZ:2025,300295.SZ,2025-05-01,test,pending,,12,0,0,False,False,1,verified_nonfinancial,True,True,True,2026-04-24,False,False,none,none,annual_financial_certification;annual_text_certification,0,1,False,False,ST_history_label_and_input_certification_pending
300300.SZ:2017,300300.SZ,2017-05-01,train,pending,,12,0,0,False,False,0,verified_nonfinancial,True,True,True,2018-04-30,False,False,none,none,annual_financial_certification;annual_text_certification,0,0,False,False,ST_history_label_and_input_certification_pending
300300.SZ:2018,300300.SZ,2018-05-01,train,pending,,12,0,0,False,False,0,verified_nonfinancial,True,True,True,2019-04-30,False,False,none,none,annual_financial_certification;annual_text_certification,0,0,False,False,ST_history_label_and_input_certification_pending
300300.SZ:2019,300300.SZ,2019-05-01,train,pending,,12,0,0,False,False,0,verified_nonfinancial,True,True,True,2020-04-30,False,False,none,none,annual_financial_certification;annual_text_certification,0,0,False,False,ST_history_label_and_input_certification_pending
300300.SZ:2020,300300.SZ,2020-05-01,train,pending,,12,0,0,False,False,0,verified_nonfinancial,True,True,True,2021-04-30,False,False,none,none,annual_financial_certification;annual_text_certification,0,0,False,False,ST_history_label_and_input_certification_pending
300300.SZ:2021,300300.SZ,2021-05-01,train,pending,,12,0,0,False,False,0,verified_nonfinancial,True,True,True,2022-04-30,False,False,none,none,annual_financial_certification;annual_text_certification,0,0,False,False,ST_history_label_and_input_certification_pending
300300.SZ:2022,300300.SZ,2022-05-01,validation,pending,,12,0,0,False,False,0,verified_nonfinancial,True,True,True,2023-04-30,False,False,none,none,annual_financial_certification;annual_text_certification,0,0,False,False,ST_history_label_and_input_certification_pending
300300.SZ:2023,300300.SZ,2023-05-01,validation,pending,,12,0,0,False,False,0,pending,True,True,True,2024-04-30,False,False,none,none,historical_industry;annual_financial_certification;annual_text_certification,0,0,False,False,ST_history_label_and_input_certification_pending
300300.SZ:2024,300300.SZ,2024-05-01,test,pending,,12,0,0,False,False,1,verified_nonfinancial,True,True,True,2024-05-14,False,False,none,none,annual_financial_certification;annual_text_certification,0,1,False,False,ST_history_label_and_input_certification_pending
300300.SZ:2025,300300.SZ,2025-05-01,test,excluded,,12,0,0,False,False,,verified_nonfinancial,True,False,False,,False,False,none,none,,1,0,False,False,preorigin_financial_industry_or_confirmed_baseline_ST
300307.SZ:2017,300307.SZ,2017-05-01,train,pending,,12,0,0,False,False,0,verified_nonfinancial,True,True,True,2018-04-30,False,False,none,none,annual_financial_certification;annual_text_certification,0,0,False,False,ST_history_label_and_input_certification_pending
300307.SZ:2018,300307.SZ,2018-05-01,train,pending,,12,0,0,False,False,0,verified_nonfinancial,True,True,True,2019-04-30,False,False,none,none,annual_financial_certification;annual_text_certification,0,0,False,False,ST_history_label_and_input_certification_pending
300307.SZ:2019,300307.SZ,2019-05-01,train,pending,,12,0,0,False,False,0,verified_nonfinancial,True,True,True,2020-04-30,False,False,none,none,annual_financial_certification;annual_text_certification,0,0,False,False,ST_history_label_and_input_certification_pending
300307.SZ:2020,300307.SZ,2020-05-01,train,pending,,12,0,0,False,False,0,verified_nonfinancial,True,True,True,2021-04-30,False,False,none,none,annual_financial_certification;annual_text_certification,0,0,False,False,ST_history_label_and_input_certification_pending
300307.SZ:2021,300307.SZ,2021-05-01,train,pending,,12,0,0,False,False,0,verified_nonfinancial,True,True,True,2022-04-30,False,False,none,none,annual_financial_certification;annual_text_certification,0,0,False,False,ST_history_label_and_input_certification_pending
300307.SZ:2022,300307.SZ,2022-05-01,validation,pending,,12,0,0,False,False,0,verified_nonfinancial,True,True,True,2023-04-30,False,False,none,none,annual_financial_certification;annual_text_certification,0,0,False,False,ST_history_label_and_input_certification_pending
300307.SZ:2023,300307.SZ,2023-05-01,validation,pending,,12,0,0,False,False,0,pending,True,True,True,2024-04-30,False,False,none,none,historical_industry;annual_financial_certification;annual_text_certification,0,0,False,False,ST_history_label_and_input_certification_pending
300307.SZ:2024,300307.SZ,2024-05-01,test,pending,,12,0,0,False,False,0,verified_nonfinancial,True,True,True,2025-04-30,False,False,none,none,annual_financial_certification;annual_text_certification,0,0,False,False,ST_history_label_and_input_certification_pending
300307.SZ:2025,300307.SZ,2025-05-01,test,pending,,12,0,0,False,False,0,verified_nonfinancial,True,True,True,2026-04-30,False,False,none,none,annual_financial_certification;annual_text_certification,0,0,False,False,ST_history_label_and_input_certification_pending
300309.SZ:2017,300309.SZ,2017-05-01,train,pending,,12,0,0,False,False,0,verified_nonfinancial,True,True,True,2018-04-30,False,False,none,none,annual_financial_certification;annual_text_certification,0,0,False,False,ST_history_label_and_input_certification_pending
300309.SZ:2018,300309.SZ,2018-05-01,train,pending,,12,0,0,False,False,0,verified_nonfinancial,True,True,True,2019-04-30,False,False,none,none,annual_financial_certification;annual_text_certification,0,0,False,False,ST_history_label_and_input_certification_pending
300309.SZ:2019,300309.SZ,2019-05-01,train,excluded,,12,0,0,False,False,,excluded_financial,True,True,True,2020-04-30,False,False,none,none,,0,0,False,False,preorigin_financial_industry_or_confirmed_baseline_ST
300309.SZ:2020,300309.SZ,2020-05-01,train,excluded,,12,0,0,False,False,,excluded_financial,True,True,True,2021-04-30,False,False,none,none,,0,0,False,False,preorigin_financial_industry_or_confirmed_baseline_ST
300309.SZ:2021,300309.SZ,2021-05-01,train,excluded,,12,0,0,False,False,,excluded_financial,True,True,True,2022-04-29,False,False,none,none,,0,1,False,False,preorigin_financial_industry_or_confirmed_baseline_ST
300309.SZ:2022,300309.SZ,2022-05-01,validation,excluded,,12,0,0,False,False,,excluded_financial,True,False,False,,False,False,none,none,,1,0,False,False,preorigin_financial_industry_or_confirmed_baseline_ST
300309.SZ:2023,300309.SZ,2023-05-01,validation,excluded,,12,0,0,False,False,,pending,True,False,False,,False,False,none,none,,1,0,False,False,preorigin_financial_industry_or_confirmed_baseline_ST
300321.SZ:2017,300321.SZ,2017-05-01,train,pending,,12,0,0,False,False,0,verified_nonfinancial,True,True,True,2018-04-30,False,False,none,none,annual_financial_certification;annual_text_certification,0,0,False,False,ST_history_label_and_input_certification_pending
300321.SZ:2018,300321.SZ,2018-05-01,train,pending,,12,0,0,False,False,0,verified_nonfinancial,True,True,True,2019-04-30,False,False,none,none,annual_financial_certification;annual_text_certification,0,0,False,False,ST_history_label_and_input_certification_pending
300321.SZ:2019,300321.SZ,2019-05-01,train,pending,,12,0,0,False,False,0,verified_nonfinancial,True,True,True,2020-04-30,False,False,none,none,annual_financial_certification;annual_text_certification,0,0,False,False,ST_history_label_and_input_certification_pending
300321.SZ:2020,300321.SZ,2020-05-01,train,pending,,12,0,0,False,False,0,verified_nonfinancial,True,True,True,2021-04-30,False,False,none,none,annual_financial_certification;annual_text_certification,0,0,False,False,ST_history_label_and_input_certification_pending
300321.SZ:2021,300321.SZ,2021-05-01,train,pending,,12,0,0,False,False,0,verified_nonfinancial,True,True,True,2022-04-30,False,False,none,none,annual_financial_certification;annual_text_certification,0,0,False,False,ST_history_label_and_input_certification_pending
300321.SZ:2022,300321.SZ,2022-05-01,validation,pending,,12,0,0,False,False,0,verified_nonfinancial,True,True,True,2023-04-30,False,False,none,none,annual_financial_certification;annual_text_certification,0,0,False,False,ST_history_label_and_input_certification_pending
300321.SZ:2023,300321.SZ,2023-05-01,validation,pending,,12,0,0,False,False,0,pending,True,True,True,2024-04-30,False,False,none,none,historical_industry;annual_financial_certification;annual_text_certification,0,0,False,False,ST_history_label_and_input_certification_pending
300321.SZ:2024,300321.SZ,2024-05-01,test,pending,,12,0,0,False,False,0,verified_nonfinancial,True,True,True,2025-04-30,False,False,none,none,annual_financial_certification;annual_text_certification,0,0,False,False,ST_history_label_and_input_certification_pending
300321.SZ:2025,300321.SZ,2025-05-01,test,pending,,12,0,0,False,False,0,verified_nonfinancial,True,True,True,2026-04-30,False,False,none,none,annual_financial_certification;annual_text_certification,0,0,False,False,ST_history_label_and_input_certification_pending
300332.SZ:2017,300332.SZ,2017-05-01,train,pending,,12,0,0,False,False,0,verified_nonfinancial,True,True,True,2018-04-30,False,False,none,none,annual_financial_certification;annual_text_certification,0,0,False,False,ST_history_label_and_input_certification_pending
300332.SZ:2018,300332.SZ,2018-05-01,train,pending,,12,0,0,False,False,0,verified_nonfinancial,True,True,True,2019-04-30,False,False,none,none,annual_financial_certification;annual_text_certification,0,0,False,False,ST_history_label_and_input_certification_pending
300332.SZ:2019,300332.SZ,2019-05-01,train,pending,,12,0,0,False,False,0,verified_nonfinancial,True,True,True,2020-04-30,False,False,none,none,annual_financial_certification;annual_text_certification,0,0,False,False,ST_history_label_and_input_certification_pending
300332.SZ:2020,300332.SZ,2020-05-01,train,pending,,12,0,0,False,False,0,verified_nonfinancial,True,True,True,2021-04-30,False,False,none,none,annual_financial_certification;annual_text_certification,0,0,False,False,ST_history_label_and_input_certification_pending
300332.SZ:2021,300332.SZ,2021-05-01,train,pending,,12,0,0,False,False,0,verified_nonfinancial,True,True,True,2022-04-30,False,False,none,none,annual_financial_certification;annual_text_certification,0,0,False,False,ST_history_label_and_input_certification_pending
300332.SZ:2022,300332.SZ,2022-05-01,validation,pending,,12,0,0,False,False,0,verified_nonfinancial,True,True,True,2023-04-30,False,False,none,none,annual_financial_certification;annual_text_certification,0,0,False,False,ST_history_label_and_input_certification_pending
300332.SZ:2023,300332.SZ,2023-05-01,validation,pending,,12,0,0,False,False,0,pending,True,True,True,2024-04-30,False,False,none,none,historical_industry;annual_financial_certification;annual_text_certification,0,0,False,False,ST_history_label_and_input_certification_pending
300332.SZ:2024,300332.SZ,2024-05-01,test,pending,,12,0,0,False,False,0,verified_nonfinancial,True,True,True,2025-04-30,False,False,none,none,annual_financial_certification;annual_text_certification,0,0,False,False,ST_history_label_and_input_certification_pending
300332.SZ:2025,300332.SZ,2025-05-01,test,pending,,12,0,0,False,False,0,verified_nonfinancial,True,True,True,2026-04-30,False,False,none,none,annual_financial_certification;annual_text_certification,0,0,False,False,ST_history_label_and_input_certification_pending
300339.SZ:2017,300339.SZ,2017-05-01,train,pending,,12,0,0,False,False,0,verified_nonfinancial,True,True,True,2018-04-30,False,False,none,none,annual_financial_certification;annual_text_certification,0,0,False,False,ST_history_label_and_input_certification_pending
300339.SZ:2018,300339.SZ,2018-05-01,train,pending,,12,0,0,False,False,0,verified_nonfinancial,True,True,True,2019-04-30,False,False,none,none,annual_financial_certification;annual_text_certification,0,0,False,False,ST_history_label_and_input_certification_pending
300339.SZ:2019,300339.SZ,2019-05-01,train,pending,,12,0,0,False,False,0,verified_nonfinancial,True,True,True,2020-04-30,False,False,none,none,annual_financial_certification;annual_text_certification,0,0,False,False,ST_history_label_and_input_certification_pending
300339.SZ:2020,300339.SZ,2020-05-01,train,pending,,12,0,0,False,False,0,verified_nonfinancial,True,True,True,2021-04-30,False,False,none,none,annual_financial_certification;annual_text_certification,0,0,False,False,ST_history_label_and_input_certification_pending
300339.SZ:2021,300339.SZ,2021-05-01,train,pending,,12,0,0,False,False,0,verified_nonfinancial,True,True,True,2022-04-30,False,False,none,none,annual_financial_certification;annual_text_certification,0,0,False,False,ST_history_label_and_input_certification_pending
300339.SZ:2022,300339.SZ,2022-05-01,validation,pending,,12,0,0,False,False,0,verified_nonfinancial,True,True,True,2023-04-30,False,False,none,none,annual_financial_certification;annual_text_certification,0,0,False,False,ST_history_label_and_input_certification_pending
300339.SZ:2023,300339.SZ,2023-05-01,validation,pending,,12,0,0,False,False,0,pending,True,True,True,2024-04-30,False,False,none,none,historical_industry;annual_financial_certification;annual_text_certification,0,0,False,False,ST_history_label_and_input_certification_pending
300339.SZ:2024,300339.SZ,2024-05-01,test,pending,,12,0,0,False,False,0,verified_nonfinancial,True,True,True,2025-04-30,False,False,none,none,annual_financial_certification;annual_text_certification,0,0,False,False,ST_history_label_and_input_certification_pending
300339.SZ:2025,300339.SZ,2025-05-01,test,pending,,12,0,0,False,False,0,verified_nonfinancial,True,True,True,2026-04-30,False,False,none,none,annual_financial_certification;annual_text_certification,0,0,False,False,ST_history_label_and_input_certification_pending
300345.SZ:2017,300345.SZ,2017-05-01,train,pending,,12,0,0,False,False,0,verified_nonfinancial,True,True,True,2018-04-30,False,False,none,none,annual_financial_certification;annual_text_certification,0,0,False,False,ST_history_label_and_input_certification_pending
300345.SZ:2018,300345.SZ,2018-05-01,train,pending,,12,0,0,False,False,0,verified_nonfinancial,True,True,True,2019-04-30,False,False,none,none,annual_financial_certification;annual_text_certification,0,0,False,False,ST_history_label_and_input_certification_pending
300345.SZ:2019,300345.SZ,2019-05-01,train,pending,,12,0,0,False,False,0,verified_nonfinancial,True,True,True,2020-04-30,False,False,none,none,annual_financial_certification;annual_text_certification,0,0,False,False,ST_history_label_and_input_certification_pending
300345.SZ:2020,300345.SZ,2020-05-01,train,pending,,12,0,0,False,False,0,verified_nonfinancial,True,True,True,2021-04-30,False,False,none,none,annual_financial_certification;annual_text_certification,0,0,False,False,ST_history_label_and_input_certification_pending
300345.SZ:2021,300345.SZ,2021-05-01,train,pending,,12,0,0,False,False,0,verified_nonfinancial,True,True,True,2022-04-30,False,False,none,none,annual_financial_certification;annual_text_certification,0,0,False,False,ST_history_label_and_input_certification_pending
300345.SZ:2022,300345.SZ,2022-05-01,validation,pending,,12,0,0,False,False,0,verified_nonfinancial,True,True,True,2023-04-30,False,False,none,none,annual_financial_certification;annual_text_certification,0,0,False,False,ST_history_label_and_input_certification_pending
300345.SZ:2023,300345.SZ,2023-05-01,validation,pending,,12,0,0,False,False,0,pending,True,True,True,2024-04-30,False,False,none,none,historical_industry;annual_financial_certification;annual_text_certification,0,0,False,False,ST_history_label_and_input_certification_pending
300345.SZ:2024,300345.SZ,2024-05-01,test,pending,,12,0,0,False,False,0,verified_nonfinancial,True,True,True,2025-04-30,False,False,none,none,annual_financial_certification;annual_text_certification,0,0,False,False,ST_history_label_and_input_certification_pending
300345.SZ:2025,300345.SZ,2025-05-01,test,pending,,12,0,0,False,False,0,verified_nonfinancial,True,True,True,2026-04-30,False,False,none,none,annual_financial_certification;annual_text_certification,0,0,False,False,ST_history_label_and_input_certification_pending
300348.SZ:2017,300348.SZ,2017-05-01,train,pending,,12,0,0,False,False,0,verified_nonfinancial,True,True,True,2018-04-30,False,False,none,none,annual_financial_certification;annual_text_certification,0,0,False,False,ST_history_label_and_input_certification_pending
300348.SZ:2018,300348.SZ,2018-05-01,train,pending,,12,0,0,False,False,0,verified_nonfinancial,True,True,True,2019-04-30,False,False,none,none,annual_financial_certification;annual_text_certification,0,0,False,False,ST_history_label_and_input_certification_pending
300348.SZ:2019,300348.SZ,2019-05-01,train,pending,,12,0,0,False,False,0,verified_nonfinancial,True,True,True,2020-04-30,False,False,none,none,annual_financial_certification;annual_text_certification,0,0,False,False,ST_history_label_and_input_certification_pending
300348.SZ:2020,300348.SZ,2020-05-01,train,pending,,12,0,0,False,False,0,verified_nonfinancial,True,True,True,2021-04-30,False,False,none,none,annual_financial_certification;annual_text_certification,0,0,False,False,ST_history_label_and_input_certification_pending
300348.SZ:2021,300348.SZ,2021-05-01,train,pending,,12,0,0,False,False,0,verified_nonfinancial,True,True,True,2022-04-30,False,False,none,none,annual_financial_certification;annual_text_certification,0,0,False,False,ST_history_label_and_input_certification_pending
300348.SZ:2022,300348.SZ,2022-05-01,validation,pending,,12,0,0,False,False,0,verified_nonfinancial,True,True,True,2023-04-30,False,False,none,none,annual_financial_certification;annual_text_certification,0,0,False,False,ST_history_label_and_input_certification_pending
300348.SZ:2023,300348.SZ,2023-05-01,validation,pending,,12,0,0,False,False,0,pending,True,True,True,2024-04-30,False,False,none,none,historical_industry;annual_financial_certification;annual_text_certification,0,0,False,False,ST_history_label_and_input_certification_pending
300348.SZ:2024,300348.SZ,2024-05-01,test,pending,,12,0,0,False,False,0,verified_nonfinancial,True,True,True,2025-04-30,False,False,none,none,annual_financial_certification;annual_text_certification,0,0,False,False,ST_history_label_and_input_certification_pending
300348.SZ:2025,300348.SZ,2025-05-01,test,pending,,12,0,0,False,False,0,verified_nonfinancial,True,True,True,2026-04-30,False,False,none,none,annual_financial_certification;annual_text_certification,0,0,False,False,ST_history_label_and_input_certification_pending
300349.SZ:2017,300349.SZ,2017-05-01,train,pending,,12,0,0,False,False,0,verified_nonfinancial,True,True,True,2018-04-30,False,False,none,none,annual_financial_certification;annual_text_certification,0,0,False,False,ST_history_label_and_input_certification_pending
300349.SZ:2018,300349.SZ,2018-05-01,train,pending,,12,0,0,False,False,0,verified_nonfinancial,True,True,True,2019-04-30,False,False,none,none,annual_financial_certification;annual_text_certification,0,0,False,False,ST_history_label_and_input_certification_pending
300349.SZ:2019,300349.SZ,2019-05-01,train,pending,,12,0,0,False,False,0,verified_nonfinancial,True,True,True,2020-04-30,False,False,none,none,annual_financial_certification;annual_text_certification,0,0,False,False,ST_history_label_and_input_certification_pending
300349.SZ:2020,300349.SZ,2020-05-01,train,pending,,12,0,0,False,False,0,verified_nonfinancial,True,True,True,2021-04-30,False,False,none,none,annual_financial_certification;annual_text_certification,0,0,False,False,ST_history_label_and_input_certification_pending
300349.SZ:2021,300349.SZ,2021-05-01,train,pending,,12,0,0,False,False,0,verified_nonfinancial,True,True,True,2022-04-30,False,False,none,none,annual_financial_certification;annual_text_certification,0,0,False,False,ST_history_label_and_input_certification_pending
300349.SZ:2022,300349.SZ,2022-05-01,validation,pending,,12,0,0,False,False,0,verified_nonfinancial,True,True,True,2023-04-30,False,False,none,none,annual_financial_certification;annual_text_certification,0,0,False,False,ST_history_label_and_input_certification_pending
300349.SZ:2023,300349.SZ,2023-05-01,validation,pending,,12,0,0,False,False,0,pending,True,True,True,2024-04-30,False,False,none,none,historical_industry;annual_financial_certification;annual_text_certification,0,0,False,False,ST_history_label_and_input_certification_pending
300349.SZ:2024,300349.SZ,2024-05-01,test,pending,,12,0,0,False,False,0,verified_nonfinancial,True,True,True,2025-04-30,False,False,none,none,annual_financial_certification;annual_text_certification,0,0,False,False,ST_history_label_and_input_certification_pending
300349.SZ:2025,300349.SZ,2025-05-01,test,pending,,12,0,0,False,False,0,verified_nonfinancial,True,True,True,2026-04-30,False,False,none,none,annual_financial_certification;annual_text_certification,0,0,False,False,ST_history_label_and_input_certification_pending
300354.SZ:2017,300354.SZ,2017-05-01,train,pending,,12,0,0,False,False,0,verified_nonfinancial,True,True,True,2018-04-30,False,False,none,none,annual_financial_certification;annual_text_certification,0,0,False,False,ST_history_label_and_input_certification_pending
300354.SZ:2018,300354.SZ,2018-05-01,train,pending,,12,0,0,False,False,0,verified_nonfinancial,True,True,True,2019-04-30,False,False,none,none,annual_financial_certification;annual_text_certification,0,0,False,False,ST_history_label_and_input_certification_pending
300354.SZ:2019,300354.SZ,2019-05-01,train,pending,,12,0,0,False,False,0,verified_nonfinancial,True,True,True,2020-04-30,False,False,none,none,annual_financial_certification;annual_text_certification,0,0,False,False,ST_history_label_and_input_certification_pending
300354.SZ:2020,300354.SZ,2020-05-01,train,pending,,12,0,0,False,False,0,verified_nonfinancial,True,True,True,2021-04-30,False,False,none,none,annual_financial_certification;annual_text_certification,0,0,False,False,ST_history_label_and_input_certification_pending
300354.SZ:2021,300354.SZ,2021-05-01,train,pending,,12,0,0,False,False,0,verified_nonfinancial,True,True,True,2022-04-30,False,False,none,none,annual_financial_certification;annual_text_certification,0,0,False,False,ST_history_label_and_input_certification_pending
300354.SZ:2022,300354.SZ,2022-05-01,validation,pending,,12,0,0,False,False,0,verified_nonfinancial,True,True,True,2023-04-30,False,False,none,none,annual_financial_certification;annual_text_certification,0,0,False,False,ST_history_label_and_input_certification_pending
300354.SZ:2023,300354.SZ,2023-05-01,validation,pending,,12,0,0,False,False,0,pending,True,True,True,2024-04-30,False,False,none,none,historical_industry;annual_financial_certification;annual_text_certification,0,0,False,False,ST_history_label_and_input_certification_pending
300354.SZ:2024,300354.SZ,2024-05-01,test,pending,,12,0,0,False,False,0,verified_nonfinancial,True,True,True,2025-04-30,False,False,none,none,annual_financial_certification;annual_text_certification,0,0,False,False,ST_history_label_and_input_certification_pending
300354.SZ:2025,300354.SZ,2025-05-01,test,pending,,12,0,0,False,False,0,verified_nonfinancial,True,True,True,2026-04-30,False,False,none,none,annual_financial_certification;annual_text_certification,0,0,False,False,ST_history_label_and_input_certification_pending
300357.SZ:2017,300357.SZ,2017-05-01,train,pending,,12,0,0,False,False,0,verified_nonfinancial,True,True,True,2018-04-30,False,False,none,none,annual_financial_certification;annual_text_certification,0,0,False,False,ST_history_label_and_input_certification_pending
300357.SZ:2018,300357.SZ,2018-05-01,train,pending,,12,0,0,False,False,0,verified_nonfinancial,True,True,True,2019-04-30,False,False,none,none,annual_financial_certification;annual_text_certification,0,0,False,False,ST_history_label_and_input_certification_pending
300357.SZ:2019,300357.SZ,2019-05-01,train,pending,,12,0,0,False,False,0,verified_nonfinancial,True,True,True,2020-04-30,False,False,none,none,annual_financial_certification;annual_text_certification,0,0,False,False,ST_history_label_and_input_certification_pending
300357.SZ:2020,300357.SZ,2020-05-01,train,pending,,12,0,0,False,False,0,verified_nonfinancial,True,True,True,2021-04-30,False,False,none,none,annual_financial_certification;annual_text_certification,0,0,False,False,ST_history_label_and_input_certification_pending
300357.SZ:2021,300357.SZ,2021-05-01,train,pending,,12,0,0,False,False,0,verified_nonfinancial,True,True,True,2022-04-30,False,False,none,none,annual_financial_certification;annual_text_certification,0,0,False,False,ST_history_label_and_input_certification_pending
300357.SZ:2022,300357.SZ,2022-05-01,validation,pending,,12,0,0,False,False,0,verified_nonfinancial,True,True,True,2023-04-30,False,False,none,none,annual_financial_certification;annual_text_certification,0,0,False,False,ST_history_label_and_input_certification_pending
300357.SZ:2023,300357.SZ,2023-05-01,validation,pending,,12,0,0,False,False,0,pending,True,True,True,2024-04-30,False,False,none,none,historical_industry;annual_financial_certification;annual_text_certification,0,0,False,False,ST_history_label_and_input_certification_pending
300357.SZ:2024,300357.SZ,2024-05-01,test,pending,,12,0,0,False,False,0,verified_nonfinancial,True,True,True,2025-04-30,False,False,none,none,annual_financial_certification;annual_text_certification,0,0,False,False,ST_history_label_and_input_certification_pending
300357.SZ:2025,300357.SZ,2025-05-01,test,pending,,12,0,0,False,False,0,verified_nonfinancial,True,True,True,2026-04-30,False,False,none,none,annual_financial_certification;annual_text_certification,0,0,False,False,ST_history_label_and_input_certification_pending
300359.SZ:2017,300359.SZ,2017-05-01,train,pending,,12,0,0,False,False,0,verified_nonfinancial,True,True,True,2018-04-30,False,False,none,none,annual_financial_certification;annual_text_certification,0,0,False,False,ST_history_label_and_input_certification_pending
300359.SZ:2018,300359.SZ,2018-05-01,train,pending,,12,0,0,False,False,0,verified_nonfinancial,True,True,True,2019-04-30,False,False,none,none,annual_financial_certification;annual_text_certification,0,0,False,False,ST_history_label_and_input_certification_pending
300359.SZ:2019,300359.SZ,2019-05-01,train,pending,,12,0,0,False,False,0,verified_nonfinancial,True,True,True,2020-04-30,False,False,none,none,annual_financial_certification;annual_text_certification,0,0,False,False,ST_history_label_and_input_certification_pending
300359.SZ:2020,300359.SZ,2020-05-01,train,pending,,12,0,0,False,False,0,verified_nonfinancial,True,True,True,2021-04-30,False,False,none,none,annual_financial_certification;annual_text_certification,0,0,False,False,ST_history_label_and_input_certification_pending
300359.SZ:2021,300359.SZ,2021-05-01,train,pending,,12,0,0,False,False,0,verified_nonfinancial,True,True,True,2022-04-30,False,False,none,none,annual_financial_certification;annual_text_certification,0,0,False,False,ST_history_label_and_input_certification_pending
300359.SZ:2022,300359.SZ,2022-05-01,validation,pending,,12,0,0,False,False,0,verified_nonfinancial,True,True,True,2023-04-30,False,False,none,none,annual_financial_certification;annual_text_certification,0,0,False,False,ST_history_label_and_input_certification_pending
300359.SZ:2023,300359.SZ,2023-05-01,validation,pending,,12,0,0,False,False,0,pending,True,True,True,2024-04-30,False,False,none,none,historical_industry;annual_financial_certification;annual_text_certification,0,0,False,False,ST_history_label_and_input_certification_pending
300359.SZ:2024,300359.SZ,2024-05-01,test,pending,,12,0,0,False,False,0,verified_nonfinancial,True,True,True,2025-04-30,False,False,none,none,annual_financial_certification;annual_text_certification,0,0,False,False,ST_history_label_and_input_certification_pending
300359.SZ:2025,300359.SZ,2025-05-01,test,pending,,12,0,0,False,False,0,verified_nonfinancial,True,True,True,2026-04-30,False,False,none,none,annual_financial_certification;annual_text_certification,0,0,False,False,ST_history_label_and_input_certification_pending
300360.SZ:2017,300360.SZ,2017-05-01,train,pending,,12,0,0,False,False,0,verified_nonfinancial,True,True,True,2018-04-30,False,False,none,none,annual_financial_certification;annual_text_certification,0,0,False,False,ST_history_label_and_input_certification_pending
300360.SZ:2018,300360.SZ,2018-05-01,train,pending,,12,0,0,False,False,0,verified_nonfinancial,True,True,True,2019-04-30,False,False,none,none,annual_financial_certification;annual_text_certification,0,0,False,False,ST_history_label_and_input_certification_pending
300360.SZ:2019,300360.SZ,2019-05-01,train,pending,,12,0,0,False,False,0,verified_nonfinancial,True,True,True,2020-04-30,False,False,none,none,annual_financial_certification;annual_text_certification,0,0,False,False,ST_history_label_and_input_certification_pending
300360.SZ:2020,300360.SZ,2020-05-01,train,pending,,12,0,0,False,False,0,verified_nonfinancial,True,True,True,2021-04-30,False,False,none,none,annual_financial_certification;annual_text_certification,0,0,False,False,ST_history_label_and_input_certification_pending
300360.SZ:2021,300360.SZ,2021-05-01,train,pending,,12,0,0,False,False,0,verified_nonfinancial,True,True,True,2022-04-30,False,False,none,none,annual_financial_certification;annual_text_certification,0,0,False,False,ST_history_label_and_input_certification_pending
300360.SZ:2022,300360.SZ,2022-05-01,validation,pending,,12,0,0,False,False,0,verified_nonfinancial,True,True,True,2023-04-30,False,False,none,none,annual_financial_certification;annual_text_certification,0,0,False,False,ST_history_label_and_input_certification_pending
300360.SZ:2023,300360.SZ,2023-05-01,validation,pending,,12,0,0,False,False,0,pending,True,True,True,2024-04-30,False,False,none,none,historical_industry;annual_financial_certification;annual_text_certification,0,0,False,False,ST_history_label_and_input_certification_pending
300360.SZ:2024,300360.SZ,2024-05-01,test,pending,,12,0,0,False,False,0,verified_nonfinancial,True,True,True,2025-04-30,False,False,none,none,annual_financial_certification;annual_text_certification,0,0,False,False,ST_history_label_and_input_certification_pending
300360.SZ:2025,300360.SZ,2025-05-01,test,pending,,12,0,0,False,False,0,verified_nonfinancial,True,True,True,2026-04-30,False,False,none,none,annual_financial_certification;annual_text_certification,0,0,False,False,ST_history_label_and_input_certification_pending
300364.SZ:2018,300364.SZ,2018-05-01,train,pending,,12,0,0,False,False,0,verified_nonfinancial,True,True,True,2019-04-30,False,False,none,none,annual_financial_certification;annual_text_certification,0,0,False,False,ST_history_label_and_input_certification_pending
300364.SZ:2019,300364.SZ,2019-05-01,train,pending,,12,0,0,False,False,0,verified_nonfinancial,True,True,True,2020-04-30,False,False,none,none,annual_financial_certification;annual_text_certification,0,0,False,False,ST_history_label_and_input_certification_pending
300364.SZ:2020,300364.SZ,2020-05-01,train,pending,,12,0,0,False,False,0,verified_nonfinancial,True,True,True,2021-04-30,False,False,none,none,annual_financial_certification;annual_text_certification,0,0,False,False,ST_history_label_and_input_certification_pending
300364.SZ:2021,300364.SZ,2021-05-01,train,pending,,12,0,0,False,False,0,verified_nonfinancial,True,True,True,2022-04-30,False,False,none,none,annual_financial_certification;annual_text_certification,0,0,False,False,ST_history_label_and_input_certification_pending
300364.SZ:2022,300364.SZ,2022-05-01,validation,pending,,12,0,0,False,False,0,verified_nonfinancial,True,True,True,2023-04-30,False,False,none,none,annual_financial_certification;annual_text_certification,0,0,False,False,ST_history_label_and_input_certification_pending
300364.SZ:2023,300364.SZ,2023-05-01,validation,pending,,12,0,0,False,False,0,pending,True,True,True,2024-04-30,False,False,none,none,historical_industry;annual_financial_certification;annual_text_certification,0,0,False,False,ST_history_label_and_input_certification_pending
300364.SZ:2024,300364.SZ,2024-05-01,test,pending,,12,0,0,False,False,0,verified_nonfinancial,True,True,True,2025-04-30,False,False,none,none,annual_financial_certification;annual_text_certification,0,0,False,False,ST_history_label_and_input_certification_pending
300364.SZ:2025,300364.SZ,2025-05-01,test,pending,,12,0,0,False,False,0,verified_nonfinancial,True,True,True,2026-04-30,False,False,none,none,annual_financial_certification;annual_text_certification,0,0,False,False,ST_history_label_and_input_certification_pending
300384.SZ:2018,300384.SZ,2018-05-01,train,pending,,12,0,0,False,False,0,verified_nonfinancial,True,True,True,2019-04-30,False,False,none,none,annual_financial_certification;annual_text_certification,0,0,False,False,ST_history_label_and_input_certification_pending
300384.SZ:2019,300384.SZ,2019-05-01,train,pending,,12,0,0,False,False,0,verified_nonfinancial,True,True,True,2020-04-30,False,False,none,none,annual_financial_certification;annual_text_certification,0,0,False,False,ST_history_label_and_input_certification_pending
300384.SZ:2020,300384.SZ,2020-05-01,train,pending,,12,0,0,False,False,0,verified_nonfinancial,True,True,True,2021-04-30,False,False,none,none,annual_financial_certification;annual_text_certification,0,0,False,False,ST_history_label_and_input_certification_pending
300384.SZ:2021,300384.SZ,2021-05-01,train,pending,,12,0,0,False,False,0,verified_nonfinancial,True,True,True,2022-04-30,False,False,none,none,annual_financial_certification;annual_text_certification,0,0,False,False,ST_history_label_and_input_certification_pending
300384.SZ:2022,300384.SZ,2022-05-01,validation,pending,,12,0,0,False,False,0,verified_nonfinancial,True,True,True,2023-04-30,False,False,none,none,annual_financial_certification;annual_text_certification,0,0,False,False,ST_history_label_and_input_certification_pending
300384.SZ:2023,300384.SZ,2023-05-01,validation,pending,,12,0,0,False,False,0,pending,True,True,True,2024-04-30,False,False,none,none,historical_industry;annual_financial_certification;annual_text_certification,0,0,False,False,ST_history_label_and_input_certification_pending
300384.SZ:2024,300384.SZ,2024-05-01,test,pending,,12,0,0,False,False,0,verified_nonfinancial,True,True,True,2025-04-30,False,False,none,none,annual_financial_certification;annual_text_certification,0,0,False,False,ST_history_label_and_input_certification_pending
300384.SZ:2025,300384.SZ,2025-05-01,test,pending,,12,0,0,False,False,0,verified_nonfinancial,True,True,True,2026-04-30,False,False,none,none,annual_financial_certification;annual_text_certification,0,0,False,False,ST_history_label_and_input_certification_pending
300389.SZ:2018,300389.SZ,2018-05-01,train,pending,,12,0,0,False,False,0,verified_nonfinancial,True,True,True,2019-04-30,False,False,none,none,annual_financial_certification;annual_text_certification,0,0,False,False,ST_history_label_and_input_certification_pending
300389.SZ:2019,300389.SZ,2019-05-01,train,pending,,12,0,0,False,False,0,verified_nonfinancial,True,True,True,2020-04-30,False,False,none,none,annual_financial_certification;annual_text_certification,0,0,False,False,ST_history_label_and_input_certification_pending
300389.SZ:2020,300389.SZ,2020-05-01,train,pending,,12,0,0,False,False,0,verified_nonfinancial,True,True,True,2021-04-30,False,False,none,none,annual_financial_certification;annual_text_certification,0,0,False,False,ST_history_label_and_input_certification_pending
300389.SZ:2021,300389.SZ,2021-05-01,train,pending,,12,0,0,False,False,0,verified_nonfinancial,True,True,True,2022-04-30,False,False,none,none,annual_financial_certification;annual_text_certification,0,0,False,False,ST_history_label_and_input_certification_pending
300389.SZ:2022,300389.SZ,2022-05-01,validation,pending,,12,0,0,False,False,0,verified_nonfinancial,True,True,True,2023-04-30,False,False,none,none,annual_financial_certification;annual_text_certification,0,0,False,False,ST_history_label_and_input_certification_pending
300389.SZ:2023,300389.SZ,2023-05-01,validation,pending,,12,0,0,False,False,0,pending,True,True,True,2024-04-30,False,False,none,none,historical_industry;annual_financial_certification;annual_text_certification,0,0,False,False,ST_history_label_and_input_certification_pending
300389.SZ:2024,300389.SZ,2024-05-01,test,pending,,12,0,0,False,False,0,verified_nonfinancial,True,True,True,2025-04-30,False,False,none,none,annual_financial_certification;annual_text_certification,0,0,False,False,ST_history_label_and_input_certification_pending
300389.SZ:2025,300389.SZ,2025-05-01,test,pending,,12,0,0,False,False,0,verified_nonfinancial,True,True,True,2026-04-30,False,False,none,none,annual_financial_certification;annual_text_certification,0,0,False,False,ST_history_label_and_input_certification_pending
300391.SZ:2018,300391.SZ,2018-05-01,train,pending,,12,0,0,False,False,0,verified_nonfinancial,True,True,True,2019-04-30,False,False,none,none,annual_financial_certification;annual_text_certification,0,0,False,False,ST_history_label_and_input_certification_pending
300391.SZ:2019,300391.SZ,2019-05-01,train,pending,,12,0,0,False,False,0,verified_nonfinancial,True,True,True,2020-04-30,False,False,none,none,annual_financial_certification;annual_text_certification,0,0,False,False,ST_history_label_and_input_certification_pending
300391.SZ:2020,300391.SZ,2020-05-01,train,pending,,12,0,0,False,False,0,verified_nonfinancial,True,True,True,2021-04-30,False,False,none,none,annual_financial_certification;annual_text_certification,0,0,False,False,ST_history_label_and_input_certification_pending
300391.SZ:2021,300391.SZ,2021-05-01,train,pending,,12,0,0,False,False,0,verified_nonfinancial,True,True,True,2022-04-30,False,False,none,none,annual_financial_certification;annual_text_certification,0,0,False,False,ST_history_label_and_input_certification_pending
300391.SZ:2022,300391.SZ,2022-05-01,validation,pending,,12,0,0,False,False,0,verified_nonfinancial,True,True,True,2023-04-30,False,False,none,none,annual_financial_certification;annual_text_certification,0,0,False,False,ST_history_label_and_input_certification_pending
300391.SZ:2023,300391.SZ,2023-05-01,validation,pending,,12,0,0,False,False,0,pending,True,True,True,2024-04-30,False,False,none,none,historical_industry;annual_financial_certification;annual_text_certification,0,0,False,False,ST_history_label_and_input_certification_pending
300391.SZ:2024,300391.SZ,2024-05-01,test,pending,,12,0,0,False,False,1,verified_nonfinancial,True,True,True,2025-04-22,False,False,none,none,annual_financial_certification;annual_text_certification,0,1,False,False,ST_history_label_and_input_certification_pending
300391.SZ:2025,300391.SZ,2025-05-01,test,excluded,,12,0,0,False,False,,verified_nonfinancial,True,False,False,,False,False,none,none,,1,0,False,False,preorigin_financial_industry_or_confirmed_baseline_ST
300396.SZ:2018,300396.SZ,2018-05-01,train,pending,,12,0,0,False,False,0,verified_nonfinancial,True,True,True,2019-04-30,False,False,none,none,annual_financial_certification;annual_text_certification,0,0,False,False,ST_history_label_and_input_certification_pending
300396.SZ:2019,300396.SZ,2019-05-01,train,pending,,12,0,0,False,False,0,verified_nonfinancial,True,True,True,2020-04-30,False,False,none,none,annual_financial_certification;annual_text_certification,0,0,False,False,ST_history_label_and_input_certification_pending
300396.SZ:2020,300396.SZ,2020-05-01,train,pending,,12,0,0,False,False,0,verified_nonfinancial,True,True,True,2021-04-30,False,False,none,none,annual_financial_certification;annual_text_certification,0,0,False,False,ST_history_label_and_input_certification_pending
300396.SZ:2021,300396.SZ,2021-05-01,train,pending,,12,0,0,False,False,0,verified_nonfinancial,True,True,True,2022-04-30,False,False,none,none,annual_financial_certification;annual_text_certification,0,0,False,False,ST_history_label_and_input_certification_pending
300396.SZ:2022,300396.SZ,2022-05-01,validation,pending,,12,0,0,False,False,0,verified_nonfinancial,True,True,True,2023-04-30,False,False,none,none,annual_financial_certification;annual_text_certification,0,0,False,False,ST_history_label_and_input_certification_pending
300396.SZ:2023,300396.SZ,2023-05-01,validation,pending,,12,0,0,False,False,0,pending,True,True,True,2024-04-30,False,False,none,none,historical_industry;annual_financial_certification;annual_text_certification,0,0,False,False,ST_history_label_and_input_certification_pending
300396.SZ:2024,300396.SZ,2024-05-01,test,pending,,12,0,0,False,False,0,verified_nonfinancial,True,True,True,2025-04-30,False,False,none,none,annual_financial_certification;annual_text_certification,0,0,False,False,ST_history_label_and_input_certification_pending
300396.SZ:2025,300396.SZ,2025-05-01,test,pending,,12,0,0,False,False,0,verified_nonfinancial,True,True,True,2026-04-30,False,False,none,none,annual_financial_certification;annual_text_certification,0,0,False,False,ST_history_label_and_input_certification_pending
300404.SZ:2018,300404.SZ,2018-05-01,train,pending,,12,0,0,False,False,0,verified_nonfinancial,True,True,True,2019-04-30,False,False,none,none,annual_financial_certification;annual_text_certification,0,0,False,False,ST_history_label_and_input_certification_pending
300404.SZ:2019,300404.SZ,2019-05-01,train,pending,,12,0,0,False,False,0,verified_nonfinancial,True,True,True,2020-04-30,False,False,none,none,annual_financial_certification;annual_text_certification,0,0,False,False,ST_history_label_and_input_certification_pending
300404.SZ:2020,300404.SZ,2020-05-01,train,pending,,12,0,0,False,False,0,verified_nonfinancial,True,True,True,2021-04-30,False,False,none,none,annual_financial_certification;annual_text_certification,0,0,False,False,ST_history_label_and_input_certification_pending
300404.SZ:2021,300404.SZ,2021-05-01,train,pending,,12,0,0,False,False,0,verified_nonfinancial,True,True,True,2022-04-30,False,False,none,none,annual_financial_certification;annual_text_certification,0,0,False,False,ST_history_label_and_input_certification_pending
300404.SZ:2022,300404.SZ,2022-05-01,validation,pending,,12,0,0,False,False,0,verified_nonfinancial,True,True,True,2023-04-30,False,False,none,none,annual_financial_certification;annual_text_certification,0,0,False,False,ST_history_label_and_input_certification_pending
300404.SZ:2023,300404.SZ,2023-05-01,validation,pending,,12,0,0,False,False,0,pending,True,True,True,2024-04-30,False,False,none,none,historical_industry;annual_financial_certification;annual_text_certification,0,0,False,False,ST_history_label_and_input_certification_pending
300404.SZ:2024,300404.SZ,2024-05-01,test,pending,,12,0,0,False,False,0,verified_nonfinancial,True,True,True,2025-04-30,False,False,none,none,annual_financial_certification;annual_text_certification,0,0,False,False,ST_history_label_and_input_certification_pending
300404.SZ:2025,300404.SZ,2025-05-01,test,pending,,12,0,0,False,False,0,verified_nonfinancial,True,True,True,2026-04-30,False,False,none,none,annual_financial_certification;annual_text_certification,0,0,False,False,ST_history_label_and_input_certification_pending
300407.SZ:2018,300407.SZ,2018-05-01,train,pending,,12,0,0,False,False,0,verified_nonfinancial,True,True,True,2019-04-30,False,False,none,none,annual_financial_certification;annual_text_certification,0,0,False,False,ST_history_label_and_input_certification_pending
300407.SZ:2019,300407.SZ,2019-05-01,train,pending,,12,0,0,False,False,0,verified_nonfinancial,True,True,True,2020-04-30,False,False,none,none,annual_financial_certification;annual_text_certification,0,0,False,False,ST_history_label_and_input_certification_pending
300407.SZ:2020,300407.SZ,2020-05-01,train,pending,,12,0,0,False,False,0,verified_nonfinancial,True,True,True,2021-04-30,False,False,none,none,annual_financial_certification;annual_text_certification,0,0,False,False,ST_history_label_and_input_certification_pending
300407.SZ:2021,300407.SZ,2021-05-01,train,pending,,12,0,0,False,False,0,verified_nonfinancial,True,True,True,2022-04-30,False,False,none,none,annual_financial_certification;annual_text_certification,0,0,False,False,ST_history_label_and_input_certification_pending
300407.SZ:2022,300407.SZ,2022-05-01,validation,pending,,12,0,0,False,False,0,verified_nonfinancial,True,True,True,2023-04-30,False,False,none,none,annual_financial_certification;annual_text_certification,0,0,False,False,ST_history_label_and_input_certification_pending
300407.SZ:2023,300407.SZ,2023-05-01,validation,pending,,12,0,0,False,False,0,pending,True,True,True,2024-04-30,False,False,none,none,historical_industry;annual_financial_certification;annual_text_certification,0,0,False,False,ST_history_label_and_input_certification_pending
300407.SZ:2024,300407.SZ,2024-05-01,test,pending,,12,0,0,False,False,0,verified_nonfinancial,True,True,True,2025-04-30,False,False,none,none,annual_financial_certification;annual_text_certification,0,0,False,False,ST_history_label_and_input_certification_pending
300407.SZ:2025,300407.SZ,2025-05-01,test,pending,,12,0,0,False,False,0,verified_nonfinancial,True,True,True,2026-04-30,False,False,none,none,annual_financial_certification;annual_text_certification,0,0,False,False,ST_history_label_and_input_certification_pending
300411.SZ:2018,300411.SZ,2018-05-01,train,pending,,12,0,0,False,False,0,verified_nonfinancial,True,True,True,2019-04-30,False,False,none,none,annual_financial_certification;annual_text_certification,0,0,False,False,ST_history_label_and_input_certification_pending
300411.SZ:2019,300411.SZ,2019-05-01,train,pending,,12,0,0,False,False,0,verified_nonfinancial,True,True,True,2020-04-30,False,False,none,none,annual_financial_certification;annual_text_certification,0,0,False,False,ST_history_label_and_input_certification_pending
300411.SZ:2020,300411.SZ,2020-05-01,train,pending,,12,0,0,False,False,0,verified_nonfinancial,True,True,True,2021-04-30,False,False,none,none,annual_financial_certification;annual_text_certification,0,0,False,False,ST_history_label_and_input_certification_pending
300411.SZ:2021,300411.SZ,2021-05-01,train,pending,,12,0,0,False,False,0,verified_nonfinancial,True,True,True,2022-04-30,False,False,none,none,annual_financial_certification;annual_text_certification,0,0,False,False,ST_history_label_and_input_certification_pending
300411.SZ:2022,300411.SZ,2022-05-01,validation,pending,,12,0,0,False,False,0,verified_nonfinancial,True,True,True,2023-04-30,False,False,none,none,annual_financial_certification;annual_text_certification,0,0,False,False,ST_history_label_and_input_certification_pending
300411.SZ:2023,300411.SZ,2023-05-01,validation,pending,,12,0,0,False,False,0,pending,True,True,True,2024-04-30,False,False,none,none,historical_industry;annual_financial_certification;annual_text_certification,0,0,False,False,ST_history_label_and_input_certification_pending
300411.SZ:2024,300411.SZ,2024-05-01,test,pending,,12,0,0,False,False,0,verified_nonfinancial,True,True,True,2025-04-30,False,False,none,none,annual_financial_certification;annual_text_certification,0,0,False,False,ST_history_label_and_input_certification_pending
300411.SZ:2025,300411.SZ,2025-05-01,test,pending,,12,0,0,False,False,0,verified_nonfinancial,True,True,True,2026-04-30,False,False,none,none,annual_financial_certification;annual_text_certification,0,0,False,False,ST_history_label_and_input_certification_pending
300416.SZ:2018,300416.SZ,2018-05-01,train,pending,,12,0,0,False,False,0,verified_nonfinancial,True,True,True,2019-04-30,False,False,none,none,annual_financial_certification;annual_text_certification,0,0,False,False,ST_history_label_and_input_certification_pending
300416.SZ:2019,300416.SZ,2019-05-01,train,pending,,12,0,0,False,False,0,verified_nonfinancial,True,True,True,2020-04-30,False,False,none,none,annual_financial_certification;annual_text_certification,0,0,False,False,ST_history_label_and_input_certification_pending
300416.SZ:2020,300416.SZ,2020-05-01,train,pending,,12,0,0,False,False,0,verified_nonfinancial,True,True,True,2021-04-30,False,False,none,none,annual_financial_certification;annual_text_certification,0,0,False,False,ST_history_label_and_input_certification_pending
300416.SZ:2021,300416.SZ,2021-05-01,train,pending,,12,0,0,False,False,0,verified_nonfinancial,True,True,True,2022-04-30,False,False,none,none,annual_financial_certification;annual_text_certification,0,0,False,False,ST_history_label_and_input_certification_pending
300416.SZ:2022,300416.SZ,2022-05-01,validation,pending,,12,0,0,False,False,0,verified_nonfinancial,True,True,True,2023-04-30,False,False,none,none,annual_financial_certification;annual_text_certification,0,0,False,False,ST_history_label_and_input_certification_pending
300416.SZ:2023,300416.SZ,2023-05-01,validation,pending,,12,0,0,False,False,0,pending,True,True,True,2024-04-30,False,False,none,none,historical_industry;annual_financial_certification;annual_text_certification,0,0,False,False,ST_history_label_and_input_certification_pending
300416.SZ:2024,300416.SZ,2024-05-01,test,pending,,12,0,0,False,False,0,verified_nonfinancial,True,True,True,2025-04-30,False,False,none,none,annual_financial_certification;annual_text_certification,0,0,False,False,ST_history_label_and_input_certification_pending
300416.SZ:2025,300416.SZ,2025-05-01,test,pending,,12,0,0,False,False,0,verified_nonfinancial,True,True,True,2026-04-30,False,False,none,none,annual_financial_certification;annual_text_certification,0,0,False,False,ST_history_label_and_input_certification_pending
300425.SZ:2018,300425.SZ,2018-05-01,train,pending,,12,0,0,False,False,0,verified_nonfinancial,True,True,True,2019-04-30,False,False,none,none,annual_financial_certification;annual_text_certification,0,0,False,False,ST_history_label_and_input_certification_pending
300425.SZ:2019,300425.SZ,2019-05-01,train,pending,,12,0,0,False,False,0,verified_nonfinancial,True,True,True,2020-04-30,False,False,none,none,annual_financial_certification;annual_text_certification,0,0,False,False,ST_history_label_and_input_certification_pending
300425.SZ:2020,300425.SZ,2020-05-01,train,pending,,12,0,0,False,False,0,verified_nonfinancial,True,True,True,2021-04-30,False,False,none,none,annual_financial_certification;annual_text_certification,0,0,False,False,ST_history_label_and_input_certification_pending
300425.SZ:2021,300425.SZ,2021-05-01,train,pending,,12,0,0,False,False,0,verified_nonfinancial,True,True,True,2022-04-30,False,False,none,none,annual_financial_certification;annual_text_certification,0,0,False,False,ST_history_label_and_input_certification_pending
300425.SZ:2022,300425.SZ,2022-05-01,validation,pending,,12,0,0,False,False,0,verified_nonfinancial,True,True,True,2023-04-30,False,False,none,none,annual_financial_certification;annual_text_certification,0,0,False,False,ST_history_label_and_input_certification_pending
300425.SZ:2023,300425.SZ,2023-05-01,validation,pending,,12,0,0,False,False,0,pending,True,True,True,2024-04-30,False,False,none,none,historical_industry;annual_financial_certification;annual_text_certification,0,0,False,False,ST_history_label_and_input_certification_pending
300425.SZ:2024,300425.SZ,2024-05-01,test,pending,,12,0,0,False,False,0,verified_nonfinancial,True,True,True,2025-04-30,False,False,none,none,annual_financial_certification;annual_text_certification,0,0,False,False,ST_history_label_and_input_certification_pending
300425.SZ:2025,300425.SZ,2025-05-01,test,pending,,12,0,0,False,False,0,verified_nonfinancial,True,True,True,2026-04-30,False,False,none,none,annual_financial_certification;annual_text_certification,0,0,False,False,ST_history_label_and_input_certification_pending
300430.SZ:2018,300430.SZ,2018-05-01,train,pending,,12,0,0,False,False,0,verified_nonfinancial,True,True,True,2019-04-30,False,False,none,none,annual_financial_certification;annual_text_certification,0,0,False,False,ST_history_label_and_input_certification_pending
300430.SZ:2019,300430.SZ,2019-05-01,train,pending,,12,0,0,False,False,0,verified_nonfinancial,True,True,True,2020-04-30,False,False,none,none,annual_financial_certification;annual_text_certification,0,0,False,False,ST_history_label_and_input_certification_pending
300430.SZ:2020,300430.SZ,2020-05-01,train,pending,,12,0,0,False,False,0,verified_nonfinancial,True,True,True,2021-04-30,False,False,none,none,annual_financial_certification;annual_text_certification,0,0,False,False,ST_history_label_and_input_certification_pending
300430.SZ:2021,300430.SZ,2021-05-01,train,pending,,12,0,0,False,False,0,verified_nonfinancial,True,True,True,2022-04-30,False,False,none,none,annual_financial_certification;annual_text_certification,0,0,False,False,ST_history_label_and_input_certification_pending
300430.SZ:2022,300430.SZ,2022-05-01,validation,pending,,12,0,0,False,False,0,verified_nonfinancial,True,True,True,2023-04-30,False,False,none,none,annual_financial_certification;annual_text_certification,0,0,False,False,ST_history_label_and_input_certification_pending
300430.SZ:2023,300430.SZ,2023-05-01,validation,pending,,12,0,0,False,False,0,pending,True,True,True,2024-04-30,False,False,none,none,historical_industry;annual_financial_certification;annual_text_certification,0,0,False,False,ST_history_label_and_input_certification_pending
300430.SZ:2024,300430.SZ,2024-05-01,test,pending,,12,0,0,False,False,0,verified_nonfinancial,True,True,True,2025-04-30,False,False,none,none,annual_financial_certification;annual_text_certification,0,0,False,False,ST_history_label_and_input_certification_pending
300430.SZ:2025,300430.SZ,2025-05-01,test,pending,,12,0,0,False,False,0,verified_nonfinancial,True,True,True,2026-04-30,False,False,none,none,annual_financial_certification;annual_text_certification,0,0,False,False,ST_history_label_and_input_certification_pending
300439.SZ:2018,300439.SZ,2018-05-01,train,pending,,12,0,0,False,False,0,verified_nonfinancial,True,True,True,2019-04-30,False,False,none,none,annual_financial_certification;annual_text_certification,0,0,False,False,ST_history_label_and_input_certification_pending
300439.SZ:2019,300439.SZ,2019-05-01,train,pending,,12,0,0,False,False,0,verified_nonfinancial,True,True,True,2020-04-30,False,False,none,none,annual_financial_certification;annual_text_certification,0,0,False,False,ST_history_label_and_input_certification_pending
300439.SZ:2020,300439.SZ,2020-05-01,train,pending,,12,0,0,False,False,0,verified_nonfinancial,True,True,True,2021-04-30,False,False,none,none,annual_financial_certification;annual_text_certification,0,0,False,False,ST_history_label_and_input_certification_pending
300439.SZ:2021,300439.SZ,2021-05-01,train,pending,,12,0,0,False,False,0,verified_nonfinancial,True,True,True,2022-04-30,False,False,none,none,annual_financial_certification;annual_text_certification,0,0,False,False,ST_history_label_and_input_certification_pending
300439.SZ:2022,300439.SZ,2022-05-01,validation,pending,,12,0,0,False,False,0,verified_nonfinancial,True,True,True,2023-04-30,False,False,none,none,annual_financial_certification;annual_text_certification,0,0,False,False,ST_history_label_and_input_certification_pending
300439.SZ:2023,300439.SZ,2023-05-01,validation,pending,,12,0,0,False,False,0,pending,True,True,True,2024-04-30,False,False,none,none,historical_industry;annual_financial_certification;annual_text_certification,0,0,False,False,ST_history_label_and_input_certification_pending
300439.SZ:2024,300439.SZ,2024-05-01,test,pending,,12,0,0,False,False,0,verified_nonfinancial,True,True,True,2025-04-30,False,False,none,none,annual_financial_certification;annual_text_certification,0,0,False,False,ST_history_label_and_input_certification_pending
300439.SZ:2025,300439.SZ,2025-05-01,test,pending,,12,0,0,False,False,0,verified_nonfinancial,True,True,True,2026-04-30,False,False,none,none,annual_financial_certification;annual_text_certification,0,0,False,False,ST_history_label_and_input_certification_pending
300440.SZ:2018,300440.SZ,2018-05-01,train,pending,,12,0,0,False,False,0,verified_nonfinancial,True,True,True,2019-04-30,False,False,none,none,annual_financial_certification;annual_text_certification,0,0,False,False,ST_history_label_and_input_certification_pending
300440.SZ:2019,300440.SZ,2019-05-01,train,pending,,12,0,0,False,False,0,verified_nonfinancial,True,True,True,2020-04-30,False,False,none,none,annual_financial_certification;annual_text_certification,0,0,False,False,ST_history_label_and_input_certification_pending
300440.SZ:2020,300440.SZ,2020-05-01,train,pending,,12,0,0,False,False,0,verified_nonfinancial,True,True,True,2021-04-30,False,False,none,none,annual_financial_certification;annual_text_certification,0,0,False,False,ST_history_label_and_input_certification_pending
300440.SZ:2021,300440.SZ,2021-05-01,train,pending,,12,0,0,False,False,0,verified_nonfinancial,True,True,True,2022-04-30,False,False,none,none,annual_financial_certification;annual_text_certification,0,0,False,False,ST_history_label_and_input_certification_pending
300440.SZ:2022,300440.SZ,2022-05-01,validation,pending,,12,0,0,False,False,0,verified_nonfinancial,True,True,True,2023-04-30,False,False,none,none,annual_financial_certification;annual_text_certification,0,0,False,False,ST_history_label_and_input_certification_pending
300440.SZ:2023,300440.SZ,2023-05-01,validation,pending,,12,0,0,False,False,0,pending,True,True,True,2024-04-30,False,False,none,none,historical_industry;annual_financial_certification;annual_text_certification,0,0,False,False,ST_history_label_and_input_certification_pending
300440.SZ:2024,300440.SZ,2024-05-01,test,pending,,12,0,0,False,False,0,verified_nonfinancial,True,True,True,2025-04-30,False,False,none,none,annual_financial_certification;annual_text_certification,0,0,False,False,ST_history_label_and_input_certification_pending
300440.SZ:2025,300440.SZ,2025-05-01,test,pending,,12,0,0,False,False,0,verified_nonfinancial,True,True,True,2026-04-30,False,False,none,none,annual_financial_certification;annual_text_certification,0,0,False,False,ST_history_label_and_input_certification_pending
300445.SZ:2018,300445.SZ,2018-05-01,train,pending,,12,0,0,False,False,0,verified_nonfinancial,True,True,True,2019-04-30,False,False,none,none,annual_financial_certification;annual_text_certification,0,0,False,False,ST_history_label_and_input_certification_pending
300445.SZ:2019,300445.SZ,2019-05-01,train,pending,,12,0,0,False,False,0,verified_nonfinancial,True,True,True,2020-04-30,False,False,none,none,annual_financial_certification;annual_text_certification,0,0,False,False,ST_history_label_and_input_certification_pending
300445.SZ:2020,300445.SZ,2020-05-01,train,pending,,12,0,0,False,False,0,verified_nonfinancial,True,True,True,2021-04-30,False,False,none,none,annual_financial_certification;annual_text_certification,0,0,False,False,ST_history_label_and_input_certification_pending
300445.SZ:2021,300445.SZ,2021-05-01,train,pending,,12,0,0,False,False,0,verified_nonfinancial,True,True,True,2022-04-30,False,False,none,none,annual_financial_certification;annual_text_certification,0,0,False,False,ST_history_label_and_input_certification_pending
300445.SZ:2022,300445.SZ,2022-05-01,validation,pending,,12,0,0,False,False,0,verified_nonfinancial,True,True,True,2023-04-30,False,False,none,none,annual_financial_certification;annual_text_certification,0,0,False,False,ST_history_label_and_input_certification_pending
300445.SZ:2023,300445.SZ,2023-05-01,validation,pending,,12,0,0,False,False,0,pending,True,True,True,2024-04-30,False,False,none,none,historical_industry;annual_financial_certification;annual_text_certification,0,0,False,False,ST_history_label_and_input_certification_pending
300445.SZ:2024,300445.SZ,2024-05-01,test,pending,,12,0,0,False,False,0,verified_nonfinancial,True,True,True,2025-04-30,False,False,none,none,annual_financial_certification;annual_text_certification,0,0,False,False,ST_history_label_and_input_certification_pending
300445.SZ:2025,300445.SZ,2025-05-01,test,pending,,12,0,0,False,False,0,verified_nonfinancial,True,True,True,2026-04-30,False,False,none,none,annual_financial_certification;annual_text_certification,0,0,False,False,ST_history_label_and_input_certification_pending
300447.SZ:2018,300447.SZ,2018-05-01,train,pending,,12,0,0,False,False,0,verified_nonfinancial,True,True,True,2019-04-30,False,False,none,none,annual_financial_certification;annual_text_certification,0,0,False,False,ST_history_label_and_input_certification_pending
300447.SZ:2019,300447.SZ,2019-05-01,train,pending,,12,0,0,False,False,0,verified_nonfinancial,True,True,True,2020-04-30,False,False,none,none,annual_financial_certification;annual_text_certification,0,0,False,False,ST_history_label_and_input_certification_pending
300447.SZ:2020,300447.SZ,2020-05-01,train,pending,,12,0,0,False,False,0,verified_nonfinancial,True,True,True,2021-04-30,False,False,none,none,annual_financial_certification;annual_text_certification,0,0,False,False,ST_history_label_and_input_certification_pending
300447.SZ:2021,300447.SZ,2021-05-01,train,pending,,12,0,0,False,False,0,verified_nonfinancial,True,True,True,2022-04-30,False,False,none,none,annual_financial_certification;annual_text_certification,0,0,False,False,ST_history_label_and_input_certification_pending
300447.SZ:2022,300447.SZ,2022-05-01,validation,pending,,12,0,0,False,False,0,verified_nonfinancial,True,True,True,2023-04-30,False,False,none,none,annual_financial_certification;annual_text_certification,0,0,False,False,ST_history_label_and_input_certification_pending
300447.SZ:2023,300447.SZ,2023-05-01,validation,pending,,12,0,0,False,False,0,pending,True,True,True,2024-04-30,False,False,none,none,historical_industry;annual_financial_certification;annual_text_certification,0,0,False,False,ST_history_label_and_input_certification_pending
300447.SZ:2024,300447.SZ,2024-05-01,test,pending,,12,0,0,False,False,0,verified_nonfinancial,True,True,True,2025-04-30,False,False,none,none,annual_financial_certification;annual_text_certification,0,0,False,False,ST_history_label_and_input_certification_pending
300447.SZ:2025,300447.SZ,2025-05-01,test,pending,,12,0,0,False,False,0,verified_nonfinancial,True,True,True,2026-04-30,False,False,none,none,annual_financial_certification;annual_text_certification,0,0,False,False,ST_history_label_and_input_certification_pending
300451.SZ:2019,300451.SZ,2019-05-01,train,pending,,12,0,0,False,False,0,verified_nonfinancial,True,True,True,2020-04-30,False,False,none,none,annual_financial_certification;annual_text_certification,0,0,False,False,ST_history_label_and_input_certification_pending
300451.SZ:2020,300451.SZ,2020-05-01,train,pending,,12,0,0,False,False,0,verified_nonfinancial,True,True,True,2021-04-30,False,False,none,none,annual_financial_certification;annual_text_certification,0,0,False,False,ST_history_label_and_input_certification_pending
300451.SZ:2021,300451.SZ,2021-05-01,train,pending,,12,0,0,False,False,0,verified_nonfinancial,True,True,True,2022-04-30,False,False,none,none,annual_financial_certification;annual_text_certification,0,0,False,False,ST_history_label_and_input_certification_pending
300451.SZ:2022,300451.SZ,2022-05-01,validation,pending,,12,0,0,False,False,0,verified_nonfinancial,True,True,True,2023-04-30,False,False,none,none,annual_financial_certification;annual_text_certification,0,0,False,False,ST_history_label_and_input_certification_pending
300451.SZ:2023,300451.SZ,2023-05-01,validation,pending,,12,0,0,False,False,0,pending,True,True,True,2024-04-30,False,False,none,none,historical_industry;annual_financial_certification;annual_text_certification,0,0,False,False,ST_history_label_and_input_certification_pending
300451.SZ:2024,300451.SZ,2024-05-01,test,pending,,12,0,0,False,False,0,verified_nonfinancial,True,True,True,2025-04-30,False,False,none,none,annual_financial_certification;annual_text_certification,0,0,False,False,ST_history_label_and_input_certification_pending
300451.SZ:2025,300451.SZ,2025-05-01,test,pending,,12,0,0,False,False,0,verified_nonfinancial,True,True,True,2026-04-30,False,False,none,none,annual_financial_certification;annual_text_certification,0,0,False,False,ST_history_label_and_input_certification_pending
300452.SZ:2019,300452.SZ,2019-05-01,train,pending,,12,0,0,False,False,0,verified_nonfinancial,True,True,True,2020-04-30,False,False,none,none,annual_financial_certification;annual_text_certification,0,0,False,False,ST_history_label_and_input_certification_pending
300452.SZ:2020,300452.SZ,2020-05-01,train,pending,,12,0,0,False,False,0,verified_nonfinancial,True,True,True,2021-04-30,False,False,none,none,annual_financial_certification;annual_text_certification,0,0,False,False,ST_history_label_and_input_certification_pending
300452.SZ:2021,300452.SZ,2021-05-01,train,pending,,12,0,0,False,False,0,verified_nonfinancial,True,True,True,2022-04-30,False,False,none,none,annual_financial_certification;annual_text_certification,0,0,False,False,ST_history_label_and_input_certification_pending
300452.SZ:2022,300452.SZ,2022-05-01,validation,pending,,12,0,0,False,False,0,verified_nonfinancial,True,True,True,2023-04-30,False,False,none,none,annual_financial_certification;annual_text_certification,0,0,False,False,ST_history_label_and_input_certification_pending
300452.SZ:2023,300452.SZ,2023-05-01,validation,pending,,12,0,0,False,False,0,pending,True,True,True,2024-04-30,False,False,none,none,historical_industry;annual_financial_certification;annual_text_certification,0,0,False,False,ST_history_label_and_input_certification_pending
300452.SZ:2024,300452.SZ,2024-05-01,test,pending,,12,0,0,False,False,0,verified_nonfinancial,True,True,True,2025-04-30,False,False,none,none,annual_financial_certification;annual_text_certification,0,0,False,False,ST_history_label_and_input_certification_pending
300452.SZ:2025,300452.SZ,2025-05-01,test,pending,,12,0,0,False,False,0,verified_nonfinancial,True,True,True,2026-04-30,False,False,none,none,annual_financial_certification;annual_text_certification,0,0,False,False,ST_history_label_and_input_certification_pending
300469.SZ:2019,300469.SZ,2019-05-01,train,pending,,12,0,0,False,False,0,verified_nonfinancial,True,True,True,2020-04-30,False,False,none,none,annual_financial_certification;annual_text_certification,0,0,False,False,ST_history_label_and_input_certification_pending
300469.SZ:2020,300469.SZ,2020-05-01,train,pending,,12,0,0,False,False,0,verified_nonfinancial,True,True,True,2021-04-30,False,False,none,none,annual_financial_certification;annual_text_certification,0,0,False,False,ST_history_label_and_input_certification_pending
300469.SZ:2021,300469.SZ,2021-05-01,train,pending,,12,0,0,False,False,0,verified_nonfinancial,True,True,True,2022-04-30,False,False,none,none,annual_financial_certification;annual_text_certification,0,0,False,False,ST_history_label_and_input_certification_pending
300469.SZ:2022,300469.SZ,2022-05-01,validation,pending,,12,0,0,False,False,0,verified_nonfinancial,True,True,True,2023-04-30,False,False,none,none,annual_financial_certification;annual_text_certification,0,0,False,False,ST_history_label_and_input_certification_pending
300469.SZ:2023,300469.SZ,2023-05-01,validation,pending,,12,0,0,False,False,0,pending,True,True,True,2024-04-30,False,False,none,none,historical_industry;annual_financial_certification;annual_text_certification,0,0,False,False,ST_history_label_and_input_certification_pending
300469.SZ:2024,300469.SZ,2024-05-01,test,pending,,12,0,0,False,False,0,verified_nonfinancial,True,True,True,2025-04-30,False,False,none,none,annual_financial_certification;annual_text_certification,0,0,False,False,ST_history_label_and_input_certification_pending
300469.SZ:2025,300469.SZ,2025-05-01,test,pending,,12,0,0,False,False,0,verified_nonfinancial,True,True,True,2026-04-30,False,False,none,none,annual_financial_certification;annual_text_certification,0,0,False,False,ST_history_label_and_input_certification_pending
300472.SZ:2019,300472.SZ,2019-05-01,train,pending,,12,0,0,False,False,0,verified_nonfinancial,True,True,True,2020-04-30,False,False,none,none,annual_financial_certification;annual_text_certification,0,0,False,False,ST_history_label_and_input_certification_pending
300472.SZ:2020,300472.SZ,2020-05-01,train,pending,,12,0,0,False,False,0,verified_nonfinancial,True,True,True,2021-04-30,False,False,none,none,annual_financial_certification;annual_text_certification,0,0,False,False,ST_history_label_and_input_certification_pending
300472.SZ:2021,300472.SZ,2021-05-01,train,pending,,12,0,0,False,False,0,verified_nonfinancial,True,True,True,2022-04-30,False,False,none,none,annual_financial_certification;annual_text_certification,0,0,False,False,ST_history_label_and_input_certification_pending
300472.SZ:2022,300472.SZ,2022-05-01,validation,pending,,12,0,0,False,False,0,verified_nonfinancial,True,True,True,2023-04-30,False,False,none,none,annual_financial_certification;annual_text_certification,0,0,False,False,ST_history_label_and_input_certification_pending
300472.SZ:2023,300472.SZ,2023-05-01,validation,pending,,12,0,0,False,False,0,pending,True,True,True,2024-04-30,False,False,none,none,historical_industry;annual_financial_certification;annual_text_certification,0,0,False,False,ST_history_label_and_input_certification_pending
300472.SZ:2024,300472.SZ,2024-05-01,test,pending,,12,0,0,False,False,0,verified_nonfinancial,True,True,True,2025-04-30,False,False,none,none,annual_financial_certification;annual_text_certification,0,0,False,False,ST_history_label_and_input_certification_pending
300472.SZ:2025,300472.SZ,2025-05-01,test,pending,,12,0,0,False,False,1,verified_nonfinancial,True,True,True,2025-05-06,False,False,none,none,annual_financial_certification;annual_text_certification,0,1,False,False,ST_history_label_and_input_certification_pending
300476.SZ:2019,300476.SZ,2019-05-01,train,pending,,12,0,0,False,False,0,verified_nonfinancial,True,True,True,2020-04-30,False,False,none,none,annual_financial_certification;annual_text_certification,0,0,False,False,ST_history_label_and_input_certification_pending
300476.SZ:2020,300476.SZ,2020-05-01,train,pending,,12,0,0,False,False,0,verified_nonfinancial,True,True,True,2021-04-30,False,False,none,none,annual_financial_certification;annual_text_certification,0,0,False,False,ST_history_label_and_input_certification_pending
300476.SZ:2021,300476.SZ,2021-05-01,train,pending,,12,0,0,False,False,0,verified_nonfinancial,True,True,True,2022-04-30,False,False,none,none,annual_financial_certification;annual_text_certification,0,0,False,False,ST_history_label_and_input_certification_pending
300476.SZ:2022,300476.SZ,2022-05-01,validation,pending,,12,0,0,False,False,0,verified_nonfinancial,True,True,True,2023-04-30,False,False,none,none,annual_financial_certification;annual_text_certification,0,0,False,False,ST_history_label_and_input_certification_pending
300476.SZ:2023,300476.SZ,2023-05-01,validation,pending,,12,0,0,False,False,0,pending,True,True,True,2024-04-30,False,False,none,none,historical_industry;annual_financial_certification;annual_text_certification,0,0,False,False,ST_history_label_and_input_certification_pending
300476.SZ:2024,300476.SZ,2024-05-01,test,pending,,12,0,0,False,False,0,verified_nonfinancial,True,True,True,2025-04-30,False,False,none,none,annual_financial_certification;annual_text_certification,0,0,False,False,ST_history_label_and_input_certification_pending
300476.SZ:2025,300476.SZ,2025-05-01,test,pending,,12,0,0,False,False,0,verified_nonfinancial,True,True,True,2026-04-30,False,False,none,none,annual_financial_certification;annual_text_certification,0,0,False,False,ST_history_label_and_input_certification_pending
300490.SZ:2019,300490.SZ,2019-05-01,train,pending,,12,0,0,False,False,0,verified_nonfinancial,True,True,True,2020-04-30,False,False,none,none,annual_financial_certification;annual_text_certification,0,0,False,False,ST_history_label_and_input_certification_pending
300490.SZ:2020,300490.SZ,2020-05-01,train,pending,,12,0,0,False,False,0,verified_nonfinancial,True,True,True,2021-04-30,False,False,none,none,annual_financial_certification;annual_text_certification,0,0,False,False,ST_history_label_and_input_certification_pending
300490.SZ:2021,300490.SZ,2021-05-01,train,pending,,12,0,0,False,False,0,verified_nonfinancial,True,True,True,2022-04-30,False,False,none,none,annual_financial_certification;annual_text_certification,0,0,False,False,ST_history_label_and_input_certification_pending
300490.SZ:2022,300490.SZ,2022-05-01,validation,pending,,12,0,0,False,False,0,verified_nonfinancial,True,True,True,2023-04-30,False,False,none,none,annual_financial_certification;annual_text_certification,0,0,False,False,ST_history_label_and_input_certification_pending
300490.SZ:2023,300490.SZ,2023-05-01,validation,pending,,12,0,0,False,False,0,pending,True,True,True,2024-04-30,False,False,none,none,historical_industry;annual_financial_certification;annual_text_certification,0,0,False,False,ST_history_label_and_input_certification_pending
300490.SZ:2024,300490.SZ,2024-05-01,test,pending,,12,0,0,False,False,0,verified_nonfinancial,True,True,True,2025-04-30,False,False,none,none,annual_financial_certification;annual_text_certification,0,0,False,False,ST_history_label_and_input_certification_pending
300490.SZ:2025,300490.SZ,2025-05-01,test,pending,,12,0,0,False,False,0,verified_nonfinancial,True,True,True,2026-04-30,False,False,none,none,annual_financial_certification;annual_text_certification,0,0,False,False,ST_history_label_and_input_certification_pending
300496.SZ:2019,300496.SZ,2019-05-01,train,pending,,12,0,0,False,False,0,verified_nonfinancial,True,True,True,2020-04-30,False,False,none,none,annual_financial_certification;annual_text_certification,0,0,False,False,ST_history_label_and_input_certification_pending
300496.SZ:2020,300496.SZ,2020-05-01,train,pending,,12,0,0,False,False,0,verified_nonfinancial,True,True,True,2021-04-30,False,False,none,none,annual_financial_certification;annual_text_certification,0,0,False,False,ST_history_label_and_input_certification_pending
300496.SZ:2021,300496.SZ,2021-05-01,train,pending,,12,0,0,False,False,0,verified_nonfinancial,True,True,True,2022-04-30,False,False,none,none,annual_financial_certification;annual_text_certification,0,0,False,False,ST_history_label_and_input_certification_pending
300496.SZ:2022,300496.SZ,2022-05-01,validation,pending,,12,0,0,False,False,0,verified_nonfinancial,True,True,True,2023-04-30,False,False,none,none,annual_financial_certification;annual_text_certification,0,0,False,False,ST_history_label_and_input_certification_pending
300496.SZ:2023,300496.SZ,2023-05-01,validation,pending,,12,0,0,False,False,0,pending,True,True,True,2024-04-30,False,False,none,none,historical_industry;annual_financial_certification;annual_text_certification,0,0,False,False,ST_history_label_and_input_certification_pending
300496.SZ:2024,300496.SZ,2024-05-01,test,pending,,12,0,0,False,False,0,verified_nonfinancial,True,True,True,2025-04-30,False,False,none,none,annual_financial_certification;annual_text_certification,0,0,False,False,ST_history_label_and_input_certification_pending
300496.SZ:2025,300496.SZ,2025-05-01,test,pending,,12,0,0,False,False,0,verified_nonfinancial,True,True,True,2026-04-30,False,False,none,none,annual_financial_certification;annual_text_certification,0,0,False,False,ST_history_label_and_input_certification_pending
300497.SZ:2019,300497.SZ,2019-05-01,train,pending,,12,0,0,False,False,0,verified_nonfinancial,True,True,True,2020-04-30,False,False,none,none,annual_financial_certification;annual_text_certification,0,0,False,False,ST_history_label_and_input_certification_pending
300497.SZ:2020,300497.SZ,2020-05-01,train,pending,,12,0,0,False,False,0,verified_nonfinancial,True,True,True,2021-04-30,False,False,none,none,annual_financial_certification;annual_text_certification,0,0,False,False,ST_history_label_and_input_certification_pending
300497.SZ:2021,300497.SZ,2021-05-01,train,pending,,12,0,0,False,False,0,verified_nonfinancial,True,True,True,2022-04-30,False,False,none,none,annual_financial_certification;annual_text_certification,0,0,False,False,ST_history_label_and_input_certification_pending
300497.SZ:2022,300497.SZ,2022-05-01,validation,pending,,12,0,0,False,False,0,verified_nonfinancial,True,True,True,2023-04-30,False,False,none,none,annual_financial_certification;annual_text_certification,0,0,False,False,ST_history_label_and_input_certification_pending
300497.SZ:2023,300497.SZ,2023-05-01,validation,pending,,12,0,0,False,False,0,pending,True,True,True,2024-04-30,False,False,none,none,historical_industry;annual_financial_certification;annual_text_certification,0,0,False,False,ST_history_label_and_input_certification_pending
300497.SZ:2024,300497.SZ,2024-05-01,test,pending,,12,0,0,False,False,0,verified_nonfinancial,True,True,True,2025-04-30,False,False,none,none,annual_financial_certification;annual_text_certification,0,0,False,False,ST_history_label_and_input_certification_pending
300497.SZ:2025,300497.SZ,2025-05-01,test,pending,,12,0,0,False,False,0,verified_nonfinancial,True,True,True,2026-04-30,False,False,none,none,annual_financial_certification;annual_text_certification,0,0,False,False,ST_history_label_and_input_certification_pending
300498.SZ:2019,300498.SZ,2019-05-01,train,pending,,12,0,0,False,False,0,verified_nonfinancial,True,True,True,2020-04-30,False,False,none,none,annual_financial_certification;annual_text_certification,0,0,False,False,ST_history_label_and_input_certification_pending
300498.SZ:2020,300498.SZ,2020-05-01,train,pending,,12,0,0,False,False,0,verified_nonfinancial,True,True,True,2021-04-30,False,False,none,none,annual_financial_certification;annual_text_certification,0,0,False,False,ST_history_label_and_input_certification_pending
300498.SZ:2021,300498.SZ,2021-05-01,train,pending,,12,0,0,False,False,0,verified_nonfinancial,True,True,True,2022-04-30,False,False,none,none,annual_financial_certification;annual_text_certification,0,0,False,False,ST_history_label_and_input_certification_pending
300498.SZ:2022,300498.SZ,2022-05-01,validation,pending,,12,0,0,False,False,0,verified_nonfinancial,True,True,True,2023-04-30,False,False,none,none,annual_financial_certification;annual_text_certification,0,0,False,False,ST_history_label_and_input_certification_pending
300498.SZ:2023,300498.SZ,2023-05-01,validation,pending,,12,0,0,False,False,0,pending,True,True,True,2024-04-30,False,False,none,none,historical_industry;annual_financial_certification;annual_text_certification,0,0,False,False,ST_history_label_and_input_certification_pending
300498.SZ:2024,300498.SZ,2024-05-01,test,pending,,12,0,0,False,False,0,verified_nonfinancial,True,True,True,2025-04-30,False,False,none,none,annual_financial_certification;annual_text_certification,0,0,False,False,ST_history_label_and_input_certification_pending
300498.SZ:2025,300498.SZ,2025-05-01,test,pending,,12,0,0,False,False,0,verified_nonfinancial,True,True,True,2026-04-30,False,False,none,none,annual_financial_certification;annual_text_certification,0,0,False,False,ST_history_label_and_input_certification_pending
300501.SZ:2019,300501.SZ,2019-05-01,train,pending,,12,0,0,False,False,0,verified_nonfinancial,True,True,True,2020-04-30,False,False,none,none,annual_financial_certification;annual_text_certification,0,0,False,False,ST_history_label_and_input_certification_pending
300501.SZ:2020,300501.SZ,2020-05-01,train,pending,,12,0,0,False,False,0,verified_nonfinancial,True,True,True,2021-04-30,False,False,none,none,annual_financial_certification;annual_text_certification,0,0,False,False,ST_history_label_and_input_certification_pending
300501.SZ:2021,300501.SZ,2021-05-01,train,pending,,12,0,0,False,False,0,verified_nonfinancial,True,True,True,2022-04-30,False,False,none,none,annual_financial_certification;annual_text_certification,0,0,False,False,ST_history_label_and_input_certification_pending
300501.SZ:2022,300501.SZ,2022-05-01,validation,pending,,12,0,0,False,False,0,verified_nonfinancial,True,True,True,2023-04-30,False,False,none,none,annual_financial_certification;annual_text_certification,0,0,False,False,ST_history_label_and_input_certification_pending
300501.SZ:2023,300501.SZ,2023-05-01,validation,pending,,12,0,0,False,False,0,pending,True,True,True,2024-04-30,False,False,none,none,historical_industry;annual_financial_certification;annual_text_certification,0,0,False,False,ST_history_label_and_input_certification_pending
300501.SZ:2024,300501.SZ,2024-05-01,test,pending,,12,0,0,False,False,0,verified_nonfinancial,True,True,True,2025-04-30,False,False,none,none,annual_financial_certification;annual_text_certification,0,0,False,False,ST_history_label_and_input_certification_pending
300501.SZ:2025,300501.SZ,2025-05-01,test,pending,,12,0,0,False,False,0,verified_nonfinancial,True,True,True,2026-04-30,False,False,none,none,annual_financial_certification;annual_text_certification,0,0,False,False,ST_history_label_and_input_certification_pending
300503.SZ:2019,300503.SZ,2019-05-01,train,pending,,12,0,0,False,False,0,verified_nonfinancial,True,True,True,2020-04-30,False,False,none,none,annual_financial_certification;annual_text_certification,0,0,False,False,ST_history_label_and_input_certification_pending
300503.SZ:2020,300503.SZ,2020-05-01,train,pending,,12,0,0,False,False,0,verified_nonfinancial,True,True,True,2021-04-30,False,False,none,none,annual_financial_certification;annual_text_certification,0,0,False,False,ST_history_label_and_input_certification_pending
300503.SZ:2021,300503.SZ,2021-05-01,train,pending,,12,0,0,False,False,0,verified_nonfinancial,True,True,True,2022-04-30,False,False,none,none,annual_financial_certification;annual_text_certification,0,0,False,False,ST_history_label_and_input_certification_pending
300503.SZ:2022,300503.SZ,2022-05-01,validation,pending,,12,0,0,False,False,0,verified_nonfinancial,True,True,True,2023-04-30,False,False,none,none,annual_financial_certification;annual_text_certification,0,0,False,False,ST_history_label_and_input_certification_pending
300503.SZ:2023,300503.SZ,2023-05-01,validation,pending,,12,0,0,False,False,0,pending,True,True,True,2024-04-30,False,False,none,none,historical_industry;annual_financial_certification;annual_text_certification,0,0,False,False,ST_history_label_and_input_certification_pending
300503.SZ:2024,300503.SZ,2024-05-01,test,pending,,12,0,0,False,False,0,verified_nonfinancial,True,True,True,2025-04-30,False,False,none,none,annual_financial_certification;annual_text_certification,0,0,False,False,ST_history_label_and_input_certification_pending
300503.SZ:2025,300503.SZ,2025-05-01,test,pending,,12,0,0,False,False,0,verified_nonfinancial,True,True,True,2026-04-30,False,False,none,none,annual_financial_certification;annual_text_certification,0,0,False,False,ST_history_label_and_input_certification_pending
300519.SZ:2020,300519.SZ,2020-05-01,train,pending,,12,0,0,False,False,0,verified_nonfinancial,True,True,True,2021-04-30,False,False,none,none,annual_financial_certification;annual_text_certification,0,0,False,False,ST_history_label_and_input_certification_pending
300519.SZ:2021,300519.SZ,2021-05-01,train,pending,,12,0,0,False,False,0,verified_nonfinancial,True,True,True,2022-04-30,False,False,none,none,annual_financial_certification;annual_text_certification,0,0,False,False,ST_history_label_and_input_certification_pending
300519.SZ:2022,300519.SZ,2022-05-01,validation,pending,,12,0,0,False,False,0,verified_nonfinancial,True,True,True,2023-04-30,False,False,none,none,annual_financial_certification;annual_text_certification,0,0,False,False,ST_history_label_and_input_certification_pending
300519.SZ:2023,300519.SZ,2023-05-01,validation,pending,,12,0,0,False,False,0,pending,True,True,True,2024-04-30,False,False,none,none,historical_industry;annual_financial_certification;annual_text_certification,0,0,False,False,ST_history_label_and_input_certification_pending
300519.SZ:2024,300519.SZ,2024-05-01,test,pending,,12,0,0,False,False,0,verified_nonfinancial,True,True,True,2025-04-30,False,False,none,none,annual_financial_certification;annual_text_certification,0,0,False,False,ST_history_label_and_input_certification_pending
300519.SZ:2025,300519.SZ,2025-05-01,test,pending,,12,0,0,False,False,0,verified_nonfinancial,True,True,True,2026-04-30,False,False,none,none,annual_financial_certification;annual_text_certification,0,0,False,False,ST_history_label_and_input_certification_pending
300520.SZ:2020,300520.SZ,2020-05-01,train,pending,,12,0,0,False,False,0,verified_nonfinancial,True,True,True,2021-04-30,False,False,none,none,annual_financial_certification;annual_text_certification,0,0,False,False,ST_history_label_and_input_certification_pending
300520.SZ:2021,300520.SZ,2021-05-01,train,pending,,12,0,0,False,False,0,verified_nonfinancial,True,True,True,2022-04-30,False,False,none,none,annual_financial_certification;annual_text_certification,0,0,False,False,ST_history_label_and_input_certification_pending
300520.SZ:2022,300520.SZ,2022-05-01,validation,pending,,12,0,0,False,False,0,verified_nonfinancial,True,True,True,2023-04-30,False,False,none,none,annual_financial_certification;annual_text_certification,0,0,False,False,ST_history_label_and_input_certification_pending
300520.SZ:2023,300520.SZ,2023-05-01,validation,pending,,12,0,0,False,False,0,pending,True,True,True,2024-04-30,False,False,none,none,historical_industry;annual_financial_certification;annual_text_certification,0,0,False,False,ST_history_label_and_input_certification_pending
300520.SZ:2024,300520.SZ,2024-05-01,test,pending,,12,0,0,False,False,0,verified_nonfinancial,True,True,True,2025-04-30,False,False,none,none,annual_financial_certification;annual_text_certification,0,0,False,False,ST_history_label_and_input_certification_pending
300520.SZ:2025,300520.SZ,2025-05-01,test,pending,,12,0,0,False,False,0,verified_nonfinancial,True,True,True,2026-04-30,False,False,none,none,annual_financial_certification;annual_text_certification,0,0,False,False,ST_history_label_and_input_certification_pending
300522.SZ:2020,300522.SZ,2020-05-01,train,pending,,12,0,0,False,False,0,verified_nonfinancial,True,True,True,2021-04-30,False,False,none,none,annual_financial_certification;annual_text_certification,0,0,False,False,ST_history_label_and_input_certification_pending
300522.SZ:2021,300522.SZ,2021-05-01,train,pending,,12,0,0,False,False,0,verified_nonfinancial,True,True,True,2022-04-30,False,False,none,none,annual_financial_certification;annual_text_certification,0,0,False,False,ST_history_label_and_input_certification_pending
300522.SZ:2022,300522.SZ,2022-05-01,validation,pending,,12,0,0,False,False,0,verified_nonfinancial,True,True,True,2023-04-30,False,False,none,none,annual_financial_certification;annual_text_certification,0,0,False,False,ST_history_label_and_input_certification_pending
300522.SZ:2023,300522.SZ,2023-05-01,validation,pending,,12,0,0,False,False,0,pending,True,True,True,2024-04-30,False,False,none,none,historical_industry;annual_financial_certification;annual_text_certification,0,0,False,False,ST_history_label_and_input_certification_pending
300522.SZ:2024,300522.SZ,2024-05-01,test,pending,,12,0,0,False,False,0,verified_nonfinancial,True,True,True,2025-04-30,False,False,none,none,annual_financial_certification;annual_text_certification,0,0,False,False,ST_history_label_and_input_certification_pending
300522.SZ:2025,300522.SZ,2025-05-01,test,pending,,12,0,0,False,False,0,verified_nonfinancial,True,True,True,2026-04-30,False,False,none,none,annual_financial_certification;annual_text_certification,0,0,False,False,ST_history_label_and_input_certification_pending
300525.SZ:2020,300525.SZ,2020-05-01,train,pending,,12,0,0,False,False,0,verified_nonfinancial,True,True,True,2021-04-30,False,False,none,none,annual_financial_certification;annual_text_certification,0,0,False,False,ST_history_label_and_input_certification_pending
300525.SZ:2021,300525.SZ,2021-05-01,train,pending,,12,0,0,False,False,0,verified_nonfinancial,True,True,True,2022-04-30,False,False,none,none,annual_financial_certification;annual_text_certification,0,0,False,False,ST_history_label_and_input_certification_pending
300525.SZ:2022,300525.SZ,2022-05-01,validation,pending,,12,0,0,False,False,0,verified_nonfinancial,True,True,True,2023-04-30,False,False,none,none,annual_financial_certification;annual_text_certification,0,0,False,False,ST_history_label_and_input_certification_pending
300525.SZ:2023,300525.SZ,2023-05-01,validation,pending,,12,0,0,False,False,0,pending,True,True,True,2024-04-30,False,False,none,none,historical_industry;annual_financial_certification;annual_text_certification,0,0,False,False,ST_history_label_and_input_certification_pending
300525.SZ:2024,300525.SZ,2024-05-01,test,pending,,12,0,0,False,False,0,verified_nonfinancial,True,True,True,2025-04-30,False,False,none,none,annual_financial_certification;annual_text_certification,0,0,False,False,ST_history_label_and_input_certification_pending
300525.SZ:2025,300525.SZ,2025-05-01,test,pending,,12,0,0,False,False,0,verified_nonfinancial,True,True,True,2026-04-30,False,False,none,none,annual_financial_certification;annual_text_certification,0,0,False,False,ST_history_label_and_input_certification_pending
300526.SZ:2020,300526.SZ,2020-05-01,train,pending,,12,0,0,False,False,0,verified_nonfinancial,True,True,True,2021-04-30,False,False,none,none,annual_financial_certification;annual_text_certification,0,0,False,False,ST_history_label_and_input_certification_pending
300526.SZ:2021,300526.SZ,2021-05-01,train,pending,,12,0,0,False,False,1,verified_nonfinancial,True,True,True,2022-04-25,False,False,none,none,annual_financial_certification;annual_text_certification,0,1,False,False,ST_history_label_and_input_certification_pending
300526.SZ:2022,300526.SZ,2022-05-01,validation,excluded,,12,0,0,False,False,,verified_nonfinancial,True,False,False,,False,False,none,none,,1,0,False,False,preorigin_financial_industry_or_confirmed_baseline_ST
300526.SZ:2023,300526.SZ,2023-05-01,validation,excluded,,12,0,0,False,False,,pending,True,False,False,,False,False,none,none,,1,0,False,False,preorigin_financial_industry_or_confirmed_baseline_ST
300528.SZ:2020,300528.SZ,2020-05-01,train,pending,,12,0,0,False,False,0,verified_nonfinancial,True,True,True,2021-04-30,False,False,none,none,annual_financial_certification;annual_text_certification,0,0,False,False,ST_history_label_and_input_certification_pending
300528.SZ:2021,300528.SZ,2021-05-01,train,pending,,12,0,0,False,False,0,verified_nonfinancial,True,True,True,2022-04-30,False,False,none,none,annual_financial_certification;annual_text_certification,0,0,False,False,ST_history_label_and_input_certification_pending
300528.SZ:2022,300528.SZ,2022-05-01,validation,pending,,12,0,0,False,False,0,verified_nonfinancial,True,True,True,2023-04-30,False,False,none,none,annual_financial_certification;annual_text_certification,0,0,False,False,ST_history_label_and_input_certification_pending
300528.SZ:2023,300528.SZ,2023-05-01,validation,pending,,12,0,0,False,False,0,pending,True,True,True,2024-04-30,False,False,none,none,historical_industry;annual_financial_certification;annual_text_certification,0,0,False,False,ST_history_label_and_input_certification_pending
300528.SZ:2024,300528.SZ,2024-05-01,test,pending,,12,0,0,False,False,0,verified_nonfinancial,True,True,True,2025-04-30,False,False,none,none,annual_financial_certification;annual_text_certification,0,0,False,False,ST_history_label_and_input_certification_pending
300528.SZ:2025,300528.SZ,2025-05-01,test,pending,,12,0,0,False,False,0,verified_nonfinancial,True,True,True,2026-04-30,False,False,none,none,annual_financial_certification;annual_text_certification,0,0,False,False,ST_history_label_and_input_certification_pending
300532.SZ:2020,300532.SZ,2020-05-01,train,pending,,12,0,0,False,False,0,verified_nonfinancial,True,True,True,2021-04-30,False,False,none,none,annual_financial_certification;annual_text_certification,0,0,False,False,ST_history_label_and_input_certification_pending
300532.SZ:2021,300532.SZ,2021-05-01,train,pending,,12,0,0,False,False,0,verified_nonfinancial,True,True,True,2022-04-30,False,False,none,none,annual_financial_certification;annual_text_certification,0,0,False,False,ST_history_label_and_input_certification_pending
300532.SZ:2022,300532.SZ,2022-05-01,validation,pending,,12,0,0,False,False,0,verified_nonfinancial,True,True,True,2023-04-30,False,False,none,none,annual_financial_certification;annual_text_certification,0,0,False,False,ST_history_label_and_input_certification_pending
300532.SZ:2023,300532.SZ,2023-05-01,validation,pending,,12,0,0,False,False,0,pending,True,True,True,2024-04-30,False,False,none,none,historical_industry;annual_financial_certification;annual_text_certification,0,0,False,False,ST_history_label_and_input_certification_pending
300532.SZ:2024,300532.SZ,2024-05-01,test,pending,,12,0,0,False,False,0,verified_nonfinancial,True,True,True,2025-04-30,False,False,none,none,annual_financial_certification;annual_text_certification,0,0,False,False,ST_history_label_and_input_certification_pending
300532.SZ:2025,300532.SZ,2025-05-01,test,pending,,12,0,0,False,False,0,verified_nonfinancial,True,True,True,2026-04-30,False,False,none,none,annual_financial_certification;annual_text_certification,0,0,False,False,ST_history_label_and_input_certification_pending
300549.SZ:2020,300549.SZ,2020-05-01,train,pending,,12,0,0,False,False,0,verified_nonfinancial,True,True,True,2021-04-30,False,False,none,none,annual_financial_certification;annual_text_certification,0,0,False,False,ST_history_label_and_input_certification_pending
300549.SZ:2021,300549.SZ,2021-05-01,train,pending,,12,0,0,False,False,0,verified_nonfinancial,True,True,True,2022-04-30,False,False,none,none,annual_financial_certification;annual_text_certification,0,0,False,False,ST_history_label_and_input_certification_pending
300549.SZ:2022,300549.SZ,2022-05-01,validation,pending,,12,0,0,False,False,0,verified_nonfinancial,True,True,True,2023-04-30,False,False,none,none,annual_financial_certification;annual_text_certification,0,0,False,False,ST_history_label_and_input_certification_pending
300549.SZ:2023,300549.SZ,2023-05-01,validation,pending,,12,0,0,False,False,0,pending,True,True,True,2024-04-30,False,False,none,none,historical_industry;annual_financial_certification;annual_text_certification,0,0,False,False,ST_history_label_and_input_certification_pending
300549.SZ:2024,300549.SZ,2024-05-01,test,pending,,12,0,0,False,False,0,verified_nonfinancial,True,True,True,2025-04-30,False,False,none,none,annual_financial_certification;annual_text_certification,0,0,False,False,ST_history_label_and_input_certification_pending
300549.SZ:2025,300549.SZ,2025-05-01,test,pending,,12,0,0,False,False,0,verified_nonfinancial,True,True,True,2026-04-30,False,False,none,none,annual_financial_certification;annual_text_certification,0,0,False,False,ST_history_label_and_input_certification_pending
300552.SZ:2020,300552.SZ,2020-05-01,train,pending,,12,0,0,False,False,0,verified_nonfinancial,True,True,True,2021-04-30,False,False,none,none,annual_financial_certification;annual_text_certification,0,0,False,False,ST_history_label_and_input_certification_pending
300552.SZ:2021,300552.SZ,2021-05-01,train,pending,,12,0,0,False,False,0,verified_nonfinancial,True,True,True,2022-04-30,False,False,none,none,annual_financial_certification;annual_text_certification,0,0,False,False,ST_history_label_and_input_certification_pending
300552.SZ:2022,300552.SZ,2022-05-01,validation,pending,,12,0,0,False,False,0,verified_nonfinancial,True,True,True,2023-04-30,False,False,none,none,annual_financial_certification;annual_text_certification,0,0,False,False,ST_history_label_and_input_certification_pending
300552.SZ:2023,300552.SZ,2023-05-01,validation,pending,,12,0,0,False,False,0,pending,True,True,True,2024-04-30,False,False,none,none,historical_industry;annual_financial_certification;annual_text_certification,0,0,False,False,ST_history_label_and_input_certification_pending
300552.SZ:2024,300552.SZ,2024-05-01,test,pending,,12,0,0,False,False,0,verified_nonfinancial,True,True,True,2025-04-30,False,False,none,none,annual_financial_certification;annual_text_certification,0,0,False,False,ST_history_label_and_input_certification_pending
300552.SZ:2025,300552.SZ,2025-05-01,test,pending,,12,0,0,False,False,0,verified_nonfinancial,True,True,True,2026-04-30,False,False,none,none,annual_financial_certification;annual_text_certification,0,0,False,False,ST_history_label_and_input_certification_pending
300553.SZ:2020,300553.SZ,2020-05-01,train,pending,,12,0,0,False,False,0,verified_nonfinancial,True,True,True,2021-04-30,False,False,none,none,annual_financial_certification;annual_text_certification,0,0,False,False,ST_history_label_and_input_certification_pending
300553.SZ:2021,300553.SZ,2021-05-01,train,pending,,12,0,0,False,False,0,verified_nonfinancial,True,True,True,2022-04-30,False,False,none,none,annual_financial_certification;annual_text_certification,0,0,False,False,ST_history_label_and_input_certification_pending
300553.SZ:2022,300553.SZ,2022-05-01,validation,pending,,12,0,0,False,False,0,verified_nonfinancial,True,True,True,2023-04-30,False,False,none,none,annual_financial_certification;annual_text_certification,0,0,False,False,ST_history_label_and_input_certification_pending
300553.SZ:2023,300553.SZ,2023-05-01,validation,pending,,12,0,0,False,False,0,pending,True,True,True,2024-04-30,False,False,none,none,historical_industry;annual_financial_certification;annual_text_certification,0,0,False,False,ST_history_label_and_input_certification_pending
300553.SZ:2024,300553.SZ,2024-05-01,test,pending,,12,0,0,False,False,0,verified_nonfinancial,True,True,True,2025-04-30,False,False,none,none,annual_financial_certification;annual_text_certification,0,0,False,False,ST_history_label_and_input_certification_pending
300553.SZ:2025,300553.SZ,2025-05-01,test,pending,,12,0,0,False,False,0,verified_nonfinancial,True,True,True,2026-04-30,False,False,none,none,annual_financial_certification;annual_text_certification,0,0,False,False,ST_history_label_and_input_certification_pending
300565.SZ:2020,300565.SZ,2020-05-01,train,pending,,12,0,0,False,False,0,verified_nonfinancial,True,True,True,2021-04-30,False,False,none,none,annual_financial_certification;annual_text_certification,0,0,False,False,ST_history_label_and_input_certification_pending
300565.SZ:2021,300565.SZ,2021-05-01,train,pending,,12,0,0,False,False,0,verified_nonfinancial,True,True,True,2022-04-30,False,False,none,none,annual_financial_certification;annual_text_certification,0,0,False,False,ST_history_label_and_input_certification_pending
300565.SZ:2022,300565.SZ,2022-05-01,validation,pending,,12,0,0,False,False,0,verified_nonfinancial,True,True,True,2023-04-30,False,False,none,none,annual_financial_certification;annual_text_certification,0,0,False,False,ST_history_label_and_input_certification_pending
300565.SZ:2023,300565.SZ,2023-05-01,validation,pending,,12,0,0,False,False,0,pending,True,True,True,2024-04-30,False,False,none,none,historical_industry;annual_financial_certification;annual_text_certification,0,0,False,False,ST_history_label_and_input_certification_pending
300565.SZ:2024,300565.SZ,2024-05-01,test,pending,,12,0,0,False,False,0,verified_nonfinancial,True,True,True,2025-04-30,False,False,none,none,annual_financial_certification;annual_text_certification,0,0,False,False,ST_history_label_and_input_certification_pending
300565.SZ:2025,300565.SZ,2025-05-01,test,pending,,12,0,0,False,False,0,verified_nonfinancial,True,True,True,2026-04-30,False,False,none,none,annual_financial_certification;annual_text_certification,0,0,False,False,ST_history_label_and_input_certification_pending
300566.SZ:2020,300566.SZ,2020-05-01,train,pending,,12,0,0,False,False,0,verified_nonfinancial,True,True,True,2021-04-30,False,False,none,none,annual_financial_certification;annual_text_certification,0,0,False,False,ST_history_label_and_input_certification_pending
300566.SZ:2021,300566.SZ,2021-05-01,train,pending,,12,0,0,False,False,0,verified_nonfinancial,True,True,True,2022-04-30,False,False,none,none,annual_financial_certification;annual_text_certification,0,0,False,False,ST_history_label_and_input_certification_pending
300566.SZ:2022,300566.SZ,2022-05-01,validation,pending,,12,0,0,False,False,0,verified_nonfinancial,True,True,True,2023-04-30,False,False,none,none,annual_financial_certification;annual_text_certification,0,0,False,False,ST_history_label_and_input_certification_pending
300566.SZ:2023,300566.SZ,2023-05-01,validation,pending,,12,0,0,False,False,0,pending,True,True,True,2024-04-30,False,False,none,none,historical_industry;annual_financial_certification;annual_text_certification,0,0,False,False,ST_history_label_and_input_certification_pending
300566.SZ:2024,300566.SZ,2024-05-01,test,pending,,12,0,0,False,False,0,verified_nonfinancial,True,True,True,2025-04-30,False,False,none,none,annual_financial_certification;annual_text_certification,0,0,False,False,ST_history_label_and_input_certification_pending
300566.SZ:2025,300566.SZ,2025-05-01,test,pending,,12,0,0,False,False,0,verified_nonfinancial,True,True,True,2026-04-30,False,False,none,none,annual_financial_certification;annual_text_certification,0,0,False,False,ST_history_label_and_input_certification_pending
300573.SZ:2020,300573.SZ,2020-05-01,train,pending,,12,0,0,False,False,0,verified_nonfinancial,True,True,True,2021-04-30,False,False,none,none,annual_financial_certification;annual_text_certification,0,0,False,False,ST_history_label_and_input_certification_pending
300573.SZ:2021,300573.SZ,2021-05-01,train,pending,,12,0,0,False,False,0,verified_nonfinancial,True,True,True,2022-04-30,False,False,none,none,annual_financial_certification;annual_text_certification,0,0,False,False,ST_history_label_and_input_certification_pending
300573.SZ:2022,300573.SZ,2022-05-01,validation,pending,,12,0,0,False,False,0,verified_nonfinancial,True,True,True,2023-04-30,False,False,none,none,annual_financial_certification;annual_text_certification,0,0,False,False,ST_history_label_and_input_certification_pending
300573.SZ:2023,300573.SZ,2023-05-01,validation,pending,,12,0,0,False,False,0,pending,True,True,True,2024-04-30,False,False,none,none,historical_industry;annual_financial_certification;annual_text_certification,0,0,False,False,ST_history_label_and_input_certification_pending
300573.SZ:2024,300573.SZ,2024-05-01,test,pending,,12,0,0,False,False,0,verified_nonfinancial,True,True,True,2025-04-30,False,False,none,none,annual_financial_certification;annual_text_certification,0,0,False,False,ST_history_label_and_input_certification_pending
300573.SZ:2025,300573.SZ,2025-05-01,test,pending,,12,0,0,False,False,0,verified_nonfinancial,True,True,True,2026-04-30,False,False,none,none,annual_financial_certification;annual_text_certification,0,0,False,False,ST_history_label_and_input_certification_pending
300581.SZ:2020,300581.SZ,2020-05-01,train,pending,,12,0,0,False,False,0,verified_nonfinancial,True,True,True,2021-04-30,False,False,none,none,annual_financial_certification;annual_text_certification,0,0,False,False,ST_history_label_and_input_certification_pending
300581.SZ:2021,300581.SZ,2021-05-01,train,pending,,12,0,0,False,False,0,verified_nonfinancial,True,True,True,2022-04-30,False,False,none,none,annual_financial_certification;annual_text_certification,0,0,False,False,ST_history_label_and_input_certification_pending
300581.SZ:2022,300581.SZ,2022-05-01,validation,pending,,12,0,0,False,False,0,verified_nonfinancial,True,True,True,2023-04-30,False,False,none,none,annual_financial_certification;annual_text_certification,0,0,False,False,ST_history_label_and_input_certification_pending
300581.SZ:2023,300581.SZ,2023-05-01,validation,pending,,12,0,0,False,False,0,pending,True,True,True,2024-04-30,False,False,none,none,historical_industry;annual_financial_certification;annual_text_certification,0,0,False,False,ST_history_label_and_input_certification_pending
300581.SZ:2024,300581.SZ,2024-05-01,test,pending,,12,0,0,False,False,0,verified_nonfinancial,True,True,True,2025-04-30,False,False,none,none,annual_financial_certification;annual_text_certification,0,0,False,False,ST_history_label_and_input_certification_pending
300581.SZ:2025,300581.SZ,2025-05-01,test,pending,,12,0,0,False,False,0,verified_nonfinancial,True,True,True,2026-04-30,False,False,none,none,annual_financial_certification;annual_text_certification,0,0,False,False,ST_history_label_and_input_certification_pending
300584.SZ:2020,300584.SZ,2020-05-01,train,pending,,12,0,0,False,False,0,verified_nonfinancial,True,True,True,2021-04-30,False,False,none,none,annual_financial_certification;annual_text_certification,0,0,False,False,ST_history_label_and_input_certification_pending
300584.SZ:2021,300584.SZ,2021-05-01,train,pending,,12,0,0,False,False,0,verified_nonfinancial,True,True,True,2022-04-30,False,False,none,none,annual_financial_certification;annual_text_certification,0,0,False,False,ST_history_label_and_input_certification_pending
300584.SZ:2022,300584.SZ,2022-05-01,validation,pending,,12,0,0,False,False,0,verified_nonfinancial,True,True,True,2023-04-30,False,False,none,none,annual_financial_certification;annual_text_certification,0,0,False,False,ST_history_label_and_input_certification_pending
300584.SZ:2023,300584.SZ,2023-05-01,validation,pending,,12,0,0,False,False,0,pending,True,True,True,2024-04-30,False,False,none,none,historical_industry;annual_financial_certification;annual_text_certification,0,0,False,False,ST_history_label_and_input_certification_pending
300584.SZ:2024,300584.SZ,2024-05-01,test,pending,,12,0,0,False,False,0,verified_nonfinancial,True,True,True,2025-04-30,False,False,none,none,annual_financial_certification;annual_text_certification,0,0,False,False,ST_history_label_and_input_certification_pending
300584.SZ:2025,300584.SZ,2025-05-01,test,pending,,12,0,0,False,False,0,verified_nonfinancial,True,True,True,2026-04-30,False,False,none,none,annual_financial_certification;annual_text_certification,0,0,False,False,ST_history_label_and_input_certification_pending
300585.SZ:2020,300585.SZ,2020-05-01,train,pending,,12,0,0,False,False,0,verified_nonfinancial,True,True,True,2021-04-30,False,False,none,none,annual_financial_certification;annual_text_certification,0,0,False,False,ST_history_label_and_input_certification_pending
300585.SZ:2021,300585.SZ,2021-05-01,train,pending,,12,0,0,False,False,0,verified_nonfinancial,True,True,True,2022-04-30,False,False,none,none,annual_financial_certification;annual_text_certification,0,0,False,False,ST_history_label_and_input_certification_pending
300585.SZ:2022,300585.SZ,2022-05-01,validation,pending,,12,0,0,False,False,0,verified_nonfinancial,True,True,True,2023-04-30,False,False,none,none,annual_financial_certification;annual_text_certification,0,0,False,False,ST_history_label_and_input_certification_pending
300585.SZ:2023,300585.SZ,2023-05-01,validation,pending,,12,0,0,False,False,0,pending,True,True,True,2024-04-30,False,False,none,none,historical_industry;annual_financial_certification;annual_text_certification,0,0,False,False,ST_history_label_and_input_certification_pending
300585.SZ:2024,300585.SZ,2024-05-01,test,pending,,12,0,0,False,False,0,verified_nonfinancial,True,True,True,2025-04-30,False,False,none,none,annual_financial_certification;annual_text_certification,0,0,False,False,ST_history_label_and_input_certification_pending
300585.SZ:2025,300585.SZ,2025-05-01,test,pending,,12,0,0,False,False,0,verified_nonfinancial,True,True,True,2026-04-30,False,False,none,none,annual_financial_certification;annual_text_certification,0,0,False,False,ST_history_label_and_input_certification_pending
300601.SZ:2020,300601.SZ,2020-05-01,train,pending,,12,0,0,False,False,0,verified_nonfinancial,True,True,True,2021-04-30,False,False,none,none,annual_financial_certification;annual_text_certification,0,0,False,False,ST_history_label_and_input_certification_pending
300601.SZ:2021,300601.SZ,2021-05-01,train,pending,,12,0,0,False,False,0,verified_nonfinancial,True,True,True,2022-04-30,False,False,none,none,annual_financial_certification;annual_text_certification,0,0,False,False,ST_history_label_and_input_certification_pending
300601.SZ:2022,300601.SZ,2022-05-01,validation,pending,,12,0,0,False,False,0,verified_nonfinancial,True,True,True,2023-04-30,False,False,none,none,annual_financial_certification;annual_text_certification,0,0,False,False,ST_history_label_and_input_certification_pending
300601.SZ:2023,300601.SZ,2023-05-01,validation,pending,,12,0,0,False,False,0,pending,True,True,True,2024-04-30,False,False,none,none,historical_industry;annual_financial_certification;annual_text_certification,0,0,False,False,ST_history_label_and_input_certification_pending
300601.SZ:2024,300601.SZ,2024-05-01,test,pending,,12,0,0,False,False,0,verified_nonfinancial,True,True,True,2025-04-30,False,False,none,none,annual_financial_certification;annual_text_certification,0,0,False,False,ST_history_label_and_input_certification_pending
300601.SZ:2025,300601.SZ,2025-05-01,test,pending,,12,0,0,False,False,0,verified_nonfinancial,True,True,True,2026-04-30,False,False,none,none,annual_financial_certification;annual_text_certification,0,0,False,False,ST_history_label_and_input_certification_pending
300604.SZ:2020,300604.SZ,2020-05-01,train,pending,,12,0,0,False,False,0,verified_nonfinancial,True,True,True,2021-04-30,False,False,none,none,annual_financial_certification;annual_text_certification,0,0,False,False,ST_history_label_and_input_certification_pending
300604.SZ:2021,300604.SZ,2021-05-01,train,pending,,12,0,0,False,False,0,verified_nonfinancial,True,True,True,2022-04-30,False,False,none,none,annual_financial_certification;annual_text_certification,0,0,False,False,ST_history_label_and_input_certification_pending
300604.SZ:2022,300604.SZ,2022-05-01,validation,pending,,12,0,0,False,False,0,verified_nonfinancial,True,True,True,2023-04-30,False,False,none,none,annual_financial_certification;annual_text_certification,0,0,False,False,ST_history_label_and_input_certification_pending
300604.SZ:2023,300604.SZ,2023-05-01,validation,pending,,12,0,0,False,False,0,pending,True,True,True,2024-04-30,False,False,none,none,historical_industry;annual_financial_certification;annual_text_certification,0,0,False,False,ST_history_label_and_input_certification_pending
300604.SZ:2024,300604.SZ,2024-05-01,test,pending,,12,0,0,False,False,0,verified_nonfinancial,True,True,True,2025-04-30,False,False,none,none,annual_financial_certification;annual_text_certification,0,0,False,False,ST_history_label_and_input_certification_pending
300604.SZ:2025,300604.SZ,2025-05-01,test,pending,,12,0,0,False,False,0,verified_nonfinancial,True,True,True,2026-04-30,False,False,none,none,annual_financial_certification;annual_text_certification,0,0,False,False,ST_history_label_and_input_certification_pending
300609.SZ:2020,300609.SZ,2020-05-01,train,pending,,12,0,0,False,False,0,verified_nonfinancial,True,True,True,2021-04-30,False,False,none,none,annual_financial_certification;annual_text_certification,0,0,False,False,ST_history_label_and_input_certification_pending
300609.SZ:2021,300609.SZ,2021-05-01,train,pending,,12,0,0,False,False,0,verified_nonfinancial,True,True,True,2022-04-30,False,False,none,none,annual_financial_certification;annual_text_certification,0,0,False,False,ST_history_label_and_input_certification_pending
300609.SZ:2022,300609.SZ,2022-05-01,validation,pending,,12,0,0,False,False,0,verified_nonfinancial,True,True,True,2023-04-30,False,False,none,none,annual_financial_certification;annual_text_certification,0,0,False,False,ST_history_label_and_input_certification_pending
300609.SZ:2023,300609.SZ,2023-05-01,validation,pending,,12,0,0,False,False,0,pending,True,True,True,2024-04-30,False,False,none,none,historical_industry;annual_financial_certification;annual_text_certification,0,0,False,False,ST_history_label_and_input_certification_pending
300609.SZ:2024,300609.SZ,2024-05-01,test,pending,,12,0,0,False,False,0,verified_nonfinancial,True,True,True,2025-04-30,False,False,none,none,annual_financial_certification;annual_text_certification,0,0,False,False,ST_history_label_and_input_certification_pending
300609.SZ:2025,300609.SZ,2025-05-01,test,pending,,12,0,0,False,False,0,verified_nonfinancial,True,True,True,2026-04-30,False,False,none,none,annual_financial_certification;annual_text_certification,0,0,False,False,ST_history_label_and_input_certification_pending
300610.SZ:2020,300610.SZ,2020-05-01,train,pending,,12,0,0,False,False,0,verified_nonfinancial,True,True,True,2021-04-30,False,False,none,none,annual_financial_certification;annual_text_certification,0,0,False,False,ST_history_label_and_input_certification_pending
300610.SZ:2021,300610.SZ,2021-05-01,train,pending,,12,0,0,False,False,0,verified_nonfinancial,True,True,True,2022-04-30,False,False,none,none,annual_financial_certification;annual_text_certification,0,0,False,False,ST_history_label_and_input_certification_pending
300610.SZ:2022,300610.SZ,2022-05-01,validation,pending,,12,0,0,False,False,0,verified_nonfinancial,True,True,True,2023-04-30,False,False,none,none,annual_financial_certification;annual_text_certification,0,0,False,False,ST_history_label_and_input_certification_pending
300610.SZ:2023,300610.SZ,2023-05-01,validation,pending,,12,0,0,False,False,0,pending,True,True,True,2024-04-30,False,False,none,none,historical_industry;annual_financial_certification;annual_text_certification,0,0,False,False,ST_history_label_and_input_certification_pending
300610.SZ:2024,300610.SZ,2024-05-01,test,pending,,12,0,0,False,False,0,verified_nonfinancial,True,True,True,2025-04-30,False,False,none,none,annual_financial_certification;annual_text_certification,0,0,False,False,ST_history_label_and_input_certification_pending
300610.SZ:2025,300610.SZ,2025-05-01,test,pending,,12,0,0,False,False,0,verified_nonfinancial,True,True,True,2026-04-30,False,False,none,none,annual_financial_certification;annual_text_certification,0,0,False,False,ST_history_label_and_input_certification_pending
300634.SZ:2021,300634.SZ,2021-05-01,train,pending,,12,0,0,False,False,0,verified_nonfinancial,True,True,True,2022-04-30,False,False,none,none,annual_financial_certification;annual_text_certification,0,0,False,False,ST_history_label_and_input_certification_pending
300634.SZ:2022,300634.SZ,2022-05-01,validation,pending,,12,0,0,False,False,0,verified_nonfinancial,True,True,True,2023-04-30,False,False,none,none,annual_financial_certification;annual_text_certification,0,0,False,False,ST_history_label_and_input_certification_pending
300634.SZ:2023,300634.SZ,2023-05-01,validation,pending,,12,0,0,False,False,0,pending,True,True,True,2024-04-30,False,False,none,none,historical_industry;annual_financial_certification;annual_text_certification,0,0,False,False,ST_history_label_and_input_certification_pending
300634.SZ:2024,300634.SZ,2024-05-01,test,pending,,12,0,0,False,False,0,verified_nonfinancial,True,True,True,2025-04-30,False,False,none,none,annual_financial_certification;annual_text_certification,0,0,False,False,ST_history_label_and_input_certification_pending
300634.SZ:2025,300634.SZ,2025-05-01,test,pending,,12,0,0,False,False,0,verified_nonfinancial,True,True,True,2026-04-30,False,False,none,none,annual_financial_certification;annual_text_certification,0,0,False,False,ST_history_label_and_input_certification_pending
300639.SZ:2020,300639.SZ,2020-05-01,train,pending,,12,0,0,False,False,0,verified_nonfinancial,True,True,True,2021-04-30,False,False,none,none,annual_financial_certification;annual_text_certification,0,0,False,False,ST_history_label_and_input_certification_pending
300639.SZ:2021,300639.SZ,2021-05-01,train,pending,,12,0,0,False,False,0,verified_nonfinancial,True,True,True,2022-04-30,False,False,none,none,annual_financial_certification;annual_text_certification,0,0,False,False,ST_history_label_and_input_certification_pending
300639.SZ:2022,300639.SZ,2022-05-01,validation,pending,,12,0,0,False,False,0,verified_nonfinancial,True,True,True,2023-04-30,False,False,none,none,annual_financial_certification;annual_text_certification,0,0,False,False,ST_history_label_and_input_certification_pending
300639.SZ:2023,300639.SZ,2023-05-01,validation,pending,,12,0,0,False,False,0,pending,True,True,True,2024-04-30,False,False,none,none,historical_industry;annual_financial_certification;annual_text_certification,0,0,False,False,ST_history_label_and_input_certification_pending
300639.SZ:2024,300639.SZ,2024-05-01,test,pending,,12,0,0,False,False,0,verified_nonfinancial,True,True,True,2025-04-30,False,False,none,none,annual_financial_certification;annual_text_certification,0,0,False,False,ST_history_label_and_input_certification_pending
300639.SZ:2025,300639.SZ,2025-05-01,test,pending,,12,0,0,False,False,0,verified_nonfinancial,True,True,True,2026-04-30,False,False,none,none,annual_financial_certification;annual_text_certification,0,0,False,False,ST_history_label_and_input_certification_pending
300640.SZ:2020,300640.SZ,2020-05-01,train,pending,,12,0,0,False,False,0,verified_nonfinancial,True,True,True,2021-04-30,False,False,none,none,annual_financial_certification;annual_text_certification,0,0,False,False,ST_history_label_and_input_certification_pending
300640.SZ:2021,300640.SZ,2021-05-01,train,pending,,12,0,0,False,False,0,verified_nonfinancial,True,True,True,2022-04-30,False,False,none,none,annual_financial_certification;annual_text_certification,0,0,False,False,ST_history_label_and_input_certification_pending
300640.SZ:2022,300640.SZ,2022-05-01,validation,pending,,12,0,0,False,False,0,verified_nonfinancial,True,True,True,2023-04-30,False,False,none,none,annual_financial_certification;annual_text_certification,0,0,False,False,ST_history_label_and_input_certification_pending
300640.SZ:2023,300640.SZ,2023-05-01,validation,pending,,12,0,0,False,False,0,pending,True,True,True,2024-04-30,False,False,none,none,historical_industry;annual_financial_certification;annual_text_certification,0,0,False,False,ST_history_label_and_input_certification_pending
300640.SZ:2024,300640.SZ,2024-05-01,test,pending,,12,0,0,False,False,0,verified_nonfinancial,True,True,True,2025-04-30,False,False,none,none,annual_financial_certification;annual_text_certification,0,0,False,False,ST_history_label_and_input_certification_pending
300640.SZ:2025,300640.SZ,2025-05-01,test,pending,,12,0,0,False,False,0,verified_nonfinancial,True,True,True,2026-04-30,False,False,none,none,annual_financial_certification;annual_text_certification,0,0,False,False,ST_history_label_and_input_certification_pending
300643.SZ:2021,300643.SZ,2021-05-01,train,pending,,12,0,0,False,False,0,verified_nonfinancial,True,True,True,2022-04-30,False,False,none,none,annual_financial_certification;annual_text_certification,0,0,False,False,ST_history_label_and_input_certification_pending
300643.SZ:2022,300643.SZ,2022-05-01,validation,pending,,12,0,0,False,False,0,verified_nonfinancial,True,True,True,2023-04-30,False,False,none,none,annual_financial_certification;annual_text_certification,0,0,False,False,ST_history_label_and_input_certification_pending
300643.SZ:2023,300643.SZ,2023-05-01,validation,pending,,12,0,0,False,False,0,pending,True,True,True,2024-04-30,False,False,none,none,historical_industry;annual_financial_certification;annual_text_certification,0,0,False,False,ST_history_label_and_input_certification_pending
300643.SZ:2024,300643.SZ,2024-05-01,test,pending,,12,0,0,False,False,0,verified_nonfinancial,True,True,True,2025-04-30,False,False,none,none,annual_financial_certification;annual_text_certification,0,0,False,False,ST_history_label_and_input_certification_pending
300643.SZ:2025,300643.SZ,2025-05-01,test,pending,,12,0,0,False,False,0,verified_nonfinancial,True,True,True,2026-04-30,False,False,none,none,annual_financial_certification;annual_text_certification,0,0,False,False,ST_history_label_and_input_certification_pending
300652.SZ:2021,300652.SZ,2021-05-01,train,pending,,12,0,0,False,False,0,verified_nonfinancial,True,True,True,2022-04-30,False,False,none,none,annual_financial_certification;annual_text_certification,0,0,False,False,ST_history_label_and_input_certification_pending
300652.SZ:2022,300652.SZ,2022-05-01,validation,pending,,12,0,0,False,False,0,verified_nonfinancial,True,True,True,2023-04-30,False,False,none,none,annual_financial_certification;annual_text_certification,0,0,False,False,ST_history_label_and_input_certification_pending
300652.SZ:2023,300652.SZ,2023-05-01,validation,pending,,12,0,0,False,False,0,pending,True,True,True,2024-04-30,False,False,none,none,historical_industry;annual_financial_certification;annual_text_certification,0,0,False,False,ST_history_label_and_input_certification_pending
300652.SZ:2024,300652.SZ,2024-05-01,test,pending,,12,0,0,False,False,0,verified_nonfinancial,True,True,True,2025-04-30,False,False,none,none,annual_financial_certification;annual_text_certification,0,0,False,False,ST_history_label_and_input_certification_pending
300652.SZ:2025,300652.SZ,2025-05-01,test,pending,,12,0,0,False,False,0,verified_nonfinancial,True,True,True,2026-04-30,False,False,none,none,annual_financial_certification;annual_text_certification,0,0,False,False,ST_history_label_and_input_certification_pending
300653.SZ:2021,300653.SZ,2021-05-01,train,pending,,12,0,0,False,False,0,verified_nonfinancial,True,True,True,2022-04-30,False,False,none,none,annual_financial_certification;annual_text_certification,0,0,False,False,ST_history_label_and_input_certification_pending
300653.SZ:2022,300653.SZ,2022-05-01,validation,pending,,12,0,0,False,False,0,verified_nonfinancial,True,True,True,2023-04-30,False,False,none,none,annual_financial_certification;annual_text_certification,0,0,False,False,ST_history_label_and_input_certification_pending
300653.SZ:2023,300653.SZ,2023-05-01,validation,pending,,12,0,0,False,False,0,pending,True,True,True,2024-04-30,False,False,none,none,historical_industry;annual_financial_certification;annual_text_certification,0,0,False,False,ST_history_label_and_input_certification_pending
300653.SZ:2024,300653.SZ,2024-05-01,test,pending,,12,0,0,False,False,0,verified_nonfinancial,True,True,True,2025-04-30,False,False,none,none,annual_financial_certification;annual_text_certification,0,0,False,False,ST_history_label_and_input_certification_pending
300653.SZ:2025,300653.SZ,2025-05-01,test,pending,,12,0,0,False,False,0,verified_nonfinancial,True,True,True,2026-04-30,False,False,none,none,annual_financial_certification;annual_text_certification,0,0,False,False,ST_history_label_and_input_certification_pending
300654.SZ:2021,300654.SZ,2021-05-01,train,pending,,12,0,0,False,False,0,verified_nonfinancial,True,True,True,2022-04-30,False,False,none,none,annual_financial_certification;annual_text_certification,0,0,False,False,ST_history_label_and_input_certification_pending
300654.SZ:2022,300654.SZ,2022-05-01,validation,pending,,12,0,0,False,False,0,verified_nonfinancial,True,True,True,2023-04-30,False,False,none,none,annual_financial_certification;annual_text_certification,0,0,False,False,ST_history_label_and_input_certification_pending
300654.SZ:2023,300654.SZ,2023-05-01,validation,pending,,12,0,0,False,False,0,pending,True,True,True,2024-04-30,False,False,none,none,historical_industry;annual_financial_certification;annual_text_certification,0,0,False,False,ST_history_label_and_input_certification_pending
300654.SZ:2024,300654.SZ,2024-05-01,test,pending,,12,0,0,False,False,0,verified_nonfinancial,True,True,True,2025-04-30,False,False,none,none,annual_financial_certification;annual_text_certification,0,0,False,False,ST_history_label_and_input_certification_pending
300654.SZ:2025,300654.SZ,2025-05-01,test,pending,,12,0,0,False,False,0,verified_nonfinancial,True,True,True,2026-04-30,False,False,none,none,annual_financial_certification;annual_text_certification,0,0,False,False,ST_history_label_and_input_certification_pending
300655.SZ:2021,300655.SZ,2021-05-01,train,pending,,12,0,0,False,False,0,verified_nonfinancial,True,True,True,2022-04-30,False,False,none,none,annual_financial_certification;annual_text_certification,0,0,False,False,ST_history_label_and_input_certification_pending
300655.SZ:2022,300655.SZ,2022-05-01,validation,pending,,12,0,0,False,False,0,verified_nonfinancial,True,True,True,2023-04-30,False,False,none,none,annual_financial_certification;annual_text_certification,0,0,False,False,ST_history_label_and_input_certification_pending
300655.SZ:2023,300655.SZ,2023-05-01,validation,pending,,12,0,0,False,False,0,pending,True,True,True,2024-04-30,False,False,none,none,historical_industry;annual_financial_certification;annual_text_certification,0,0,False,False,ST_history_label_and_input_certification_pending
300655.SZ:2024,300655.SZ,2024-05-01,test,pending,,12,0,0,False,False,0,verified_nonfinancial,True,True,True,2025-04-30,False,False,none,none,annual_financial_certification;annual_text_certification,0,0,False,False,ST_history_label_and_input_certification_pending
300655.SZ:2025,300655.SZ,2025-05-01,test,pending,,12,0,0,False,False,0,verified_nonfinancial,True,True,True,2026-04-30,False,False,none,none,annual_financial_certification;annual_text_certification,0,0,False,False,ST_history_label_and_input_certification_pending
300662.SZ:2021,300662.SZ,2021-05-01,train,pending,,12,0,0,False,False,0,verified_nonfinancial,True,True,True,2022-04-30,False,False,none,none,annual_financial_certification;annual_text_certification,0,0,False,False,ST_history_label_and_input_certification_pending
300662.SZ:2022,300662.SZ,2022-05-01,validation,pending,,12,0,0,False,False,0,verified_nonfinancial,True,True,True,2023-04-30,False,False,none,none,annual_financial_certification;annual_text_certification,0,0,False,False,ST_history_label_and_input_certification_pending
300662.SZ:2023,300662.SZ,2023-05-01,validation,pending,,12,0,0,False,False,0,pending,True,True,True,2024-04-30,False,False,none,none,historical_industry;annual_financial_certification;annual_text_certification,0,0,False,False,ST_history_label_and_input_certification_pending
300662.SZ:2024,300662.SZ,2024-05-01,test,pending,,12,0,0,False,False,0,verified_nonfinancial,True,True,True,2025-04-30,False,False,none,none,annual_financial_certification;annual_text_certification,0,0,False,False,ST_history_label_and_input_certification_pending
300662.SZ:2025,300662.SZ,2025-05-01,test,pending,,12,0,0,False,False,0,verified_nonfinancial,True,True,True,2026-04-30,False,False,none,none,annual_financial_certification;annual_text_certification,0,0,False,False,ST_history_label_and_input_certification_pending
300673.SZ:2021,300673.SZ,2021-05-01,train,pending,,12,0,0,False,False,0,verified_nonfinancial,True,True,True,2022-04-30,False,False,none,none,annual_financial_certification;annual_text_certification,0,0,False,False,ST_history_label_and_input_certification_pending
300673.SZ:2022,300673.SZ,2022-05-01,validation,pending,,12,0,0,False,False,0,verified_nonfinancial,True,True,True,2023-04-30,False,False,none,none,annual_financial_certification;annual_text_certification,0,0,False,False,ST_history_label_and_input_certification_pending
300673.SZ:2023,300673.SZ,2023-05-01,validation,pending,,12,0,0,False,False,0,pending,True,True,True,2024-04-30,False,False,none,none,historical_industry;annual_financial_certification;annual_text_certification,0,0,False,False,ST_history_label_and_input_certification_pending
300673.SZ:2024,300673.SZ,2024-05-01,test,pending,,12,0,0,False,False,0,verified_nonfinancial,True,True,True,2025-04-30,False,False,none,none,annual_financial_certification;annual_text_certification,0,0,False,False,ST_history_label_and_input_certification_pending
300673.SZ:2025,300673.SZ,2025-05-01,test,pending,,12,0,0,False,False,0,verified_nonfinancial,True,True,True,2026-04-30,False,False,none,none,annual_financial_certification;annual_text_certification,0,0,False,False,ST_history_label_and_input_certification_pending
300680.SZ:2021,300680.SZ,2021-05-01,train,pending,,12,0,0,False,False,0,verified_nonfinancial,True,True,True,2022-04-30,False,False,none,none,annual_financial_certification;annual_text_certification,0,0,False,False,ST_history_label_and_input_certification_pending
300680.SZ:2022,300680.SZ,2022-05-01,validation,pending,,12,0,0,False,False,0,verified_nonfinancial,True,True,True,2023-04-30,False,False,none,none,annual_financial_certification;annual_text_certification,0,0,False,False,ST_history_label_and_input_certification_pending
300680.SZ:2023,300680.SZ,2023-05-01,validation,pending,,12,0,0,False,False,0,pending,True,True,True,2024-04-30,False,False,none,none,historical_industry;annual_financial_certification;annual_text_certification,0,0,False,False,ST_history_label_and_input_certification_pending
300680.SZ:2024,300680.SZ,2024-05-01,test,pending,,12,0,0,False,False,0,verified_nonfinancial,True,True,True,2025-04-30,False,False,none,none,annual_financial_certification;annual_text_certification,0,0,False,False,ST_history_label_and_input_certification_pending
300680.SZ:2025,300680.SZ,2025-05-01,test,pending,,12,0,0,False,False,0,verified_nonfinancial,True,True,True,2026-04-30,False,False,none,none,annual_financial_certification;annual_text_certification,0,0,False,False,ST_history_label_and_input_certification_pending
300690.SZ:2021,300690.SZ,2021-05-01,train,pending,,12,0,0,False,False,0,verified_nonfinancial,True,True,True,2022-04-30,False,False,none,none,annual_financial_certification;annual_text_certification,0,0,False,False,ST_history_label_and_input_certification_pending
300690.SZ:2022,300690.SZ,2022-05-01,validation,pending,,12,0,0,False,False,0,verified_nonfinancial,True,True,True,2023-04-30,False,False,none,none,annual_financial_certification;annual_text_certification,0,0,False,False,ST_history_label_and_input_certification_pending
300690.SZ:2023,300690.SZ,2023-05-01,validation,pending,,12,0,0,False,False,0,pending,True,True,True,2024-04-30,False,False,none,none,historical_industry;annual_financial_certification;annual_text_certification,0,0,False,False,ST_history_label_and_input_certification_pending
300690.SZ:2024,300690.SZ,2024-05-01,test,pending,,12,0,0,False,False,0,verified_nonfinancial,True,True,True,2025-04-30,False,False,none,none,annual_financial_certification;annual_text_certification,0,0,False,False,ST_history_label_and_input_certification_pending
300690.SZ:2025,300690.SZ,2025-05-01,test,pending,,12,0,0,False,False,0,verified_nonfinancial,True,True,True,2026-04-30,False,False,none,none,annual_financial_certification;annual_text_certification,0,0,False,False,ST_history_label_and_input_certification_pending
300692.SZ:2021,300692.SZ,2021-05-01,train,pending,,12,0,0,False,False,0,verified_nonfinancial,True,True,True,2022-04-30,False,False,none,none,annual_financial_certification;annual_text_certification,0,0,False,False,ST_history_label_and_input_certification_pending
300692.SZ:2022,300692.SZ,2022-05-01,validation,pending,,12,0,0,False,False,0,verified_nonfinancial,True,True,True,2023-04-30,False,False,none,none,annual_financial_certification;annual_text_certification,0,0,False,False,ST_history_label_and_input_certification_pending
300692.SZ:2023,300692.SZ,2023-05-01,validation,pending,,12,0,0,False,False,0,pending,True,True,True,2024-04-30,False,False,none,none,historical_industry;annual_financial_certification;annual_text_certification,0,0,False,False,ST_history_label_and_input_certification_pending
300692.SZ:2024,300692.SZ,2024-05-01,test,pending,,12,0,0,False,False,0,verified_nonfinancial,True,True,True,2025-04-30,False,False,none,none,annual_financial_certification;annual_text_certification,0,0,False,False,ST_history_label_and_input_certification_pending
300692.SZ:2025,300692.SZ,2025-05-01,test,pending,,12,0,0,False,False,0,verified_nonfinancial,True,True,True,2026-04-30,False,False,none,none,annual_financial_certification;annual_text_certification,0,0,False,False,ST_history_label_and_input_certification_pending
300700.SZ:2021,300700.SZ,2021-05-01,train,pending,,12,0,0,False,False,0,verified_nonfinancial,True,True,True,2022-04-30,False,False,none,none,annual_financial_certification;annual_text_certification,0,0,False,False,ST_history_label_and_input_certification_pending
300700.SZ:2022,300700.SZ,2022-05-01,validation,pending,,12,0,0,False,False,0,verified_nonfinancial,True,True,True,2023-04-30,False,False,none,none,annual_financial_certification;annual_text_certification,0,0,False,False,ST_history_label_and_input_certification_pending
300700.SZ:2023,300700.SZ,2023-05-01,validation,pending,,12,0,0,False,False,0,pending,True,True,True,2024-04-30,False,False,none,none,historical_industry;annual_financial_certification;annual_text_certification,0,0,False,False,ST_history_label_and_input_certification_pending
300700.SZ:2024,300700.SZ,2024-05-01,test,pending,,12,0,0,False,False,0,verified_nonfinancial,True,True,True,2025-04-30,False,False,none,none,annual_financial_certification;annual_text_certification,0,0,False,False,ST_history_label_and_input_certification_pending
300700.SZ:2025,300700.SZ,2025-05-01,test,pending,,12,0,0,False,False,0,verified_nonfinancial,True,True,True,2026-04-30,False,False,none,none,annual_financial_certification;annual_text_certification,0,0,False,False,ST_history_label_and_input_certification_pending
300703.SZ:2021,300703.SZ,2021-05-01,train,pending,,12,0,0,False,False,0,verified_nonfinancial,True,True,True,2022-04-30,False,False,none,none,annual_financial_certification;annual_text_certification,0,0,False,False,ST_history_label_and_input_certification_pending
300703.SZ:2022,300703.SZ,2022-05-01,validation,pending,,12,0,0,False,False,0,verified_nonfinancial,True,True,True,2023-04-30,False,False,none,none,annual_financial_certification;annual_text_certification,0,0,False,False,ST_history_label_and_input_certification_pending
300703.SZ:2023,300703.SZ,2023-05-01,validation,pending,,12,0,0,False,False,0,pending,True,True,True,2024-04-30,False,False,none,none,historical_industry;annual_financial_certification;annual_text_certification,0,0,False,False,ST_history_label_and_input_certification_pending
300703.SZ:2024,300703.SZ,2024-05-01,test,pending,,12,0,0,False,False,0,verified_nonfinancial,True,True,True,2025-04-30,False,False,none,none,annual_financial_certification;annual_text_certification,0,0,False,False,ST_history_label_and_input_certification_pending
300703.SZ:2025,300703.SZ,2025-05-01,test,pending,,12,0,0,False,False,0,verified_nonfinancial,True,True,True,2026-04-30,False,False,none,none,annual_financial_certification;annual_text_certification,0,0,False,False,ST_history_label_and_input_certification_pending
300710.SZ:2021,300710.SZ,2021-05-01,train,pending,,12,0,0,False,False,0,verified_nonfinancial,True,True,True,2022-04-30,False,False,none,none,annual_financial_certification;annual_text_certification,0,0,False,False,ST_history_label_and_input_certification_pending
300710.SZ:2022,300710.SZ,2022-05-01,validation,pending,,12,0,0,False,False,0,verified_nonfinancial,True,True,True,2023-04-30,False,False,none,none,annual_financial_certification;annual_text_certification,0,0,False,False,ST_history_label_and_input_certification_pending
300710.SZ:2023,300710.SZ,2023-05-01,validation,pending,,12,0,0,False,False,0,pending,True,True,True,2024-04-30,False,False,none,none,historical_industry;annual_financial_certification;annual_text_certification,0,0,False,False,ST_history_label_and_input_certification_pending
300710.SZ:2024,300710.SZ,2024-05-01,test,pending,,12,0,0,False,False,0,verified_nonfinancial,True,True,True,2025-04-30,False,False,none,none,annual_financial_certification;annual_text_certification,0,0,False,False,ST_history_label_and_input_certification_pending
300710.SZ:2025,300710.SZ,2025-05-01,test,pending,,12,0,0,False,False,0,verified_nonfinancial,True,True,True,2026-04-30,False,False,none,none,annual_financial_certification;annual_text_certification,0,0,False,False,ST_history_label_and_input_certification_pending
300720.SZ:2021,300720.SZ,2021-05-01,train,pending,,12,0,0,False,False,0,verified_nonfinancial,True,True,True,2022-04-30,False,False,none,none,annual_financial_certification;annual_text_certification,0,0,False,False,ST_history_label_and_input_certification_pending
300720.SZ:2022,300720.SZ,2022-05-01,validation,pending,,12,0,0,False,False,0,verified_nonfinancial,True,True,True,2023-04-30,False,False,none,none,annual_financial_certification;annual_text_certification,0,0,False,False,ST_history_label_and_input_certification_pending
300720.SZ:2023,300720.SZ,2023-05-01,validation,pending,,12,0,0,False,False,0,pending,True,True,True,2024-04-30,False,False,none,none,historical_industry;annual_financial_certification;annual_text_certification,0,0,False,False,ST_history_label_and_input_certification_pending
300720.SZ:2024,300720.SZ,2024-05-01,test,pending,,12,0,0,False,False,0,verified_nonfinancial,True,True,True,2025-04-30,False,False,none,none,annual_financial_certification;annual_text_certification,0,0,False,False,ST_history_label_and_input_certification_pending
300720.SZ:2025,300720.SZ,2025-05-01,test,pending,,12,0,0,False,False,0,verified_nonfinancial,True,True,True,2026-04-30,False,False,none,none,annual_financial_certification;annual_text_certification,0,0,False,False,ST_history_label_and_input_certification_pending
300729.SZ:2021,300729.SZ,2021-05-01,train,pending,,12,0,0,False,False,0,verified_nonfinancial,True,True,True,2022-04-30,False,False,none,none,annual_financial_certification;annual_text_certification,0,0,False,False,ST_history_label_and_input_certification_pending
300729.SZ:2022,300729.SZ,2022-05-01,validation,pending,,12,0,0,False,False,0,verified_nonfinancial,True,True,True,2023-04-30,False,False,none,none,annual_financial_certification;annual_text_certification,0,0,False,False,ST_history_label_and_input_certification_pending
300729.SZ:2023,300729.SZ,2023-05-01,validation,pending,,12,0,0,False,False,0,pending,True,True,True,2024-04-30,False,False,none,none,historical_industry;annual_financial_certification;annual_text_certification,0,0,False,False,ST_history_label_and_input_certification_pending
300729.SZ:2024,300729.SZ,2024-05-01,test,pending,,12,0,0,False,False,0,verified_nonfinancial,True,True,True,2025-04-30,False,False,none,none,annual_financial_certification;annual_text_certification,0,0,False,False,ST_history_label_and_input_certification_pending
300729.SZ:2025,300729.SZ,2025-05-01,test,pending,,12,0,0,False,False,0,verified_nonfinancial,True,True,True,2026-04-30,False,False,none,none,annual_financial_certification;annual_text_certification,0,0,False,False,ST_history_label_and_input_certification_pending
300732.SZ:2021,300732.SZ,2021-05-01,train,pending,,12,0,0,False,False,0,verified_nonfinancial,True,True,True,2022-04-30,False,False,none,none,annual_financial_certification;annual_text_certification,0,0,False,False,ST_history_label_and_input_certification_pending
300732.SZ:2022,300732.SZ,2022-05-01,validation,pending,,12,0,0,False,False,0,verified_nonfinancial,True,True,True,2023-04-30,False,False,none,none,annual_financial_certification;annual_text_certification,0,0,False,False,ST_history_label_and_input_certification_pending
300732.SZ:2023,300732.SZ,2023-05-01,validation,pending,,12,0,0,False,False,0,pending,True,True,True,2024-04-30,False,False,none,none,historical_industry;annual_financial_certification;annual_text_certification,0,0,False,False,ST_history_label_and_input_certification_pending
300732.SZ:2024,300732.SZ,2024-05-01,test,pending,,12,0,0,False,False,0,verified_nonfinancial,True,True,True,2025-04-30,False,False,none,none,annual_financial_certification;annual_text_certification,0,0,False,False,ST_history_label_and_input_certification_pending
300732.SZ:2025,300732.SZ,2025-05-01,test,pending,,12,0,0,False,False,0,verified_nonfinancial,True,True,True,2026-04-30,False,False,none,none,annual_financial_certification;annual_text_certification,0,0,False,False,ST_history_label_and_input_certification_pending
300733.SZ:2021,300733.SZ,2021-05-01,train,pending,,12,0,0,False,False,0,verified_nonfinancial,True,True,True,2022-04-30,False,False,none,none,annual_financial_certification;annual_text_certification,0,0,False,False,ST_history_label_and_input_certification_pending
300733.SZ:2022,300733.SZ,2022-05-01,validation,pending,,12,0,0,False,False,0,verified_nonfinancial,True,True,True,2023-04-30,False,False,none,none,annual_financial_certification;annual_text_certification,0,0,False,False,ST_history_label_and_input_certification_pending
300733.SZ:2023,300733.SZ,2023-05-01,validation,pending,,12,0,0,False,False,0,pending,True,True,True,2024-04-30,False,False,none,none,historical_industry;annual_financial_certification;annual_text_certification,0,0,False,False,ST_history_label_and_input_certification_pending
300733.SZ:2024,300733.SZ,2024-05-01,test,pending,,12,0,0,False,False,0,verified_nonfinancial,True,True,True,2025-04-30,False,False,none,none,annual_financial_certification;annual_text_certification,0,0,False,False,ST_history_label_and_input_certification_pending
300733.SZ:2025,300733.SZ,2025-05-01,test,pending,,12,0,0,False,False,0,verified_nonfinancial,True,True,True,2026-04-30,False,False,none,none,annual_financial_certification;annual_text_certification,0,0,False,False,ST_history_label_and_input_certification_pending
300740.SZ:2021,300740.SZ,2021-05-01,train,pending,,12,0,0,False,False,0,verified_nonfinancial,True,True,True,2022-04-30,False,False,none,none,annual_financial_certification;annual_text_certification,0,0,False,False,ST_history_label_and_input_certification_pending
300740.SZ:2022,300740.SZ,2022-05-01,validation,pending,,12,0,0,False,False,0,verified_nonfinancial,True,True,True,2023-04-30,False,False,none,none,annual_financial_certification;annual_text_certification,0,0,False,False,ST_history_label_and_input_certification_pending
300740.SZ:2023,300740.SZ,2023-05-01,validation,pending,,12,0,0,False,False,0,pending,True,True,True,2024-04-30,False,False,none,none,historical_industry;annual_financial_certification;annual_text_certification,0,0,False,False,ST_history_label_and_input_certification_pending
300740.SZ:2024,300740.SZ,2024-05-01,test,pending,,12,0,0,False,False,0,verified_nonfinancial,True,True,True,2025-04-30,False,False,none,none,annual_financial_certification;annual_text_certification,0,0,False,False,ST_history_label_and_input_certification_pending
300740.SZ:2025,300740.SZ,2025-05-01,test,pending,,12,0,0,False,False,0,verified_nonfinancial,True,True,True,2026-04-30,False,False,none,none,annual_financial_certification;annual_text_certification,0,0,False,False,ST_history_label_and_input_certification_pending
300745.SZ:2022,300745.SZ,2022-05-01,validation,pending,,12,0,0,False,False,0,verified_nonfinancial,True,True,True,2023-04-30,False,False,none,none,annual_financial_certification;annual_text_certification,0,0,False,False,ST_history_label_and_input_certification_pending
300745.SZ:2023,300745.SZ,2023-05-01,validation,pending,,12,0,0,False,False,0,pending,True,True,True,2024-04-30,False,False,none,none,historical_industry;annual_financial_certification;annual_text_certification,0,0,False,False,ST_history_label_and_input_certification_pending
300745.SZ:2024,300745.SZ,2024-05-01,test,pending,,12,0,0,False,False,0,verified_nonfinancial,True,True,True,2025-04-30,False,False,none,none,annual_financial_certification;annual_text_certification,0,0,False,False,ST_history_label_and_input_certification_pending
300745.SZ:2025,300745.SZ,2025-05-01,test,pending,,12,0,0,False,False,0,verified_nonfinancial,True,True,True,2026-04-30,False,False,none,none,annual_financial_certification;annual_text_certification,0,0,False,False,ST_history_label_and_input_certification_pending
300748.SZ:2022,300748.SZ,2022-05-01,validation,pending,,12,0,0,False,False,0,verified_nonfinancial,True,True,True,2023-04-30,False,False,none,none,annual_financial_certification;annual_text_certification,0,0,False,False,ST_history_label_and_input_certification_pending
300748.SZ:2023,300748.SZ,2023-05-01,validation,pending,,12,0,0,False,False,0,pending,True,True,True,2024-04-30,False,False,none,none,historical_industry;annual_financial_certification;annual_text_certification,0,0,False,False,ST_history_label_and_input_certification_pending
300748.SZ:2024,300748.SZ,2024-05-01,test,pending,,12,0,0,False,False,0,verified_nonfinancial,True,True,True,2025-04-30,False,False,none,none,annual_financial_certification;annual_text_certification,0,0,False,False,ST_history_label_and_input_certification_pending
300748.SZ:2025,300748.SZ,2025-05-01,test,pending,,12,0,0,False,False,0,verified_nonfinancial,True,True,True,2026-04-30,False,False,none,none,annual_financial_certification;annual_text_certification,0,0,False,False,ST_history_label_and_input_certification_pending
300751.SZ:2022,300751.SZ,2022-05-01,validation,pending,,12,0,0,False,False,0,verified_nonfinancial,True,True,True,2023-04-30,False,False,none,none,annual_financial_certification;annual_text_certification,0,0,False,False,ST_history_label_and_input_certification_pending
300751.SZ:2023,300751.SZ,2023-05-01,validation,pending,,12,0,0,False,False,0,pending,True,True,True,2024-04-30,False,False,none,none,historical_industry;annual_financial_certification;annual_text_certification,0,0,False,False,ST_history_label_and_input_certification_pending
300751.SZ:2024,300751.SZ,2024-05-01,test,pending,,12,0,0,False,False,0,verified_nonfinancial,True,True,True,2025-04-30,False,False,none,none,annual_financial_certification;annual_text_certification,0,0,False,False,ST_history_label_and_input_certification_pending
300751.SZ:2025,300751.SZ,2025-05-01,test,pending,,12,0,0,False,False,0,verified_nonfinancial,True,True,True,2026-04-30,False,False,none,none,annual_financial_certification;annual_text_certification,0,0,False,False,ST_history_label_and_input_certification_pending
300774.SZ:2025,300774.SZ,2025-05-01,test,pending,,12,0,0,False,False,0,verified_nonfinancial,True,True,True,2026-04-30,False,False,none,none,annual_financial_certification;annual_text_certification,0,0,False,False,ST_history_label_and_input_certification_pending
300780.SZ:2023,300780.SZ,2023-05-01,validation,pending,,12,0,0,False,False,0,pending,True,True,True,2024-04-30,False,False,none,none,historical_industry;annual_financial_certification;annual_text_certification,0,0,False,False,ST_history_label_and_input_certification_pending
300780.SZ:2024,300780.SZ,2024-05-01,test,pending,,12,0,0,False,False,0,verified_nonfinancial,True,True,True,2025-04-30,False,False,none,none,annual_financial_certification;annual_text_certification,0,0,False,False,ST_history_label_and_input_certification_pending
300780.SZ:2025,300780.SZ,2025-05-01,test,pending,,12,0,0,False,False,0,verified_nonfinancial,True,True,True,2026-04-30,False,False,none,none,annual_financial_certification;annual_text_certification,0,0,False,False,ST_history_label_and_input_certification_pending
300781.SZ:2023,300781.SZ,2023-05-01,validation,pending,,12,0,0,False,False,0,pending,True,True,True,2024-04-30,False,False,none,none,historical_industry;annual_financial_certification;annual_text_certification,0,0,False,False,ST_history_label_and_input_certification_pending
300781.SZ:2024,300781.SZ,2024-05-01,test,pending,,12,0,0,False,False,0,verified_nonfinancial,True,True,True,2025-04-30,False,False,none,none,annual_financial_certification;annual_text_certification,0,0,False,False,ST_history_label_and_input_certification_pending
300781.SZ:2025,300781.SZ,2025-05-01,test,pending,,12,0,0,False,False,0,verified_nonfinancial,True,True,True,2026-04-30,False,False,none,none,annual_financial_certification;annual_text_certification,0,0,False,False,ST_history_label_and_input_certification_pending
300785.SZ:2023,300785.SZ,2023-05-01,validation,pending,,12,0,0,False,False,0,pending,True,True,True,2024-04-30,False,False,none,none,historical_industry;annual_financial_certification;annual_text_certification,0,0,False,False,ST_history_label_and_input_certification_pending
300785.SZ:2024,300785.SZ,2024-05-01,test,pending,,12,0,0,False,False,0,verified_nonfinancial,True,True,True,2025-04-30,False,False,none,none,annual_financial_certification;annual_text_certification,0,0,False,False,ST_history_label_and_input_certification_pending
300785.SZ:2025,300785.SZ,2025-05-01,test,pending,,12,0,0,False,False,0,verified_nonfinancial,True,True,True,2026-04-30,False,False,none,none,annual_financial_certification;annual_text_certification,0,0,False,False,ST_history_label_and_input_certification_pending
300792.SZ:2023,300792.SZ,2023-05-01,validation,pending,,12,0,0,False,False,0,pending,True,True,True,2024-04-30,False,False,none,none,historical_industry;annual_financial_certification;annual_text_certification,0,0,False,False,ST_history_label_and_input_certification_pending
300792.SZ:2024,300792.SZ,2024-05-01,test,pending,,12,0,0,False,False,0,verified_nonfinancial,True,True,True,2025-04-30,False,False,none,none,annual_financial_certification;annual_text_certification,0,0,False,False,ST_history_label_and_input_certification_pending
300792.SZ:2025,300792.SZ,2025-05-01,test,pending,,12,0,0,False,False,0,verified_nonfinancial,True,True,True,2026-04-30,False,False,none,none,annual_financial_certification;annual_text_certification,0,0,False,False,ST_history_label_and_input_certification_pending
300797.SZ:2023,300797.SZ,2023-05-01,validation,pending,,12,0,0,False,False,0,pending,True,True,True,2024-04-30,False,False,none,none,historical_industry;annual_financial_certification;annual_text_certification,0,0,False,False,ST_history_label_and_input_certification_pending
300797.SZ:2024,300797.SZ,2024-05-01,test,pending,,12,0,0,False,False,0,verified_nonfinancial,True,True,True,2025-04-30,False,False,none,none,annual_financial_certification;annual_text_certification,0,0,False,False,ST_history_label_and_input_certification_pending
300797.SZ:2025,300797.SZ,2025-05-01,test,pending,,12,0,0,False,False,0,verified_nonfinancial,True,True,True,2026-04-30,False,False,none,none,annual_financial_certification;annual_text_certification,0,0,False,False,ST_history_label_and_input_certification_pending
300802.SZ:2023,300802.SZ,2023-05-01,validation,pending,,12,0,0,False,False,0,pending,True,True,True,2024-04-30,False,False,none,none,historical_industry;annual_financial_certification;annual_text_certification,0,0,False,False,ST_history_label_and_input_certification_pending
300802.SZ:2024,300802.SZ,2024-05-01,test,pending,,12,0,0,False,False,0,verified_nonfinancial,True,True,True,2025-04-30,False,False,none,none,annual_financial_certification;annual_text_certification,0,0,False,False,ST_history_label_and_input_certification_pending
300802.SZ:2025,300802.SZ,2025-05-01,test,pending,,12,0,0,False,False,0,verified_nonfinancial,True,True,True,2026-04-30,False,False,none,none,annual_financial_certification;annual_text_certification,0,0,False,False,ST_history_label_and_input_certification_pending
300805.SZ:2023,300805.SZ,2023-05-01,validation,pending,,12,0,0,False,False,0,pending,True,True,True,2024-04-30,False,False,none,none,historical_industry;annual_financial_certification;annual_text_certification,0,0,False,False,ST_history_label_and_input_certification_pending
300805.SZ:2024,300805.SZ,2024-05-01,test,pending,,12,0,0,False,False,0,verified_nonfinancial,True,True,True,2025-04-30,False,False,none,none,annual_financial_certification;annual_text_certification,0,0,False,False,ST_history_label_and_input_certification_pending
300805.SZ:2025,300805.SZ,2025-05-01,test,pending,,12,0,0,False,False,0,verified_nonfinancial,True,True,True,2026-04-30,False,False,none,none,annual_financial_certification;annual_text_certification,0,0,False,False,ST_history_label_and_input_certification_pending
300818.SZ:2023,300818.SZ,2023-05-01,validation,pending,,12,0,0,False,False,0,pending,True,True,True,2024-04-30,False,False,none,none,historical_industry;annual_financial_certification;annual_text_certification,0,0,False,False,ST_history_label_and_input_certification_pending
300818.SZ:2024,300818.SZ,2024-05-01,test,pending,,12,0,0,False,False,0,verified_nonfinancial,True,True,True,2025-04-30,False,False,none,none,annual_financial_certification;annual_text_certification,0,0,False,False,ST_history_label_and_input_certification_pending
300818.SZ:2025,300818.SZ,2025-05-01,test,pending,,12,0,0,False,False,0,verified_nonfinancial,True,True,True,2026-04-30,False,False,none,none,annual_financial_certification;annual_text_certification,0,0,False,False,ST_history_label_and_input_certification_pending
300828.SZ:2023,300828.SZ,2023-05-01,validation,pending,,12,0,0,False,False,0,pending,True,True,True,2024-04-30,False,False,none,none,historical_industry;annual_financial_certification;annual_text_certification,0,0,False,False,ST_history_label_and_input_certification_pending
300828.SZ:2024,300828.SZ,2024-05-01,test,pending,,12,0,0,False,False,0,verified_nonfinancial,True,True,True,2025-04-30,False,False,none,none,annual_financial_certification;annual_text_certification,0,0,False,False,ST_history_label_and_input_certification_pending
300828.SZ:2025,300828.SZ,2025-05-01,test,pending,,12,0,0,False,False,0,verified_nonfinancial,True,True,True,2026-04-30,False,False,none,none,annual_financial_certification;annual_text_certification,0,0,False,False,ST_history_label_and_input_certification_pending
300848.SZ:2024,300848.SZ,2024-05-01,test,pending,,12,0,0,False,False,0,verified_nonfinancial,True,True,True,2025-04-30,False,False,none,none,annual_financial_certification;annual_text_certification,0,0,False,False,ST_history_label_and_input_certification_pending
300848.SZ:2025,300848.SZ,2025-05-01,test,pending,,12,0,0,False,False,0,verified_nonfinancial,True,True,True,2026-04-30,False,False,none,none,annual_financial_certification;annual_text_certification,0,0,False,False,ST_history_label_and_input_certification_pending
300849.SZ:2024,300849.SZ,2024-05-01,test,pending,,12,0,0,False,False,0,verified_nonfinancial,True,True,True,2025-04-30,False,False,none,none,annual_financial_certification;annual_text_certification,0,0,False,False,ST_history_label_and_input_certification_pending
300849.SZ:2025,300849.SZ,2025-05-01,test,pending,,12,0,0,False,False,0,verified_nonfinancial,True,True,True,2026-04-30,False,False,none,none,annual_financial_certification;annual_text_certification,0,0,False,False,ST_history_label_and_input_certification_pending
300853.SZ:2024,300853.SZ,2024-05-01,test,pending,,12,0,0,False,False,0,verified_nonfinancial,True,True,True,2025-04-30,False,False,none,none,annual_financial_certification;annual_text_certification,0,0,False,False,ST_history_label_and_input_certification_pending
300853.SZ:2025,300853.SZ,2025-05-01,test,pending,,12,0,0,False,False,0,verified_nonfinancial,True,True,True,2026-04-30,False,False,none,none,annual_financial_certification;annual_text_certification,0,0,False,False,ST_history_label_and_input_certification_pending
300858.SZ:2024,300858.SZ,2024-05-01,test,pending,,12,0,0,False,False,0,verified_nonfinancial,True,True,True,2025-04-30,False,False,none,none,annual_financial_certification;annual_text_certification,0,0,False,False,ST_history_label_and_input_certification_pending
300858.SZ:2025,300858.SZ,2025-05-01,test,pending,,12,0,0,False,False,0,verified_nonfinancial,True,True,True,2026-04-30,False,False,none,none,annual_financial_certification;annual_text_certification,0,0,False,False,ST_history_label_and_input_certification_pending
300863.SZ:2024,300863.SZ,2024-05-01,test,pending,,12,0,0,False,False,0,verified_nonfinancial,True,True,True,2025-04-30,False,False,none,none,annual_financial_certification;annual_text_certification,0,0,False,False,ST_history_label_and_input_certification_pending
300863.SZ:2025,300863.SZ,2025-05-01,test,pending,,12,0,0,False,False,0,verified_nonfinancial,True,True,True,2026-04-30,False,False,none,none,annual_financial_certification;annual_text_certification,0,0,False,False,ST_history_label_and_input_certification_pending
300864.SZ:2024,300864.SZ,2024-05-01,test,pending,,12,0,0,False,False,0,verified_nonfinancial,True,True,True,2025-04-30,False,False,none,none,annual_financial_certification;annual_text_certification,0,0,False,False,ST_history_label_and_input_certification_pending
300864.SZ:2025,300864.SZ,2025-05-01,test,pending,,12,0,0,False,False,0,verified_nonfinancial,True,True,True,2026-04-30,False,False,none,none,annual_financial_certification;annual_text_certification,0,0,False,False,ST_history_label_and_input_certification_pending
300872.SZ:2024,300872.SZ,2024-05-01,test,pending,,12,0,0,False,False,0,verified_nonfinancial,True,True,True,2025-04-30,False,False,none,none,annual_financial_certification;annual_text_certification,0,0,False,False,ST_history_label_and_input_certification_pending
300872.SZ:2025,300872.SZ,2025-05-01,test,pending,,12,0,0,False,False,0,verified_nonfinancial,True,True,True,2026-04-30,False,False,none,none,annual_financial_certification;annual_text_certification,0,0,False,False,ST_history_label_and_input_certification_pending
300879.SZ:2024,300879.SZ,2024-05-01,test,pending,,12,0,0,False,False,0,verified_nonfinancial,True,True,True,2025-04-30,False,False,none,none,annual_financial_certification;annual_text_certification,0,0,False,False,ST_history_label_and_input_certification_pending
300879.SZ:2025,300879.SZ,2025-05-01,test,pending,,12,0,0,False,False,0,verified_nonfinancial,True,True,True,2026-04-30,False,False,none,none,annual_financial_certification;annual_text_certification,0,0,False,False,ST_history_label_and_input_certification_pending
300889.SZ:2024,300889.SZ,2024-05-01,test,pending,,12,0,0,False,False,0,verified_nonfinancial,True,True,True,2025-04-30,False,False,none,none,annual_financial_certification;annual_text_certification,0,0,False,False,ST_history_label_and_input_certification_pending
300889.SZ:2025,300889.SZ,2025-05-01,test,pending,,12,0,0,False,False,0,verified_nonfinancial,True,True,True,2026-04-30,False,False,none,none,annual_financial_certification;annual_text_certification,0,0,False,False,ST_history_label_and_input_certification_pending
300894.SZ:2024,300894.SZ,2024-05-01,test,pending,,12,0,0,False,False,0,verified_nonfinancial,True,True,True,2025-04-30,False,False,none,none,annual_financial_certification;annual_text_certification,0,0,False,False,ST_history_label_and_input_certification_pending
300894.SZ:2025,300894.SZ,2025-05-01,test,pending,,12,0,0,False,False,0,verified_nonfinancial,True,True,True,2026-04-30,False,False,none,none,annual_financial_certification;annual_text_certification,0,0,False,False,ST_history_label_and_input_certification_pending
300898.SZ:2024,300898.SZ,2024-05-01,test,pending,,12,0,0,False,False,0,verified_nonfinancial,True,True,True,2025-04-30,False,False,none,none,annual_financial_certification;annual_text_certification,0,0,False,False,ST_history_label_and_input_certification_pending
300898.SZ:2025,300898.SZ,2025-05-01,test,pending,,12,0,0,False,False,0,verified_nonfinancial,True,True,True,2026-04-30,False,False,none,none,annual_financial_certification;annual_text_certification,0,0,False,False,ST_history_label_and_input_certification_pending
300912.SZ:2024,300912.SZ,2024-05-01,test,pending,,12,0,0,False,False,0,verified_nonfinancial,True,True,True,2025-04-30,False,False,none,none,annual_financial_certification;annual_text_certification,0,0,False,False,ST_history_label_and_input_certification_pending
300912.SZ:2025,300912.SZ,2025-05-01,test,pending,,12,0,0,False,False,0,verified_nonfinancial,True,True,True,2026-04-30,False,False,none,none,annual_financial_certification;annual_text_certification,0,0,False,False,ST_history_label_and_input_certification_pending
300922.SZ:2024,300922.SZ,2024-05-01,test,pending,,12,0,0,False,False,0,verified_nonfinancial,True,True,True,2025-04-30,False,False,none,none,annual_financial_certification;annual_text_certification,0,0,False,False,ST_history_label_and_input_certification_pending
300922.SZ:2025,300922.SZ,2025-05-01,test,pending,,12,0,0,False,False,0,verified_nonfinancial,True,True,True,2026-04-30,False,False,none,none,annual_financial_certification;annual_text_certification,0,0,False,False,ST_history_label_and_input_certification_pending
300938.SZ:2024,300938.SZ,2024-05-01,test,pending,,12,0,0,False,False,0,verified_nonfinancial,True,True,True,2025-04-30,False,False,none,none,annual_financial_certification;annual_text_certification,0,0,False,False,ST_history_label_and_input_certification_pending
300938.SZ:2025,300938.SZ,2025-05-01,test,pending,,12,0,0,False,False,0,verified_nonfinancial,True,True,True,2026-04-30,False,False,none,none,annual_financial_certification;annual_text_certification,0,0,False,False,ST_history_label_and_input_certification_pending
300945.SZ:2024,300945.SZ,2024-05-01,test,pending,,12,0,0,False,False,0,verified_nonfinancial,True,True,True,2025-04-30,False,False,none,none,annual_financial_certification;annual_text_certification,0,0,False,False,ST_history_label_and_input_certification_pending
300945.SZ:2025,300945.SZ,2025-05-01,test,pending,,12,0,0,False,False,0,verified_nonfinancial,True,True,True,2026-04-30,False,False,none,none,annual_financial_certification;annual_text_certification,0,0,False,False,ST_history_label_and_input_certification_pending
300946.SZ:2024,300946.SZ,2024-05-01,test,pending,,12,0,0,False,False,0,verified_nonfinancial,True,True,True,2025-04-30,False,False,none,none,annual_financial_certification;annual_text_certification,0,0,False,False,ST_history_label_and_input_certification_pending
300946.SZ:2025,300946.SZ,2025-05-01,test,pending,,12,0,0,False,False,0,verified_nonfinancial,True,True,True,2026-04-30,False,False,none,none,annual_financial_certification;annual_text_certification,0,0,False,False,ST_history_label_and_input_certification_pending
300958.SZ:2024,300958.SZ,2024-05-01,test,pending,,12,0,0,False,False,0,verified_nonfinancial,True,True,True,2025-04-30,False,False,none,none,annual_financial_certification;annual_text_certification,0,0,False,False,ST_history_label_and_input_certification_pending
300958.SZ:2025,300958.SZ,2025-05-01,test,pending,,12,0,0,False,False,0,verified_nonfinancial,True,True,True,2026-04-30,False,False,none,none,annual_financial_certification;annual_text_certification,0,0,False,False,ST_history_label_and_input_certification_pending
300973.SZ:2024,300973.SZ,2024-05-01,test,pending,,12,0,0,False,False,0,verified_nonfinancial,True,True,True,2025-04-30,False,False,none,none,annual_financial_certification;annual_text_certification,0,0,False,False,ST_history_label_and_input_certification_pending
300973.SZ:2025,300973.SZ,2025-05-01,test,pending,,12,0,0,False,False,0,verified_nonfinancial,True,True,True,2026-04-30,False,False,none,none,annual_financial_certification;annual_text_certification,0,0,False,False,ST_history_label_and_input_certification_pending
300992.SZ:2025,300992.SZ,2025-05-01,test,pending,,12,0,0,False,False,0,verified_nonfinancial,True,True,True,2026-04-30,False,False,none,none,annual_financial_certification;annual_text_certification,0,0,False,False,ST_history_label_and_input_certification_pending
300993.SZ:2025,300993.SZ,2025-05-01,test,pending,,12,0,0,False,False,0,verified_nonfinancial,True,True,True,2026-04-30,False,False,none,none,annual_financial_certification;annual_text_certification,0,0,False,False,ST_history_label_and_input_certification_pending
300994.SZ:2025,300994.SZ,2025-05-01,test,pending,,12,0,0,False,False,0,verified_nonfinancial,True,True,True,2026-04-30,False,False,none,none,annual_financial_certification;annual_text_certification,0,0,False,False,ST_history_label_and_input_certification_pending
300995.SZ:2025,300995.SZ,2025-05-01,test,pending,,12,0,0,False,False,0,verified_nonfinancial,True,True,True,2026-04-30,False,False,none,none,annual_financial_certification;annual_text_certification,0,0,False,False,ST_history_label_and_input_certification_pending
301000.SZ:2025,301000.SZ,2025-05-01,test,pending,,12,0,0,False,False,0,verified_nonfinancial,True,True,True,2026-04-30,False,False,none,none,annual_financial_certification;annual_text_certification,0,0,False,False,ST_history_label_and_input_certification_pending
301001.SZ:2025,301001.SZ,2025-05-01,test,pending,,12,0,0,False,False,0,verified_nonfinancial,True,True,True,2026-04-30,False,False,none,none,annual_financial_certification;annual_text_certification,0,0,False,False,ST_history_label_and_input_certification_pending
301004.SZ:2025,301004.SZ,2025-05-01,test,pending,,12,0,0,False,False,0,verified_nonfinancial,True,True,True,2026-04-30,False,False,none,none,annual_financial_certification;annual_text_certification,0,0,False,False,ST_history_label_and_input_certification_pending
301011.SZ:2025,301011.SZ,2025-05-01,test,pending,,12,0,0,False,False,0,verified_nonfinancial,True,True,True,2026-04-30,False,False,none,none,annual_financial_certification;annual_text_certification,0,0,False,False,ST_history_label_and_input_certification_pending
301015.SZ:2025,301015.SZ,2025-05-01,test,pending,,12,0,0,False,False,0,verified_nonfinancial,True,True,True,2026-04-30,False,False,none,none,annual_financial_certification;annual_text_certification,0,0,False,False,ST_history_label_and_input_certification_pending
301021.SZ:2025,301021.SZ,2025-05-01,test,pending,,12,0,0,False,False,0,verified_nonfinancial,True,True,True,2026-04-30,False,False,none,none,annual_financial_certification;annual_text_certification,0,0,False,False,ST_history_label_and_input_certification_pending
301024.SZ:2025,301024.SZ,2025-05-01,test,pending,,12,0,0,False,False,0,verified_nonfinancial,True,True,True,2026-04-30,False,False,none,none,annual_financial_certification;annual_text_certification,0,0,False,False,ST_history_label_and_input_certification_pending
301030.SZ:2025,301030.SZ,2025-05-01,test,pending,,12,0,0,False,False,0,verified_nonfinancial,True,True,True,2026-04-30,False,False,none,none,annual_financial_certification;annual_text_certification,0,0,False,False,ST_history_label_and_input_certification_pending
301033.SZ:2025,301033.SZ,2025-05-01,test,pending,,12,0,0,False,False,0,verified_nonfinancial,True,True,True,2026-04-30,False,False,none,none,annual_financial_certification;annual_text_certification,0,0,False,False,ST_history_label_and_input_certification_pending
301066.SZ:2025,301066.SZ,2025-05-01,test,pending,,12,0,0,False,False,0,verified_nonfinancial,True,True,True,2026-04-30,False,False,none,none,annual_financial_certification;annual_text_certification,0,0,False,False,ST_history_label_and_input_certification_pending
301071.SZ:2025,301071.SZ,2025-05-01,test,pending,,12,0,0,False,False,0,verified_nonfinancial,True,True,True,2026-04-30,False,False,none,none,annual_financial_certification;annual_text_certification,0,0,False,False,ST_history_label_and_input_certification_pending
301078.SZ:2025,301078.SZ,2025-05-01,test,pending,,12,0,0,False,False,0,verified_nonfinancial,True,True,True,2026-04-30,False,False,none,none,annual_financial_certification;annual_text_certification,0,0,False,False,ST_history_label_and_input_certification_pending
301091.SZ:2025,301091.SZ,2025-05-01,test,pending,,12,0,0,False,False,0,verified_nonfinancial,True,True,True,2026-04-30,False,False,none,none,annual_financial_certification;annual_text_certification,0,0,False,False,ST_history_label_and_input_certification_pending
301097.SZ:2025,301097.SZ,2025-05-01,test,pending,,12,0,0,False,False,0,verified_nonfinancial,True,True,True,2026-04-30,False,False,none,none,annual_financial_certification;annual_text_certification,0,0,False,False,ST_history_label_and_input_certification_pending
301103.SZ:2025,301103.SZ,2025-05-01,test,pending,,12,0,0,False,False,0,verified_nonfinancial,True,True,True,2026-04-30,False,False,none,none,annual_financial_certification;annual_text_certification,0,0,False,False,ST_history_label_and_input_certification_pending
301110.SZ:2025,301110.SZ,2025-05-01,test,pending,,12,0,0,False,False,0,verified_nonfinancial,True,True,True,2026-04-30,False,False,none,none,annual_financial_certification;annual_text_certification,0,0,False,False,ST_history_label_and_input_certification_pending
301116.SZ:2025,301116.SZ,2025-05-01,test,pending,,12,0,0,False,False,0,verified_nonfinancial,True,True,True,2026-04-30,False,False,none,none,annual_financial_certification;annual_text_certification,0,0,False,False,ST_history_label_and_input_certification_pending
301127.SZ:2025,301127.SZ,2025-05-01,test,pending,,12,0,0,False,False,0,verified_nonfinancial,True,True,True,2026-04-30,False,False,none,none,annual_financial_certification;annual_text_certification,0,0,False,False,ST_history_label_and_input_certification_pending
301129.SZ:2025,301129.SZ,2025-05-01,test,pending,,12,0,0,False,False,0,verified_nonfinancial,True,True,True,2026-04-30,False,False,none,none,annual_financial_certification;annual_text_certification,0,0,False,False,ST_history_label_and_input_certification_pending
301135.SZ:2025,301135.SZ,2025-05-01,test,pending,,12,0,0,False,False,0,verified_nonfinancial,True,True,True,2026-04-30,False,False,none,none,annual_financial_certification;annual_text_certification,0,0,False,False,ST_history_label_and_input_certification_pending
301138.SZ:2025,301138.SZ,2025-05-01,test,pending,,12,0,0,False,False,0,verified_nonfinancial,True,True,True,2026-04-30,False,False,none,none,annual_financial_certification;annual_text_certification,0,0,False,False,ST_history_label_and_input_certification_pending
301149.SZ:2025,301149.SZ,2025-05-01,test,pending,,12,0,0,False,False,0,verified_nonfinancial,True,True,True,2026-04-30,False,False,none,none,annual_financial_certification;annual_text_certification,0,0,False,False,ST_history_label_and_input_certification_pending
301163.SZ:2025,301163.SZ,2025-05-01,test,pending,,12,0,0,False,False,0,verified_nonfinancial,True,True,True,2026-04-30,False,False,none,none,annual_financial_certification;annual_text_certification,0,0,False,False,ST_history_label_and_input_certification_pending
301166.SZ:2025,301166.SZ,2025-05-01,test,pending,,12,0,0,False,False,0,verified_nonfinancial,True,True,True,2026-04-30,False,False,none,none,annual_financial_certification;annual_text_certification,0,0,False,False,ST_history_label_and_input_certification_pending
301187.SZ:2025,301187.SZ,2025-05-01,test,pending,,12,0,0,False,False,0,verified_nonfinancial,True,True,True,2026-04-30,False,False,none,none,annual_financial_certification;annual_text_certification,0,0,False,False,ST_history_label_and_input_certification_pending
301193.SZ:2025,301193.SZ,2025-05-01,test,pending,,12,0,0,False,False,0,verified_nonfinancial,True,True,True,2026-04-30,False,False,none,none,annual_financial_certification;annual_text_certification,0,0,False,False,ST_history_label_and_input_certification_pending
301200.SZ:2025,301200.SZ,2025-05-01,test,pending,,12,0,0,False,False,0,verified_nonfinancial,True,True,True,2026-04-30,False,False,none,none,annual_financial_certification;annual_text_certification,0,0,False,False,ST_history_label_and_input_certification_pending
301235.SZ:2025,301235.SZ,2025-05-01,test,pending,,12,0,0,False,False,0,verified_nonfinancial,True,True,True,2026-04-30,False,False,none,none,annual_financial_certification;annual_text_certification,0,0,False,False,ST_history_label_and_input_certification_pending
301248.SZ:2025,301248.SZ,2025-05-01,test,pending,,12,0,0,False,False,0,verified_nonfinancial,True,True,True,2026-04-30,False,False,none,none,annual_financial_certification;annual_text_certification,0,0,False,False,ST_history_label_and_input_certification_pending
