model,seed,point,recall,precision,false_positive_rate
financial_only,17,0,0.0,1.0,0.0
financial_only,17,1,0.09090909090909091,1.0,0.0
financial_only,17,2,0.09090909090909091,0.5,0.004878048780487805
financial_only,17,3,0.18181818181818182,0.6666666666666666,0.004878048780487805
financial_only,17,4,0.18181818181818182,0.5,0.00975609756097561
financial_only,17,5,0.2727272727272727,0.6,0.00975609756097561
financial_only,17,6,0.2727272727272727,0.5,0.014634146341463415
financial_only,17,7,0.2727272727272727,0.42857142857142855,0.01951219512195122
financial_only,17,8,0.2727272727272727,0.375,0.024390243902439025
financial_only,17,9,0.36363636363636365,0.4444444444444444,0.024390243902439025
financial_only,17,10,0.36363636363636365,0.4,0.02926829268292683
financial_only,17,11,0.36363636363636365,0.36363636363636365,0.03414634146341464
financial_only,17,12,0.36363636363636365,0.3333333333333333,0.03902439024390244
financial_only,17,13,0.36363636363636365,0.3076923076923077,0.04390243902439024
financial_only,17,14,0.36363636363636365,0.2857142857142857,0.04878048780487805
financial_only,17,15,0.36363636363636365,0.26666666666666666,0.05365853658536585
financial_only,17,16,0.36363636363636365,0.25,0.05853658536585366
financial_only,17,17,0.36363636363636365,0.23529411764705882,0.06341463414634146
financial_only,17,18,0.36363636363636365,0.2222222222222222,0.06829268292682927
financial_only,17,19,0.36363636363636365,0.21052631578947367,0.07317073170731707
financial_only,17,20,0.36363636363636365,0.2,0.07804878048780488
financial_only,17,21,0.36363636363636365,0.19047619047619047,0.08292682926829269
financial_only,17,22,0.36363636363636365,0.18181818181818182,0.08780487804878048
financial_only,17,23,0.45454545454545453,0.21739130434782608,0.08780487804878048
financial_only,17,24,0.45454545454545453,0.20833333333333334,0.09268292682926829
financial_only,17,25,0.45454545454545453,0.2,0.0975609756097561
financial_only,17,26,0.45454545454545453,0.19230769230769232,0.1024390243902439
financial_only,17,27,0.45454545454545453,0.18518518518518517,0.1073170731707317
financial_only,17,28,0.5454545454545454,0.21428571428571427,0.1073170731707317
financial_only,17,29,0.5454545454545454,0.20689655172413793,0.11219512195121951
financial_only,17,30,0.5454545454545454,0.2,0.11707317073170732
financial_only,17,31,0.5454545454545454,0.1935483870967742,0.12195121951219512
financial_only,17,32,0.5454545454545454,0.1875,0.12682926829268293
financial_only,17,33,0.6363636363636364,0.21212121212121213,0.12682926829268293
financial_only,17,34,0.6363636363636364,0.20588235294117646,0.13170731707317074
financial_only,17,35,0.6363636363636364,0.2,0.13658536585365855
financial_only,17,36,0.6363636363636364,0.19444444444444445,0.14146341463414633
financial_only,17,37,0.6363636363636364,0.1891891891891892,0.14634146341463414
financial_only,17,38,0.6363636363636364,0.18421052631578946,0.15121951219512195
financial_only,17,39,0.6363636363636364,0.1794871794871795,0.15609756097560976
financial_only,17,40,0.7272727272727273,0.2,0.15609756097560976
financial_only,17,41,0.8181818181818182,0.21951219512195122,0.15609756097560976
financial_only,17,42,0.8181818181818182,0.21428571428571427,0.16097560975609757
financial_only,17,43,0.8181818181818182,0.20930232558139536,0.16585365853658537
financial_only,17,44,0.8181818181818182,0.20454545454545456,0.17073170731707318
financial_only,17,45,0.8181818181818182,0.2,0.17560975609756097
financial_only,17,46,0.8181818181818182,0.1956521739130435,0.18048780487804877
financial_only,17,47,0.8181818181818182,0.19148936170212766,0.18536585365853658
financial_only,17,48,0.9090909090909091,0.20833333333333334,0.18536585365853658
financial_only,17,49,0.9090909090909091,0.20408163265306123,0.1902439024390244
financial_only,17,50,0.9090909090909091,0.2,0.1951219512195122
financial_only,17,51,0.9090909090909091,0.19607843137254902,0.2
financial_only,17,52,0.9090909090909091,0.19230769230769232,0.2048780487804878
financial_only,17,53,0.9090909090909091,0.18867924528301888,0.2097560975609756
financial_only,17,54,0.9090909090909091,0.18518518518518517,0.2146341463414634
financial_only,17,55,0.9090909090909091,0.18181818181818182,0.21951219512195122
financial_only,17,56,0.9090909090909091,0.17857142857142858,0.22439024390243903
financial_only,17,57,0.9090909090909091,0.17543859649122806,0.22926829268292684
financial_only,17,58,0.9090909090909091,0.1724137931034483,0.23414634146341465
financial_only,17,59,0.9090909090909091,0.1694915254237288,0.23902439024390243
financial_only,17,60,0.9090909090909091,0.16666666666666666,0.24390243902439024
financial_only,17,61,0.9090909090909091,0.16393442622950818,0.24878048780487805
financial_only,17,62,0.9090909090909091,0.16129032258064516,0.25365853658536586
financial_only,17,63,0.9090909090909091,0.15873015873015872,0.25853658536585367
financial_only,17,64,0.9090909090909091,0.15625,0.2634146341463415
financial_only,17,65,0.9090909090909091,0.15384615384615385,0.2682926829268293
financial_only,17,66,0.9090909090909091,0.15151515151515152,0.2731707317073171
financial_only,17,67,0.9090909090909091,0.14925373134328357,0.2780487804878049
financial_only,17,68,0.9090909090909091,0.14705882352941177,0.28292682926829266
financial_only,17,69,0.9090909090909091,0.14492753623188406,0.28780487804878047
financial_only,17,70,0.9090909090909091,0.14285714285714285,0.2926829268292683
financial_only,17,71,0.9090909090909091,0.14084507042253522,0.2975609756097561
financial_only,17,72,0.9090909090909091,0.1388888888888889,0.3024390243902439
financial_only,17,73,0.9090909090909091,0.136986301369863,0.3073170731707317
financial_only,17,74,0.9090909090909091,0.13513513513513514,0.3121951219512195
financial_only,17,75,0.9090909090909091,0.13333333333333333,0.3170731707317073
financial_only,17,76,0.9090909090909091,0.13157894736842105,0.32195121951219513
financial_only,17,77,0.9090909090909091,0.12987012987012986,0.32682926829268294
financial_only,17,78,0.9090909090909091,0.1282051282051282,0.33170731707317075
financial_only,17,79,0.9090909090909091,0.12658227848101267,0.33658536585365856
financial_only,17,80,0.9090909090909091,0.125,0.34146341463414637
financial_only,17,81,0.9090909090909091,0.12345679012345678,0.3463414634146341
financial_only,17,82,0.9090909090909091,0.12195121951219512,0.35121951219512193
financial_only,17,83,0.9090909090909091,0.12048192771084337,0.35609756097560974
financial_only,17,84,0.9090909090909091,0.11904761904761904,0.36097560975609755
financial_only,17,85,0.9090909090909091,0.11764705882352941,0.36585365853658536
financial_only,17,86,0.9090909090909091,0.11627906976744186,0.37073170731707317
financial_only,17,87,0.9090909090909091,0.11494252873563218,0.375609756097561
financial_only,17,88,0.9090909090909091,0.11363636363636363,0.3804878048780488
financial_only,17,89,0.9090909090909091,0.11235955056179775,0.3853658536585366
financial_only,17,90,0.9090909090909091,0.1111111111111111,0.3902439024390244
financial_only,17,91,0.9090909090909091,0.10989010989010989,0.3951219512195122
financial_only,17,92,0.9090909090909091,0.10869565217391304,0.4
financial_only,17,93,0.9090909090909091,0.10752688172043011,0.40487804878048783
financial_only,17,94,0.9090909090909091,0.10638297872340426,0.4097560975609756
financial_only,17,95,0.9090909090909091,0.10526315789473684,0.4146341463414634
financial_only,17,96,0.9090909090909091,0.10416666666666667,0.4195121951219512
financial_only,17,97,0.9090909090909091,0.10309278350515463,0.424390243902439
financial_only,17,98,0.9090909090909091,0.10204081632653061,0.4292682926829268
financial_only,17,99,0.9090909090909091,0.10101010101010101,0.43414634146341463
financial_only,17,100,0.9090909090909091,0.1,0.43902439024390244
financial_only,17,101,0.9090909090909091,0.09900990099009901,0.44390243902439025
financial_only,17,102,0.9090909090909091,0.09803921568627451,0.44878048780487806
financial_only,17,103,0.9090909090909091,0.0970873786407767,0.45365853658536587
financial_only,17,104,0.9090909090909091,0.09615384615384616,0.4585365853658537
financial_only,17,105,0.9090909090909091,0.09523809523809523,0.4634146341463415
financial_only,17,106,0.9090909090909091,0.09433962264150944,0.4682926829268293
financial_only,17,107,0.9090909090909091,0.09345794392523364,0.47317073170731705
financial_only,17,108,0.9090909090909091,0.09259259259259259,0.47804878048780486
financial_only,17,109,0.9090909090909091,0.09174311926605505,0.48292682926829267
financial_only,17,110,0.9090909090909091,0.09090909090909091,0.4878048780487805
financial_only,17,111,0.9090909090909091,0.09009009009009009,0.4926829268292683
financial_only,17,112,0.9090909090909091,0.08928571428571429,0.4975609756097561
financial_only,17,113,0.9090909090909091,0.08849557522123894,0.5024390243902439
financial_only,17,114,0.9090909090909091,0.08771929824561403,0.5073170731707317
financial_only,17,115,0.9090909090909091,0.08695652173913043,0.5121951219512195
financial_only,17,116,0.9090909090909091,0.08620689655172414,0.5170731707317073
financial_only,17,117,0.9090909090909091,0.08547008547008547,0.5219512195121951
financial_only,17,118,0.9090909090909091,0.0847457627118644,0.526829268292683
financial_only,17,119,0.9090909090909091,0.08403361344537816,0.5317073170731708
financial_only,17,120,0.9090909090909091,0.08333333333333333,0.5365853658536586
financial_only,17,121,0.9090909090909091,0.08264462809917356,0.5414634146341464
financial_only,17,122,0.9090909090909091,0.08196721311475409,0.5463414634146342
financial_only,17,123,0.9090909090909091,0.08130081300813008,0.551219512195122
financial_only,17,124,0.9090909090909091,0.08064516129032258,0.5560975609756098
financial_only,17,125,0.9090909090909091,0.08,0.5609756097560976
financial_only,17,126,0.9090909090909091,0.07936507936507936,0.5658536585365853
financial_only,17,127,0.9090909090909091,0.07874015748031496,0.5707317073170731
financial_only,17,128,0.9090909090909091,0.078125,0.5756097560975609
financial_only,17,129,0.9090909090909091,0.07751937984496124,0.5804878048780487
financial_only,17,130,0.9090909090909091,0.07692307692307693,0.5853658536585366
financial_only,17,131,1.0,0.08396946564885496,0.5853658536585366
financial_only,17,132,1.0,0.08333333333333333,0.5902439024390244
financial_only,17,133,1.0,0.08270676691729323,0.5951219512195122
financial_only,17,134,1.0,0.08208955223880597,0.6
financial_only,17,135,1.0,0.08148148148148149,0.6048780487804878
financial_only,17,136,1.0,0.08088235294117647,0.6097560975609756
financial_only,17,137,1.0,0.08029197080291971,0.6146341463414634
financial_only,17,138,1.0,0.07971014492753623,0.6195121951219512
financial_only,17,139,1.0,0.07913669064748201,0.624390243902439
financial_only,17,140,1.0,0.07857142857142857,0.6292682926829268
financial_only,17,141,1.0,0.07801418439716312,0.6341463414634146
financial_only,17,142,1.0,0.07746478873239436,0.6390243902439025
financial_only,17,143,1.0,0.07692307692307693,0.6439024390243903
financial_only,17,144,1.0,0.0763888888888889,0.6487804878048781
financial_only,17,145,1.0,0.07586206896551724,0.6536585365853659
financial_only,17,146,1.0,0.07534246575342465,0.6585365853658537
financial_only,17,147,1.0,0.07482993197278912,0.6634146341463415
financial_only,17,148,1.0,0.07432432432432433,0.6682926829268293
financial_only,17,149,1.0,0.0738255033557047,0.6731707317073171
financial_only,17,150,1.0,0.07333333333333333,0.6780487804878049
financial_only,17,151,1.0,0.0728476821192053,0.6829268292682927
financial_only,17,152,1.0,0.07236842105263158,0.6878048780487804
financial_only,17,153,1.0,0.0718954248366013,0.6926829268292682
financial_only,17,154,1.0,0.07142857142857142,0.697560975609756
financial_only,17,155,1.0,0.07096774193548387,0.7024390243902439
financial_only,17,156,1.0,0.07051282051282051,0.7073170731707317
financial_only,17,157,1.0,0.07006369426751592,0.7121951219512195
financial_only,17,158,1.0,0.06962025316455696,0.7170731707317073
financial_only,17,159,1.0,0.06918238993710692,0.7219512195121951
financial_only,17,160,1.0,0.06875,0.7268292682926829
financial_only,17,161,1.0,0.06832298136645963,0.7317073170731707
financial_only,17,162,1.0,0.06790123456790123,0.7365853658536585
financial_only,17,163,1.0,0.06748466257668712,0.7414634146341463
financial_only,17,164,1.0,0.06707317073170732,0.7463414634146341
financial_only,17,165,1.0,0.06666666666666667,0.751219512195122
financial_only,17,166,1.0,0.06626506024096386,0.7560975609756098
financial_only,17,167,1.0,0.0658682634730539,0.7609756097560976
financial_only,17,168,1.0,0.06547619047619048,0.7658536585365854
financial_only,17,169,1.0,0.0650887573964497,0.7707317073170732
financial_only,17,170,1.0,0.06470588235294118,0.775609756097561
financial_only,17,171,1.0,0.06432748538011696,0.7804878048780488
financial_only,17,172,1.0,0.06395348837209303,0.7853658536585366
financial_only,17,173,1.0,0.06358381502890173,0.7902439024390244
financial_only,17,174,1.0,0.06321839080459771,0.7951219512195122
financial_only,17,175,1.0,0.06285714285714286,0.8
financial_only,17,176,1.0,0.0625,0.8048780487804879
financial_only,17,177,1.0,0.062146892655367235,0.8097560975609757
financial_only,17,178,1.0,0.06179775280898876,0.8146341463414634
financial_only,17,179,1.0,0.061452513966480445,0.8195121951219512
financial_only,17,180,1.0,0.06111111111111111,0.824390243902439
financial_only,17,181,1.0,0.06077348066298342,0.8292682926829268
financial_only,17,182,1.0,0.06043956043956044,0.8341463414634146
financial_only,17,183,1.0,0.060109289617486336,0.8390243902439024
financial_only,17,184,1.0,0.059782608695652176,0.8439024390243902
financial_only,17,185,1.0,0.05945945945945946,0.848780487804878
financial_only,17,186,1.0,0.05913978494623656,0.8536585365853658
financial_only,17,187,1.0,0.058823529411764705,0.8585365853658536
financial_only,17,188,1.0,0.05851063829787234,0.8634146341463415
financial_only,17,189,1.0,0.0582010582010582,0.8682926829268293
financial_only,17,190,1.0,0.05789473684210526,0.8731707317073171
financial_only,17,191,1.0,0.05759162303664921,0.8780487804878049
financial_only,17,192,1.0,0.057291666666666664,0.8829268292682927
financial_only,17,193,1.0,0.05699481865284974,0.8878048780487805
financial_only,17,194,1.0,0.05670103092783505,0.8926829268292683
financial_only,17,195,1.0,0.05641025641025641,0.8975609756097561
financial_only,17,196,1.0,0.05612244897959184,0.9024390243902439
financial_only,17,197,1.0,0.05583756345177665,0.9073170731707317
financial_only,17,198,1.0,0.05555555555555555,0.9121951219512195
financial_only,17,199,1.0,0.05527638190954774,0.9170731707317074
financial_only,17,200,1.0,0.055,0.9219512195121952
financial_only,17,201,1.0,0.05472636815920398,0.926829268292683
financial_only,17,202,1.0,0.054455445544554455,0.9317073170731708
financial_only,17,203,1.0,0.054187192118226604,0.9365853658536586
financial_only,17,204,1.0,0.05392156862745098,0.9414634146341463
financial_only,17,205,1.0,0.05365853658536585,0.9463414634146341
financial_only,17,206,1.0,0.05339805825242718,0.9512195121951219
financial_only,17,207,1.0,0.05314009661835749,0.9560975609756097
financial_only,17,208,1.0,0.052884615384615384,0.9609756097560975
financial_only,17,209,1.0,0.05263157894736842,0.9658536585365853
financial_only,17,210,1.0,0.05238095238095238,0.9707317073170731
financial_only,17,211,1.0,0.052132701421800945,0.975609756097561
financial_only,17,212,1.0,0.05188679245283019,0.9804878048780488
financial_only,17,213,1.0,0.051643192488262914,0.9853658536585366
financial_only,17,214,1.0,0.0514018691588785,0.9902439024390244
financial_only,17,215,1.0,0.05116279069767442,0.9951219512195122
financial_only,17,216,1.0,0.05092592592592592,1.0
financial_only,42,0,0.0,1.0,0.0
financial_only,42,1,0.09090909090909091,1.0,0.0
financial_only,42,2,0.09090909090909091,0.5,0.004878048780487805
financial_only,42,3,0.18181818181818182,0.6666666666666666,0.004878048780487805
financial_only,42,4,0.18181818181818182,0.5,0.00975609756097561
financial_only,42,5,0.2727272727272727,0.6,0.00975609756097561
financial_only,42,6,0.2727272727272727,0.5,0.014634146341463415
financial_only,42,7,0.2727272727272727,0.42857142857142855,0.01951219512195122
financial_only,42,8,0.36363636363636365,0.5,0.01951219512195122
financial_only,42,9,0.36363636363636365,0.4444444444444444,0.024390243902439025
financial_only,42,10,0.36363636363636365,0.4,0.02926829268292683
financial_only,42,11,0.36363636363636365,0.36363636363636365,0.03414634146341464
financial_only,42,12,0.36363636363636365,0.3333333333333333,0.03902439024390244
financial_only,42,13,0.36363636363636365,0.3076923076923077,0.04390243902439024
financial_only,42,14,0.36363636363636365,0.2857142857142857,0.04878048780487805
financial_only,42,15,0.36363636363636365,0.26666666666666666,0.05365853658536585
financial_only,42,16,0.36363636363636365,0.25,0.05853658536585366
financial_only,42,17,0.36363636363636365,0.23529411764705882,0.06341463414634146
financial_only,42,18,0.36363636363636365,0.2222222222222222,0.06829268292682927
financial_only,42,19,0.36363636363636365,0.21052631578947367,0.07317073170731707
financial_only,42,20,0.36363636363636365,0.2,0.07804878048780488
financial_only,42,21,0.36363636363636365,0.19047619047619047,0.08292682926829269
financial_only,42,22,0.36363636363636365,0.18181818181818182,0.08780487804878048
financial_only,42,23,0.36363636363636365,0.17391304347826086,0.09268292682926829
financial_only,42,24,0.36363636363636365,0.16666666666666666,0.0975609756097561
financial_only,42,25,0.36363636363636365,0.16,0.1024390243902439
financial_only,42,26,0.36363636363636365,0.15384615384615385,0.1073170731707317
financial_only,42,27,0.45454545454545453,0.18518518518518517,0.1073170731707317
financial_only,42,28,0.5454545454545454,0.21428571428571427,0.1073170731707317
financial_only,42,29,0.5454545454545454,0.20689655172413793,0.11219512195121951
financial_only,42,30,0.5454545454545454,0.2,0.11707317073170732
financial_only,42,31,0.6363636363636364,0.22580645161290322,0.11707317073170732
financial_only,42,32,0.6363636363636364,0.21875,0.12195121951219512
financial_only,42,33,0.6363636363636364,0.21212121212121213,0.12682926829268293
financial_only,42,34,0.6363636363636364,0.20588235294117646,0.13170731707317074
financial_only,42,35,0.7272727272727273,0.22857142857142856,0.13170731707317074
financial_only,42,36,0.7272727272727273,0.2222222222222222,0.13658536585365855
financial_only,42,37,0.7272727272727273,0.21621621621621623,0.14146341463414633
financial_only,42,38,0.7272727272727273,0.21052631578947367,0.14634146341463414
financial_only,42,39,0.7272727272727273,0.20512820512820512,0.15121951219512195
financial_only,42,40,0.7272727272727273,0.2,0.15609756097560976
financial_only,42,41,0.8181818181818182,0.21951219512195122,0.15609756097560976
financial_only,42,42,0.8181818181818182,0.21428571428571427,0.16097560975609757
financial_only,42,43,0.8181818181818182,0.20930232558139536,0.16585365853658537
financial_only,42,44,0.8181818181818182,0.20454545454545456,0.17073170731707318
financial_only,42,45,0.8181818181818182,0.2,0.17560975609756097
financial_only,42,46,0.8181818181818182,0.1956521739130435,0.18048780487804877
financial_only,42,47,0.8181818181818182,0.19148936170212766,0.18536585365853658
financial_only,42,48,0.8181818181818182,0.1875,0.1902439024390244
financial_only,42,49,0.9090909090909091,0.20408163265306123,0.1902439024390244
financial_only,42,50,0.9090909090909091,0.2,0.1951219512195122
financial_only,42,51,0.9090909090909091,0.19607843137254902,0.2
financial_only,42,52,0.9090909090909091,0.19230769230769232,0.2048780487804878
financial_only,42,53,0.9090909090909091,0.18867924528301888,0.2097560975609756
financial_only,42,54,0.9090909090909091,0.18518518518518517,0.2146341463414634
financial_only,42,55,0.9090909090909091,0.18181818181818182,0.21951219512195122
financial_only,42,56,0.9090909090909091,0.17857142857142858,0.22439024390243903
financial_only,42,57,0.9090909090909091,0.17543859649122806,0.22926829268292684
financial_only,42,58,0.9090909090909091,0.1724137931034483,0.23414634146341465
financial_only,42,59,0.9090909090909091,0.1694915254237288,0.23902439024390243
financial_only,42,60,0.9090909090909091,0.16666666666666666,0.24390243902439024
financial_only,42,61,0.9090909090909091,0.16393442622950818,0.24878048780487805
financial_only,42,62,0.9090909090909091,0.16129032258064516,0.25365853658536586
financial_only,42,63,0.9090909090909091,0.15873015873015872,0.25853658536585367
financial_only,42,64,0.9090909090909091,0.15625,0.2634146341463415
financial_only,42,65,0.9090909090909091,0.15384615384615385,0.2682926829268293
financial_only,42,66,0.9090909090909091,0.15151515151515152,0.2731707317073171
financial_only,42,67,0.9090909090909091,0.14925373134328357,0.2780487804878049
financial_only,42,68,0.9090909090909091,0.14705882352941177,0.28292682926829266
financial_only,42,69,0.9090909090909091,0.14492753623188406,0.28780487804878047
financial_only,42,70,0.9090909090909091,0.14285714285714285,0.2926829268292683
financial_only,42,71,0.9090909090909091,0.14084507042253522,0.2975609756097561
financial_only,42,72,0.9090909090909091,0.1388888888888889,0.3024390243902439
financial_only,42,73,0.9090909090909091,0.136986301369863,0.3073170731707317
financial_only,42,74,0.9090909090909091,0.13513513513513514,0.3121951219512195
financial_only,42,75,0.9090909090909091,0.13333333333333333,0.3170731707317073
financial_only,42,76,0.9090909090909091,0.13157894736842105,0.32195121951219513
financial_only,42,77,0.9090909090909091,0.12987012987012986,0.32682926829268294
financial_only,42,78,0.9090909090909091,0.1282051282051282,0.33170731707317075
financial_only,42,79,0.9090909090909091,0.12658227848101267,0.33658536585365856
financial_only,42,80,0.9090909090909091,0.125,0.34146341463414637
financial_only,42,81,1.0,0.13580246913580246,0.34146341463414637
financial_only,42,82,1.0,0.13414634146341464,0.3463414634146341
financial_only,42,83,1.0,0.13253012048192772,0.35121951219512193
financial_only,42,84,1.0,0.13095238095238096,0.35609756097560974
financial_only,42,85,1.0,0.12941176470588237,0.36097560975609755
financial_only,42,86,1.0,0.12790697674418605,0.36585365853658536
financial_only,42,87,1.0,0.12643678160919541,0.37073170731707317
financial_only,42,88,1.0,0.125,0.375609756097561
financial_only,42,89,1.0,0.12359550561797752,0.3804878048780488
financial_only,42,90,1.0,0.12222222222222222,0.3853658536585366
financial_only,42,91,1.0,0.12087912087912088,0.3902439024390244
financial_only,42,92,1.0,0.11956521739130435,0.3951219512195122
financial_only,42,93,1.0,0.11827956989247312,0.4
financial_only,42,94,1.0,0.11702127659574468,0.40487804878048783
financial_only,42,95,1.0,0.11578947368421053,0.4097560975609756
financial_only,42,96,1.0,0.11458333333333333,0.4146341463414634
financial_only,42,97,1.0,0.1134020618556701,0.4195121951219512
financial_only,42,98,1.0,0.11224489795918367,0.424390243902439
financial_only,42,99,1.0,0.1111111111111111,0.4292682926829268
financial_only,42,100,1.0,0.11,0.43414634146341463
financial_only,42,101,1.0,0.10891089108910891,0.43902439024390244
financial_only,42,102,1.0,0.10784313725490197,0.44390243902439025
financial_only,42,103,1.0,0.10679611650485436,0.44878048780487806
financial_only,42,104,1.0,0.10576923076923077,0.45365853658536587
financial_only,42,105,1.0,0.10476190476190476,0.4585365853658537
financial_only,42,106,1.0,0.10377358490566038,0.4634146341463415
financial_only,42,107,1.0,0.102803738317757,0.4682926829268293
financial_only,42,108,1.0,0.10185185185185185,0.47317073170731705
financial_only,42,109,1.0,0.10091743119266056,0.47804878048780486
financial_only,42,110,1.0,0.1,0.48292682926829267
financial_only,42,111,1.0,0.0990990990990991,0.4878048780487805
financial_only,42,112,1.0,0.09821428571428571,0.4926829268292683
financial_only,42,113,1.0,0.09734513274336283,0.4975609756097561
financial_only,42,114,1.0,0.09649122807017543,0.5024390243902439
financial_only,42,115,1.0,0.09565217391304348,0.5073170731707317
financial_only,42,116,1.0,0.09482758620689655,0.5121951219512195
financial_only,42,117,1.0,0.09401709401709402,0.5170731707317073
financial_only,42,118,1.0,0.09322033898305085,0.5219512195121951
financial_only,42,119,1.0,0.09243697478991597,0.526829268292683
financial_only,42,120,1.0,0.09166666666666666,0.5317073170731708
financial_only,42,121,1.0,0.09090909090909091,0.5365853658536586
financial_only,42,122,1.0,0.09016393442622951,0.5414634146341464
financial_only,42,123,1.0,0.08943089430894309,0.5463414634146342
financial_only,42,124,1.0,0.08870967741935484,0.551219512195122
financial_only,42,125,1.0,0.088,0.5560975609756098
financial_only,42,126,1.0,0.0873015873015873,0.5609756097560976
financial_only,42,127,1.0,0.08661417322834646,0.5658536585365853
financial_only,42,128,1.0,0.0859375,0.5707317073170731
financial_only,42,129,1.0,0.08527131782945736,0.5756097560975609
financial_only,42,130,1.0,0.08461538461538462,0.5804878048780487
financial_only,42,131,1.0,0.08396946564885496,0.5853658536585366
financial_only,42,132,1.0,0.08333333333333333,0.5902439024390244
financial_only,42,133,1.0,0.08270676691729323,0.5951219512195122
financial_only,42,134,1.0,0.08208955223880597,0.6
financial_only,42,135,1.0,0.08148148148148149,0.6048780487804878
financial_only,42,136,1.0,0.08088235294117647,0.6097560975609756
financial_only,42,137,1.0,0.08029197080291971,0.6146341463414634
financial_only,42,138,1.0,0.07971014492753623,0.6195121951219512
financial_only,42,139,1.0,0.07913669064748201,0.624390243902439
financial_only,42,140,1.0,0.07857142857142857,0.6292682926829268
financial_only,42,141,1.0,0.07801418439716312,0.6341463414634146
financial_only,42,142,1.0,0.07746478873239436,0.6390243902439025
financial_only,42,143,1.0,0.07692307692307693,0.6439024390243903
financial_only,42,144,1.0,0.0763888888888889,0.6487804878048781
financial_only,42,145,1.0,0.07586206896551724,0.6536585365853659
financial_only,42,146,1.0,0.07534246575342465,0.6585365853658537
financial_only,42,147,1.0,0.07482993197278912,0.6634146341463415
financial_only,42,148,1.0,0.07432432432432433,0.6682926829268293
financial_only,42,149,1.0,0.0738255033557047,0.6731707317073171
financial_only,42,150,1.0,0.07333333333333333,0.6780487804878049
financial_only,42,151,1.0,0.0728476821192053,0.6829268292682927
financial_only,42,152,1.0,0.07236842105263158,0.6878048780487804
financial_only,42,153,1.0,0.0718954248366013,0.6926829268292682
financial_only,42,154,1.0,0.07142857142857142,0.697560975609756
financial_only,42,155,1.0,0.07096774193548387,0.7024390243902439
financial_only,42,156,1.0,0.07051282051282051,0.7073170731707317
financial_only,42,157,1.0,0.07006369426751592,0.7121951219512195
financial_only,42,158,1.0,0.06962025316455696,0.7170731707317073
financial_only,42,159,1.0,0.06918238993710692,0.7219512195121951
financial_only,42,160,1.0,0.06875,0.7268292682926829
financial_only,42,161,1.0,0.06832298136645963,0.7317073170731707
financial_only,42,162,1.0,0.06790123456790123,0.7365853658536585
financial_only,42,163,1.0,0.06748466257668712,0.7414634146341463
financial_only,42,164,1.0,0.06707317073170732,0.7463414634146341
financial_only,42,165,1.0,0.06666666666666667,0.751219512195122
financial_only,42,166,1.0,0.06626506024096386,0.7560975609756098
financial_only,42,167,1.0,0.0658682634730539,0.7609756097560976
financial_only,42,168,1.0,0.06547619047619048,0.7658536585365854
financial_only,42,169,1.0,0.0650887573964497,0.7707317073170732
financial_only,42,170,1.0,0.06470588235294118,0.775609756097561
financial_only,42,171,1.0,0.06432748538011696,0.7804878048780488
financial_only,42,172,1.0,0.06395348837209303,0.7853658536585366
financial_only,42,173,1.0,0.06358381502890173,0.7902439024390244
financial_only,42,174,1.0,0.06321839080459771,0.7951219512195122
financial_only,42,175,1.0,0.06285714285714286,0.8
financial_only,42,176,1.0,0.0625,0.8048780487804879
financial_only,42,177,1.0,0.062146892655367235,0.8097560975609757
financial_only,42,178,1.0,0.06179775280898876,0.8146341463414634
financial_only,42,179,1.0,0.061452513966480445,0.8195121951219512
financial_only,42,180,1.0,0.06111111111111111,0.824390243902439
financial_only,42,181,1.0,0.06077348066298342,0.8292682926829268
financial_only,42,182,1.0,0.06043956043956044,0.8341463414634146
financial_only,42,183,1.0,0.060109289617486336,0.8390243902439024
financial_only,42,184,1.0,0.059782608695652176,0.8439024390243902
financial_only,42,185,1.0,0.05945945945945946,0.848780487804878
financial_only,42,186,1.0,0.05913978494623656,0.8536585365853658
financial_only,42,187,1.0,0.058823529411764705,0.8585365853658536
financial_only,42,188,1.0,0.05851063829787234,0.8634146341463415
financial_only,42,189,1.0,0.0582010582010582,0.8682926829268293
financial_only,42,190,1.0,0.05789473684210526,0.8731707317073171
financial_only,42,191,1.0,0.05759162303664921,0.8780487804878049
financial_only,42,192,1.0,0.057291666666666664,0.8829268292682927
financial_only,42,193,1.0,0.05699481865284974,0.8878048780487805
financial_only,42,194,1.0,0.05670103092783505,0.8926829268292683
financial_only,42,195,1.0,0.05641025641025641,0.8975609756097561
financial_only,42,196,1.0,0.05612244897959184,0.9024390243902439
financial_only,42,197,1.0,0.05583756345177665,0.9073170731707317
financial_only,42,198,1.0,0.05555555555555555,0.9121951219512195
financial_only,42,199,1.0,0.05527638190954774,0.9170731707317074
financial_only,42,200,1.0,0.055,0.9219512195121952
financial_only,42,201,1.0,0.05472636815920398,0.926829268292683
financial_only,42,202,1.0,0.054455445544554455,0.9317073170731708
financial_only,42,203,1.0,0.054187192118226604,0.9365853658536586
financial_only,42,204,1.0,0.05392156862745098,0.9414634146341463
financial_only,42,205,1.0,0.05365853658536585,0.9463414634146341
financial_only,42,206,1.0,0.05339805825242718,0.9512195121951219
financial_only,42,207,1.0,0.05314009661835749,0.9560975609756097
financial_only,42,208,1.0,0.052884615384615384,0.9609756097560975
financial_only,42,209,1.0,0.05263157894736842,0.9658536585365853
financial_only,42,210,1.0,0.05238095238095238,0.9707317073170731
financial_only,42,211,1.0,0.052132701421800945,0.975609756097561
financial_only,42,212,1.0,0.05188679245283019,0.9804878048780488
financial_only,42,213,1.0,0.051643192488262914,0.9853658536585366
financial_only,42,214,1.0,0.0514018691588785,0.9902439024390244
financial_only,42,215,1.0,0.05116279069767442,0.9951219512195122
financial_only,42,216,1.0,0.05092592592592592,1.0
financial_only,2026,0,0.0,1.0,0.0
financial_only,2026,1,0.09090909090909091,1.0,0.0
financial_only,2026,2,0.09090909090909091,0.5,0.004878048780487805
financial_only,2026,3,0.18181818181818182,0.6666666666666666,0.004878048780487805
financial_only,2026,4,0.18181818181818182,0.5,0.00975609756097561
financial_only,2026,5,0.2727272727272727,0.6,0.00975609756097561
financial_only,2026,6,0.2727272727272727,0.5,0.014634146341463415
financial_only,2026,7,0.2727272727272727,0.42857142857142855,0.01951219512195122
financial_only,2026,8,0.36363636363636365,0.5,0.01951219512195122
financial_only,2026,9,0.36363636363636365,0.4444444444444444,0.024390243902439025
financial_only,2026,10,0.36363636363636365,0.4,0.02926829268292683
financial_only,2026,11,0.36363636363636365,0.36363636363636365,0.03414634146341464
financial_only,2026,12,0.36363636363636365,0.3333333333333333,0.03902439024390244
financial_only,2026,13,0.36363636363636365,0.3076923076923077,0.04390243902439024
financial_only,2026,14,0.36363636363636365,0.2857142857142857,0.04878048780487805
financial_only,2026,15,0.36363636363636365,0.26666666666666666,0.05365853658536585
financial_only,2026,16,0.36363636363636365,0.25,0.05853658536585366
financial_only,2026,17,0.36363636363636365,0.23529411764705882,0.06341463414634146
financial_only,2026,18,0.36363636363636365,0.2222222222222222,0.06829268292682927
financial_only,2026,19,0.36363636363636365,0.21052631578947367,0.07317073170731707
financial_only,2026,20,0.36363636363636365,0.2,0.07804878048780488
financial_only,2026,21,0.36363636363636365,0.19047619047619047,0.08292682926829269
financial_only,2026,22,0.36363636363636365,0.18181818181818182,0.08780487804878048
financial_only,2026,23,0.45454545454545453,0.21739130434782608,0.08780487804878048
financial_only,2026,24,0.45454545454545453,0.20833333333333334,0.09268292682926829
financial_only,2026,25,0.45454545454545453,0.2,0.0975609756097561
financial_only,2026,26,0.5454545454545454,0.23076923076923078,0.0975609756097561
financial_only,2026,27,0.5454545454545454,0.2222222222222222,0.1024390243902439
financial_only,2026,28,0.6363636363636364,0.25,0.1024390243902439
financial_only,2026,29,0.6363636363636364,0.2413793103448276,0.1073170731707317
financial_only,2026,30,0.6363636363636364,0.23333333333333334,0.11219512195121951
financial_only,2026,31,0.7272727272727273,0.25806451612903225,0.11219512195121951
financial_only,2026,32,0.7272727272727273,0.25,0.11707317073170732
financial_only,2026,33,0.7272727272727273,0.24242424242424243,0.12195121951219512
financial_only,2026,34,0.7272727272727273,0.23529411764705882,0.12682926829268293
financial_only,2026,35,0.7272727272727273,0.22857142857142856,0.13170731707317074
financial_only,2026,36,0.7272727272727273,0.2222222222222222,0.13658536585365855
financial_only,2026,37,0.7272727272727273,0.21621621621621623,0.14146341463414633
financial_only,2026,38,0.7272727272727273,0.21052631578947367,0.14634146341463414
financial_only,2026,39,0.7272727272727273,0.20512820512820512,0.15121951219512195
financial_only,2026,40,0.7272727272727273,0.2,0.15609756097560976
financial_only,2026,41,0.8181818181818182,0.21951219512195122,0.15609756097560976
financial_only,2026,42,0.8181818181818182,0.21428571428571427,0.16097560975609757
financial_only,2026,43,0.8181818181818182,0.20930232558139536,0.16585365853658537
financial_only,2026,44,0.8181818181818182,0.20454545454545456,0.17073170731707318
financial_only,2026,45,0.8181818181818182,0.2,0.17560975609756097
financial_only,2026,46,0.8181818181818182,0.1956521739130435,0.18048780487804877
financial_only,2026,47,0.9090909090909091,0.2127659574468085,0.18048780487804877
financial_only,2026,48,0.9090909090909091,0.20833333333333334,0.18536585365853658
financial_only,2026,49,0.9090909090909091,0.20408163265306123,0.1902439024390244
financial_only,2026,50,0.9090909090909091,0.2,0.1951219512195122
financial_only,2026,51,0.9090909090909091,0.19607843137254902,0.2
financial_only,2026,52,0.9090909090909091,0.19230769230769232,0.2048780487804878
financial_only,2026,53,0.9090909090909091,0.18867924528301888,0.2097560975609756
financial_only,2026,54,0.9090909090909091,0.18518518518518517,0.2146341463414634
financial_only,2026,55,0.9090909090909091,0.18181818181818182,0.21951219512195122
financial_only,2026,56,0.9090909090909091,0.17857142857142858,0.22439024390243903
financial_only,2026,57,0.9090909090909091,0.17543859649122806,0.22926829268292684
financial_only,2026,58,0.9090909090909091,0.1724137931034483,0.23414634146341465
financial_only,2026,59,0.9090909090909091,0.1694915254237288,0.23902439024390243
financial_only,2026,60,0.9090909090909091,0.16666666666666666,0.24390243902439024
financial_only,2026,61,0.9090909090909091,0.16393442622950818,0.24878048780487805
financial_only,2026,62,0.9090909090909091,0.16129032258064516,0.25365853658536586
financial_only,2026,63,0.9090909090909091,0.15873015873015872,0.25853658536585367
financial_only,2026,64,0.9090909090909091,0.15625,0.2634146341463415
financial_only,2026,65,0.9090909090909091,0.15384615384615385,0.2682926829268293
financial_only,2026,66,0.9090909090909091,0.15151515151515152,0.2731707317073171
financial_only,2026,67,0.9090909090909091,0.14925373134328357,0.2780487804878049
financial_only,2026,68,0.9090909090909091,0.14705882352941177,0.28292682926829266
financial_only,2026,69,0.9090909090909091,0.14492753623188406,0.28780487804878047
financial_only,2026,70,0.9090909090909091,0.14285714285714285,0.2926829268292683
financial_only,2026,71,0.9090909090909091,0.14084507042253522,0.2975609756097561
financial_only,2026,72,0.9090909090909091,0.1388888888888889,0.3024390243902439
financial_only,2026,73,0.9090909090909091,0.136986301369863,0.3073170731707317
financial_only,2026,74,0.9090909090909091,0.13513513513513514,0.3121951219512195
financial_only,2026,75,0.9090909090909091,0.13333333333333333,0.3170731707317073
financial_only,2026,76,0.9090909090909091,0.13157894736842105,0.32195121951219513
financial_only,2026,77,0.9090909090909091,0.12987012987012986,0.32682926829268294
financial_only,2026,78,0.9090909090909091,0.1282051282051282,0.33170731707317075
financial_only,2026,79,0.9090909090909091,0.12658227848101267,0.33658536585365856
financial_only,2026,80,0.9090909090909091,0.125,0.34146341463414637
financial_only,2026,81,0.9090909090909091,0.12345679012345678,0.3463414634146341
financial_only,2026,82,0.9090909090909091,0.12195121951219512,0.35121951219512193
financial_only,2026,83,1.0,0.13253012048192772,0.35121951219512193
financial_only,2026,84,1.0,0.13095238095238096,0.35609756097560974
financial_only,2026,85,1.0,0.12941176470588237,0.36097560975609755
financial_only,2026,86,1.0,0.12790697674418605,0.36585365853658536
financial_only,2026,87,1.0,0.12643678160919541,0.37073170731707317
financial_only,2026,88,1.0,0.125,0.375609756097561
financial_only,2026,89,1.0,0.12359550561797752,0.3804878048780488
financial_only,2026,90,1.0,0.12222222222222222,0.3853658536585366
financial_only,2026,91,1.0,0.12087912087912088,0.3902439024390244
financial_only,2026,92,1.0,0.11956521739130435,0.3951219512195122
financial_only,2026,93,1.0,0.11827956989247312,0.4
financial_only,2026,94,1.0,0.11702127659574468,0.40487804878048783
financial_only,2026,95,1.0,0.11578947368421053,0.4097560975609756
financial_only,2026,96,1.0,0.11458333333333333,0.4146341463414634
financial_only,2026,97,1.0,0.1134020618556701,0.4195121951219512
financial_only,2026,98,1.0,0.11224489795918367,0.424390243902439
financial_only,2026,99,1.0,0.1111111111111111,0.4292682926829268
financial_only,2026,100,1.0,0.11,0.43414634146341463
financial_only,2026,101,1.0,0.10891089108910891,0.43902439024390244
financial_only,2026,102,1.0,0.10784313725490197,0.44390243902439025
financial_only,2026,103,1.0,0.10679611650485436,0.44878048780487806
financial_only,2026,104,1.0,0.10576923076923077,0.45365853658536587
financial_only,2026,105,1.0,0.10476190476190476,0.4585365853658537
financial_only,2026,106,1.0,0.10377358490566038,0.4634146341463415
financial_only,2026,107,1.0,0.102803738317757,0.4682926829268293
financial_only,2026,108,1.0,0.10185185185185185,0.47317073170731705
financial_only,2026,109,1.0,0.10091743119266056,0.47804878048780486
financial_only,2026,110,1.0,0.1,0.48292682926829267
financial_only,2026,111,1.0,0.0990990990990991,0.4878048780487805
financial_only,2026,112,1.0,0.09821428571428571,0.4926829268292683
financial_only,2026,113,1.0,0.09734513274336283,0.4975609756097561
financial_only,2026,114,1.0,0.09649122807017543,0.5024390243902439
financial_only,2026,115,1.0,0.09565217391304348,0.5073170731707317
financial_only,2026,116,1.0,0.09482758620689655,0.5121951219512195
financial_only,2026,117,1.0,0.09401709401709402,0.5170731707317073
financial_only,2026,118,1.0,0.09322033898305085,0.5219512195121951
financial_only,2026,119,1.0,0.09243697478991597,0.526829268292683
financial_only,2026,120,1.0,0.09166666666666666,0.5317073170731708
financial_only,2026,121,1.0,0.09090909090909091,0.5365853658536586
financial_only,2026,122,1.0,0.09016393442622951,0.5414634146341464
financial_only,2026,123,1.0,0.08943089430894309,0.5463414634146342
financial_only,2026,124,1.0,0.08870967741935484,0.551219512195122
financial_only,2026,125,1.0,0.088,0.5560975609756098
financial_only,2026,126,1.0,0.0873015873015873,0.5609756097560976
financial_only,2026,127,1.0,0.08661417322834646,0.5658536585365853
financial_only,2026,128,1.0,0.0859375,0.5707317073170731
financial_only,2026,129,1.0,0.08527131782945736,0.5756097560975609
financial_only,2026,130,1.0,0.08461538461538462,0.5804878048780487
financial_only,2026,131,1.0,0.08396946564885496,0.5853658536585366
financial_only,2026,132,1.0,0.08333333333333333,0.5902439024390244
financial_only,2026,133,1.0,0.08270676691729323,0.5951219512195122
financial_only,2026,134,1.0,0.08208955223880597,0.6
financial_only,2026,135,1.0,0.08148148148148149,0.6048780487804878
financial_only,2026,136,1.0,0.08088235294117647,0.6097560975609756
financial_only,2026,137,1.0,0.08029197080291971,0.6146341463414634
financial_only,2026,138,1.0,0.07971014492753623,0.6195121951219512
financial_only,2026,139,1.0,0.07913669064748201,0.624390243902439
financial_only,2026,140,1.0,0.07857142857142857,0.6292682926829268
financial_only,2026,141,1.0,0.07801418439716312,0.6341463414634146
financial_only,2026,142,1.0,0.07746478873239436,0.6390243902439025
financial_only,2026,143,1.0,0.07692307692307693,0.6439024390243903
financial_only,2026,144,1.0,0.0763888888888889,0.6487804878048781
financial_only,2026,145,1.0,0.07586206896551724,0.6536585365853659
financial_only,2026,146,1.0,0.07534246575342465,0.6585365853658537
financial_only,2026,147,1.0,0.07482993197278912,0.6634146341463415
financial_only,2026,148,1.0,0.07432432432432433,0.6682926829268293
financial_only,2026,149,1.0,0.0738255033557047,0.6731707317073171
financial_only,2026,150,1.0,0.07333333333333333,0.6780487804878049
financial_only,2026,151,1.0,0.0728476821192053,0.6829268292682927
financial_only,2026,152,1.0,0.07236842105263158,0.6878048780487804
financial_only,2026,153,1.0,0.0718954248366013,0.6926829268292682
financial_only,2026,154,1.0,0.07142857142857142,0.697560975609756
financial_only,2026,155,1.0,0.07096774193548387,0.7024390243902439
financial_only,2026,156,1.0,0.07051282051282051,0.7073170731707317
financial_only,2026,157,1.0,0.07006369426751592,0.7121951219512195
financial_only,2026,158,1.0,0.06962025316455696,0.7170731707317073
financial_only,2026,159,1.0,0.06918238993710692,0.7219512195121951
financial_only,2026,160,1.0,0.06875,0.7268292682926829
financial_only,2026,161,1.0,0.06832298136645963,0.7317073170731707
financial_only,2026,162,1.0,0.06790123456790123,0.7365853658536585
financial_only,2026,163,1.0,0.06748466257668712,0.7414634146341463
financial_only,2026,164,1.0,0.06707317073170732,0.7463414634146341
financial_only,2026,165,1.0,0.06666666666666667,0.751219512195122
financial_only,2026,166,1.0,0.06626506024096386,0.7560975609756098
financial_only,2026,167,1.0,0.0658682634730539,0.7609756097560976
financial_only,2026,168,1.0,0.06547619047619048,0.7658536585365854
financial_only,2026,169,1.0,0.0650887573964497,0.7707317073170732
financial_only,2026,170,1.0,0.06470588235294118,0.775609756097561
financial_only,2026,171,1.0,0.06432748538011696,0.7804878048780488
financial_only,2026,172,1.0,0.06395348837209303,0.7853658536585366
financial_only,2026,173,1.0,0.06358381502890173,0.7902439024390244
financial_only,2026,174,1.0,0.06321839080459771,0.7951219512195122
financial_only,2026,175,1.0,0.06285714285714286,0.8
financial_only,2026,176,1.0,0.0625,0.8048780487804879
financial_only,2026,177,1.0,0.062146892655367235,0.8097560975609757
financial_only,2026,178,1.0,0.06179775280898876,0.8146341463414634
financial_only,2026,179,1.0,0.061452513966480445,0.8195121951219512
financial_only,2026,180,1.0,0.06111111111111111,0.824390243902439
financial_only,2026,181,1.0,0.06077348066298342,0.8292682926829268
financial_only,2026,182,1.0,0.06043956043956044,0.8341463414634146
financial_only,2026,183,1.0,0.060109289617486336,0.8390243902439024
financial_only,2026,184,1.0,0.059782608695652176,0.8439024390243902
financial_only,2026,185,1.0,0.05945945945945946,0.848780487804878
financial_only,2026,186,1.0,0.05913978494623656,0.8536585365853658
financial_only,2026,187,1.0,0.058823529411764705,0.8585365853658536
financial_only,2026,188,1.0,0.05851063829787234,0.8634146341463415
financial_only,2026,189,1.0,0.0582010582010582,0.8682926829268293
financial_only,2026,190,1.0,0.05789473684210526,0.8731707317073171
financial_only,2026,191,1.0,0.05759162303664921,0.8780487804878049
financial_only,2026,192,1.0,0.057291666666666664,0.8829268292682927
financial_only,2026,193,1.0,0.05699481865284974,0.8878048780487805
financial_only,2026,194,1.0,0.05670103092783505,0.8926829268292683
financial_only,2026,195,1.0,0.05641025641025641,0.8975609756097561
financial_only,2026,196,1.0,0.05612244897959184,0.9024390243902439
financial_only,2026,197,1.0,0.05583756345177665,0.9073170731707317
financial_only,2026,198,1.0,0.05555555555555555,0.9121951219512195
financial_only,2026,199,1.0,0.05527638190954774,0.9170731707317074
financial_only,2026,200,1.0,0.055,0.9219512195121952
financial_only,2026,201,1.0,0.05472636815920398,0.926829268292683
financial_only,2026,202,1.0,0.054455445544554455,0.9317073170731708
financial_only,2026,203,1.0,0.054187192118226604,0.9365853658536586
financial_only,2026,204,1.0,0.05392156862745098,0.9414634146341463
financial_only,2026,205,1.0,0.05365853658536585,0.9463414634146341
financial_only,2026,206,1.0,0.05339805825242718,0.9512195121951219
financial_only,2026,207,1.0,0.05314009661835749,0.9560975609756097
financial_only,2026,208,1.0,0.052884615384615384,0.9609756097560975
financial_only,2026,209,1.0,0.05263157894736842,0.9658536585365853
financial_only,2026,210,1.0,0.05238095238095238,0.9707317073170731
financial_only,2026,211,1.0,0.052132701421800945,0.975609756097561
financial_only,2026,212,1.0,0.05188679245283019,0.9804878048780488
financial_only,2026,213,1.0,0.051643192488262914,0.9853658536585366
financial_only,2026,214,1.0,0.0514018691588785,0.9902439024390244
financial_only,2026,215,1.0,0.05116279069767442,0.9951219512195122
financial_only,2026,216,1.0,0.05092592592592592,1.0
text_only,17,0,0.0,1.0,0.0
text_only,17,1,0.0,0.0,0.004878048780487805
text_only,17,2,0.0,0.0,0.00975609756097561
text_only,17,3,0.0,0.0,0.014634146341463415
text_only,17,4,0.0,0.0,0.01951219512195122
text_only,17,5,0.09090909090909091,0.2,0.01951219512195122
text_only,17,6,0.09090909090909091,0.16666666666666666,0.024390243902439025
text_only,17,7,0.09090909090909091,0.14285714285714285,0.02926829268292683
text_only,17,8,0.09090909090909091,0.125,0.03414634146341464
text_only,17,9,0.09090909090909091,0.1111111111111111,0.03902439024390244
text_only,17,10,0.09090909090909091,0.1,0.04390243902439024
text_only,17,11,0.09090909090909091,0.09090909090909091,0.04878048780487805
text_only,17,12,0.09090909090909091,0.08333333333333333,0.05365853658536585
text_only,17,13,0.09090909090909091,0.07692307692307693,0.05853658536585366
text_only,17,14,0.09090909090909091,0.07142857142857142,0.06341463414634146
text_only,17,15,0.09090909090909091,0.06666666666666667,0.06829268292682927
text_only,17,16,0.09090909090909091,0.0625,0.07317073170731707
text_only,17,17,0.09090909090909091,0.058823529411764705,0.07804878048780488
text_only,17,18,0.09090909090909091,0.05555555555555555,0.08292682926829269
text_only,17,19,0.09090909090909091,0.05263157894736842,0.08780487804878048
text_only,17,20,0.09090909090909091,0.05,0.09268292682926829
text_only,17,21,0.09090909090909091,0.047619047619047616,0.0975609756097561
text_only,17,22,0.09090909090909091,0.045454545454545456,0.1024390243902439
text_only,17,23,0.09090909090909091,0.043478260869565216,0.1073170731707317
text_only,17,24,0.09090909090909091,0.041666666666666664,0.11219512195121951
text_only,17,25,0.09090909090909091,0.04,0.11707317073170732
text_only,17,26,0.09090909090909091,0.038461538461538464,0.12195121951219512
text_only,17,27,0.09090909090909091,0.037037037037037035,0.12682926829268293
text_only,17,28,0.09090909090909091,0.03571428571428571,0.13170731707317074
text_only,17,29,0.09090909090909091,0.034482758620689655,0.13658536585365855
text_only,17,30,0.09090909090909091,0.03333333333333333,0.14146341463414633
text_only,17,31,0.09090909090909091,0.03225806451612903,0.14634146341463414
text_only,17,32,0.09090909090909091,0.03125,0.15121951219512195
text_only,17,33,0.09090909090909091,0.030303030303030304,0.15609756097560976
text_only,17,34,0.09090909090909091,0.029411764705882353,0.16097560975609757
text_only,17,35,0.09090909090909091,0.02857142857142857,0.16585365853658537
text_only,17,36,0.09090909090909091,0.027777777777777776,0.17073170731707318
text_only,17,37,0.09090909090909091,0.02702702702702703,0.17560975609756097
text_only,17,38,0.09090909090909091,0.02631578947368421,0.18048780487804877
text_only,17,39,0.09090909090909091,0.02564102564102564,0.18536585365853658
text_only,17,40,0.09090909090909091,0.025,0.1902439024390244
text_only,17,41,0.09090909090909091,0.024390243902439025,0.1951219512195122
text_only,17,42,0.09090909090909091,0.023809523809523808,0.2
text_only,17,43,0.09090909090909091,0.023255813953488372,0.2048780487804878
text_only,17,44,0.09090909090909091,0.022727272727272728,0.2097560975609756
text_only,17,45,0.09090909090909091,0.022222222222222223,0.2146341463414634
text_only,17,46,0.09090909090909091,0.021739130434782608,0.21951219512195122
text_only,17,47,0.09090909090909091,0.02127659574468085,0.22439024390243903
text_only,17,48,0.09090909090909091,0.020833333333333332,0.22926829268292684
text_only,17,49,0.09090909090909091,0.02040816326530612,0.23414634146341465
text_only,17,50,0.09090909090909091,0.02,0.23902439024390243
text_only,17,51,0.09090909090909091,0.0196078431372549,0.24390243902439024
text_only,17,52,0.09090909090909091,0.019230769230769232,0.24878048780487805
text_only,17,53,0.09090909090909091,0.018867924528301886,0.25365853658536586
text_only,17,54,0.09090909090909091,0.018518518518518517,0.25853658536585367
text_only,17,55,0.09090909090909091,0.01818181818181818,0.2634146341463415
text_only,17,56,0.09090909090909091,0.017857142857142856,0.2682926829268293
text_only,17,57,0.09090909090909091,0.017543859649122806,0.2731707317073171
text_only,17,58,0.09090909090909091,0.017241379310344827,0.2780487804878049
text_only,17,59,0.09090909090909091,0.01694915254237288,0.28292682926829266
text_only,17,60,0.09090909090909091,0.016666666666666666,0.28780487804878047
text_only,17,61,0.09090909090909091,0.01639344262295082,0.2926829268292683
text_only,17,62,0.09090909090909091,0.016129032258064516,0.2975609756097561
text_only,17,63,0.09090909090909091,0.015873015873015872,0.3024390243902439
text_only,17,64,0.09090909090909091,0.015625,0.3073170731707317
text_only,17,65,0.09090909090909091,0.015384615384615385,0.3121951219512195
text_only,17,66,0.09090909090909091,0.015151515151515152,0.3170731707317073
text_only,17,67,0.09090909090909091,0.014925373134328358,0.32195121951219513
text_only,17,68,0.09090909090909091,0.014705882352941176,0.32682926829268294
text_only,17,69,0.09090909090909091,0.014492753623188406,0.33170731707317075
text_only,17,70,0.09090909090909091,0.014285714285714285,0.33658536585365856
text_only,17,71,0.09090909090909091,0.014084507042253521,0.34146341463414637
text_only,17,72,0.09090909090909091,0.013888888888888888,0.3463414634146341
text_only,17,73,0.09090909090909091,0.0136986301369863,0.35121951219512193
text_only,17,74,0.09090909090909091,0.013513513513513514,0.35609756097560974
text_only,17,75,0.09090909090909091,0.013333333333333334,0.36097560975609755
text_only,17,76,0.09090909090909091,0.013157894736842105,0.36585365853658536
text_only,17,77,0.09090909090909091,0.012987012987012988,0.37073170731707317
text_only,17,78,0.09090909090909091,0.01282051282051282,0.375609756097561
text_only,17,79,0.09090909090909091,0.012658227848101266,0.3804878048780488
text_only,17,80,0.09090909090909091,0.0125,0.3853658536585366
text_only,17,81,0.09090909090909091,0.012345679012345678,0.3902439024390244
text_only,17,82,0.09090909090909091,0.012195121951219513,0.3951219512195122
text_only,17,83,0.09090909090909091,0.012048192771084338,0.4
text_only,17,84,0.09090909090909091,0.011904761904761904,0.40487804878048783
text_only,17,85,0.09090909090909091,0.011764705882352941,0.4097560975609756
text_only,17,86,0.09090909090909091,0.011627906976744186,0.4146341463414634
text_only,17,87,0.09090909090909091,0.011494252873563218,0.4195121951219512
text_only,17,88,0.09090909090909091,0.011363636363636364,0.424390243902439
text_only,17,89,0.09090909090909091,0.011235955056179775,0.4292682926829268
text_only,17,90,0.09090909090909091,0.011111111111111112,0.43414634146341463
text_only,17,91,0.09090909090909091,0.01098901098901099,0.43902439024390244
text_only,17,92,0.09090909090909091,0.010869565217391304,0.44390243902439025
text_only,17,93,0.09090909090909091,0.010752688172043012,0.44878048780487806
text_only,17,94,0.09090909090909091,0.010638297872340425,0.45365853658536587
text_only,17,95,0.09090909090909091,0.010526315789473684,0.4585365853658537
text_only,17,96,0.09090909090909091,0.010416666666666666,0.4634146341463415
text_only,17,97,0.09090909090909091,0.010309278350515464,0.4682926829268293
text_only,17,98,0.09090909090909091,0.01020408163265306,0.47317073170731705
text_only,17,99,0.09090909090909091,0.010101010101010102,0.47804878048780486
text_only,17,100,0.09090909090909091,0.01,0.48292682926829267
text_only,17,101,0.09090909090909091,0.009900990099009901,0.4878048780487805
text_only,17,102,0.09090909090909091,0.00980392156862745,0.4926829268292683
text_only,17,103,0.09090909090909091,0.009708737864077669,0.4975609756097561
text_only,17,104,0.09090909090909091,0.009615384615384616,0.5024390243902439
text_only,17,105,0.09090909090909091,0.009523809523809525,0.5073170731707317
text_only,17,106,0.09090909090909091,0.009433962264150943,0.5121951219512195
text_only,17,107,0.09090909090909091,0.009345794392523364,0.5170731707317073
text_only,17,108,0.09090909090909091,0.009259259259259259,0.5219512195121951
text_only,17,109,0.09090909090909091,0.009174311926605505,0.526829268292683
text_only,17,110,0.09090909090909091,0.00909090909090909,0.5317073170731708
text_only,17,111,0.18181818181818182,0.018018018018018018,0.5317073170731708
text_only,17,112,0.2727272727272727,0.026785714285714284,0.5317073170731708
text_only,17,113,0.2727272727272727,0.02654867256637168,0.5365853658536586
text_only,17,114,0.2727272727272727,0.02631578947368421,0.5414634146341464
text_only,17,115,0.2727272727272727,0.02608695652173913,0.5463414634146342
text_only,17,116,0.2727272727272727,0.02586206896551724,0.551219512195122
text_only,17,117,0.36363636363636365,0.03389830508474576,0.5560975609756098
text_only,17,118,0.36363636363636365,0.03361344537815126,0.5609756097560976
text_only,17,119,0.36363636363636365,0.03333333333333333,0.5658536585365853
text_only,17,120,0.36363636363636365,0.03305785123966942,0.5707317073170731
text_only,17,121,0.36363636363636365,0.03278688524590164,0.5756097560975609
text_only,17,122,0.36363636363636365,0.032520325203252036,0.5804878048780487
text_only,17,123,0.36363636363636365,0.03225806451612903,0.5853658536585366
text_only,17,124,0.36363636363636365,0.032,0.5902439024390244
text_only,17,125,0.36363636363636365,0.031746031746031744,0.5951219512195122
text_only,17,126,0.36363636363636365,0.031496062992125984,0.6
text_only,17,127,0.36363636363636365,0.03125,0.6048780487804878
text_only,17,128,0.36363636363636365,0.031007751937984496,0.6097560975609756
text_only,17,129,0.36363636363636365,0.03076923076923077,0.6146341463414634
text_only,17,130,0.36363636363636365,0.030534351145038167,0.6195121951219512
text_only,17,131,0.36363636363636365,0.030303030303030304,0.624390243902439
text_only,17,132,0.36363636363636365,0.03007518796992481,0.6292682926829268
text_only,17,133,0.36363636363636365,0.029850746268656716,0.6341463414634146
text_only,17,134,0.36363636363636365,0.02962962962962963,0.6390243902439025
text_only,17,135,0.36363636363636365,0.029411764705882353,0.6439024390243903
text_only,17,136,0.36363636363636365,0.029197080291970802,0.6487804878048781
text_only,17,137,0.36363636363636365,0.028985507246376812,0.6536585365853659
text_only,17,138,0.36363636363636365,0.02877697841726619,0.6585365853658537
text_only,17,139,0.36363636363636365,0.02857142857142857,0.6634146341463415
text_only,17,140,0.36363636363636365,0.028368794326241134,0.6682926829268293
text_only,17,141,0.36363636363636365,0.028169014084507043,0.6731707317073171
text_only,17,142,0.36363636363636365,0.027972027972027972,0.6780487804878049
text_only,17,143,0.45454545454545453,0.034722222222222224,0.6780487804878049
text_only,17,144,0.45454545454545453,0.034482758620689655,0.6829268292682927
text_only,17,145,0.45454545454545453,0.03424657534246575,0.6878048780487804
text_only,17,146,0.45454545454545453,0.034013605442176874,0.6926829268292682
text_only,17,147,0.45454545454545453,0.033783783783783786,0.697560975609756
text_only,17,148,0.45454545454545453,0.03355704697986577,0.7024390243902439
text_only,17,149,0.45454545454545453,0.03333333333333333,0.7073170731707317
text_only,17,150,0.45454545454545453,0.033112582781456956,0.7121951219512195
text_only,17,151,0.5454545454545454,0.039473684210526314,0.7121951219512195
text_only,17,152,0.6363636363636364,0.0457516339869281,0.7121951219512195
text_only,17,153,0.6363636363636364,0.045454545454545456,0.7170731707317073
text_only,17,154,0.6363636363636364,0.04516129032258064,0.7219512195121951
text_only,17,155,0.6363636363636364,0.04487179487179487,0.7268292682926829
text_only,17,156,0.6363636363636364,0.044585987261146494,0.7317073170731707
text_only,17,157,0.6363636363636364,0.04430379746835443,0.7365853658536585
text_only,17,158,0.6363636363636364,0.0440251572327044,0.7414634146341463
text_only,17,159,0.6363636363636364,0.04375,0.7463414634146341
text_only,17,160,0.6363636363636364,0.043478260869565216,0.751219512195122
text_only,17,161,0.6363636363636364,0.043209876543209874,0.7560975609756098
text_only,17,162,0.6363636363636364,0.04294478527607362,0.7609756097560976
text_only,17,163,0.6363636363636364,0.042682926829268296,0.7658536585365854
text_only,17,164,0.6363636363636364,0.04242424242424243,0.7707317073170732
text_only,17,165,0.6363636363636364,0.04216867469879518,0.775609756097561
text_only,17,166,0.6363636363636364,0.041916167664670656,0.7804878048780488
text_only,17,167,0.6363636363636364,0.041666666666666664,0.7853658536585366
text_only,17,168,0.6363636363636364,0.04142011834319527,0.7902439024390244
text_only,17,169,0.6363636363636364,0.041176470588235294,0.7951219512195122
text_only,17,170,0.6363636363636364,0.04093567251461988,0.8
text_only,17,171,0.7272727272727273,0.046511627906976744,0.8
text_only,17,172,0.7272727272727273,0.046242774566473986,0.8048780487804879
text_only,17,173,0.7272727272727273,0.04597701149425287,0.8097560975609757
text_only,17,174,0.7272727272727273,0.045714285714285714,0.8146341463414634
text_only,17,175,0.7272727272727273,0.045454545454545456,0.8195121951219512
text_only,17,176,0.8181818181818182,0.05084745762711865,0.8195121951219512
text_only,17,177,0.8181818181818182,0.05056179775280899,0.824390243902439
text_only,17,178,0.8181818181818182,0.05027932960893855,0.8292682926829268
text_only,17,179,0.9090909090909091,0.05555555555555555,0.8292682926829268
text_only,17,180,0.9090909090909091,0.055248618784530384,0.8341463414634146
text_only,17,181,0.9090909090909091,0.054945054945054944,0.8390243902439024
text_only,17,182,0.9090909090909091,0.0546448087431694,0.8439024390243902
text_only,17,183,0.9090909090909091,0.05434782608695652,0.848780487804878
text_only,17,184,0.9090909090909091,0.05405405405405406,0.8536585365853658
text_only,17,185,0.9090909090909091,0.053763440860215055,0.8585365853658536
text_only,17,186,0.9090909090909091,0.053475935828877004,0.8634146341463415
text_only,17,187,0.9090909090909091,0.05319148936170213,0.8682926829268293
text_only,17,188,0.9090909090909091,0.05291005291005291,0.8731707317073171
text_only,17,189,0.9090909090909091,0.05263157894736842,0.8780487804878049
text_only,17,190,0.9090909090909091,0.05235602094240838,0.8829268292682927
text_only,17,191,0.9090909090909091,0.052083333333333336,0.8878048780487805
text_only,17,192,0.9090909090909091,0.05181347150259067,0.8926829268292683
text_only,17,193,0.9090909090909091,0.05154639175257732,0.8975609756097561
text_only,17,194,0.9090909090909091,0.05128205128205128,0.9024390243902439
text_only,17,195,0.9090909090909091,0.05102040816326531,0.9073170731707317
text_only,17,196,1.0,0.05583756345177665,0.9073170731707317
text_only,17,197,1.0,0.05555555555555555,0.9121951219512195
text_only,17,198,1.0,0.05527638190954774,0.9170731707317074
text_only,17,199,1.0,0.055,0.9219512195121952
text_only,17,200,1.0,0.05472636815920398,0.926829268292683
text_only,17,201,1.0,0.054455445544554455,0.9317073170731708
text_only,17,202,1.0,0.054187192118226604,0.9365853658536586
text_only,17,203,1.0,0.05392156862745098,0.9414634146341463
text_only,17,204,1.0,0.05365853658536585,0.9463414634146341
text_only,17,205,1.0,0.05339805825242718,0.9512195121951219
text_only,17,206,1.0,0.05314009661835749,0.9560975609756097
text_only,17,207,1.0,0.052884615384615384,0.9609756097560975
text_only,17,208,1.0,0.05263157894736842,0.9658536585365853
text_only,17,209,1.0,0.05238095238095238,0.9707317073170731
text_only,17,210,1.0,0.052132701421800945,0.975609756097561
text_only,17,211,1.0,0.05188679245283019,0.9804878048780488
text_only,17,212,1.0,0.051643192488262914,0.9853658536585366
text_only,17,213,1.0,0.0514018691588785,0.9902439024390244
text_only,17,214,1.0,0.05116279069767442,0.9951219512195122
text_only,17,215,1.0,0.05092592592592592,1.0
text_only,42,0,0.0,1.0,0.0
text_only,42,1,0.0,0.0,0.004878048780487805
text_only,42,2,0.0,0.0,0.00975609756097561
text_only,42,3,0.0,0.0,0.014634146341463415
text_only,42,4,0.0,0.0,0.01951219512195122
text_only,42,5,0.0,0.0,0.024390243902439025
text_only,42,6,0.0,0.0,0.02926829268292683
text_only,42,7,0.0,0.0,0.03414634146341464
text_only,42,8,0.0,0.0,0.03902439024390244
text_only,42,9,0.0,0.0,0.04390243902439024
text_only,42,10,0.0,0.0,0.04878048780487805
text_only,42,11,0.0,0.0,0.05365853658536585
text_only,42,12,0.0,0.0,0.05853658536585366
text_only,42,13,0.09090909090909091,0.07692307692307693,0.05853658536585366
text_only,42,14,0.09090909090909091,0.07142857142857142,0.06341463414634146
text_only,42,15,0.09090909090909091,0.06666666666666667,0.06829268292682927
text_only,42,16,0.09090909090909091,0.0625,0.07317073170731707
text_only,42,17,0.09090909090909091,0.058823529411764705,0.07804878048780488
text_only,42,18,0.09090909090909091,0.05555555555555555,0.08292682926829269
text_only,42,19,0.09090909090909091,0.05263157894736842,0.08780487804878048
text_only,42,20,0.09090909090909091,0.05,0.09268292682926829
text_only,42,21,0.09090909090909091,0.047619047619047616,0.0975609756097561
text_only,42,22,0.09090909090909091,0.045454545454545456,0.1024390243902439
text_only,42,23,0.09090909090909091,0.043478260869565216,0.1073170731707317
text_only,42,24,0.09090909090909091,0.041666666666666664,0.11219512195121951
text_only,42,25,0.09090909090909091,0.04,0.11707317073170732
text_only,42,26,0.09090909090909091,0.038461538461538464,0.12195121951219512
text_only,42,27,0.09090909090909091,0.037037037037037035,0.12682926829268293
text_only,42,28,0.09090909090909091,0.03571428571428571,0.13170731707317074
text_only,42,29,0.09090909090909091,0.034482758620689655,0.13658536585365855
text_only,42,30,0.09090909090909091,0.03333333333333333,0.14146341463414633
text_only,42,31,0.09090909090909091,0.03225806451612903,0.14634146341463414
text_only,42,32,0.09090909090909091,0.03125,0.15121951219512195
text_only,42,33,0.09090909090909091,0.030303030303030304,0.15609756097560976
text_only,42,34,0.09090909090909091,0.029411764705882353,0.16097560975609757
text_only,42,35,0.09090909090909091,0.02857142857142857,0.16585365853658537
text_only,42,36,0.09090909090909091,0.027777777777777776,0.17073170731707318
text_only,42,37,0.09090909090909091,0.02702702702702703,0.17560975609756097
text_only,42,38,0.09090909090909091,0.02631578947368421,0.18048780487804877
text_only,42,39,0.09090909090909091,0.02564102564102564,0.18536585365853658
text_only,42,40,0.09090909090909091,0.025,0.1902439024390244
text_only,42,41,0.09090909090909091,0.024390243902439025,0.1951219512195122
text_only,42,42,0.09090909090909091,0.023809523809523808,0.2
text_only,42,43,0.18181818181818182,0.046511627906976744,0.2
text_only,42,44,0.18181818181818182,0.045454545454545456,0.2048780487804878
text_only,42,45,0.18181818181818182,0.044444444444444446,0.2097560975609756
text_only,42,46,0.18181818181818182,0.043478260869565216,0.2146341463414634
text_only,42,47,0.18181818181818182,0.0425531914893617,0.21951219512195122
text_only,42,48,0.18181818181818182,0.041666666666666664,0.22439024390243903
text_only,42,49,0.18181818181818182,0.04081632653061224,0.22926829268292684
text_only,42,50,0.18181818181818182,0.04,0.23414634146341465
text_only,42,51,0.18181818181818182,0.0392156862745098,0.23902439024390243
text_only,42,52,0.18181818181818182,0.038461538461538464,0.24390243902439024
text_only,42,53,0.18181818181818182,0.03773584905660377,0.24878048780487805
text_only,42,54,0.18181818181818182,0.037037037037037035,0.25365853658536586
text_only,42,55,0.18181818181818182,0.03636363636363636,0.25853658536585367
text_only,42,56,0.18181818181818182,0.03571428571428571,0.2634146341463415
text_only,42,57,0.18181818181818182,0.03508771929824561,0.2682926829268293
text_only,42,58,0.18181818181818182,0.034482758620689655,0.2731707317073171
text_only,42,59,0.18181818181818182,0.03389830508474576,0.2780487804878049
text_only,42,60,0.18181818181818182,0.03333333333333333,0.28292682926829266
text_only,42,61,0.18181818181818182,0.03278688524590164,0.28780487804878047
text_only,42,62,0.18181818181818182,0.03225806451612903,0.2926829268292683
text_only,42,63,0.18181818181818182,0.031746031746031744,0.2975609756097561
text_only,42,64,0.18181818181818182,0.03125,0.3024390243902439
text_only,42,65,0.18181818181818182,0.03076923076923077,0.3073170731707317
text_only,42,66,0.18181818181818182,0.030303030303030304,0.3121951219512195
text_only,42,67,0.18181818181818182,0.029850746268656716,0.3170731707317073
text_only,42,68,0.18181818181818182,0.029411764705882353,0.32195121951219513
text_only,42,69,0.18181818181818182,0.028985507246376812,0.32682926829268294
text_only,42,70,0.2727272727272727,0.04285714285714286,0.32682926829268294
text_only,42,71,0.36363636363636365,0.056338028169014086,0.32682926829268294
text_only,42,72,0.36363636363636365,0.05555555555555555,0.33170731707317075
text_only,42,73,0.36363636363636365,0.0547945205479452,0.33658536585365856
text_only,42,74,0.36363636363636365,0.05405405405405406,0.34146341463414637
text_only,42,75,0.36363636363636365,0.05333333333333334,0.3463414634146341
text_only,42,76,0.36363636363636365,0.05263157894736842,0.35121951219512193
text_only,42,77,0.36363636363636365,0.05194805194805195,0.35609756097560974
text_only,42,78,0.36363636363636365,0.05128205128205128,0.36097560975609755
text_only,42,79,0.36363636363636365,0.05063291139240506,0.36585365853658536
text_only,42,80,0.36363636363636365,0.05,0.37073170731707317
text_only,42,81,0.36363636363636365,0.04938271604938271,0.375609756097561
text_only,42,82,0.36363636363636365,0.04878048780487805,0.3804878048780488
text_only,42,83,0.36363636363636365,0.04819277108433735,0.3853658536585366
text_only,42,84,0.36363636363636365,0.047619047619047616,0.3902439024390244
text_only,42,85,0.36363636363636365,0.047058823529411764,0.3951219512195122
text_only,42,86,0.36363636363636365,0.046511627906976744,0.4
text_only,42,87,0.45454545454545453,0.05747126436781609,0.4
text_only,42,88,0.45454545454545453,0.056818181818181816,0.40487804878048783
text_only,42,89,0.45454545454545453,0.056179775280898875,0.4097560975609756
text_only,42,90,0.45454545454545453,0.05555555555555555,0.4146341463414634
text_only,42,91,0.45454545454545453,0.054945054945054944,0.4195121951219512
text_only,42,92,0.45454545454545453,0.05434782608695652,0.424390243902439
text_only,42,93,0.5454545454545454,0.06451612903225806,0.424390243902439
text_only,42,94,0.5454545454545454,0.06382978723404255,0.4292682926829268
text_only,42,95,0.5454545454545454,0.06315789473684211,0.43414634146341463
text_only,42,96,0.5454545454545454,0.0625,0.43902439024390244
text_only,42,97,0.5454545454545454,0.061855670103092786,0.44390243902439025
text_only,42,98,0.5454545454545454,0.061224489795918366,0.44878048780487806
text_only,42,99,0.5454545454545454,0.06060606060606061,0.45365853658536587
text_only,42,100,0.5454545454545454,0.06,0.4585365853658537
text_only,42,101,0.5454545454545454,0.0594059405940594,0.4634146341463415
text_only,42,102,0.5454545454545454,0.058823529411764705,0.4682926829268293
text_only,42,103,0.5454545454545454,0.05825242718446602,0.47317073170731705
text_only,42,104,0.5454545454545454,0.057692307692307696,0.47804878048780486
text_only,42,105,0.5454545454545454,0.05714285714285714,0.48292682926829267
text_only,42,106,0.5454545454545454,0.05660377358490566,0.4878048780487805
text_only,42,107,0.5454545454545454,0.056074766355140186,0.4926829268292683
text_only,42,108,0.5454545454545454,0.05555555555555555,0.4975609756097561
text_only,42,109,0.5454545454545454,0.05504587155963303,0.5024390243902439
text_only,42,110,0.5454545454545454,0.05454545454545454,0.5073170731707317
text_only,42,111,0.5454545454545454,0.05405405405405406,0.5121951219512195
text_only,42,112,0.5454545454545454,0.05357142857142857,0.5170731707317073
text_only,42,113,0.5454545454545454,0.05309734513274336,0.5219512195121951
text_only,42,114,0.5454545454545454,0.05263157894736842,0.526829268292683
text_only,42,115,0.5454545454545454,0.05217391304347826,0.5317073170731708
text_only,42,116,0.5454545454545454,0.05172413793103448,0.5365853658536586
text_only,42,117,0.5454545454545454,0.05128205128205128,0.5414634146341464
text_only,42,118,0.5454545454545454,0.05084745762711865,0.5463414634146342
text_only,42,119,0.5454545454545454,0.05042016806722689,0.551219512195122
text_only,42,120,0.5454545454545454,0.05,0.5560975609756098
text_only,42,121,0.5454545454545454,0.049586776859504134,0.5609756097560976
text_only,42,122,0.5454545454545454,0.04918032786885246,0.5658536585365853
text_only,42,123,0.5454545454545454,0.04878048780487805,0.5707317073170731
text_only,42,124,0.5454545454545454,0.04838709677419355,0.5756097560975609
text_only,42,125,0.5454545454545454,0.048,0.5804878048780487
text_only,42,126,0.5454545454545454,0.047619047619047616,0.5853658536585366
text_only,42,127,0.5454545454545454,0.047244094488188976,0.5902439024390244
text_only,42,128,0.5454545454545454,0.046875,0.5951219512195122
text_only,42,129,0.5454545454545454,0.046511627906976744,0.6
text_only,42,130,0.5454545454545454,0.046153846153846156,0.6048780487804878
text_only,42,131,0.5454545454545454,0.04580152671755725,0.6097560975609756
text_only,42,132,0.5454545454545454,0.045454545454545456,0.6146341463414634
text_only,42,133,0.5454545454545454,0.045112781954887216,0.6195121951219512
text_only,42,134,0.5454545454545454,0.04477611940298507,0.624390243902439
text_only,42,135,0.5454545454545454,0.044444444444444446,0.6292682926829268
text_only,42,136,0.5454545454545454,0.04411764705882353,0.6341463414634146
text_only,42,137,0.5454545454545454,0.043795620437956206,0.6390243902439025
text_only,42,138,0.5454545454545454,0.043478260869565216,0.6439024390243903
text_only,42,139,0.5454545454545454,0.04316546762589928,0.6487804878048781
text_only,42,140,0.5454545454545454,0.04285714285714286,0.6536585365853659
text_only,42,141,0.5454545454545454,0.0425531914893617,0.6585365853658537
text_only,42,142,0.5454545454545454,0.04225352112676056,0.6634146341463415
text_only,42,143,0.6363636363636364,0.04895104895104895,0.6634146341463415
text_only,42,144,0.6363636363636364,0.04861111111111111,0.6682926829268293
text_only,42,145,0.6363636363636364,0.04827586206896552,0.6731707317073171
text_only,42,146,0.6363636363636364,0.04794520547945205,0.6780487804878049
text_only,42,147,0.6363636363636364,0.047619047619047616,0.6829268292682927
text_only,42,148,0.6363636363636364,0.0472972972972973,0.6878048780487804
text_only,42,149,0.6363636363636364,0.04697986577181208,0.6926829268292682
text_only,42,150,0.6363636363636364,0.04666666666666667,0.697560975609756
text_only,42,151,0.6363636363636364,0.046357615894039736,0.7024390243902439
text_only,42,152,0.6363636363636364,0.046052631578947366,0.7073170731707317
text_only,42,153,0.6363636363636364,0.0457516339869281,0.7121951219512195
text_only,42,154,0.6363636363636364,0.045454545454545456,0.7170731707317073
text_only,42,155,0.6363636363636364,0.04516129032258064,0.7219512195121951
text_only,42,156,0.6363636363636364,0.04487179487179487,0.7268292682926829
text_only,42,157,0.6363636363636364,0.044585987261146494,0.7317073170731707
text_only,42,158,0.6363636363636364,0.04430379746835443,0.7365853658536585
text_only,42,159,0.6363636363636364,0.0440251572327044,0.7414634146341463
text_only,42,160,0.6363636363636364,0.04375,0.7463414634146341
text_only,42,161,0.6363636363636364,0.043478260869565216,0.751219512195122
text_only,42,162,0.6363636363636364,0.043209876543209874,0.7560975609756098
text_only,42,163,0.6363636363636364,0.04294478527607362,0.7609756097560976
text_only,42,164,0.6363636363636364,0.042682926829268296,0.7658536585365854
text_only,42,165,0.6363636363636364,0.04242424242424243,0.7707317073170732
text_only,42,166,0.6363636363636364,0.04216867469879518,0.775609756097561
text_only,42,167,0.6363636363636364,0.041916167664670656,0.7804878048780488
text_only,42,168,0.6363636363636364,0.041666666666666664,0.7853658536585366
text_only,42,169,0.6363636363636364,0.04142011834319527,0.7902439024390244
text_only,42,170,0.6363636363636364,0.041176470588235294,0.7951219512195122
text_only,42,171,0.6363636363636364,0.04093567251461988,0.8
text_only,42,172,0.6363636363636364,0.040697674418604654,0.8048780487804879
text_only,42,173,0.6363636363636364,0.04046242774566474,0.8097560975609757
text_only,42,174,0.7272727272727273,0.04597701149425287,0.8097560975609757
text_only,42,175,0.7272727272727273,0.045714285714285714,0.8146341463414634
text_only,42,176,0.7272727272727273,0.045454545454545456,0.8195121951219512
text_only,42,177,0.7272727272727273,0.04519774011299435,0.824390243902439
text_only,42,178,0.7272727272727273,0.0449438202247191,0.8292682926829268
text_only,42,179,0.7272727272727273,0.0446927374301676,0.8341463414634146
text_only,42,180,0.7272727272727273,0.044444444444444446,0.8390243902439024
text_only,42,181,0.7272727272727273,0.04419889502762431,0.8439024390243902
text_only,42,182,0.7272727272727273,0.04395604395604396,0.848780487804878
text_only,42,183,0.8181818181818182,0.04918032786885246,0.848780487804878
text_only,42,184,0.8181818181818182,0.04891304347826087,0.8536585365853658
text_only,42,185,0.8181818181818182,0.04864864864864865,0.8585365853658536
text_only,42,186,0.8181818181818182,0.04838709677419355,0.8634146341463415
text_only,42,187,0.9090909090909091,0.053475935828877004,0.8634146341463415
text_only,42,188,0.9090909090909091,0.05319148936170213,0.8682926829268293
text_only,42,189,0.9090909090909091,0.05291005291005291,0.8731707317073171
text_only,42,190,0.9090909090909091,0.05263157894736842,0.8780487804878049
text_only,42,191,0.9090909090909091,0.05235602094240838,0.8829268292682927
text_only,42,192,0.9090909090909091,0.052083333333333336,0.8878048780487805
text_only,42,193,0.9090909090909091,0.05181347150259067,0.8926829268292683
text_only,42,194,0.9090909090909091,0.05154639175257732,0.8975609756097561
text_only,42,195,0.9090909090909091,0.05128205128205128,0.9024390243902439
text_only,42,196,0.9090909090909091,0.05102040816326531,0.9073170731707317
text_only,42,197,0.9090909090909091,0.050761421319796954,0.9121951219512195
text_only,42,198,0.9090909090909091,0.050505050505050504,0.9170731707317074
text_only,42,199,0.9090909090909091,0.05025125628140704,0.9219512195121952
text_only,42,200,0.9090909090909091,0.05,0.926829268292683
text_only,42,201,0.9090909090909091,0.04975124378109453,0.9317073170731708
text_only,42,202,0.9090909090909091,0.04950495049504951,0.9365853658536586
text_only,42,203,0.9090909090909091,0.04926108374384237,0.9414634146341463
text_only,42,204,0.9090909090909091,0.049019607843137254,0.9463414634146341
text_only,42,205,1.0,0.05365853658536585,0.9463414634146341
text_only,42,206,1.0,0.05339805825242718,0.9512195121951219
text_only,42,207,1.0,0.05314009661835749,0.9560975609756097
text_only,42,208,1.0,0.052884615384615384,0.9609756097560975
text_only,42,209,1.0,0.05263157894736842,0.9658536585365853
text_only,42,210,1.0,0.05238095238095238,0.9707317073170731
text_only,42,211,1.0,0.052132701421800945,0.975609756097561
text_only,42,212,1.0,0.05188679245283019,0.9804878048780488
text_only,42,213,1.0,0.051643192488262914,0.9853658536585366
text_only,42,214,1.0,0.0514018691588785,0.9902439024390244
text_only,42,215,1.0,0.05116279069767442,0.9951219512195122
text_only,42,216,1.0,0.05092592592592592,1.0
text_only,2026,0,0.0,1.0,0.0
text_only,2026,1,0.0,0.0,0.004878048780487805
text_only,2026,2,0.0,0.0,0.00975609756097561
text_only,2026,3,0.0,0.0,0.014634146341463415
text_only,2026,4,0.0,0.0,0.01951219512195122
text_only,2026,5,0.0,0.0,0.024390243902439025
text_only,2026,6,0.0,0.0,0.02926829268292683
text_only,2026,7,0.0,0.0,0.03414634146341464
text_only,2026,8,0.0,0.0,0.03902439024390244
text_only,2026,9,0.0,0.0,0.04390243902439024
text_only,2026,10,0.0,0.0,0.04878048780487805
text_only,2026,11,0.09090909090909091,0.09090909090909091,0.04878048780487805
text_only,2026,12,0.09090909090909091,0.08333333333333333,0.05365853658536585
text_only,2026,13,0.09090909090909091,0.07692307692307693,0.05853658536585366
text_only,2026,14,0.09090909090909091,0.07142857142857142,0.06341463414634146
text_only,2026,15,0.09090909090909091,0.06666666666666667,0.06829268292682927
text_only,2026,16,0.09090909090909091,0.0625,0.07317073170731707
text_only,2026,17,0.09090909090909091,0.058823529411764705,0.07804878048780488
text_only,2026,18,0.09090909090909091,0.05555555555555555,0.08292682926829269
text_only,2026,19,0.09090909090909091,0.05263157894736842,0.08780487804878048
text_only,2026,20,0.09090909090909091,0.05,0.09268292682926829
text_only,2026,21,0.09090909090909091,0.047619047619047616,0.0975609756097561
text_only,2026,22,0.09090909090909091,0.045454545454545456,0.1024390243902439
text_only,2026,23,0.09090909090909091,0.043478260869565216,0.1073170731707317
text_only,2026,24,0.09090909090909091,0.041666666666666664,0.11219512195121951
text_only,2026,25,0.09090909090909091,0.04,0.11707317073170732
text_only,2026,26,0.09090909090909091,0.038461538461538464,0.12195121951219512
text_only,2026,27,0.18181818181818182,0.07407407407407407,0.12195121951219512
text_only,2026,28,0.18181818181818182,0.07142857142857142,0.12682926829268293
text_only,2026,29,0.18181818181818182,0.06896551724137931,0.13170731707317074
text_only,2026,30,0.18181818181818182,0.06666666666666667,0.13658536585365855
text_only,2026,31,0.18181818181818182,0.06451612903225806,0.14146341463414633
text_only,2026,32,0.18181818181818182,0.0625,0.14634146341463414
text_only,2026,33,0.18181818181818182,0.06060606060606061,0.15121951219512195
text_only,2026,34,0.18181818181818182,0.058823529411764705,0.15609756097560976
text_only,2026,35,0.18181818181818182,0.05714285714285714,0.16097560975609757
text_only,2026,36,0.18181818181818182,0.05555555555555555,0.16585365853658537
text_only,2026,37,0.18181818181818182,0.05405405405405406,0.17073170731707318
text_only,2026,38,0.18181818181818182,0.05263157894736842,0.17560975609756097
text_only,2026,39,0.18181818181818182,0.05128205128205128,0.18048780487804877
text_only,2026,40,0.18181818181818182,0.05,0.18536585365853658
text_only,2026,41,0.18181818181818182,0.04878048780487805,0.1902439024390244
text_only,2026,42,0.18181818181818182,0.047619047619047616,0.1951219512195122
text_only,2026,43,0.18181818181818182,0.046511627906976744,0.2
text_only,2026,44,0.18181818181818182,0.045454545454545456,0.2048780487804878
text_only,2026,45,0.18181818181818182,0.044444444444444446,0.2097560975609756
text_only,2026,46,0.18181818181818182,0.043478260869565216,0.2146341463414634
text_only,2026,47,0.2727272727272727,0.06382978723404255,0.2146341463414634
text_only,2026,48,0.2727272727272727,0.0625,0.21951219512195122
text_only,2026,49,0.2727272727272727,0.061224489795918366,0.22439024390243903
text_only,2026,50,0.2727272727272727,0.06,0.22926829268292684
text_only,2026,51,0.2727272727272727,0.058823529411764705,0.23414634146341465
text_only,2026,52,0.2727272727272727,0.057692307692307696,0.23902439024390243
text_only,2026,53,0.2727272727272727,0.05660377358490566,0.24390243902439024
text_only,2026,54,0.2727272727272727,0.05555555555555555,0.24878048780487805
text_only,2026,55,0.2727272727272727,0.05454545454545454,0.25365853658536586
text_only,2026,56,0.2727272727272727,0.05357142857142857,0.25853658536585367
text_only,2026,57,0.2727272727272727,0.05263157894736842,0.2634146341463415
text_only,2026,58,0.2727272727272727,0.05172413793103448,0.2682926829268293
text_only,2026,59,0.36363636363636365,0.06779661016949153,0.2682926829268293
text_only,2026,60,0.36363636363636365,0.06666666666666667,0.2731707317073171
text_only,2026,61,0.45454545454545453,0.08196721311475409,0.2731707317073171
text_only,2026,62,0.45454545454545453,0.08064516129032258,0.2780487804878049
text_only,2026,63,0.45454545454545453,0.07936507936507936,0.28292682926829266
text_only,2026,64,0.45454545454545453,0.078125,0.28780487804878047
text_only,2026,65,0.45454545454545453,0.07692307692307693,0.2926829268292683
text_only,2026,66,0.45454545454545453,0.07575757575757576,0.2975609756097561
text_only,2026,67,0.45454545454545453,0.07462686567164178,0.3024390243902439
text_only,2026,68,0.45454545454545453,0.07352941176470588,0.3073170731707317
text_only,2026,69,0.45454545454545453,0.07246376811594203,0.3121951219512195
text_only,2026,70,0.45454545454545453,0.07142857142857142,0.3170731707317073
text_only,2026,71,0.45454545454545453,0.07042253521126761,0.32195121951219513
text_only,2026,72,0.45454545454545453,0.06944444444444445,0.32682926829268294
text_only,2026,73,0.45454545454545453,0.0684931506849315,0.33170731707317075
text_only,2026,74,0.45454545454545453,0.06756756756756757,0.33658536585365856
text_only,2026,75,0.45454545454545453,0.06666666666666667,0.34146341463414637
text_only,2026,76,0.45454545454545453,0.06578947368421052,0.3463414634146341
text_only,2026,77,0.45454545454545453,0.06493506493506493,0.35121951219512193
text_only,2026,78,0.45454545454545453,0.0641025641025641,0.35609756097560974
text_only,2026,79,0.45454545454545453,0.06329113924050633,0.36097560975609755
text_only,2026,80,0.45454545454545453,0.0625,0.36585365853658536
text_only,2026,81,0.45454545454545453,0.06172839506172839,0.37073170731707317
text_only,2026,82,0.45454545454545453,0.06097560975609756,0.375609756097561
text_only,2026,83,0.45454545454545453,0.060240963855421686,0.3804878048780488
text_only,2026,84,0.45454545454545453,0.05952380952380952,0.3853658536585366
text_only,2026,85,0.45454545454545453,0.058823529411764705,0.3902439024390244
text_only,2026,86,0.45454545454545453,0.05813953488372093,0.3951219512195122
text_only,2026,87,0.45454545454545453,0.05747126436781609,0.4
text_only,2026,88,0.45454545454545453,0.056818181818181816,0.40487804878048783
text_only,2026,89,0.45454545454545453,0.056179775280898875,0.4097560975609756
text_only,2026,90,0.45454545454545453,0.05555555555555555,0.4146341463414634
text_only,2026,91,0.45454545454545453,0.054945054945054944,0.4195121951219512
text_only,2026,92,0.45454545454545453,0.05434782608695652,0.424390243902439
text_only,2026,93,0.45454545454545453,0.053763440860215055,0.4292682926829268
text_only,2026,94,0.45454545454545453,0.05319148936170213,0.43414634146341463
text_only,2026,95,0.45454545454545453,0.05263157894736842,0.43902439024390244
text_only,2026,96,0.45454545454545453,0.052083333333333336,0.44390243902439025
text_only,2026,97,0.45454545454545453,0.05154639175257732,0.44878048780487806
text_only,2026,98,0.45454545454545453,0.05102040816326531,0.45365853658536587
text_only,2026,99,0.45454545454545453,0.050505050505050504,0.4585365853658537
text_only,2026,100,0.45454545454545453,0.05,0.4634146341463415
text_only,2026,101,0.45454545454545453,0.04950495049504951,0.4682926829268293
text_only,2026,102,0.45454545454545453,0.049019607843137254,0.47317073170731705
text_only,2026,103,0.45454545454545453,0.04854368932038835,0.47804878048780486
text_only,2026,104,0.45454545454545453,0.04807692307692308,0.48292682926829267
text_only,2026,105,0.45454545454545453,0.047619047619047616,0.4878048780487805
text_only,2026,106,0.45454545454545453,0.04716981132075472,0.4926829268292683
text_only,2026,107,0.45454545454545453,0.04672897196261682,0.4975609756097561
text_only,2026,108,0.45454545454545453,0.046296296296296294,0.5024390243902439
text_only,2026,109,0.45454545454545453,0.045871559633027525,0.5073170731707317
text_only,2026,110,0.45454545454545453,0.045454545454545456,0.5121951219512195
text_only,2026,111,0.45454545454545453,0.04504504504504504,0.5170731707317073
text_only,2026,112,0.45454545454545453,0.044642857142857144,0.5219512195121951
text_only,2026,113,0.45454545454545453,0.04424778761061947,0.526829268292683
text_only,2026,114,0.45454545454545453,0.043859649122807015,0.5317073170731708
text_only,2026,115,0.45454545454545453,0.043478260869565216,0.5365853658536586
text_only,2026,116,0.45454545454545453,0.04310344827586207,0.5414634146341464
text_only,2026,117,0.45454545454545453,0.042735042735042736,0.5463414634146342
text_only,2026,118,0.45454545454545453,0.0423728813559322,0.551219512195122
text_only,2026,119,0.45454545454545453,0.04201680672268908,0.5560975609756098
text_only,2026,120,0.45454545454545453,0.041666666666666664,0.5609756097560976
text_only,2026,121,0.45454545454545453,0.04132231404958678,0.5658536585365853
text_only,2026,122,0.45454545454545453,0.040983606557377046,0.5707317073170731
text_only,2026,123,0.45454545454545453,0.04065040650406504,0.5756097560975609
text_only,2026,124,0.45454545454545453,0.04032258064516129,0.5804878048780487
text_only,2026,125,0.45454545454545453,0.04,0.5853658536585366
text_only,2026,126,0.45454545454545453,0.03968253968253968,0.5902439024390244
text_only,2026,127,0.45454545454545453,0.03937007874015748,0.5951219512195122
text_only,2026,128,0.45454545454545453,0.0390625,0.6
text_only,2026,129,0.45454545454545453,0.03875968992248062,0.6048780487804878
text_only,2026,130,0.45454545454545453,0.038461538461538464,0.6097560975609756
text_only,2026,131,0.45454545454545453,0.03816793893129771,0.6146341463414634
text_only,2026,132,0.45454545454545453,0.03787878787878788,0.6195121951219512
text_only,2026,133,0.45454545454545453,0.03759398496240601,0.624390243902439
text_only,2026,134,0.45454545454545453,0.03731343283582089,0.6292682926829268
text_only,2026,135,0.5454545454545454,0.044444444444444446,0.6292682926829268
text_only,2026,136,0.5454545454545454,0.04411764705882353,0.6341463414634146
text_only,2026,137,0.5454545454545454,0.043795620437956206,0.6390243902439025
text_only,2026,138,0.6363636363636364,0.050724637681159424,0.6390243902439025
text_only,2026,139,0.6363636363636364,0.050359712230215826,0.6439024390243903
text_only,2026,140,0.7272727272727273,0.05714285714285714,0.6439024390243903
text_only,2026,141,0.7272727272727273,0.05673758865248227,0.6487804878048781
text_only,2026,142,0.7272727272727273,0.056338028169014086,0.6536585365853659
text_only,2026,143,0.7272727272727273,0.055944055944055944,0.6585365853658537
text_only,2026,144,0.7272727272727273,0.05555555555555555,0.6634146341463415
text_only,2026,145,0.7272727272727273,0.05517241379310345,0.6682926829268293
text_only,2026,146,0.7272727272727273,0.0547945205479452,0.6731707317073171
text_only,2026,147,0.8181818181818182,0.061224489795918366,0.6731707317073171
text_only,2026,148,0.8181818181818182,0.060810810810810814,0.6780487804878049
text_only,2026,149,0.8181818181818182,0.06040268456375839,0.6829268292682927
text_only,2026,150,0.8181818181818182,0.06,0.6878048780487804
text_only,2026,151,0.8181818181818182,0.059602649006622516,0.6926829268292682
text_only,2026,152,0.8181818181818182,0.05921052631578947,0.697560975609756
text_only,2026,153,0.8181818181818182,0.058823529411764705,0.7024390243902439
text_only,2026,154,0.8181818181818182,0.05844155844155844,0.7073170731707317
text_only,2026,155,0.8181818181818182,0.05806451612903226,0.7121951219512195
text_only,2026,156,0.8181818181818182,0.057692307692307696,0.7170731707317073
text_only,2026,157,0.8181818181818182,0.05732484076433121,0.7219512195121951
text_only,2026,158,0.8181818181818182,0.056962025316455694,0.7268292682926829
text_only,2026,159,0.8181818181818182,0.05660377358490566,0.7317073170731707
text_only,2026,160,0.8181818181818182,0.05625,0.7365853658536585
text_only,2026,161,0.8181818181818182,0.055900621118012424,0.7414634146341463
text_only,2026,162,0.8181818181818182,0.05555555555555555,0.7463414634146341
text_only,2026,163,0.8181818181818182,0.05521472392638037,0.751219512195122
text_only,2026,164,0.8181818181818182,0.054878048780487805,0.7560975609756098
text_only,2026,165,0.8181818181818182,0.05454545454545454,0.7609756097560976
text_only,2026,166,0.8181818181818182,0.05421686746987952,0.7658536585365854
text_only,2026,167,0.8181818181818182,0.05389221556886228,0.7707317073170732
text_only,2026,168,0.8181818181818182,0.05357142857142857,0.775609756097561
text_only,2026,169,0.8181818181818182,0.05325443786982249,0.7804878048780488
text_only,2026,170,0.8181818181818182,0.052941176470588235,0.7853658536585366
text_only,2026,171,0.8181818181818182,0.05263157894736842,0.7902439024390244
text_only,2026,172,0.8181818181818182,0.05232558139534884,0.7951219512195122
text_only,2026,173,0.8181818181818182,0.05202312138728324,0.8
text_only,2026,174,0.8181818181818182,0.05172413793103448,0.8048780487804879
text_only,2026,175,0.8181818181818182,0.05142857142857143,0.8097560975609757
text_only,2026,176,0.8181818181818182,0.05113636363636364,0.8146341463414634
text_only,2026,177,0.8181818181818182,0.05084745762711865,0.8195121951219512
text_only,2026,178,0.8181818181818182,0.05056179775280899,0.824390243902439
text_only,2026,179,0.9090909090909091,0.055865921787709494,0.824390243902439
text_only,2026,180,0.9090909090909091,0.05555555555555555,0.8292682926829268
text_only,2026,181,0.9090909090909091,0.055248618784530384,0.8341463414634146
text_only,2026,182,0.9090909090909091,0.054945054945054944,0.8390243902439024
text_only,2026,183,0.9090909090909091,0.0546448087431694,0.8439024390243902
text_only,2026,184,0.9090909090909091,0.05434782608695652,0.848780487804878
text_only,2026,185,0.9090909090909091,0.05405405405405406,0.8536585365853658
text_only,2026,186,0.9090909090909091,0.053763440860215055,0.8585365853658536
text_only,2026,187,0.9090909090909091,0.053475935828877004,0.8634146341463415
text_only,2026,188,0.9090909090909091,0.05319148936170213,0.8682926829268293
text_only,2026,189,1.0,0.0582010582010582,0.8682926829268293
text_only,2026,190,1.0,0.05789473684210526,0.8731707317073171
text_only,2026,191,1.0,0.05759162303664921,0.8780487804878049
text_only,2026,192,1.0,0.057291666666666664,0.8829268292682927
text_only,2026,193,1.0,0.05699481865284974,0.8878048780487805
text_only,2026,194,1.0,0.05670103092783505,0.8926829268292683
text_only,2026,195,1.0,0.05641025641025641,0.8975609756097561
text_only,2026,196,1.0,0.05612244897959184,0.9024390243902439
text_only,2026,197,1.0,0.05583756345177665,0.9073170731707317
text_only,2026,198,1.0,0.05555555555555555,0.9121951219512195
text_only,2026,199,1.0,0.05527638190954774,0.9170731707317074
text_only,2026,200,1.0,0.055,0.9219512195121952
text_only,2026,201,1.0,0.05472636815920398,0.926829268292683
text_only,2026,202,1.0,0.054455445544554455,0.9317073170731708
text_only,2026,203,1.0,0.054187192118226604,0.9365853658536586
text_only,2026,204,1.0,0.05392156862745098,0.9414634146341463
text_only,2026,205,1.0,0.05365853658536585,0.9463414634146341
text_only,2026,206,1.0,0.05339805825242718,0.9512195121951219
text_only,2026,207,1.0,0.05314009661835749,0.9560975609756097
text_only,2026,208,1.0,0.052884615384615384,0.9609756097560975
text_only,2026,209,1.0,0.05263157894736842,0.9658536585365853
text_only,2026,210,1.0,0.05238095238095238,0.9707317073170731
text_only,2026,211,1.0,0.052132701421800945,0.975609756097561
text_only,2026,212,1.0,0.05188679245283019,0.9804878048780488
text_only,2026,213,1.0,0.051643192488262914,0.9853658536585366
text_only,2026,214,1.0,0.0514018691588785,0.9902439024390244
text_only,2026,215,1.0,0.05116279069767442,0.9951219512195122
text_only,2026,216,1.0,0.05092592592592592,1.0
concat,17,0,0.0,1.0,0.0
concat,17,1,0.09090909090909091,1.0,0.0
concat,17,2,0.09090909090909091,0.5,0.004878048780487805
concat,17,3,0.18181818181818182,0.6666666666666666,0.004878048780487805
concat,17,4,0.18181818181818182,0.5,0.00975609756097561
concat,17,5,0.2727272727272727,0.6,0.00975609756097561
concat,17,6,0.2727272727272727,0.5,0.014634146341463415
concat,17,7,0.2727272727272727,0.42857142857142855,0.01951219512195122
concat,17,8,0.2727272727272727,0.375,0.024390243902439025
concat,17,9,0.2727272727272727,0.3333333333333333,0.02926829268292683
concat,17,10,0.36363636363636365,0.4,0.02926829268292683
concat,17,11,0.36363636363636365,0.36363636363636365,0.03414634146341464
concat,17,12,0.36363636363636365,0.3333333333333333,0.03902439024390244
concat,17,13,0.36363636363636365,0.3076923076923077,0.04390243902439024
concat,17,14,0.36363636363636365,0.2857142857142857,0.04878048780487805
concat,17,15,0.36363636363636365,0.26666666666666666,0.05365853658536585
concat,17,16,0.36363636363636365,0.25,0.05853658536585366
concat,17,17,0.36363636363636365,0.23529411764705882,0.06341463414634146
concat,17,18,0.36363636363636365,0.2222222222222222,0.06829268292682927
concat,17,19,0.45454545454545453,0.2631578947368421,0.06829268292682927
concat,17,20,0.45454545454545453,0.25,0.07317073170731707
concat,17,21,0.45454545454545453,0.23809523809523808,0.07804878048780488
concat,17,22,0.45454545454545453,0.22727272727272727,0.08292682926829269
concat,17,23,0.45454545454545453,0.21739130434782608,0.08780487804878048
concat,17,24,0.45454545454545453,0.20833333333333334,0.09268292682926829
concat,17,25,0.45454545454545453,0.2,0.0975609756097561
concat,17,26,0.45454545454545453,0.19230769230769232,0.1024390243902439
concat,17,27,0.5454545454545454,0.2222222222222222,0.1024390243902439
concat,17,28,0.5454545454545454,0.21428571428571427,0.1073170731707317
concat,17,29,0.5454545454545454,0.20689655172413793,0.11219512195121951
concat,17,30,0.5454545454545454,0.2,0.11707317073170732
concat,17,31,0.6363636363636364,0.22580645161290322,0.11707317073170732
concat,17,32,0.6363636363636364,0.21875,0.12195121951219512
concat,17,33,0.6363636363636364,0.21212121212121213,0.12682926829268293
concat,17,34,0.6363636363636364,0.20588235294117646,0.13170731707317074
concat,17,35,0.6363636363636364,0.2,0.13658536585365855
concat,17,36,0.6363636363636364,0.19444444444444445,0.14146341463414633
concat,17,37,0.6363636363636364,0.1891891891891892,0.14634146341463414
concat,17,38,0.7272727272727273,0.21052631578947367,0.14634146341463414
concat,17,39,0.7272727272727273,0.20512820512820512,0.15121951219512195
concat,17,40,0.7272727272727273,0.2,0.15609756097560976
concat,17,41,0.7272727272727273,0.1951219512195122,0.16097560975609757
concat,17,42,0.7272727272727273,0.19047619047619047,0.16585365853658537
concat,17,43,0.7272727272727273,0.18604651162790697,0.17073170731707318
concat,17,44,0.7272727272727273,0.18181818181818182,0.17560975609756097
concat,17,45,0.7272727272727273,0.17777777777777778,0.18048780487804877
concat,17,46,0.7272727272727273,0.17391304347826086,0.18536585365853658
concat,17,47,0.7272727272727273,0.1702127659574468,0.1902439024390244
concat,17,48,0.8181818181818182,0.1875,0.1902439024390244
concat,17,49,0.8181818181818182,0.1836734693877551,0.1951219512195122
concat,17,50,0.9090909090909091,0.2,0.1951219512195122
concat,17,51,0.9090909090909091,0.19607843137254902,0.2
concat,17,52,0.9090909090909091,0.19230769230769232,0.2048780487804878
concat,17,53,0.9090909090909091,0.18867924528301888,0.2097560975609756
concat,17,54,0.9090909090909091,0.18518518518518517,0.2146341463414634
concat,17,55,0.9090909090909091,0.18181818181818182,0.21951219512195122
concat,17,56,0.9090909090909091,0.17857142857142858,0.22439024390243903
concat,17,57,0.9090909090909091,0.17543859649122806,0.22926829268292684
concat,17,58,0.9090909090909091,0.1724137931034483,0.23414634146341465
concat,17,59,0.9090909090909091,0.1694915254237288,0.23902439024390243
concat,17,60,0.9090909090909091,0.16666666666666666,0.24390243902439024
concat,17,61,0.9090909090909091,0.16393442622950818,0.24878048780487805
concat,17,62,0.9090909090909091,0.16129032258064516,0.25365853658536586
concat,17,63,0.9090909090909091,0.15873015873015872,0.25853658536585367
concat,17,64,0.9090909090909091,0.15625,0.2634146341463415
concat,17,65,0.9090909090909091,0.15384615384615385,0.2682926829268293
concat,17,66,0.9090909090909091,0.15151515151515152,0.2731707317073171
concat,17,67,0.9090909090909091,0.14925373134328357,0.2780487804878049
concat,17,68,0.9090909090909091,0.14705882352941177,0.28292682926829266
concat,17,69,0.9090909090909091,0.14492753623188406,0.28780487804878047
concat,17,70,0.9090909090909091,0.14285714285714285,0.2926829268292683
concat,17,71,0.9090909090909091,0.14084507042253522,0.2975609756097561
concat,17,72,0.9090909090909091,0.1388888888888889,0.3024390243902439
concat,17,73,0.9090909090909091,0.136986301369863,0.3073170731707317
concat,17,74,0.9090909090909091,0.13513513513513514,0.3121951219512195
concat,17,75,0.9090909090909091,0.13333333333333333,0.3170731707317073
concat,17,76,0.9090909090909091,0.13157894736842105,0.32195121951219513
concat,17,77,0.9090909090909091,0.12987012987012986,0.32682926829268294
concat,17,78,0.9090909090909091,0.1282051282051282,0.33170731707317075
concat,17,79,0.9090909090909091,0.12658227848101267,0.33658536585365856
concat,17,80,0.9090909090909091,0.125,0.34146341463414637
concat,17,81,0.9090909090909091,0.12345679012345678,0.3463414634146341
concat,17,82,0.9090909090909091,0.12195121951219512,0.35121951219512193
concat,17,83,0.9090909090909091,0.12048192771084337,0.35609756097560974
concat,17,84,0.9090909090909091,0.11904761904761904,0.36097560975609755
concat,17,85,0.9090909090909091,0.11764705882352941,0.36585365853658536
concat,17,86,0.9090909090909091,0.11627906976744186,0.37073170731707317
concat,17,87,0.9090909090909091,0.11494252873563218,0.375609756097561
concat,17,88,0.9090909090909091,0.11363636363636363,0.3804878048780488
concat,17,89,0.9090909090909091,0.11235955056179775,0.3853658536585366
concat,17,90,0.9090909090909091,0.1111111111111111,0.3902439024390244
concat,17,91,0.9090909090909091,0.10989010989010989,0.3951219512195122
concat,17,92,0.9090909090909091,0.10869565217391304,0.4
concat,17,93,0.9090909090909091,0.10752688172043011,0.40487804878048783
concat,17,94,0.9090909090909091,0.10638297872340426,0.4097560975609756
concat,17,95,0.9090909090909091,0.10526315789473684,0.4146341463414634
concat,17,96,0.9090909090909091,0.10416666666666667,0.4195121951219512
concat,17,97,0.9090909090909091,0.10309278350515463,0.424390243902439
concat,17,98,0.9090909090909091,0.10204081632653061,0.4292682926829268
concat,17,99,0.9090909090909091,0.10101010101010101,0.43414634146341463
concat,17,100,0.9090909090909091,0.1,0.43902439024390244
concat,17,101,0.9090909090909091,0.09900990099009901,0.44390243902439025
concat,17,102,0.9090909090909091,0.09803921568627451,0.44878048780487806
concat,17,103,0.9090909090909091,0.0970873786407767,0.45365853658536587
concat,17,104,0.9090909090909091,0.09615384615384616,0.4585365853658537
concat,17,105,0.9090909090909091,0.09523809523809523,0.4634146341463415
concat,17,106,0.9090909090909091,0.09433962264150944,0.4682926829268293
concat,17,107,0.9090909090909091,0.09345794392523364,0.47317073170731705
concat,17,108,1.0,0.10185185185185185,0.47317073170731705
concat,17,109,1.0,0.10091743119266056,0.47804878048780486
concat,17,110,1.0,0.1,0.48292682926829267
concat,17,111,1.0,0.0990990990990991,0.4878048780487805
concat,17,112,1.0,0.09821428571428571,0.4926829268292683
concat,17,113,1.0,0.09734513274336283,0.4975609756097561
concat,17,114,1.0,0.09649122807017543,0.5024390243902439
concat,17,115,1.0,0.09565217391304348,0.5073170731707317
concat,17,116,1.0,0.09482758620689655,0.5121951219512195
concat,17,117,1.0,0.09401709401709402,0.5170731707317073
concat,17,118,1.0,0.09322033898305085,0.5219512195121951
concat,17,119,1.0,0.09243697478991597,0.526829268292683
concat,17,120,1.0,0.09166666666666666,0.5317073170731708
concat,17,121,1.0,0.09090909090909091,0.5365853658536586
concat,17,122,1.0,0.09016393442622951,0.5414634146341464
concat,17,123,1.0,0.08943089430894309,0.5463414634146342
concat,17,124,1.0,0.08870967741935484,0.551219512195122
concat,17,125,1.0,0.088,0.5560975609756098
concat,17,126,1.0,0.0873015873015873,0.5609756097560976
concat,17,127,1.0,0.08661417322834646,0.5658536585365853
concat,17,128,1.0,0.0859375,0.5707317073170731
concat,17,129,1.0,0.08527131782945736,0.5756097560975609
concat,17,130,1.0,0.08461538461538462,0.5804878048780487
concat,17,131,1.0,0.08396946564885496,0.5853658536585366
concat,17,132,1.0,0.08333333333333333,0.5902439024390244
concat,17,133,1.0,0.08270676691729323,0.5951219512195122
concat,17,134,1.0,0.08208955223880597,0.6
concat,17,135,1.0,0.08148148148148149,0.6048780487804878
concat,17,136,1.0,0.08088235294117647,0.6097560975609756
concat,17,137,1.0,0.08029197080291971,0.6146341463414634
concat,17,138,1.0,0.07971014492753623,0.6195121951219512
concat,17,139,1.0,0.07913669064748201,0.624390243902439
concat,17,140,1.0,0.07857142857142857,0.6292682926829268
concat,17,141,1.0,0.07801418439716312,0.6341463414634146
concat,17,142,1.0,0.07746478873239436,0.6390243902439025
concat,17,143,1.0,0.07692307692307693,0.6439024390243903
concat,17,144,1.0,0.0763888888888889,0.6487804878048781
concat,17,145,1.0,0.07586206896551724,0.6536585365853659
concat,17,146,1.0,0.07534246575342465,0.6585365853658537
concat,17,147,1.0,0.07482993197278912,0.6634146341463415
concat,17,148,1.0,0.07432432432432433,0.6682926829268293
concat,17,149,1.0,0.0738255033557047,0.6731707317073171
concat,17,150,1.0,0.07333333333333333,0.6780487804878049
concat,17,151,1.0,0.0728476821192053,0.6829268292682927
concat,17,152,1.0,0.07236842105263158,0.6878048780487804
concat,17,153,1.0,0.0718954248366013,0.6926829268292682
concat,17,154,1.0,0.07142857142857142,0.697560975609756
concat,17,155,1.0,0.07096774193548387,0.7024390243902439
concat,17,156,1.0,0.07051282051282051,0.7073170731707317
concat,17,157,1.0,0.07006369426751592,0.7121951219512195
concat,17,158,1.0,0.06962025316455696,0.7170731707317073
concat,17,159,1.0,0.06918238993710692,0.7219512195121951
concat,17,160,1.0,0.06875,0.7268292682926829
concat,17,161,1.0,0.06832298136645963,0.7317073170731707
concat,17,162,1.0,0.06790123456790123,0.7365853658536585
concat,17,163,1.0,0.06748466257668712,0.7414634146341463
concat,17,164,1.0,0.06707317073170732,0.7463414634146341
concat,17,165,1.0,0.06666666666666667,0.751219512195122
concat,17,166,1.0,0.06626506024096386,0.7560975609756098
concat,17,167,1.0,0.0658682634730539,0.7609756097560976
concat,17,168,1.0,0.06547619047619048,0.7658536585365854
concat,17,169,1.0,0.0650887573964497,0.7707317073170732
concat,17,170,1.0,0.06470588235294118,0.775609756097561
concat,17,171,1.0,0.06432748538011696,0.7804878048780488
concat,17,172,1.0,0.06395348837209303,0.7853658536585366
concat,17,173,1.0,0.06358381502890173,0.7902439024390244
concat,17,174,1.0,0.06321839080459771,0.7951219512195122
concat,17,175,1.0,0.06285714285714286,0.8
concat,17,176,1.0,0.0625,0.8048780487804879
concat,17,177,1.0,0.062146892655367235,0.8097560975609757
concat,17,178,1.0,0.06179775280898876,0.8146341463414634
concat,17,179,1.0,0.061452513966480445,0.8195121951219512
concat,17,180,1.0,0.06111111111111111,0.824390243902439
concat,17,181,1.0,0.06077348066298342,0.8292682926829268
concat,17,182,1.0,0.06043956043956044,0.8341463414634146
concat,17,183,1.0,0.060109289617486336,0.8390243902439024
concat,17,184,1.0,0.059782608695652176,0.8439024390243902
concat,17,185,1.0,0.05945945945945946,0.848780487804878
concat,17,186,1.0,0.05913978494623656,0.8536585365853658
concat,17,187,1.0,0.058823529411764705,0.8585365853658536
concat,17,188,1.0,0.05851063829787234,0.8634146341463415
concat,17,189,1.0,0.0582010582010582,0.8682926829268293
concat,17,190,1.0,0.05789473684210526,0.8731707317073171
concat,17,191,1.0,0.05759162303664921,0.8780487804878049
concat,17,192,1.0,0.057291666666666664,0.8829268292682927
concat,17,193,1.0,0.05699481865284974,0.8878048780487805
concat,17,194,1.0,0.05670103092783505,0.8926829268292683
concat,17,195,1.0,0.05641025641025641,0.8975609756097561
concat,17,196,1.0,0.05612244897959184,0.9024390243902439
concat,17,197,1.0,0.05583756345177665,0.9073170731707317
concat,17,198,1.0,0.05555555555555555,0.9121951219512195
concat,17,199,1.0,0.05527638190954774,0.9170731707317074
concat,17,200,1.0,0.055,0.9219512195121952
concat,17,201,1.0,0.05472636815920398,0.926829268292683
concat,17,202,1.0,0.054455445544554455,0.9317073170731708
concat,17,203,1.0,0.054187192118226604,0.9365853658536586
concat,17,204,1.0,0.05392156862745098,0.9414634146341463
concat,17,205,1.0,0.05365853658536585,0.9463414634146341
concat,17,206,1.0,0.05339805825242718,0.9512195121951219
concat,17,207,1.0,0.05314009661835749,0.9560975609756097
concat,17,208,1.0,0.052884615384615384,0.9609756097560975
concat,17,209,1.0,0.05263157894736842,0.9658536585365853
concat,17,210,1.0,0.05238095238095238,0.9707317073170731
concat,17,211,1.0,0.052132701421800945,0.975609756097561
concat,17,212,1.0,0.05188679245283019,0.9804878048780488
concat,17,213,1.0,0.051643192488262914,0.9853658536585366
concat,17,214,1.0,0.0514018691588785,0.9902439024390244
concat,17,215,1.0,0.05116279069767442,0.9951219512195122
concat,17,216,1.0,0.05092592592592592,1.0
concat,42,0,0.0,1.0,0.0
concat,42,1,0.09090909090909091,1.0,0.0
concat,42,2,0.09090909090909091,0.5,0.004878048780487805
concat,42,3,0.18181818181818182,0.6666666666666666,0.004878048780487805
concat,42,4,0.2727272727272727,0.75,0.004878048780487805
concat,42,5,0.2727272727272727,0.6,0.00975609756097561
concat,42,6,0.2727272727272727,0.5,0.014634146341463415
concat,42,7,0.2727272727272727,0.42857142857142855,0.01951219512195122
concat,42,8,0.2727272727272727,0.375,0.024390243902439025
concat,42,9,0.2727272727272727,0.3333333333333333,0.02926829268292683
concat,42,10,0.2727272727272727,0.3,0.03414634146341464
concat,42,11,0.2727272727272727,0.2727272727272727,0.03902439024390244
concat,42,12,0.2727272727272727,0.25,0.04390243902439024
concat,42,13,0.2727272727272727,0.23076923076923078,0.04878048780487805
concat,42,14,0.2727272727272727,0.21428571428571427,0.05365853658536585
concat,42,15,0.2727272727272727,0.2,0.05853658536585366
concat,42,16,0.2727272727272727,0.1875,0.06341463414634146
concat,42,17,0.2727272727272727,0.17647058823529413,0.06829268292682927
concat,42,18,0.2727272727272727,0.16666666666666666,0.07317073170731707
concat,42,19,0.36363636363636365,0.21052631578947367,0.07317073170731707
concat,42,20,0.36363636363636365,0.2,0.07804878048780488
concat,42,21,0.36363636363636365,0.19047619047619047,0.08292682926829269
concat,42,22,0.36363636363636365,0.18181818181818182,0.08780487804878048
concat,42,23,0.36363636363636365,0.17391304347826086,0.09268292682926829
concat,42,24,0.36363636363636365,0.16666666666666666,0.0975609756097561
concat,42,25,0.36363636363636365,0.16,0.1024390243902439
concat,42,26,0.45454545454545453,0.19230769230769232,0.1024390243902439
concat,42,27,0.45454545454545453,0.18518518518518517,0.1073170731707317
concat,42,28,0.5454545454545454,0.21428571428571427,0.1073170731707317
concat,42,29,0.5454545454545454,0.20689655172413793,0.11219512195121951
concat,42,30,0.6363636363636364,0.23333333333333334,0.11219512195121951
concat,42,31,0.6363636363636364,0.22580645161290322,0.11707317073170732
concat,42,32,0.6363636363636364,0.21875,0.12195121951219512
concat,42,33,0.6363636363636364,0.21212121212121213,0.12682926829268293
concat,42,34,0.7272727272727273,0.23529411764705882,0.12682926829268293
concat,42,35,0.7272727272727273,0.22857142857142856,0.13170731707317074
concat,42,36,0.7272727272727273,0.2222222222222222,0.13658536585365855
concat,42,37,0.7272727272727273,0.21621621621621623,0.14146341463414633
concat,42,38,0.7272727272727273,0.21052631578947367,0.14634146341463414
concat,42,39,0.8181818181818182,0.23076923076923078,0.14634146341463414
concat,42,40,0.8181818181818182,0.225,0.15121951219512195
concat,42,41,0.8181818181818182,0.21951219512195122,0.15609756097560976
concat,42,42,0.8181818181818182,0.21428571428571427,0.16097560975609757
concat,42,43,0.8181818181818182,0.20930232558139536,0.16585365853658537
concat,42,44,0.8181818181818182,0.20454545454545456,0.17073170731707318
concat,42,45,0.8181818181818182,0.2,0.17560975609756097
concat,42,46,0.8181818181818182,0.1956521739130435,0.18048780487804877
concat,42,47,0.8181818181818182,0.19148936170212766,0.18536585365853658
concat,42,48,0.9090909090909091,0.20833333333333334,0.18536585365853658
concat,42,49,0.9090909090909091,0.20408163265306123,0.1902439024390244
concat,42,50,0.9090909090909091,0.2,0.1951219512195122
concat,42,51,0.9090909090909091,0.19607843137254902,0.2
concat,42,52,0.9090909090909091,0.19230769230769232,0.2048780487804878
concat,42,53,0.9090909090909091,0.18867924528301888,0.2097560975609756
concat,42,54,0.9090909090909091,0.18518518518518517,0.2146341463414634
concat,42,55,0.9090909090909091,0.18181818181818182,0.21951219512195122
concat,42,56,0.9090909090909091,0.17857142857142858,0.22439024390243903
concat,42,57,0.9090909090909091,0.17543859649122806,0.22926829268292684
concat,42,58,0.9090909090909091,0.1724137931034483,0.23414634146341465
concat,42,59,0.9090909090909091,0.1694915254237288,0.23902439024390243
concat,42,60,0.9090909090909091,0.16666666666666666,0.24390243902439024
concat,42,61,0.9090909090909091,0.16393442622950818,0.24878048780487805
concat,42,62,0.9090909090909091,0.16129032258064516,0.25365853658536586
concat,42,63,0.9090909090909091,0.15873015873015872,0.25853658536585367
concat,42,64,0.9090909090909091,0.15625,0.2634146341463415
concat,42,65,0.9090909090909091,0.15384615384615385,0.2682926829268293
concat,42,66,0.9090909090909091,0.15151515151515152,0.2731707317073171
concat,42,67,0.9090909090909091,0.14925373134328357,0.2780487804878049
concat,42,68,0.9090909090909091,0.14705882352941177,0.28292682926829266
concat,42,69,0.9090909090909091,0.14492753623188406,0.28780487804878047
concat,42,70,0.9090909090909091,0.14285714285714285,0.2926829268292683
concat,42,71,0.9090909090909091,0.14084507042253522,0.2975609756097561
concat,42,72,0.9090909090909091,0.1388888888888889,0.3024390243902439
concat,42,73,0.9090909090909091,0.136986301369863,0.3073170731707317
concat,42,74,0.9090909090909091,0.13513513513513514,0.3121951219512195
concat,42,75,0.9090909090909091,0.13333333333333333,0.3170731707317073
concat,42,76,0.9090909090909091,0.13157894736842105,0.32195121951219513
concat,42,77,0.9090909090909091,0.12987012987012986,0.32682926829268294
concat,42,78,0.9090909090909091,0.1282051282051282,0.33170731707317075
concat,42,79,1.0,0.13924050632911392,0.33170731707317075
concat,42,80,1.0,0.1375,0.33658536585365856
concat,42,81,1.0,0.13580246913580246,0.34146341463414637
concat,42,82,1.0,0.13414634146341464,0.3463414634146341
concat,42,83,1.0,0.13253012048192772,0.35121951219512193
concat,42,84,1.0,0.13095238095238096,0.35609756097560974
concat,42,85,1.0,0.12941176470588237,0.36097560975609755
concat,42,86,1.0,0.12790697674418605,0.36585365853658536
concat,42,87,1.0,0.12643678160919541,0.37073170731707317
concat,42,88,1.0,0.125,0.375609756097561
concat,42,89,1.0,0.12359550561797752,0.3804878048780488
concat,42,90,1.0,0.12222222222222222,0.3853658536585366
concat,42,91,1.0,0.12087912087912088,0.3902439024390244
concat,42,92,1.0,0.11956521739130435,0.3951219512195122
concat,42,93,1.0,0.11827956989247312,0.4
concat,42,94,1.0,0.11702127659574468,0.40487804878048783
concat,42,95,1.0,0.11578947368421053,0.4097560975609756
concat,42,96,1.0,0.11458333333333333,0.4146341463414634
concat,42,97,1.0,0.1134020618556701,0.4195121951219512
concat,42,98,1.0,0.11224489795918367,0.424390243902439
concat,42,99,1.0,0.1111111111111111,0.4292682926829268
concat,42,100,1.0,0.11,0.43414634146341463
concat,42,101,1.0,0.10891089108910891,0.43902439024390244
concat,42,102,1.0,0.10784313725490197,0.44390243902439025
concat,42,103,1.0,0.10679611650485436,0.44878048780487806
concat,42,104,1.0,0.10576923076923077,0.45365853658536587
concat,42,105,1.0,0.10476190476190476,0.4585365853658537
concat,42,106,1.0,0.10377358490566038,0.4634146341463415
concat,42,107,1.0,0.102803738317757,0.4682926829268293
concat,42,108,1.0,0.10185185185185185,0.47317073170731705
concat,42,109,1.0,0.10091743119266056,0.47804878048780486
concat,42,110,1.0,0.1,0.48292682926829267
concat,42,111,1.0,0.0990990990990991,0.4878048780487805
concat,42,112,1.0,0.09821428571428571,0.4926829268292683
concat,42,113,1.0,0.09734513274336283,0.4975609756097561
concat,42,114,1.0,0.09649122807017543,0.5024390243902439
concat,42,115,1.0,0.09565217391304348,0.5073170731707317
concat,42,116,1.0,0.09482758620689655,0.5121951219512195
concat,42,117,1.0,0.09401709401709402,0.5170731707317073
concat,42,118,1.0,0.09322033898305085,0.5219512195121951
concat,42,119,1.0,0.09243697478991597,0.526829268292683
concat,42,120,1.0,0.09166666666666666,0.5317073170731708
concat,42,121,1.0,0.09090909090909091,0.5365853658536586
concat,42,122,1.0,0.09016393442622951,0.5414634146341464
concat,42,123,1.0,0.08943089430894309,0.5463414634146342
concat,42,124,1.0,0.08870967741935484,0.551219512195122
concat,42,125,1.0,0.088,0.5560975609756098
concat,42,126,1.0,0.0873015873015873,0.5609756097560976
concat,42,127,1.0,0.08661417322834646,0.5658536585365853
concat,42,128,1.0,0.0859375,0.5707317073170731
concat,42,129,1.0,0.08527131782945736,0.5756097560975609
concat,42,130,1.0,0.08461538461538462,0.5804878048780487
concat,42,131,1.0,0.08396946564885496,0.5853658536585366
concat,42,132,1.0,0.08333333333333333,0.5902439024390244
concat,42,133,1.0,0.08270676691729323,0.5951219512195122
concat,42,134,1.0,0.08208955223880597,0.6
concat,42,135,1.0,0.08148148148148149,0.6048780487804878
concat,42,136,1.0,0.08088235294117647,0.6097560975609756
concat,42,137,1.0,0.08029197080291971,0.6146341463414634
concat,42,138,1.0,0.07971014492753623,0.6195121951219512
concat,42,139,1.0,0.07913669064748201,0.624390243902439
concat,42,140,1.0,0.07857142857142857,0.6292682926829268
concat,42,141,1.0,0.07801418439716312,0.6341463414634146
concat,42,142,1.0,0.07746478873239436,0.6390243902439025
concat,42,143,1.0,0.07692307692307693,0.6439024390243903
concat,42,144,1.0,0.0763888888888889,0.6487804878048781
concat,42,145,1.0,0.07586206896551724,0.6536585365853659
concat,42,146,1.0,0.07534246575342465,0.6585365853658537
concat,42,147,1.0,0.07482993197278912,0.6634146341463415
concat,42,148,1.0,0.07432432432432433,0.6682926829268293
concat,42,149,1.0,0.0738255033557047,0.6731707317073171
concat,42,150,1.0,0.07333333333333333,0.6780487804878049
concat,42,151,1.0,0.0728476821192053,0.6829268292682927
concat,42,152,1.0,0.07236842105263158,0.6878048780487804
concat,42,153,1.0,0.0718954248366013,0.6926829268292682
concat,42,154,1.0,0.07142857142857142,0.697560975609756
concat,42,155,1.0,0.07096774193548387,0.7024390243902439
concat,42,156,1.0,0.07051282051282051,0.7073170731707317
concat,42,157,1.0,0.07006369426751592,0.7121951219512195
concat,42,158,1.0,0.06962025316455696,0.7170731707317073
concat,42,159,1.0,0.06918238993710692,0.7219512195121951
concat,42,160,1.0,0.06875,0.7268292682926829
concat,42,161,1.0,0.06832298136645963,0.7317073170731707
concat,42,162,1.0,0.06790123456790123,0.7365853658536585
concat,42,163,1.0,0.06748466257668712,0.7414634146341463
concat,42,164,1.0,0.06707317073170732,0.7463414634146341
concat,42,165,1.0,0.06666666666666667,0.751219512195122
concat,42,166,1.0,0.06626506024096386,0.7560975609756098
concat,42,167,1.0,0.0658682634730539,0.7609756097560976
concat,42,168,1.0,0.06547619047619048,0.7658536585365854
concat,42,169,1.0,0.0650887573964497,0.7707317073170732
concat,42,170,1.0,0.06470588235294118,0.775609756097561
concat,42,171,1.0,0.06432748538011696,0.7804878048780488
concat,42,172,1.0,0.06395348837209303,0.7853658536585366
concat,42,173,1.0,0.06358381502890173,0.7902439024390244
concat,42,174,1.0,0.06321839080459771,0.7951219512195122
concat,42,175,1.0,0.06285714285714286,0.8
concat,42,176,1.0,0.0625,0.8048780487804879
concat,42,177,1.0,0.062146892655367235,0.8097560975609757
concat,42,178,1.0,0.06179775280898876,0.8146341463414634
concat,42,179,1.0,0.061452513966480445,0.8195121951219512
concat,42,180,1.0,0.06111111111111111,0.824390243902439
concat,42,181,1.0,0.06077348066298342,0.8292682926829268
concat,42,182,1.0,0.06043956043956044,0.8341463414634146
concat,42,183,1.0,0.060109289617486336,0.8390243902439024
concat,42,184,1.0,0.059782608695652176,0.8439024390243902
concat,42,185,1.0,0.05945945945945946,0.848780487804878
concat,42,186,1.0,0.05913978494623656,0.8536585365853658
concat,42,187,1.0,0.058823529411764705,0.8585365853658536
concat,42,188,1.0,0.05851063829787234,0.8634146341463415
concat,42,189,1.0,0.0582010582010582,0.8682926829268293
concat,42,190,1.0,0.05789473684210526,0.8731707317073171
concat,42,191,1.0,0.05759162303664921,0.8780487804878049
concat,42,192,1.0,0.057291666666666664,0.8829268292682927
concat,42,193,1.0,0.05699481865284974,0.8878048780487805
concat,42,194,1.0,0.05670103092783505,0.8926829268292683
concat,42,195,1.0,0.05641025641025641,0.8975609756097561
concat,42,196,1.0,0.05612244897959184,0.9024390243902439
concat,42,197,1.0,0.05583756345177665,0.9073170731707317
concat,42,198,1.0,0.05555555555555555,0.9121951219512195
concat,42,199,1.0,0.05527638190954774,0.9170731707317074
concat,42,200,1.0,0.055,0.9219512195121952
concat,42,201,1.0,0.05472636815920398,0.926829268292683
concat,42,202,1.0,0.054455445544554455,0.9317073170731708
concat,42,203,1.0,0.054187192118226604,0.9365853658536586
concat,42,204,1.0,0.05392156862745098,0.9414634146341463
concat,42,205,1.0,0.05365853658536585,0.9463414634146341
concat,42,206,1.0,0.05339805825242718,0.9512195121951219
concat,42,207,1.0,0.05314009661835749,0.9560975609756097
concat,42,208,1.0,0.052884615384615384,0.9609756097560975
concat,42,209,1.0,0.05263157894736842,0.9658536585365853
concat,42,210,1.0,0.05238095238095238,0.9707317073170731
concat,42,211,1.0,0.052132701421800945,0.975609756097561
concat,42,212,1.0,0.05188679245283019,0.9804878048780488
concat,42,213,1.0,0.051643192488262914,0.9853658536585366
concat,42,214,1.0,0.0514018691588785,0.9902439024390244
concat,42,215,1.0,0.05116279069767442,0.9951219512195122
concat,42,216,1.0,0.05092592592592592,1.0
concat,2026,0,0.0,1.0,0.0
concat,2026,1,0.09090909090909091,1.0,0.0
concat,2026,2,0.09090909090909091,0.5,0.004878048780487805
concat,2026,3,0.09090909090909091,0.3333333333333333,0.00975609756097561
concat,2026,4,0.18181818181818182,0.5,0.00975609756097561
concat,2026,5,0.2727272727272727,0.6,0.00975609756097561
concat,2026,6,0.2727272727272727,0.5,0.014634146341463415
concat,2026,7,0.2727272727272727,0.42857142857142855,0.01951219512195122
concat,2026,8,0.2727272727272727,0.375,0.024390243902439025
concat,2026,9,0.2727272727272727,0.3333333333333333,0.02926829268292683
concat,2026,10,0.2727272727272727,0.3,0.03414634146341464
concat,2026,11,0.2727272727272727,0.2727272727272727,0.03902439024390244
concat,2026,12,0.36363636363636365,0.3333333333333333,0.03902439024390244
concat,2026,13,0.36363636363636365,0.3076923076923077,0.04390243902439024
concat,2026,14,0.36363636363636365,0.2857142857142857,0.04878048780487805
concat,2026,15,0.45454545454545453,0.3333333333333333,0.04878048780487805
concat,2026,16,0.45454545454545453,0.3125,0.05365853658536585
concat,2026,17,0.45454545454545453,0.29411764705882354,0.05853658536585366
concat,2026,18,0.45454545454545453,0.2777777777777778,0.06341463414634146
concat,2026,19,0.45454545454545453,0.2631578947368421,0.06829268292682927
concat,2026,20,0.45454545454545453,0.25,0.07317073170731707
concat,2026,21,0.45454545454545453,0.23809523809523808,0.07804878048780488
concat,2026,22,0.45454545454545453,0.22727272727272727,0.08292682926829269
concat,2026,23,0.5454545454545454,0.2608695652173913,0.08292682926829269
concat,2026,24,0.5454545454545454,0.25,0.08780487804878048
concat,2026,25,0.5454545454545454,0.24,0.09268292682926829
concat,2026,26,0.5454545454545454,0.23076923076923078,0.0975609756097561
concat,2026,27,0.5454545454545454,0.2222222222222222,0.1024390243902439
concat,2026,28,0.5454545454545454,0.21428571428571427,0.1073170731707317
concat,2026,29,0.5454545454545454,0.20689655172413793,0.11219512195121951
concat,2026,30,0.5454545454545454,0.2,0.11707317073170732
concat,2026,31,0.5454545454545454,0.1935483870967742,0.12195121951219512
concat,2026,32,0.5454545454545454,0.1875,0.12682926829268293
concat,2026,33,0.5454545454545454,0.18181818181818182,0.13170731707317074
concat,2026,34,0.5454545454545454,0.17647058823529413,0.13658536585365855
concat,2026,35,0.5454545454545454,0.17142857142857143,0.14146341463414633
concat,2026,36,0.5454545454545454,0.16666666666666666,0.14634146341463414
concat,2026,37,0.5454545454545454,0.16216216216216217,0.15121951219512195
concat,2026,38,0.6363636363636364,0.18421052631578946,0.15121951219512195
concat,2026,39,0.6363636363636364,0.1794871794871795,0.15609756097560976
concat,2026,40,0.6363636363636364,0.175,0.16097560975609757
concat,2026,41,0.6363636363636364,0.17073170731707318,0.16585365853658537
concat,2026,42,0.7272727272727273,0.19047619047619047,0.16585365853658537
concat,2026,43,0.8181818181818182,0.20930232558139536,0.16585365853658537
concat,2026,44,0.8181818181818182,0.20454545454545456,0.17073170731707318
concat,2026,45,0.9090909090909091,0.2222222222222222,0.17073170731707318
concat,2026,46,0.9090909090909091,0.21739130434782608,0.17560975609756097
concat,2026,47,0.9090909090909091,0.2127659574468085,0.18048780487804877
concat,2026,48,0.9090909090909091,0.20833333333333334,0.18536585365853658
concat,2026,49,0.9090909090909091,0.20408163265306123,0.1902439024390244
concat,2026,50,0.9090909090909091,0.2,0.1951219512195122
concat,2026,51,0.9090909090909091,0.19607843137254902,0.2
concat,2026,52,0.9090909090909091,0.19230769230769232,0.2048780487804878
concat,2026,53,0.9090909090909091,0.18867924528301888,0.2097560975609756
concat,2026,54,0.9090909090909091,0.18518518518518517,0.2146341463414634
concat,2026,55,0.9090909090909091,0.18181818181818182,0.21951219512195122
concat,2026,56,0.9090909090909091,0.17857142857142858,0.22439024390243903
concat,2026,57,0.9090909090909091,0.17543859649122806,0.22926829268292684
concat,2026,58,0.9090909090909091,0.1724137931034483,0.23414634146341465
concat,2026,59,0.9090909090909091,0.1694915254237288,0.23902439024390243
concat,2026,60,0.9090909090909091,0.16666666666666666,0.24390243902439024
concat,2026,61,0.9090909090909091,0.16393442622950818,0.24878048780487805
concat,2026,62,0.9090909090909091,0.16129032258064516,0.25365853658536586
concat,2026,63,0.9090909090909091,0.15873015873015872,0.25853658536585367
concat,2026,64,0.9090909090909091,0.15625,0.2634146341463415
concat,2026,65,0.9090909090909091,0.15384615384615385,0.2682926829268293
concat,2026,66,1.0,0.16666666666666666,0.2682926829268293
concat,2026,67,1.0,0.16417910447761194,0.2731707317073171
concat,2026,68,1.0,0.16176470588235295,0.2780487804878049
concat,2026,69,1.0,0.15942028985507245,0.28292682926829266
concat,2026,70,1.0,0.15714285714285714,0.28780487804878047
concat,2026,71,1.0,0.15492957746478872,0.2926829268292683
concat,2026,72,1.0,0.1527777777777778,0.2975609756097561
concat,2026,73,1.0,0.1506849315068493,0.3024390243902439
concat,2026,74,1.0,0.14864864864864866,0.3073170731707317
concat,2026,75,1.0,0.14666666666666667,0.3121951219512195
concat,2026,76,1.0,0.14473684210526316,0.3170731707317073
concat,2026,77,1.0,0.14285714285714285,0.32195121951219513
concat,2026,78,1.0,0.14102564102564102,0.32682926829268294
concat,2026,79,1.0,0.13924050632911392,0.33170731707317075
concat,2026,80,1.0,0.1375,0.33658536585365856
concat,2026,81,1.0,0.13580246913580246,0.34146341463414637
concat,2026,82,1.0,0.13414634146341464,0.3463414634146341
concat,2026,83,1.0,0.13253012048192772,0.35121951219512193
concat,2026,84,1.0,0.13095238095238096,0.35609756097560974
concat,2026,85,1.0,0.12941176470588237,0.36097560975609755
concat,2026,86,1.0,0.12790697674418605,0.36585365853658536
concat,2026,87,1.0,0.12643678160919541,0.37073170731707317
concat,2026,88,1.0,0.125,0.375609756097561
concat,2026,89,1.0,0.12359550561797752,0.3804878048780488
concat,2026,90,1.0,0.12222222222222222,0.3853658536585366
concat,2026,91,1.0,0.12087912087912088,0.3902439024390244
concat,2026,92,1.0,0.11956521739130435,0.3951219512195122
concat,2026,93,1.0,0.11827956989247312,0.4
concat,2026,94,1.0,0.11702127659574468,0.40487804878048783
concat,2026,95,1.0,0.11578947368421053,0.4097560975609756
concat,2026,96,1.0,0.11458333333333333,0.4146341463414634
concat,2026,97,1.0,0.1134020618556701,0.4195121951219512
concat,2026,98,1.0,0.11224489795918367,0.424390243902439
concat,2026,99,1.0,0.1111111111111111,0.4292682926829268
concat,2026,100,1.0,0.11,0.43414634146341463
concat,2026,101,1.0,0.10891089108910891,0.43902439024390244
concat,2026,102,1.0,0.10784313725490197,0.44390243902439025
concat,2026,103,1.0,0.10679611650485436,0.44878048780487806
concat,2026,104,1.0,0.10576923076923077,0.45365853658536587
concat,2026,105,1.0,0.10476190476190476,0.4585365853658537
concat,2026,106,1.0,0.10377358490566038,0.4634146341463415
concat,2026,107,1.0,0.102803738317757,0.4682926829268293
concat,2026,108,1.0,0.10185185185185185,0.47317073170731705
concat,2026,109,1.0,0.10091743119266056,0.47804878048780486
concat,2026,110,1.0,0.1,0.48292682926829267
concat,2026,111,1.0,0.0990990990990991,0.4878048780487805
concat,2026,112,1.0,0.09821428571428571,0.4926829268292683
concat,2026,113,1.0,0.09734513274336283,0.4975609756097561
concat,2026,114,1.0,0.09649122807017543,0.5024390243902439
concat,2026,115,1.0,0.09565217391304348,0.5073170731707317
concat,2026,116,1.0,0.09482758620689655,0.5121951219512195
concat,2026,117,1.0,0.09401709401709402,0.5170731707317073
concat,2026,118,1.0,0.09322033898305085,0.5219512195121951
concat,2026,119,1.0,0.09243697478991597,0.526829268292683
concat,2026,120,1.0,0.09166666666666666,0.5317073170731708
concat,2026,121,1.0,0.09090909090909091,0.5365853658536586
concat,2026,122,1.0,0.09016393442622951,0.5414634146341464
concat,2026,123,1.0,0.08943089430894309,0.5463414634146342
concat,2026,124,1.0,0.08870967741935484,0.551219512195122
concat,2026,125,1.0,0.088,0.5560975609756098
concat,2026,126,1.0,0.0873015873015873,0.5609756097560976
concat,2026,127,1.0,0.08661417322834646,0.5658536585365853
concat,2026,128,1.0,0.0859375,0.5707317073170731
concat,2026,129,1.0,0.08527131782945736,0.5756097560975609
concat,2026,130,1.0,0.08461538461538462,0.5804878048780487
concat,2026,131,1.0,0.08396946564885496,0.5853658536585366
concat,2026,132,1.0,0.08333333333333333,0.5902439024390244
concat,2026,133,1.0,0.08270676691729323,0.5951219512195122
concat,2026,134,1.0,0.08208955223880597,0.6
concat,2026,135,1.0,0.08148148148148149,0.6048780487804878
concat,2026,136,1.0,0.08088235294117647,0.6097560975609756
concat,2026,137,1.0,0.08029197080291971,0.6146341463414634
concat,2026,138,1.0,0.07971014492753623,0.6195121951219512
concat,2026,139,1.0,0.07913669064748201,0.624390243902439
concat,2026,140,1.0,0.07857142857142857,0.6292682926829268
concat,2026,141,1.0,0.07801418439716312,0.6341463414634146
concat,2026,142,1.0,0.07746478873239436,0.6390243902439025
concat,2026,143,1.0,0.07692307692307693,0.6439024390243903
concat,2026,144,1.0,0.0763888888888889,0.6487804878048781
concat,2026,145,1.0,0.07586206896551724,0.6536585365853659
concat,2026,146,1.0,0.07534246575342465,0.6585365853658537
concat,2026,147,1.0,0.07482993197278912,0.6634146341463415
concat,2026,148,1.0,0.07432432432432433,0.6682926829268293
concat,2026,149,1.0,0.0738255033557047,0.6731707317073171
concat,2026,150,1.0,0.07333333333333333,0.6780487804878049
concat,2026,151,1.0,0.0728476821192053,0.6829268292682927
concat,2026,152,1.0,0.07236842105263158,0.6878048780487804
concat,2026,153,1.0,0.0718954248366013,0.6926829268292682
concat,2026,154,1.0,0.07142857142857142,0.697560975609756
concat,2026,155,1.0,0.07096774193548387,0.7024390243902439
concat,2026,156,1.0,0.07051282051282051,0.7073170731707317
concat,2026,157,1.0,0.07006369426751592,0.7121951219512195
concat,2026,158,1.0,0.06962025316455696,0.7170731707317073
concat,2026,159,1.0,0.06918238993710692,0.7219512195121951
concat,2026,160,1.0,0.06875,0.7268292682926829
concat,2026,161,1.0,0.06832298136645963,0.7317073170731707
concat,2026,162,1.0,0.06790123456790123,0.7365853658536585
concat,2026,163,1.0,0.06748466257668712,0.7414634146341463
concat,2026,164,1.0,0.06707317073170732,0.7463414634146341
concat,2026,165,1.0,0.06666666666666667,0.751219512195122
concat,2026,166,1.0,0.06626506024096386,0.7560975609756098
concat,2026,167,1.0,0.0658682634730539,0.7609756097560976
concat,2026,168,1.0,0.06547619047619048,0.7658536585365854
concat,2026,169,1.0,0.0650887573964497,0.7707317073170732
concat,2026,170,1.0,0.06470588235294118,0.775609756097561
concat,2026,171,1.0,0.06432748538011696,0.7804878048780488
concat,2026,172,1.0,0.06395348837209303,0.7853658536585366
concat,2026,173,1.0,0.06358381502890173,0.7902439024390244
concat,2026,174,1.0,0.06321839080459771,0.7951219512195122
concat,2026,175,1.0,0.06285714285714286,0.8
concat,2026,176,1.0,0.0625,0.8048780487804879
concat,2026,177,1.0,0.062146892655367235,0.8097560975609757
concat,2026,178,1.0,0.06179775280898876,0.8146341463414634
concat,2026,179,1.0,0.061452513966480445,0.8195121951219512
concat,2026,180,1.0,0.06111111111111111,0.824390243902439
concat,2026,181,1.0,0.06077348066298342,0.8292682926829268
concat,2026,182,1.0,0.06043956043956044,0.8341463414634146
concat,2026,183,1.0,0.060109289617486336,0.8390243902439024
concat,2026,184,1.0,0.059782608695652176,0.8439024390243902
concat,2026,185,1.0,0.05945945945945946,0.848780487804878
concat,2026,186,1.0,0.05913978494623656,0.8536585365853658
concat,2026,187,1.0,0.058823529411764705,0.8585365853658536
concat,2026,188,1.0,0.05851063829787234,0.8634146341463415
concat,2026,189,1.0,0.0582010582010582,0.8682926829268293
concat,2026,190,1.0,0.05789473684210526,0.8731707317073171
concat,2026,191,1.0,0.05759162303664921,0.8780487804878049
concat,2026,192,1.0,0.057291666666666664,0.8829268292682927
concat,2026,193,1.0,0.05699481865284974,0.8878048780487805
concat,2026,194,1.0,0.05670103092783505,0.8926829268292683
concat,2026,195,1.0,0.05641025641025641,0.8975609756097561
concat,2026,196,1.0,0.05612244897959184,0.9024390243902439
concat,2026,197,1.0,0.05583756345177665,0.9073170731707317
concat,2026,198,1.0,0.05555555555555555,0.9121951219512195
concat,2026,199,1.0,0.05527638190954774,0.9170731707317074
concat,2026,200,1.0,0.055,0.9219512195121952
concat,2026,201,1.0,0.05472636815920398,0.926829268292683
concat,2026,202,1.0,0.054455445544554455,0.9317073170731708
concat,2026,203,1.0,0.054187192118226604,0.9365853658536586
concat,2026,204,1.0,0.05392156862745098,0.9414634146341463
concat,2026,205,1.0,0.05365853658536585,0.9463414634146341
concat,2026,206,1.0,0.05339805825242718,0.9512195121951219
concat,2026,207,1.0,0.05314009661835749,0.9560975609756097
concat,2026,208,1.0,0.052884615384615384,0.9609756097560975
concat,2026,209,1.0,0.05263157894736842,0.9658536585365853
concat,2026,210,1.0,0.05238095238095238,0.9707317073170731
concat,2026,211,1.0,0.052132701421800945,0.975609756097561
concat,2026,212,1.0,0.05188679245283019,0.9804878048780488
concat,2026,213,1.0,0.051643192488262914,0.9853658536585366
concat,2026,214,1.0,0.0514018691588785,0.9902439024390244
concat,2026,215,1.0,0.05116279069767442,0.9951219512195122
concat,2026,216,1.0,0.05092592592592592,1.0
cross_attention,17,0,0.0,1.0,0.0
cross_attention,17,1,0.09090909090909091,1.0,0.0
cross_attention,17,2,0.09090909090909091,0.5,0.004878048780487805
cross_attention,17,3,0.18181818181818182,0.6666666666666666,0.004878048780487805
cross_attention,17,4,0.18181818181818182,0.5,0.00975609756097561
cross_attention,17,5,0.18181818181818182,0.4,0.014634146341463415
cross_attention,17,6,0.2727272727272727,0.5,0.014634146341463415
cross_attention,17,7,0.2727272727272727,0.42857142857142855,0.01951219512195122
cross_attention,17,8,0.2727272727272727,0.375,0.024390243902439025
cross_attention,17,9,0.2727272727272727,0.3333333333333333,0.02926829268292683
cross_attention,17,10,0.2727272727272727,0.3,0.03414634146341464
cross_attention,17,11,0.2727272727272727,0.2727272727272727,0.03902439024390244
cross_attention,17,12,0.2727272727272727,0.25,0.04390243902439024
cross_attention,17,13,0.2727272727272727,0.23076923076923078,0.04878048780487805
cross_attention,17,14,0.2727272727272727,0.21428571428571427,0.05365853658536585
cross_attention,17,15,0.36363636363636365,0.26666666666666666,0.05365853658536585
cross_attention,17,16,0.36363636363636365,0.25,0.05853658536585366
cross_attention,17,17,0.36363636363636365,0.23529411764705882,0.06341463414634146
cross_attention,17,18,0.36363636363636365,0.2222222222222222,0.06829268292682927
cross_attention,17,19,0.36363636363636365,0.21052631578947367,0.07317073170731707
cross_attention,17,20,0.36363636363636365,0.2,0.07804878048780488
cross_attention,17,21,0.36363636363636365,0.19047619047619047,0.08292682926829269
cross_attention,17,22,0.36363636363636365,0.18181818181818182,0.08780487804878048
cross_attention,17,23,0.45454545454545453,0.21739130434782608,0.08780487804878048
cross_attention,17,24,0.45454545454545453,0.20833333333333334,0.09268292682926829
cross_attention,17,25,0.5454545454545454,0.24,0.09268292682926829
cross_attention,17,26,0.5454545454545454,0.23076923076923078,0.0975609756097561
cross_attention,17,27,0.5454545454545454,0.2222222222222222,0.1024390243902439
cross_attention,17,28,0.5454545454545454,0.21428571428571427,0.1073170731707317
cross_attention,17,29,0.6363636363636364,0.2413793103448276,0.1073170731707317
cross_attention,17,30,0.6363636363636364,0.23333333333333334,0.11219512195121951
cross_attention,17,31,0.6363636363636364,0.22580645161290322,0.11707317073170732
cross_attention,17,32,0.6363636363636364,0.21875,0.12195121951219512
cross_attention,17,33,0.6363636363636364,0.21212121212121213,0.12682926829268293
cross_attention,17,34,0.6363636363636364,0.20588235294117646,0.13170731707317074
cross_attention,17,35,0.6363636363636364,0.2,0.13658536585365855
cross_attention,17,36,0.6363636363636364,0.19444444444444445,0.14146341463414633
cross_attention,17,37,0.6363636363636364,0.1891891891891892,0.14634146341463414
cross_attention,17,38,0.7272727272727273,0.21052631578947367,0.14634146341463414
cross_attention,17,39,0.8181818181818182,0.23076923076923078,0.14634146341463414
cross_attention,17,40,0.8181818181818182,0.225,0.15121951219512195
cross_attention,17,41,0.8181818181818182,0.21951219512195122,0.15609756097560976
cross_attention,17,42,0.8181818181818182,0.21428571428571427,0.16097560975609757
cross_attention,17,43,0.8181818181818182,0.20930232558139536,0.16585365853658537
cross_attention,17,44,0.8181818181818182,0.20454545454545456,0.17073170731707318
cross_attention,17,45,0.8181818181818182,0.2,0.17560975609756097
cross_attention,17,46,0.8181818181818182,0.1956521739130435,0.18048780487804877
cross_attention,17,47,0.8181818181818182,0.19148936170212766,0.18536585365853658
cross_attention,17,48,0.8181818181818182,0.1875,0.1902439024390244
cross_attention,17,49,0.8181818181818182,0.1836734693877551,0.1951219512195122
cross_attention,17,50,0.8181818181818182,0.18,0.2
cross_attention,17,51,0.8181818181818182,0.17647058823529413,0.2048780487804878
cross_attention,17,52,0.9090909090909091,0.19230769230769232,0.2048780487804878
cross_attention,17,53,0.9090909090909091,0.18867924528301888,0.2097560975609756
cross_attention,17,54,0.9090909090909091,0.18518518518518517,0.2146341463414634
cross_attention,17,55,0.9090909090909091,0.18181818181818182,0.21951219512195122
cross_attention,17,56,0.9090909090909091,0.17857142857142858,0.22439024390243903
cross_attention,17,57,0.9090909090909091,0.17543859649122806,0.22926829268292684
cross_attention,17,58,0.9090909090909091,0.1724137931034483,0.23414634146341465
cross_attention,17,59,0.9090909090909091,0.1694915254237288,0.23902439024390243
cross_attention,17,60,0.9090909090909091,0.16666666666666666,0.24390243902439024
cross_attention,17,61,0.9090909090909091,0.16393442622950818,0.24878048780487805
cross_attention,17,62,0.9090909090909091,0.16129032258064516,0.25365853658536586
cross_attention,17,63,0.9090909090909091,0.15873015873015872,0.25853658536585367
cross_attention,17,64,0.9090909090909091,0.15625,0.2634146341463415
cross_attention,17,65,0.9090909090909091,0.15384615384615385,0.2682926829268293
cross_attention,17,66,0.9090909090909091,0.15151515151515152,0.2731707317073171
cross_attention,17,67,0.9090909090909091,0.14925373134328357,0.2780487804878049
cross_attention,17,68,0.9090909090909091,0.14705882352941177,0.28292682926829266
cross_attention,17,69,0.9090909090909091,0.14492753623188406,0.28780487804878047
cross_attention,17,70,0.9090909090909091,0.14285714285714285,0.2926829268292683
cross_attention,17,71,0.9090909090909091,0.14084507042253522,0.2975609756097561
cross_attention,17,72,0.9090909090909091,0.1388888888888889,0.3024390243902439
cross_attention,17,73,0.9090909090909091,0.136986301369863,0.3073170731707317
cross_attention,17,74,0.9090909090909091,0.13513513513513514,0.3121951219512195
cross_attention,17,75,0.9090909090909091,0.13333333333333333,0.3170731707317073
cross_attention,17,76,0.9090909090909091,0.13157894736842105,0.32195121951219513
cross_attention,17,77,0.9090909090909091,0.12987012987012986,0.32682926829268294
cross_attention,17,78,0.9090909090909091,0.1282051282051282,0.33170731707317075
cross_attention,17,79,0.9090909090909091,0.12658227848101267,0.33658536585365856
cross_attention,17,80,0.9090909090909091,0.125,0.34146341463414637
cross_attention,17,81,0.9090909090909091,0.12345679012345678,0.3463414634146341
cross_attention,17,82,0.9090909090909091,0.12195121951219512,0.35121951219512193
cross_attention,17,83,0.9090909090909091,0.12048192771084337,0.35609756097560974
cross_attention,17,84,0.9090909090909091,0.11904761904761904,0.36097560975609755
cross_attention,17,85,0.9090909090909091,0.11764705882352941,0.36585365853658536
cross_attention,17,86,0.9090909090909091,0.11627906976744186,0.37073170731707317
cross_attention,17,87,0.9090909090909091,0.11494252873563218,0.375609756097561
cross_attention,17,88,0.9090909090909091,0.11363636363636363,0.3804878048780488
cross_attention,17,89,0.9090909090909091,0.11235955056179775,0.3853658536585366
cross_attention,17,90,0.9090909090909091,0.1111111111111111,0.3902439024390244
cross_attention,17,91,0.9090909090909091,0.10989010989010989,0.3951219512195122
cross_attention,17,92,0.9090909090909091,0.10869565217391304,0.4
cross_attention,17,93,0.9090909090909091,0.10752688172043011,0.40487804878048783
cross_attention,17,94,0.9090909090909091,0.10638297872340426,0.4097560975609756
cross_attention,17,95,0.9090909090909091,0.10526315789473684,0.4146341463414634
cross_attention,17,96,0.9090909090909091,0.10416666666666667,0.4195121951219512
cross_attention,17,97,0.9090909090909091,0.10309278350515463,0.424390243902439
cross_attention,17,98,0.9090909090909091,0.10204081632653061,0.4292682926829268
cross_attention,17,99,0.9090909090909091,0.10101010101010101,0.43414634146341463
cross_attention,17,100,0.9090909090909091,0.1,0.43902439024390244
cross_attention,17,101,0.9090909090909091,0.09900990099009901,0.44390243902439025
cross_attention,17,102,0.9090909090909091,0.09803921568627451,0.44878048780487806
cross_attention,17,103,0.9090909090909091,0.0970873786407767,0.45365853658536587
cross_attention,17,104,0.9090909090909091,0.09615384615384616,0.4585365853658537
cross_attention,17,105,0.9090909090909091,0.09523809523809523,0.4634146341463415
cross_attention,17,106,0.9090909090909091,0.09433962264150944,0.4682926829268293
cross_attention,17,107,0.9090909090909091,0.09345794392523364,0.47317073170731705
cross_attention,17,108,0.9090909090909091,0.09259259259259259,0.47804878048780486
cross_attention,17,109,0.9090909090909091,0.09174311926605505,0.48292682926829267
cross_attention,17,110,0.9090909090909091,0.09090909090909091,0.4878048780487805
cross_attention,17,111,0.9090909090909091,0.09009009009009009,0.4926829268292683
cross_attention,17,112,0.9090909090909091,0.08928571428571429,0.4975609756097561
cross_attention,17,113,0.9090909090909091,0.08849557522123894,0.5024390243902439
cross_attention,17,114,0.9090909090909091,0.08771929824561403,0.5073170731707317
cross_attention,17,115,0.9090909090909091,0.08695652173913043,0.5121951219512195
cross_attention,17,116,0.9090909090909091,0.08620689655172414,0.5170731707317073
cross_attention,17,117,0.9090909090909091,0.08547008547008547,0.5219512195121951
cross_attention,17,118,0.9090909090909091,0.0847457627118644,0.526829268292683
cross_attention,17,119,0.9090909090909091,0.08403361344537816,0.5317073170731708
cross_attention,17,120,0.9090909090909091,0.08333333333333333,0.5365853658536586
cross_attention,17,121,0.9090909090909091,0.08264462809917356,0.5414634146341464
cross_attention,17,122,0.9090909090909091,0.08196721311475409,0.5463414634146342
cross_attention,17,123,0.9090909090909091,0.08130081300813008,0.551219512195122
cross_attention,17,124,0.9090909090909091,0.08064516129032258,0.5560975609756098
cross_attention,17,125,0.9090909090909091,0.08,0.5609756097560976
cross_attention,17,126,0.9090909090909091,0.07936507936507936,0.5658536585365853
cross_attention,17,127,0.9090909090909091,0.07874015748031496,0.5707317073170731
cross_attention,17,128,0.9090909090909091,0.078125,0.5756097560975609
cross_attention,17,129,0.9090909090909091,0.07751937984496124,0.5804878048780487
cross_attention,17,130,0.9090909090909091,0.07692307692307693,0.5853658536585366
cross_attention,17,131,0.9090909090909091,0.07633587786259542,0.5902439024390244
cross_attention,17,132,0.9090909090909091,0.07575757575757576,0.5951219512195122
cross_attention,17,133,0.9090909090909091,0.07518796992481203,0.6
cross_attention,17,134,0.9090909090909091,0.07462686567164178,0.6048780487804878
cross_attention,17,135,0.9090909090909091,0.07407407407407407,0.6097560975609756
cross_attention,17,136,0.9090909090909091,0.07352941176470588,0.6146341463414634
cross_attention,17,137,0.9090909090909091,0.072992700729927,0.6195121951219512
cross_attention,17,138,0.9090909090909091,0.07246376811594203,0.624390243902439
cross_attention,17,139,0.9090909090909091,0.07194244604316546,0.6292682926829268
cross_attention,17,140,0.9090909090909091,0.07142857142857142,0.6341463414634146
cross_attention,17,141,0.9090909090909091,0.07092198581560284,0.6390243902439025
cross_attention,17,142,0.9090909090909091,0.07042253521126761,0.6439024390243903
cross_attention,17,143,0.9090909090909091,0.06993006993006994,0.6487804878048781
cross_attention,17,144,0.9090909090909091,0.06944444444444445,0.6536585365853659
cross_attention,17,145,0.9090909090909091,0.06896551724137931,0.6585365853658537
cross_attention,17,146,0.9090909090909091,0.0684931506849315,0.6634146341463415
cross_attention,17,147,0.9090909090909091,0.06802721088435375,0.6682926829268293
cross_attention,17,148,0.9090909090909091,0.06756756756756757,0.6731707317073171
cross_attention,17,149,0.9090909090909091,0.06711409395973154,0.6780487804878049
cross_attention,17,150,0.9090909090909091,0.06666666666666667,0.6829268292682927
cross_attention,17,151,0.9090909090909091,0.06622516556291391,0.6878048780487804
cross_attention,17,152,0.9090909090909091,0.06578947368421052,0.6926829268292682
cross_attention,17,153,0.9090909090909091,0.06535947712418301,0.697560975609756
cross_attention,17,154,0.9090909090909091,0.06493506493506493,0.7024390243902439
cross_attention,17,155,0.9090909090909091,0.06451612903225806,0.7073170731707317
cross_attention,17,156,0.9090909090909091,0.0641025641025641,0.7121951219512195
cross_attention,17,157,0.9090909090909091,0.06369426751592357,0.7170731707317073
cross_attention,17,158,0.9090909090909091,0.06329113924050633,0.7219512195121951
cross_attention,17,159,0.9090909090909091,0.06289308176100629,0.7268292682926829
cross_attention,17,160,0.9090909090909091,0.0625,0.7317073170731707
cross_attention,17,161,0.9090909090909091,0.062111801242236024,0.7365853658536585
cross_attention,17,162,0.9090909090909091,0.06172839506172839,0.7414634146341463
cross_attention,17,163,0.9090909090909091,0.06134969325153374,0.7463414634146341
cross_attention,17,164,0.9090909090909091,0.06097560975609756,0.751219512195122
cross_attention,17,165,0.9090909090909091,0.06060606060606061,0.7560975609756098
cross_attention,17,166,1.0,0.06626506024096386,0.7560975609756098
cross_attention,17,167,1.0,0.0658682634730539,0.7609756097560976
cross_attention,17,168,1.0,0.06547619047619048,0.7658536585365854
cross_attention,17,169,1.0,0.0650887573964497,0.7707317073170732
cross_attention,17,170,1.0,0.06470588235294118,0.775609756097561
cross_attention,17,171,1.0,0.06432748538011696,0.7804878048780488
cross_attention,17,172,1.0,0.06395348837209303,0.7853658536585366
cross_attention,17,173,1.0,0.06358381502890173,0.7902439024390244
cross_attention,17,174,1.0,0.06321839080459771,0.7951219512195122
cross_attention,17,175,1.0,0.06285714285714286,0.8
cross_attention,17,176,1.0,0.0625,0.8048780487804879
cross_attention,17,177,1.0,0.062146892655367235,0.8097560975609757
cross_attention,17,178,1.0,0.06179775280898876,0.8146341463414634
cross_attention,17,179,1.0,0.061452513966480445,0.8195121951219512
cross_attention,17,180,1.0,0.06111111111111111,0.824390243902439
cross_attention,17,181,1.0,0.06077348066298342,0.8292682926829268
cross_attention,17,182,1.0,0.06043956043956044,0.8341463414634146
cross_attention,17,183,1.0,0.060109289617486336,0.8390243902439024
cross_attention,17,184,1.0,0.059782608695652176,0.8439024390243902
cross_attention,17,185,1.0,0.05945945945945946,0.848780487804878
cross_attention,17,186,1.0,0.05913978494623656,0.8536585365853658
cross_attention,17,187,1.0,0.058823529411764705,0.8585365853658536
cross_attention,17,188,1.0,0.05851063829787234,0.8634146341463415
cross_attention,17,189,1.0,0.0582010582010582,0.8682926829268293
cross_attention,17,190,1.0,0.05789473684210526,0.8731707317073171
cross_attention,17,191,1.0,0.05759162303664921,0.8780487804878049
cross_attention,17,192,1.0,0.057291666666666664,0.8829268292682927
cross_attention,17,193,1.0,0.05699481865284974,0.8878048780487805
cross_attention,17,194,1.0,0.05670103092783505,0.8926829268292683
cross_attention,17,195,1.0,0.05641025641025641,0.8975609756097561
cross_attention,17,196,1.0,0.05612244897959184,0.9024390243902439
cross_attention,17,197,1.0,0.05583756345177665,0.9073170731707317
cross_attention,17,198,1.0,0.05555555555555555,0.9121951219512195
cross_attention,17,199,1.0,0.05527638190954774,0.9170731707317074
cross_attention,17,200,1.0,0.055,0.9219512195121952
cross_attention,17,201,1.0,0.05472636815920398,0.926829268292683
cross_attention,17,202,1.0,0.054455445544554455,0.9317073170731708
cross_attention,17,203,1.0,0.054187192118226604,0.9365853658536586
cross_attention,17,204,1.0,0.05392156862745098,0.9414634146341463
cross_attention,17,205,1.0,0.05365853658536585,0.9463414634146341
cross_attention,17,206,1.0,0.05339805825242718,0.9512195121951219
cross_attention,17,207,1.0,0.05314009661835749,0.9560975609756097
cross_attention,17,208,1.0,0.052884615384615384,0.9609756097560975
cross_attention,17,209,1.0,0.05263157894736842,0.9658536585365853
cross_attention,17,210,1.0,0.05238095238095238,0.9707317073170731
cross_attention,17,211,1.0,0.052132701421800945,0.975609756097561
cross_attention,17,212,1.0,0.05188679245283019,0.9804878048780488
cross_attention,17,213,1.0,0.051643192488262914,0.9853658536585366
cross_attention,17,214,1.0,0.0514018691588785,0.9902439024390244
cross_attention,17,215,1.0,0.05116279069767442,0.9951219512195122
cross_attention,17,216,1.0,0.05092592592592592,1.0
cross_attention,42,0,0.0,1.0,0.0
cross_attention,42,1,0.09090909090909091,1.0,0.0
cross_attention,42,2,0.09090909090909091,0.5,0.004878048780487805
cross_attention,42,3,0.18181818181818182,0.6666666666666666,0.004878048780487805
cross_attention,42,4,0.2727272727272727,0.75,0.004878048780487805
cross_attention,42,5,0.2727272727272727,0.6,0.00975609756097561
cross_attention,42,6,0.2727272727272727,0.5,0.014634146341463415
cross_attention,42,7,0.2727272727272727,0.42857142857142855,0.01951219512195122
cross_attention,42,8,0.2727272727272727,0.375,0.024390243902439025
cross_attention,42,9,0.2727272727272727,0.3333333333333333,0.02926829268292683
cross_attention,42,10,0.2727272727272727,0.3,0.03414634146341464
cross_attention,42,11,0.2727272727272727,0.2727272727272727,0.03902439024390244
cross_attention,42,12,0.2727272727272727,0.25,0.04390243902439024
cross_attention,42,13,0.2727272727272727,0.23076923076923078,0.04878048780487805
cross_attention,42,14,0.2727272727272727,0.21428571428571427,0.05365853658536585
cross_attention,42,15,0.36363636363636365,0.26666666666666666,0.05365853658536585
cross_attention,42,16,0.36363636363636365,0.25,0.05853658536585366
cross_attention,42,17,0.36363636363636365,0.23529411764705882,0.06341463414634146
cross_attention,42,18,0.36363636363636365,0.2222222222222222,0.06829268292682927
cross_attention,42,19,0.36363636363636365,0.21052631578947367,0.07317073170731707
cross_attention,42,20,0.36363636363636365,0.2,0.07804878048780488
cross_attention,42,21,0.36363636363636365,0.19047619047619047,0.08292682926829269
cross_attention,42,22,0.36363636363636365,0.18181818181818182,0.08780487804878048
cross_attention,42,23,0.36363636363636365,0.17391304347826086,0.09268292682926829
cross_attention,42,24,0.36363636363636365,0.16666666666666666,0.0975609756097561
cross_attention,42,25,0.45454545454545453,0.2,0.0975609756097561
cross_attention,42,26,0.45454545454545453,0.19230769230769232,0.1024390243902439
cross_attention,42,27,0.45454545454545453,0.18518518518518517,0.1073170731707317
cross_attention,42,28,0.45454545454545453,0.17857142857142858,0.11219512195121951
cross_attention,42,29,0.45454545454545453,0.1724137931034483,0.11707317073170732
cross_attention,42,30,0.45454545454545453,0.16666666666666666,0.12195121951219512
cross_attention,42,31,0.45454545454545453,0.16129032258064516,0.12682926829268293
cross_attention,42,32,0.5454545454545454,0.1875,0.12682926829268293
cross_attention,42,33,0.5454545454545454,0.18181818181818182,0.13170731707317074
cross_attention,42,34,0.6363636363636364,0.20588235294117646,0.13170731707317074
cross_attention,42,35,0.6363636363636364,0.2,0.13658536585365855
cross_attention,42,36,0.6363636363636364,0.19444444444444445,0.14146341463414633
cross_attention,42,37,0.7272727272727273,0.21621621621621623,0.14146341463414633
cross_attention,42,38,0.7272727272727273,0.21052631578947367,0.14634146341463414
cross_attention,42,39,0.8181818181818182,0.23076923076923078,0.14634146341463414
cross_attention,42,40,0.8181818181818182,0.225,0.15121951219512195
cross_attention,42,41,0.8181818181818182,0.21951219512195122,0.15609756097560976
cross_attention,42,42,0.8181818181818182,0.21428571428571427,0.16097560975609757
cross_attention,42,43,0.8181818181818182,0.20930232558139536,0.16585365853658537
cross_attention,42,44,0.8181818181818182,0.20454545454545456,0.17073170731707318
cross_attention,42,45,0.8181818181818182,0.2,0.17560975609756097
cross_attention,42,46,0.8181818181818182,0.1956521739130435,0.18048780487804877
cross_attention,42,47,0.8181818181818182,0.19148936170212766,0.18536585365853658
cross_attention,42,48,0.8181818181818182,0.1875,0.1902439024390244
cross_attention,42,49,0.8181818181818182,0.1836734693877551,0.1951219512195122
cross_attention,42,50,0.8181818181818182,0.18,0.2
cross_attention,42,51,0.8181818181818182,0.17647058823529413,0.2048780487804878
cross_attention,42,52,0.8181818181818182,0.17307692307692307,0.2097560975609756
cross_attention,42,53,0.8181818181818182,0.16981132075471697,0.2146341463414634
cross_attention,42,54,0.8181818181818182,0.16666666666666666,0.21951219512195122
cross_attention,42,55,0.8181818181818182,0.16363636363636364,0.22439024390243903
cross_attention,42,56,0.8181818181818182,0.16071428571428573,0.22926829268292684
cross_attention,42,57,0.8181818181818182,0.15789473684210525,0.23414634146341465
cross_attention,42,58,0.8181818181818182,0.15517241379310345,0.23902439024390243
cross_attention,42,59,0.8181818181818182,0.15254237288135594,0.24390243902439024
cross_attention,42,60,0.8181818181818182,0.15,0.24878048780487805
cross_attention,42,61,0.8181818181818182,0.14754098360655737,0.25365853658536586
cross_attention,42,62,0.8181818181818182,0.14516129032258066,0.25853658536585367
cross_attention,42,63,0.8181818181818182,0.14285714285714285,0.2634146341463415
cross_attention,42,64,0.8181818181818182,0.140625,0.2682926829268293
cross_attention,42,65,0.8181818181818182,0.13846153846153847,0.2731707317073171
cross_attention,42,66,0.9090909090909091,0.15151515151515152,0.2731707317073171
cross_attention,42,67,0.9090909090909091,0.14925373134328357,0.2780487804878049
cross_attention,42,68,0.9090909090909091,0.14705882352941177,0.28292682926829266
cross_attention,42,69,0.9090909090909091,0.14492753623188406,0.28780487804878047
cross_attention,42,70,0.9090909090909091,0.14285714285714285,0.2926829268292683
cross_attention,42,71,0.9090909090909091,0.14084507042253522,0.2975609756097561
cross_attention,42,72,0.9090909090909091,0.1388888888888889,0.3024390243902439
cross_attention,42,73,0.9090909090909091,0.136986301369863,0.3073170731707317
cross_attention,42,74,0.9090909090909091,0.13513513513513514,0.3121951219512195
cross_attention,42,75,0.9090909090909091,0.13333333333333333,0.3170731707317073
cross_attention,42,76,0.9090909090909091,0.13157894736842105,0.32195121951219513
cross_attention,42,77,0.9090909090909091,0.12987012987012986,0.32682926829268294
cross_attention,42,78,0.9090909090909091,0.1282051282051282,0.33170731707317075
cross_attention,42,79,0.9090909090909091,0.12658227848101267,0.33658536585365856
cross_attention,42,80,0.9090909090909091,0.125,0.34146341463414637
cross_attention,42,81,0.9090909090909091,0.12345679012345678,0.3463414634146341
cross_attention,42,82,0.9090909090909091,0.12195121951219512,0.35121951219512193
cross_attention,42,83,0.9090909090909091,0.12048192771084337,0.35609756097560974
cross_attention,42,84,0.9090909090909091,0.11904761904761904,0.36097560975609755
cross_attention,42,85,0.9090909090909091,0.11764705882352941,0.36585365853658536
cross_attention,42,86,0.9090909090909091,0.11627906976744186,0.37073170731707317
cross_attention,42,87,0.9090909090909091,0.11494252873563218,0.375609756097561
cross_attention,42,88,0.9090909090909091,0.11363636363636363,0.3804878048780488
cross_attention,42,89,0.9090909090909091,0.11235955056179775,0.3853658536585366
cross_attention,42,90,1.0,0.12222222222222222,0.3853658536585366
cross_attention,42,91,1.0,0.12087912087912088,0.3902439024390244
cross_attention,42,92,1.0,0.11956521739130435,0.3951219512195122
cross_attention,42,93,1.0,0.11827956989247312,0.4
cross_attention,42,94,1.0,0.11702127659574468,0.40487804878048783
cross_attention,42,95,1.0,0.11578947368421053,0.4097560975609756
cross_attention,42,96,1.0,0.11458333333333333,0.4146341463414634
cross_attention,42,97,1.0,0.1134020618556701,0.4195121951219512
cross_attention,42,98,1.0,0.11224489795918367,0.424390243902439
cross_attention,42,99,1.0,0.1111111111111111,0.4292682926829268
cross_attention,42,100,1.0,0.11,0.43414634146341463
cross_attention,42,101,1.0,0.10891089108910891,0.43902439024390244
cross_attention,42,102,1.0,0.10784313725490197,0.44390243902439025
cross_attention,42,103,1.0,0.10679611650485436,0.44878048780487806
cross_attention,42,104,1.0,0.10576923076923077,0.45365853658536587
cross_attention,42,105,1.0,0.10476190476190476,0.4585365853658537
cross_attention,42,106,1.0,0.10377358490566038,0.4634146341463415
cross_attention,42,107,1.0,0.102803738317757,0.4682926829268293
cross_attention,42,108,1.0,0.10185185185185185,0.47317073170731705
cross_attention,42,109,1.0,0.10091743119266056,0.47804878048780486
cross_attention,42,110,1.0,0.1,0.48292682926829267
cross_attention,42,111,1.0,0.0990990990990991,0.4878048780487805
cross_attention,42,112,1.0,0.09821428571428571,0.4926829268292683
cross_attention,42,113,1.0,0.09734513274336283,0.4975609756097561
cross_attention,42,114,1.0,0.09649122807017543,0.5024390243902439
cross_attention,42,115,1.0,0.09565217391304348,0.5073170731707317
cross_attention,42,116,1.0,0.09482758620689655,0.5121951219512195
cross_attention,42,117,1.0,0.09401709401709402,0.5170731707317073
cross_attention,42,118,1.0,0.09322033898305085,0.5219512195121951
cross_attention,42,119,1.0,0.09243697478991597,0.526829268292683
cross_attention,42,120,1.0,0.09166666666666666,0.5317073170731708
cross_attention,42,121,1.0,0.09090909090909091,0.5365853658536586
cross_attention,42,122,1.0,0.09016393442622951,0.5414634146341464
cross_attention,42,123,1.0,0.08943089430894309,0.5463414634146342
cross_attention,42,124,1.0,0.08870967741935484,0.551219512195122
cross_attention,42,125,1.0,0.088,0.5560975609756098
cross_attention,42,126,1.0,0.0873015873015873,0.5609756097560976
cross_attention,42,127,1.0,0.08661417322834646,0.5658536585365853
cross_attention,42,128,1.0,0.0859375,0.5707317073170731
cross_attention,42,129,1.0,0.08527131782945736,0.5756097560975609
cross_attention,42,130,1.0,0.08461538461538462,0.5804878048780487
cross_attention,42,131,1.0,0.08396946564885496,0.5853658536585366
cross_attention,42,132,1.0,0.08333333333333333,0.5902439024390244
cross_attention,42,133,1.0,0.08270676691729323,0.5951219512195122
cross_attention,42,134,1.0,0.08208955223880597,0.6
cross_attention,42,135,1.0,0.08148148148148149,0.6048780487804878
cross_attention,42,136,1.0,0.08088235294117647,0.6097560975609756
cross_attention,42,137,1.0,0.08029197080291971,0.6146341463414634
cross_attention,42,138,1.0,0.07971014492753623,0.6195121951219512
cross_attention,42,139,1.0,0.07913669064748201,0.624390243902439
cross_attention,42,140,1.0,0.07857142857142857,0.6292682926829268
cross_attention,42,141,1.0,0.07801418439716312,0.6341463414634146
cross_attention,42,142,1.0,0.07746478873239436,0.6390243902439025
cross_attention,42,143,1.0,0.07692307692307693,0.6439024390243903
cross_attention,42,144,1.0,0.0763888888888889,0.6487804878048781
cross_attention,42,145,1.0,0.07586206896551724,0.6536585365853659
cross_attention,42,146,1.0,0.07534246575342465,0.6585365853658537
cross_attention,42,147,1.0,0.07482993197278912,0.6634146341463415
cross_attention,42,148,1.0,0.07432432432432433,0.6682926829268293
cross_attention,42,149,1.0,0.0738255033557047,0.6731707317073171
cross_attention,42,150,1.0,0.07333333333333333,0.6780487804878049
cross_attention,42,151,1.0,0.0728476821192053,0.6829268292682927
cross_attention,42,152,1.0,0.07236842105263158,0.6878048780487804
cross_attention,42,153,1.0,0.0718954248366013,0.6926829268292682
cross_attention,42,154,1.0,0.07142857142857142,0.697560975609756
cross_attention,42,155,1.0,0.07096774193548387,0.7024390243902439
cross_attention,42,156,1.0,0.07051282051282051,0.7073170731707317
cross_attention,42,157,1.0,0.07006369426751592,0.7121951219512195
cross_attention,42,158,1.0,0.06962025316455696,0.7170731707317073
cross_attention,42,159,1.0,0.06918238993710692,0.7219512195121951
cross_attention,42,160,1.0,0.06875,0.7268292682926829
cross_attention,42,161,1.0,0.06832298136645963,0.7317073170731707
cross_attention,42,162,1.0,0.06790123456790123,0.7365853658536585
cross_attention,42,163,1.0,0.06748466257668712,0.7414634146341463
cross_attention,42,164,1.0,0.06707317073170732,0.7463414634146341
cross_attention,42,165,1.0,0.06666666666666667,0.751219512195122
cross_attention,42,166,1.0,0.06626506024096386,0.7560975609756098
cross_attention,42,167,1.0,0.0658682634730539,0.7609756097560976
cross_attention,42,168,1.0,0.06547619047619048,0.7658536585365854
cross_attention,42,169,1.0,0.0650887573964497,0.7707317073170732
cross_attention,42,170,1.0,0.06470588235294118,0.775609756097561
cross_attention,42,171,1.0,0.06432748538011696,0.7804878048780488
cross_attention,42,172,1.0,0.06395348837209303,0.7853658536585366
cross_attention,42,173,1.0,0.06358381502890173,0.7902439024390244
cross_attention,42,174,1.0,0.06321839080459771,0.7951219512195122
cross_attention,42,175,1.0,0.06285714285714286,0.8
cross_attention,42,176,1.0,0.0625,0.8048780487804879
cross_attention,42,177,1.0,0.062146892655367235,0.8097560975609757
cross_attention,42,178,1.0,0.06179775280898876,0.8146341463414634
cross_attention,42,179,1.0,0.061452513966480445,0.8195121951219512
cross_attention,42,180,1.0,0.06111111111111111,0.824390243902439
cross_attention,42,181,1.0,0.06077348066298342,0.8292682926829268
cross_attention,42,182,1.0,0.06043956043956044,0.8341463414634146
cross_attention,42,183,1.0,0.060109289617486336,0.8390243902439024
cross_attention,42,184,1.0,0.059782608695652176,0.8439024390243902
cross_attention,42,185,1.0,0.05945945945945946,0.848780487804878
cross_attention,42,186,1.0,0.05913978494623656,0.8536585365853658
cross_attention,42,187,1.0,0.058823529411764705,0.8585365853658536
cross_attention,42,188,1.0,0.05851063829787234,0.8634146341463415
cross_attention,42,189,1.0,0.0582010582010582,0.8682926829268293
cross_attention,42,190,1.0,0.05789473684210526,0.8731707317073171
cross_attention,42,191,1.0,0.05759162303664921,0.8780487804878049
cross_attention,42,192,1.0,0.057291666666666664,0.8829268292682927
cross_attention,42,193,1.0,0.05699481865284974,0.8878048780487805
cross_attention,42,194,1.0,0.05670103092783505,0.8926829268292683
cross_attention,42,195,1.0,0.05641025641025641,0.8975609756097561
cross_attention,42,196,1.0,0.05612244897959184,0.9024390243902439
cross_attention,42,197,1.0,0.05583756345177665,0.9073170731707317
cross_attention,42,198,1.0,0.05555555555555555,0.9121951219512195
cross_attention,42,199,1.0,0.05527638190954774,0.9170731707317074
cross_attention,42,200,1.0,0.055,0.9219512195121952
cross_attention,42,201,1.0,0.05472636815920398,0.926829268292683
cross_attention,42,202,1.0,0.054455445544554455,0.9317073170731708
cross_attention,42,203,1.0,0.054187192118226604,0.9365853658536586
cross_attention,42,204,1.0,0.05392156862745098,0.9414634146341463
cross_attention,42,205,1.0,0.05365853658536585,0.9463414634146341
cross_attention,42,206,1.0,0.05339805825242718,0.9512195121951219
cross_attention,42,207,1.0,0.05314009661835749,0.9560975609756097
cross_attention,42,208,1.0,0.052884615384615384,0.9609756097560975
cross_attention,42,209,1.0,0.05263157894736842,0.9658536585365853
cross_attention,42,210,1.0,0.05238095238095238,0.9707317073170731
cross_attention,42,211,1.0,0.052132701421800945,0.975609756097561
cross_attention,42,212,1.0,0.05188679245283019,0.9804878048780488
cross_attention,42,213,1.0,0.051643192488262914,0.9853658536585366
cross_attention,42,214,1.0,0.0514018691588785,0.9902439024390244
cross_attention,42,215,1.0,0.05116279069767442,0.9951219512195122
cross_attention,42,216,1.0,0.05092592592592592,1.0
cross_attention,2026,0,0.0,1.0,0.0
cross_attention,2026,1,0.09090909090909091,1.0,0.0
cross_attention,2026,2,0.09090909090909091,0.5,0.004878048780487805
cross_attention,2026,3,0.18181818181818182,0.6666666666666666,0.004878048780487805
cross_attention,2026,4,0.18181818181818182,0.5,0.00975609756097561
cross_attention,2026,5,0.2727272727272727,0.6,0.00975609756097561
cross_attention,2026,6,0.2727272727272727,0.5,0.014634146341463415
cross_attention,2026,7,0.2727272727272727,0.42857142857142855,0.01951219512195122
cross_attention,2026,8,0.2727272727272727,0.375,0.024390243902439025
cross_attention,2026,9,0.2727272727272727,0.3333333333333333,0.02926829268292683
cross_attention,2026,10,0.2727272727272727,0.3,0.03414634146341464
cross_attention,2026,11,0.2727272727272727,0.2727272727272727,0.03902439024390244
cross_attention,2026,12,0.2727272727272727,0.25,0.04390243902439024
cross_attention,2026,13,0.2727272727272727,0.23076923076923078,0.04878048780487805
cross_attention,2026,14,0.2727272727272727,0.21428571428571427,0.05365853658536585
cross_attention,2026,15,0.36363636363636365,0.26666666666666666,0.05365853658536585
cross_attention,2026,16,0.36363636363636365,0.25,0.05853658536585366
cross_attention,2026,17,0.36363636363636365,0.23529411764705882,0.06341463414634146
cross_attention,2026,18,0.36363636363636365,0.2222222222222222,0.06829268292682927
cross_attention,2026,19,0.36363636363636365,0.21052631578947367,0.07317073170731707
cross_attention,2026,20,0.36363636363636365,0.2,0.07804878048780488
cross_attention,2026,21,0.36363636363636365,0.19047619047619047,0.08292682926829269
cross_attention,2026,22,0.36363636363636365,0.18181818181818182,0.08780487804878048
cross_attention,2026,23,0.36363636363636365,0.17391304347826086,0.09268292682926829
cross_attention,2026,24,0.36363636363636365,0.16666666666666666,0.0975609756097561
cross_attention,2026,25,0.45454545454545453,0.2,0.0975609756097561
cross_attention,2026,26,0.45454545454545453,0.19230769230769232,0.1024390243902439
cross_attention,2026,27,0.45454545454545453,0.18518518518518517,0.1073170731707317
cross_attention,2026,28,0.45454545454545453,0.17857142857142858,0.11219512195121951
cross_attention,2026,29,0.45454545454545453,0.1724137931034483,0.11707317073170732
cross_attention,2026,30,0.45454545454545453,0.16666666666666666,0.12195121951219512
cross_attention,2026,31,0.45454545454545453,0.16129032258064516,0.12682926829268293
cross_attention,2026,32,0.45454545454545453,0.15625,0.13170731707317074
cross_attention,2026,33,0.5454545454545454,0.18181818181818182,0.13170731707317074
cross_attention,2026,34,0.6363636363636364,0.20588235294117646,0.13170731707317074
cross_attention,2026,35,0.6363636363636364,0.2,0.13658536585365855
cross_attention,2026,36,0.6363636363636364,0.19444444444444445,0.14146341463414633
cross_attention,2026,37,0.7272727272727273,0.21621621621621623,0.14146341463414633
cross_attention,2026,38,0.7272727272727273,0.21052631578947367,0.14634146341463414
cross_attention,2026,39,0.7272727272727273,0.20512820512820512,0.15121951219512195
cross_attention,2026,40,0.7272727272727273,0.2,0.15609756097560976
cross_attention,2026,41,0.7272727272727273,0.1951219512195122,0.16097560975609757
cross_attention,2026,42,0.7272727272727273,0.19047619047619047,0.16585365853658537
cross_attention,2026,43,0.7272727272727273,0.18604651162790697,0.17073170731707318
cross_attention,2026,44,0.7272727272727273,0.18181818181818182,0.17560975609756097
cross_attention,2026,45,0.7272727272727273,0.17777777777777778,0.18048780487804877
cross_attention,2026,46,0.7272727272727273,0.17391304347826086,0.18536585365853658
cross_attention,2026,47,0.7272727272727273,0.1702127659574468,0.1902439024390244
cross_attention,2026,48,0.7272727272727273,0.16666666666666666,0.1951219512195122
cross_attention,2026,49,0.7272727272727273,0.16326530612244897,0.2
cross_attention,2026,50,0.7272727272727273,0.16,0.2048780487804878
cross_attention,2026,51,0.8181818181818182,0.17647058823529413,0.2048780487804878
cross_attention,2026,52,0.8181818181818182,0.17307692307692307,0.2097560975609756
cross_attention,2026,53,0.8181818181818182,0.16981132075471697,0.2146341463414634
cross_attention,2026,54,0.9090909090909091,0.18518518518518517,0.2146341463414634
cross_attention,2026,55,0.9090909090909091,0.18181818181818182,0.21951219512195122
cross_attention,2026,56,0.9090909090909091,0.17857142857142858,0.22439024390243903
cross_attention,2026,57,0.9090909090909091,0.17543859649122806,0.22926829268292684
cross_attention,2026,58,0.9090909090909091,0.1724137931034483,0.23414634146341465
cross_attention,2026,59,0.9090909090909091,0.1694915254237288,0.23902439024390243
cross_attention,2026,60,0.9090909090909091,0.16666666666666666,0.24390243902439024
cross_attention,2026,61,0.9090909090909091,0.16393442622950818,0.24878048780487805
cross_attention,2026,62,1.0,0.1774193548387097,0.24878048780487805
cross_attention,2026,63,1.0,0.1746031746031746,0.25365853658536586
cross_attention,2026,64,1.0,0.171875,0.25853658536585367
cross_attention,2026,65,1.0,0.16923076923076924,0.2634146341463415
cross_attention,2026,66,1.0,0.16666666666666666,0.2682926829268293
cross_attention,2026,67,1.0,0.16417910447761194,0.2731707317073171
cross_attention,2026,68,1.0,0.16176470588235295,0.2780487804878049
cross_attention,2026,69,1.0,0.15942028985507245,0.28292682926829266
cross_attention,2026,70,1.0,0.15714285714285714,0.28780487804878047
cross_attention,2026,71,1.0,0.15492957746478872,0.2926829268292683
cross_attention,2026,72,1.0,0.1527777777777778,0.2975609756097561
cross_attention,2026,73,1.0,0.1506849315068493,0.3024390243902439
cross_attention,2026,74,1.0,0.14864864864864866,0.3073170731707317
cross_attention,2026,75,1.0,0.14666666666666667,0.3121951219512195
cross_attention,2026,76,1.0,0.14473684210526316,0.3170731707317073
cross_attention,2026,77,1.0,0.14285714285714285,0.32195121951219513
cross_attention,2026,78,1.0,0.14102564102564102,0.32682926829268294
cross_attention,2026,79,1.0,0.13924050632911392,0.33170731707317075
cross_attention,2026,80,1.0,0.1375,0.33658536585365856
cross_attention,2026,81,1.0,0.13580246913580246,0.34146341463414637
cross_attention,2026,82,1.0,0.13414634146341464,0.3463414634146341
cross_attention,2026,83,1.0,0.13253012048192772,0.35121951219512193
cross_attention,2026,84,1.0,0.13095238095238096,0.35609756097560974
cross_attention,2026,85,1.0,0.12941176470588237,0.36097560975609755
cross_attention,2026,86,1.0,0.12790697674418605,0.36585365853658536
cross_attention,2026,87,1.0,0.12643678160919541,0.37073170731707317
cross_attention,2026,88,1.0,0.125,0.375609756097561
cross_attention,2026,89,1.0,0.12359550561797752,0.3804878048780488
cross_attention,2026,90,1.0,0.12222222222222222,0.3853658536585366
cross_attention,2026,91,1.0,0.12087912087912088,0.3902439024390244
cross_attention,2026,92,1.0,0.11956521739130435,0.3951219512195122
cross_attention,2026,93,1.0,0.11827956989247312,0.4
cross_attention,2026,94,1.0,0.11702127659574468,0.40487804878048783
cross_attention,2026,95,1.0,0.11578947368421053,0.4097560975609756
cross_attention,2026,96,1.0,0.11458333333333333,0.4146341463414634
cross_attention,2026,97,1.0,0.1134020618556701,0.4195121951219512
cross_attention,2026,98,1.0,0.11224489795918367,0.424390243902439
cross_attention,2026,99,1.0,0.1111111111111111,0.4292682926829268
cross_attention,2026,100,1.0,0.11,0.43414634146341463
cross_attention,2026,101,1.0,0.10891089108910891,0.43902439024390244
cross_attention,2026,102,1.0,0.10784313725490197,0.44390243902439025
cross_attention,2026,103,1.0,0.10679611650485436,0.44878048780487806
cross_attention,2026,104,1.0,0.10576923076923077,0.45365853658536587
cross_attention,2026,105,1.0,0.10476190476190476,0.4585365853658537
cross_attention,2026,106,1.0,0.10377358490566038,0.4634146341463415
cross_attention,2026,107,1.0,0.102803738317757,0.4682926829268293
cross_attention,2026,108,1.0,0.10185185185185185,0.47317073170731705
cross_attention,2026,109,1.0,0.10091743119266056,0.47804878048780486
cross_attention,2026,110,1.0,0.1,0.48292682926829267
cross_attention,2026,111,1.0,0.0990990990990991,0.4878048780487805
cross_attention,2026,112,1.0,0.09821428571428571,0.4926829268292683
cross_attention,2026,113,1.0,0.09734513274336283,0.4975609756097561
cross_attention,2026,114,1.0,0.09649122807017543,0.5024390243902439
cross_attention,2026,115,1.0,0.09565217391304348,0.5073170731707317
cross_attention,2026,116,1.0,0.09482758620689655,0.5121951219512195
cross_attention,2026,117,1.0,0.09401709401709402,0.5170731707317073
cross_attention,2026,118,1.0,0.09322033898305085,0.5219512195121951
cross_attention,2026,119,1.0,0.09243697478991597,0.526829268292683
cross_attention,2026,120,1.0,0.09166666666666666,0.5317073170731708
cross_attention,2026,121,1.0,0.09090909090909091,0.5365853658536586
cross_attention,2026,122,1.0,0.09016393442622951,0.5414634146341464
cross_attention,2026,123,1.0,0.08943089430894309,0.5463414634146342
cross_attention,2026,124,1.0,0.08870967741935484,0.551219512195122
cross_attention,2026,125,1.0,0.088,0.5560975609756098
cross_attention,2026,126,1.0,0.0873015873015873,0.5609756097560976
cross_attention,2026,127,1.0,0.08661417322834646,0.5658536585365853
cross_attention,2026,128,1.0,0.0859375,0.5707317073170731
cross_attention,2026,129,1.0,0.08527131782945736,0.5756097560975609
cross_attention,2026,130,1.0,0.08461538461538462,0.5804878048780487
cross_attention,2026,131,1.0,0.08396946564885496,0.5853658536585366
cross_attention,2026,132,1.0,0.08333333333333333,0.5902439024390244
cross_attention,2026,133,1.0,0.08270676691729323,0.5951219512195122
cross_attention,2026,134,1.0,0.08208955223880597,0.6
cross_attention,2026,135,1.0,0.08148148148148149,0.6048780487804878
cross_attention,2026,136,1.0,0.08088235294117647,0.6097560975609756
cross_attention,2026,137,1.0,0.08029197080291971,0.6146341463414634
cross_attention,2026,138,1.0,0.07971014492753623,0.6195121951219512
cross_attention,2026,139,1.0,0.07913669064748201,0.624390243902439
cross_attention,2026,140,1.0,0.07857142857142857,0.6292682926829268
cross_attention,2026,141,1.0,0.07801418439716312,0.6341463414634146
cross_attention,2026,142,1.0,0.07746478873239436,0.6390243902439025
cross_attention,2026,143,1.0,0.07692307692307693,0.6439024390243903
cross_attention,2026,144,1.0,0.0763888888888889,0.6487804878048781
cross_attention,2026,145,1.0,0.07586206896551724,0.6536585365853659
cross_attention,2026,146,1.0,0.07534246575342465,0.6585365853658537
cross_attention,2026,147,1.0,0.07482993197278912,0.6634146341463415
cross_attention,2026,148,1.0,0.07432432432432433,0.6682926829268293
cross_attention,2026,149,1.0,0.0738255033557047,0.6731707317073171
cross_attention,2026,150,1.0,0.07333333333333333,0.6780487804878049
cross_attention,2026,151,1.0,0.0728476821192053,0.6829268292682927
cross_attention,2026,152,1.0,0.07236842105263158,0.6878048780487804
cross_attention,2026,153,1.0,0.0718954248366013,0.6926829268292682
cross_attention,2026,154,1.0,0.07142857142857142,0.697560975609756
cross_attention,2026,155,1.0,0.07096774193548387,0.7024390243902439
cross_attention,2026,156,1.0,0.07051282051282051,0.7073170731707317
cross_attention,2026,157,1.0,0.07006369426751592,0.7121951219512195
cross_attention,2026,158,1.0,0.06962025316455696,0.7170731707317073
cross_attention,2026,159,1.0,0.06918238993710692,0.7219512195121951
cross_attention,2026,160,1.0,0.06875,0.7268292682926829
cross_attention,2026,161,1.0,0.06832298136645963,0.7317073170731707
cross_attention,2026,162,1.0,0.06790123456790123,0.7365853658536585
cross_attention,2026,163,1.0,0.06748466257668712,0.7414634146341463
cross_attention,2026,164,1.0,0.06707317073170732,0.7463414634146341
cross_attention,2026,165,1.0,0.06666666666666667,0.751219512195122
cross_attention,2026,166,1.0,0.06626506024096386,0.7560975609756098
cross_attention,2026,167,1.0,0.0658682634730539,0.7609756097560976
cross_attention,2026,168,1.0,0.06547619047619048,0.7658536585365854
cross_attention,2026,169,1.0,0.0650887573964497,0.7707317073170732
cross_attention,2026,170,1.0,0.06470588235294118,0.775609756097561
cross_attention,2026,171,1.0,0.06432748538011696,0.7804878048780488
cross_attention,2026,172,1.0,0.06395348837209303,0.7853658536585366
cross_attention,2026,173,1.0,0.06358381502890173,0.7902439024390244
cross_attention,2026,174,1.0,0.06321839080459771,0.7951219512195122
cross_attention,2026,175,1.0,0.06285714285714286,0.8
cross_attention,2026,176,1.0,0.0625,0.8048780487804879
cross_attention,2026,177,1.0,0.062146892655367235,0.8097560975609757
cross_attention,2026,178,1.0,0.06179775280898876,0.8146341463414634
cross_attention,2026,179,1.0,0.061452513966480445,0.8195121951219512
cross_attention,2026,180,1.0,0.06111111111111111,0.824390243902439
cross_attention,2026,181,1.0,0.06077348066298342,0.8292682926829268
cross_attention,2026,182,1.0,0.06043956043956044,0.8341463414634146
cross_attention,2026,183,1.0,0.060109289617486336,0.8390243902439024
cross_attention,2026,184,1.0,0.059782608695652176,0.8439024390243902
cross_attention,2026,185,1.0,0.05945945945945946,0.848780487804878
cross_attention,2026,186,1.0,0.05913978494623656,0.8536585365853658
cross_attention,2026,187,1.0,0.058823529411764705,0.8585365853658536
cross_attention,2026,188,1.0,0.05851063829787234,0.8634146341463415
cross_attention,2026,189,1.0,0.0582010582010582,0.8682926829268293
cross_attention,2026,190,1.0,0.05789473684210526,0.8731707317073171
cross_attention,2026,191,1.0,0.05759162303664921,0.8780487804878049
cross_attention,2026,192,1.0,0.057291666666666664,0.8829268292682927
cross_attention,2026,193,1.0,0.05699481865284974,0.8878048780487805
cross_attention,2026,194,1.0,0.05670103092783505,0.8926829268292683
cross_attention,2026,195,1.0,0.05641025641025641,0.8975609756097561
cross_attention,2026,196,1.0,0.05612244897959184,0.9024390243902439
cross_attention,2026,197,1.0,0.05583756345177665,0.9073170731707317
cross_attention,2026,198,1.0,0.05555555555555555,0.9121951219512195
cross_attention,2026,199,1.0,0.05527638190954774,0.9170731707317074
cross_attention,2026,200,1.0,0.055,0.9219512195121952
cross_attention,2026,201,1.0,0.05472636815920398,0.926829268292683
cross_attention,2026,202,1.0,0.054455445544554455,0.9317073170731708
cross_attention,2026,203,1.0,0.054187192118226604,0.9365853658536586
cross_attention,2026,204,1.0,0.05392156862745098,0.9414634146341463
cross_attention,2026,205,1.0,0.05365853658536585,0.9463414634146341
cross_attention,2026,206,1.0,0.05339805825242718,0.9512195121951219
cross_attention,2026,207,1.0,0.05314009661835749,0.9560975609756097
cross_attention,2026,208,1.0,0.052884615384615384,0.9609756097560975
cross_attention,2026,209,1.0,0.05263157894736842,0.9658536585365853
cross_attention,2026,210,1.0,0.05238095238095238,0.9707317073170731
cross_attention,2026,211,1.0,0.052132701421800945,0.975609756097561
cross_attention,2026,212,1.0,0.05188679245283019,0.9804878048780488
cross_attention,2026,213,1.0,0.051643192488262914,0.9853658536585366
cross_attention,2026,214,1.0,0.0514018691588785,0.9902439024390244
cross_attention,2026,215,1.0,0.05116279069767442,0.9951219512195122
cross_attention,2026,216,1.0,0.05092592592592592,1.0
logistic_regression,0,0,0.0,1.0,0.0
logistic_regression,0,1,0.09090909090909091,1.0,0.0
logistic_regression,0,2,0.09090909090909091,0.5,0.004878048780487805
logistic_regression,0,3,0.09090909090909091,0.3333333333333333,0.00975609756097561
logistic_regression,0,4,0.09090909090909091,0.25,0.014634146341463415
logistic_regression,0,5,0.09090909090909091,0.2,0.01951219512195122
logistic_regression,0,6,0.18181818181818182,0.3333333333333333,0.01951219512195122
logistic_regression,0,7,0.18181818181818182,0.2857142857142857,0.024390243902439025
logistic_regression,0,8,0.18181818181818182,0.25,0.02926829268292683
logistic_regression,0,9,0.18181818181818182,0.2222222222222222,0.03414634146341464
logistic_regression,0,10,0.18181818181818182,0.2,0.03902439024390244
logistic_regression,0,11,0.18181818181818182,0.18181818181818182,0.04390243902439024
logistic_regression,0,12,0.18181818181818182,0.16666666666666666,0.04878048780487805
logistic_regression,0,13,0.18181818181818182,0.15384615384615385,0.05365853658536585
logistic_regression,0,14,0.18181818181818182,0.14285714285714285,0.05853658536585366
logistic_regression,0,15,0.18181818181818182,0.13333333333333333,0.06341463414634146
logistic_regression,0,16,0.18181818181818182,0.125,0.06829268292682927
logistic_regression,0,17,0.18181818181818182,0.11764705882352941,0.07317073170731707
logistic_regression,0,18,0.18181818181818182,0.1111111111111111,0.07804878048780488
logistic_regression,0,19,0.18181818181818182,0.10526315789473684,0.08292682926829269
logistic_regression,0,20,0.18181818181818182,0.1,0.08780487804878048
logistic_regression,0,21,0.18181818181818182,0.09523809523809523,0.09268292682926829
logistic_regression,0,22,0.18181818181818182,0.09090909090909091,0.0975609756097561
logistic_regression,0,23,0.18181818181818182,0.08695652173913043,0.1024390243902439
logistic_regression,0,24,0.2727272727272727,0.125,0.1024390243902439
logistic_regression,0,25,0.2727272727272727,0.12,0.1073170731707317
logistic_regression,0,26,0.2727272727272727,0.11538461538461539,0.11219512195121951
logistic_regression,0,27,0.2727272727272727,0.1111111111111111,0.11707317073170732
logistic_regression,0,28,0.36363636363636365,0.14285714285714285,0.11707317073170732
logistic_regression,0,29,0.36363636363636365,0.13793103448275862,0.12195121951219512
logistic_regression,0,30,0.36363636363636365,0.13333333333333333,0.12682926829268293
logistic_regression,0,31,0.36363636363636365,0.12903225806451613,0.13170731707317074
logistic_regression,0,32,0.45454545454545453,0.15625,0.13170731707317074
logistic_regression,0,33,0.45454545454545453,0.15151515151515152,0.13658536585365855
logistic_regression,0,34,0.45454545454545453,0.14705882352941177,0.14146341463414633
logistic_regression,0,35,0.45454545454545453,0.14285714285714285,0.14634146341463414
logistic_regression,0,36,0.45454545454545453,0.1388888888888889,0.15121951219512195
logistic_regression,0,37,0.45454545454545453,0.13513513513513514,0.15609756097560976
logistic_regression,0,38,0.45454545454545453,0.13157894736842105,0.16097560975609757
logistic_regression,0,39,0.45454545454545453,0.1282051282051282,0.16585365853658537
logistic_regression,0,40,0.45454545454545453,0.125,0.17073170731707318
logistic_regression,0,41,0.5454545454545454,0.14634146341463414,0.17073170731707318
logistic_regression,0,42,0.5454545454545454,0.14285714285714285,0.17560975609756097
logistic_regression,0,43,0.5454545454545454,0.13953488372093023,0.18048780487804877
logistic_regression,0,44,0.5454545454545454,0.13636363636363635,0.18536585365853658
logistic_regression,0,45,0.5454545454545454,0.13333333333333333,0.1902439024390244
logistic_regression,0,46,0.5454545454545454,0.13043478260869565,0.1951219512195122
logistic_regression,0,47,0.5454545454545454,0.1276595744680851,0.2
logistic_regression,0,48,0.5454545454545454,0.125,0.2048780487804878
logistic_regression,0,49,0.5454545454545454,0.12244897959183673,0.2097560975609756
logistic_regression,0,50,0.5454545454545454,0.12,0.2146341463414634
logistic_regression,0,51,0.5454545454545454,0.11764705882352941,0.21951219512195122
logistic_regression,0,52,0.5454545454545454,0.11538461538461539,0.22439024390243903
logistic_regression,0,53,0.5454545454545454,0.11320754716981132,0.22926829268292684
logistic_regression,0,54,0.5454545454545454,0.1111111111111111,0.23414634146341465
logistic_regression,0,55,0.5454545454545454,0.10909090909090909,0.23902439024390243
logistic_regression,0,56,0.5454545454545454,0.10714285714285714,0.24390243902439024
logistic_regression,0,57,0.5454545454545454,0.10526315789473684,0.24878048780487805
logistic_regression,0,58,0.5454545454545454,0.10344827586206896,0.25365853658536586
logistic_regression,0,59,0.5454545454545454,0.1016949152542373,0.25853658536585367
logistic_regression,0,60,0.5454545454545454,0.1,0.2634146341463415
logistic_regression,0,61,0.5454545454545454,0.09836065573770492,0.2682926829268293
logistic_regression,0,62,0.5454545454545454,0.0967741935483871,0.2731707317073171
logistic_regression,0,63,0.6363636363636364,0.1111111111111111,0.2731707317073171
logistic_regression,0,64,0.6363636363636364,0.109375,0.2780487804878049
logistic_regression,0,65,0.6363636363636364,0.1076923076923077,0.28292682926829266
logistic_regression,0,66,0.6363636363636364,0.10606060606060606,0.28780487804878047
logistic_regression,0,67,0.6363636363636364,0.1044776119402985,0.2926829268292683
logistic_regression,0,68,0.6363636363636364,0.10294117647058823,0.2975609756097561
logistic_regression,0,69,0.6363636363636364,0.10144927536231885,0.3024390243902439
logistic_regression,0,70,0.6363636363636364,0.1,0.3073170731707317
logistic_regression,0,71,0.7272727272727273,0.11267605633802817,0.3073170731707317
logistic_regression,0,72,0.7272727272727273,0.1111111111111111,0.3121951219512195
logistic_regression,0,73,0.7272727272727273,0.1095890410958904,0.3170731707317073
logistic_regression,0,74,0.7272727272727273,0.10810810810810811,0.32195121951219513
logistic_regression,0,75,0.7272727272727273,0.10666666666666667,0.32682926829268294
logistic_regression,0,76,0.7272727272727273,0.10526315789473684,0.33170731707317075
logistic_regression,0,77,0.7272727272727273,0.1038961038961039,0.33658536585365856
logistic_regression,0,78,0.7272727272727273,0.10256410256410256,0.34146341463414637
logistic_regression,0,79,0.7272727272727273,0.10126582278481013,0.3463414634146341
logistic_regression,0,80,0.7272727272727273,0.1,0.35121951219512193
logistic_regression,0,81,0.7272727272727273,0.09876543209876543,0.35609756097560974
logistic_regression,0,82,0.7272727272727273,0.0975609756097561,0.36097560975609755
logistic_regression,0,83,0.8181818181818182,0.10843373493975904,0.36097560975609755
logistic_regression,0,84,0.8181818181818182,0.10714285714285714,0.36585365853658536
logistic_regression,0,85,0.8181818181818182,0.10588235294117647,0.37073170731707317
logistic_regression,0,86,0.8181818181818182,0.10465116279069768,0.375609756097561
logistic_regression,0,87,0.8181818181818182,0.10344827586206896,0.3804878048780488
logistic_regression,0,88,0.8181818181818182,0.10227272727272728,0.3853658536585366
logistic_regression,0,89,0.8181818181818182,0.10112359550561797,0.3902439024390244
logistic_regression,0,90,0.8181818181818182,0.1,0.3951219512195122
logistic_regression,0,91,0.8181818181818182,0.0989010989010989,0.4
logistic_regression,0,92,0.8181818181818182,0.09782608695652174,0.40487804878048783
logistic_regression,0,93,0.8181818181818182,0.0967741935483871,0.4097560975609756
logistic_regression,0,94,0.8181818181818182,0.09574468085106383,0.4146341463414634
logistic_regression,0,95,0.8181818181818182,0.09473684210526316,0.4195121951219512
logistic_regression,0,96,0.8181818181818182,0.09375,0.424390243902439
logistic_regression,0,97,0.8181818181818182,0.09278350515463918,0.4292682926829268
logistic_regression,0,98,0.8181818181818182,0.09183673469387756,0.43414634146341463
logistic_regression,0,99,0.8181818181818182,0.09090909090909091,0.43902439024390244
logistic_regression,0,100,0.8181818181818182,0.09,0.44390243902439025
logistic_regression,0,101,0.8181818181818182,0.0891089108910891,0.44878048780487806
logistic_regression,0,102,0.8181818181818182,0.08823529411764706,0.45365853658536587
logistic_regression,0,103,0.8181818181818182,0.08737864077669903,0.4585365853658537
logistic_regression,0,104,0.8181818181818182,0.08653846153846154,0.4634146341463415
logistic_regression,0,105,0.8181818181818182,0.08571428571428572,0.4682926829268293
logistic_regression,0,106,0.8181818181818182,0.08490566037735849,0.47317073170731705
logistic_regression,0,107,0.8181818181818182,0.08411214953271028,0.47804878048780486
logistic_regression,0,108,0.8181818181818182,0.08333333333333333,0.48292682926829267
logistic_regression,0,109,0.8181818181818182,0.08256880733944955,0.4878048780487805
logistic_regression,0,110,0.8181818181818182,0.08181818181818182,0.4926829268292683
logistic_regression,0,111,0.8181818181818182,0.08108108108108109,0.4975609756097561
logistic_regression,0,112,0.8181818181818182,0.08035714285714286,0.5024390243902439
logistic_regression,0,113,0.8181818181818182,0.07964601769911504,0.5073170731707317
logistic_regression,0,114,0.8181818181818182,0.07894736842105263,0.5121951219512195
logistic_regression,0,115,0.8181818181818182,0.0782608695652174,0.5170731707317073
logistic_regression,0,116,0.8181818181818182,0.07758620689655173,0.5219512195121951
logistic_regression,0,117,0.8181818181818182,0.07692307692307693,0.526829268292683
logistic_regression,0,118,0.8181818181818182,0.07627118644067797,0.5317073170731708
logistic_regression,0,119,0.8181818181818182,0.07563025210084033,0.5365853658536586
logistic_regression,0,120,0.8181818181818182,0.075,0.5414634146341464
logistic_regression,0,121,0.8181818181818182,0.0743801652892562,0.5463414634146342
logistic_regression,0,122,0.8181818181818182,0.07377049180327869,0.551219512195122
logistic_regression,0,123,0.8181818181818182,0.07317073170731707,0.5560975609756098
logistic_regression,0,124,0.8181818181818182,0.07258064516129033,0.5609756097560976
logistic_regression,0,125,0.8181818181818182,0.072,0.5658536585365853
logistic_regression,0,126,0.8181818181818182,0.07142857142857142,0.5707317073170731
logistic_regression,0,127,0.9090909090909091,0.07874015748031496,0.5707317073170731
logistic_regression,0,128,0.9090909090909091,0.078125,0.5756097560975609
logistic_regression,0,129,0.9090909090909091,0.07751937984496124,0.5804878048780487
logistic_regression,0,130,0.9090909090909091,0.07692307692307693,0.5853658536585366
logistic_regression,0,131,0.9090909090909091,0.07633587786259542,0.5902439024390244
logistic_regression,0,132,0.9090909090909091,0.07575757575757576,0.5951219512195122
logistic_regression,0,133,0.9090909090909091,0.07518796992481203,0.6
logistic_regression,0,134,0.9090909090909091,0.07462686567164178,0.6048780487804878
logistic_regression,0,135,0.9090909090909091,0.07407407407407407,0.6097560975609756
logistic_regression,0,136,0.9090909090909091,0.07352941176470588,0.6146341463414634
logistic_regression,0,137,0.9090909090909091,0.072992700729927,0.6195121951219512
logistic_regression,0,138,1.0,0.07971014492753623,0.6195121951219512
logistic_regression,0,139,1.0,0.07913669064748201,0.624390243902439
logistic_regression,0,140,1.0,0.07857142857142857,0.6292682926829268
logistic_regression,0,141,1.0,0.07801418439716312,0.6341463414634146
logistic_regression,0,142,1.0,0.07746478873239436,0.6390243902439025
logistic_regression,0,143,1.0,0.07692307692307693,0.6439024390243903
logistic_regression,0,144,1.0,0.0763888888888889,0.6487804878048781
logistic_regression,0,145,1.0,0.07586206896551724,0.6536585365853659
logistic_regression,0,146,1.0,0.07534246575342465,0.6585365853658537
logistic_regression,0,147,1.0,0.07482993197278912,0.6634146341463415
logistic_regression,0,148,1.0,0.07432432432432433,0.6682926829268293
logistic_regression,0,149,1.0,0.0738255033557047,0.6731707317073171
logistic_regression,0,150,1.0,0.07333333333333333,0.6780487804878049
logistic_regression,0,151,1.0,0.0728476821192053,0.6829268292682927
logistic_regression,0,152,1.0,0.07236842105263158,0.6878048780487804
logistic_regression,0,153,1.0,0.0718954248366013,0.6926829268292682
logistic_regression,0,154,1.0,0.07142857142857142,0.697560975609756
logistic_regression,0,155,1.0,0.07096774193548387,0.7024390243902439
logistic_regression,0,156,1.0,0.07051282051282051,0.7073170731707317
logistic_regression,0,157,1.0,0.07006369426751592,0.7121951219512195
logistic_regression,0,158,1.0,0.06962025316455696,0.7170731707317073
logistic_regression,0,159,1.0,0.06918238993710692,0.7219512195121951
logistic_regression,0,160,1.0,0.06875,0.7268292682926829
logistic_regression,0,161,1.0,0.06832298136645963,0.7317073170731707
logistic_regression,0,162,1.0,0.06790123456790123,0.7365853658536585
logistic_regression,0,163,1.0,0.06748466257668712,0.7414634146341463
logistic_regression,0,164,1.0,0.06707317073170732,0.7463414634146341
logistic_regression,0,165,1.0,0.06666666666666667,0.751219512195122
logistic_regression,0,166,1.0,0.06626506024096386,0.7560975609756098
logistic_regression,0,167,1.0,0.0658682634730539,0.7609756097560976
logistic_regression,0,168,1.0,0.06547619047619048,0.7658536585365854
logistic_regression,0,169,1.0,0.0650887573964497,0.7707317073170732
logistic_regression,0,170,1.0,0.06470588235294118,0.775609756097561
logistic_regression,0,171,1.0,0.06432748538011696,0.7804878048780488
logistic_regression,0,172,1.0,0.06395348837209303,0.7853658536585366
logistic_regression,0,173,1.0,0.06358381502890173,0.7902439024390244
logistic_regression,0,174,1.0,0.06321839080459771,0.7951219512195122
logistic_regression,0,175,1.0,0.06285714285714286,0.8
logistic_regression,0,176,1.0,0.0625,0.8048780487804879
logistic_regression,0,177,1.0,0.062146892655367235,0.8097560975609757
logistic_regression,0,178,1.0,0.06179775280898876,0.8146341463414634
logistic_regression,0,179,1.0,0.061452513966480445,0.8195121951219512
logistic_regression,0,180,1.0,0.06111111111111111,0.824390243902439
logistic_regression,0,181,1.0,0.06077348066298342,0.8292682926829268
logistic_regression,0,182,1.0,0.06043956043956044,0.8341463414634146
logistic_regression,0,183,1.0,0.060109289617486336,0.8390243902439024
logistic_regression,0,184,1.0,0.059782608695652176,0.8439024390243902
logistic_regression,0,185,1.0,0.05945945945945946,0.848780487804878
logistic_regression,0,186,1.0,0.05913978494623656,0.8536585365853658
logistic_regression,0,187,1.0,0.058823529411764705,0.8585365853658536
logistic_regression,0,188,1.0,0.05851063829787234,0.8634146341463415
logistic_regression,0,189,1.0,0.0582010582010582,0.8682926829268293
logistic_regression,0,190,1.0,0.05789473684210526,0.8731707317073171
logistic_regression,0,191,1.0,0.05759162303664921,0.8780487804878049
logistic_regression,0,192,1.0,0.057291666666666664,0.8829268292682927
logistic_regression,0,193,1.0,0.05699481865284974,0.8878048780487805
logistic_regression,0,194,1.0,0.05670103092783505,0.8926829268292683
logistic_regression,0,195,1.0,0.05641025641025641,0.8975609756097561
logistic_regression,0,196,1.0,0.05612244897959184,0.9024390243902439
logistic_regression,0,197,1.0,0.05583756345177665,0.9073170731707317
logistic_regression,0,198,1.0,0.05555555555555555,0.9121951219512195
logistic_regression,0,199,1.0,0.05527638190954774,0.9170731707317074
logistic_regression,0,200,1.0,0.055,0.9219512195121952
logistic_regression,0,201,1.0,0.05472636815920398,0.926829268292683
logistic_regression,0,202,1.0,0.054455445544554455,0.9317073170731708
logistic_regression,0,203,1.0,0.054187192118226604,0.9365853658536586
logistic_regression,0,204,1.0,0.05392156862745098,0.9414634146341463
logistic_regression,0,205,1.0,0.05365853658536585,0.9463414634146341
logistic_regression,0,206,1.0,0.05339805825242718,0.9512195121951219
logistic_regression,0,207,1.0,0.05314009661835749,0.9560975609756097
logistic_regression,0,208,1.0,0.052884615384615384,0.9609756097560975
logistic_regression,0,209,1.0,0.05263157894736842,0.9658536585365853
logistic_regression,0,210,1.0,0.05238095238095238,0.9707317073170731
logistic_regression,0,211,1.0,0.052132701421800945,0.975609756097561
logistic_regression,0,212,1.0,0.05188679245283019,0.9804878048780488
logistic_regression,0,213,1.0,0.051643192488262914,0.9853658536585366
logistic_regression,0,214,1.0,0.0514018691588785,0.9902439024390244
logistic_regression,0,215,1.0,0.05116279069767442,0.9951219512195122
logistic_regression,0,216,1.0,0.05092592592592592,1.0
