sample_id,metric,page,value,numeric_presence,scope,unit
000012.SZ:2023,receivables,83,1179992784,True,consolidated,CNY yuan
000012.SZ:2023,inventory,83,1783941982,True,consolidated,CNY yuan
000012.SZ:2023,current_assets,83,9326624315,True,consolidated,CNY yuan
000012.SZ:2023,assets,84,25904013306,True,consolidated,CNY yuan
000012.SZ:2023,current_liabilities,84,7494808594,True,consolidated,CNY yuan
000012.SZ:2023,liabilities,84,12528342003,True,consolidated,CNY yuan
000012.SZ:2023,equity,84,13375671303,True,consolidated,CNY yuan
000012.SZ:2023,revenue,86,15198706998,True,consolidated,CNY yuan
000012.SZ:2023,management_expense,86,718938905,True,consolidated,CNY yuan
000012.SZ:2023,operating_profit,86,2263249853,True,consolidated,CNY yuan
000012.SZ:2023,net_profit,86,2043387188,True,consolidated,CNY yuan
000012.SZ:2023,ocf,88,1957123231,True,consolidated,CNY yuan
000019.SZ:2023,receivables,63,236829100.95,True,consolidated,CNY yuan
000019.SZ:2023,inventory,63,3599041970.52,True,consolidated,CNY yuan
000019.SZ:2023,current_assets,63,4067916605.66,True,consolidated,CNY yuan
000019.SZ:2023,assets,64,7441334674.98,True,consolidated,CNY yuan
000019.SZ:2023,current_liabilities,64,2426832951.89,True,consolidated,CNY yuan
000019.SZ:2023,liabilities,65,2608849490.77,True,consolidated,CNY yuan
000019.SZ:2023,equity,65,4832485184.21,True,consolidated,CNY yuan
000019.SZ:2023,revenue,67,8312723058.19,True,consolidated,CNY yuan
000019.SZ:2023,management_expense,68,280557640.12,True,consolidated,CNY yuan
000019.SZ:2023,operating_profit,68,463901721.60,True,consolidated,CNY yuan
000019.SZ:2023,net_profit,68,418298868.22,True,consolidated,CNY yuan
000019.SZ:2023,ocf,71,531888766.64,True,consolidated,CNY yuan
000048.SZ:2023,receivables,65,25068786.12,True,consolidated,CNY yuan
000048.SZ:2023,inventory,65,6095356561.33,True,consolidated,CNY yuan
000048.SZ:2023,current_assets,65,9384264110.05,True,consolidated,CNY yuan
000048.SZ:2023,assets,66,17536045755.10,True,consolidated,CNY yuan
000048.SZ:2023,current_liabilities,66,13561063742.61,True,consolidated,CNY yuan
000048.SZ:2023,liabilities,67,14873630920.18,True,consolidated,CNY yuan
000048.SZ:2023,equity,67,2662414834.92,True,consolidated,CNY yuan
000048.SZ:2023,revenue,69,5995656104.54,True,consolidated,CNY yuan
000048.SZ:2023,management_expense,69,213643151.18,True,consolidated,CNY yuan
000048.SZ:2023,operating_profit,70,1047236353.00,True,consolidated,CNY yuan
000048.SZ:2023,net_profit,70,796096243.50,True,consolidated,CNY yuan
000048.SZ:2023,ocf,73,1021171817.86,True,consolidated,CNY yuan
000055.SZ:2023,receivables,69,832292348.17,True,consolidated,CNY yuan
000055.SZ:2023,inventory,70,710532397.32,True,consolidated,CNY yuan
000055.SZ:2023,current_assets,70,5449988220.67,True,consolidated,CNY yuan
000055.SZ:2023,assets,70,12745185294.02,True,consolidated,CNY yuan
000055.SZ:2023,current_liabilities,71,4379207250.76,True,consolidated,CNY yuan
000055.SZ:2023,liabilities,71,6924800131.77,True,consolidated,CNY yuan
000055.SZ:2023,equity,72,5820385162.25,True,consolidated,CNY yuan
000055.SZ:2023,revenue,74,3846975948.44,True,consolidated,CNY yuan
000055.SZ:2023,management_expense,74,157138338.83,True,consolidated,CNY yuan
000055.SZ:2023,operating_profit,74,329993900.28,True,consolidated,CNY yuan
000055.SZ:2023,net_profit,75,286154500.04,True,consolidated,CNY yuan
000055.SZ:2023,ocf,77,221211632.30,True,consolidated,CNY yuan
000068.SZ:2023,receivables,84,554584111.49,True,consolidated,CNY yuan
000068.SZ:2023,inventory,84,79294998.55,True,consolidated,CNY yuan
000068.SZ:2023,current_assets,84,1600626920.61,True,consolidated,CNY yuan
000068.SZ:2023,assets,84,4309224007.01,True,consolidated,CNY yuan
000068.SZ:2023,current_liabilities,85,2647351244.39,True,consolidated,CNY yuan
000068.SZ:2023,liabilities,85,3885548372.42,True,consolidated,CNY yuan
000068.SZ:2023,equity,86,423675634.59,True,consolidated,CNY yuan
000068.SZ:2023,revenue,88,1108589760.29,True,consolidated,CNY yuan
000068.SZ:2023,management_expense,89,110995755.14,True,consolidated,CNY yuan
000068.SZ:2023,operating_profit,89,-123264840.61,True,consolidated,CNY yuan
000068.SZ:2023,net_profit,89,-234365910.84,True,consolidated,CNY yuan
000068.SZ:2023,ocf,92,84735733.23,True,consolidated,CNY yuan
000099.SZ:2023,receivables,71,985788678.22,True,consolidated,CNY yuan
000099.SZ:2023,inventory,71,296050256.42,True,consolidated,CNY yuan
000099.SZ:2023,current_assets,71,2929397203.51,True,consolidated,CNY yuan
000099.SZ:2023,assets,72,6463696921.34,True,consolidated,CNY yuan
000099.SZ:2023,current_liabilities,72,662421366.49,True,consolidated,CNY yuan
000099.SZ:2023,liabilities,73,1342463637.08,True,consolidated,CNY yuan
000099.SZ:2023,equity,73,5121233284.26,True,consolidated,CNY yuan
000099.SZ:2023,revenue,75,1798114401.70,True,consolidated,CNY yuan
000099.SZ:2023,management_expense,76,120393749.90,True,consolidated,CNY yuan
000099.SZ:2023,operating_profit,76,205832673.99,True,consolidated,CNY yuan
000099.SZ:2023,net_profit,76,169973465.47,True,consolidated,CNY yuan
000099.SZ:2023,ocf,79,594906312.49,True,consolidated,CNY yuan
000419.SZ:2023,receivables,58,8995968.85,True,consolidated,CNY yuan
000419.SZ:2023,inventory,58,173088518.78,True,consolidated,CNY yuan
000419.SZ:2023,current_assets,58,2301289521.19,True,consolidated,CNY yuan
000419.SZ:2023,assets,59,5231467869.21,True,consolidated,CNY yuan
000419.SZ:2023,current_liabilities,59,1147446952.60,True,consolidated,CNY yuan
000419.SZ:2023,liabilities,60,1880800375.45,True,consolidated,CNY yuan
000419.SZ:2023,equity,60,3350667493.76,True,consolidated,CNY yuan
000419.SZ:2023,revenue,62,1985326638.27,True,consolidated,CNY yuan
000419.SZ:2023,management_expense,62,294200240.25,True,consolidated,CNY yuan
000419.SZ:2023,operating_profit,63,227827546.49,True,consolidated,CNY yuan
000419.SZ:2023,net_profit,63,165500503.17,True,consolidated,CNY yuan
000419.SZ:2023,ocf,66,27990172.27,True,consolidated,CNY yuan
000501.SZ:2023,receivables,61,52577707.65,True,consolidated,CNY yuan
000501.SZ:2023,inventory,61,1910939653.49,True,consolidated,CNY yuan
000501.SZ:2023,current_assets,61,5206645898.53,True,consolidated,CNY yuan
000501.SZ:2023,assets,62,30743634724.27,True,consolidated,CNY yuan
000501.SZ:2023,current_liabilities,62,13557534706.78,True,consolidated,CNY yuan
000501.SZ:2023,liabilities,63,19931046041.92,True,consolidated,CNY yuan
000501.SZ:2023,equity,63,10812588682.35,True,consolidated,CNY yuan
000501.SZ:2023,revenue,65,6337155540.05,True,consolidated,CNY yuan
000501.SZ:2023,management_expense,66,222919746.87,True,consolidated,CNY yuan
000501.SZ:2023,operating_profit,66,449612643.21,True,consolidated,CNY yuan
000501.SZ:2023,net_profit,66,304704941.93,True,consolidated,CNY yuan
000501.SZ:2023,ocf,68,623512743.19,True,consolidated,CNY yuan
000504.SZ:2023,receivables,83,158759054.35,True,consolidated,CNY yuan
000504.SZ:2023,inventory,83,4500707.82,True,consolidated,CNY yuan
000504.SZ:2023,current_assets,83,416235973.16,True,consolidated,CNY yuan
000504.SZ:2023,assets,83,553064727.36,True,consolidated,CNY yuan
000504.SZ:2023,current_liabilities,84,455151664.18,True,consolidated,CNY yuan
000504.SZ:2023,liabilities,84,473180527.49,True,consolidated,CNY yuan
000504.SZ:2023,equity,85,79884199.87,True,consolidated,CNY yuan
000504.SZ:2023,revenue,87,200345457.02,True,consolidated,CNY yuan
000504.SZ:2023,management_expense,87,53603083.01,True,consolidated,CNY yuan
000504.SZ:2023,operating_profit,88,-26149344.05,True,consolidated,CNY yuan
000504.SZ:2023,net_profit,88,-29761420.25,True,consolidated,CNY yuan
000504.SZ:2023,ocf,91,166381243.04,True,consolidated,CNY yuan
000533.SZ:2023,receivables,67,1068303005.75,True,consolidated,CNY yuan
000533.SZ:2023,inventory,67,305283217.35,True,consolidated,CNY yuan
000533.SZ:2023,current_assets,67,1956294665.73,True,consolidated,CNY yuan
000533.SZ:2023,assets,68,2551363400.47,True,consolidated,CNY yuan
000533.SZ:2023,current_liabilities,68,1481620706.70,True,consolidated,CNY yuan
000533.SZ:2023,liabilities,69,1697494083.92,True,consolidated,CNY yuan
000533.SZ:2023,equity,69,853869316.55,True,consolidated,CNY yuan
000533.SZ:2023,revenue,71,1773768069.93,True,consolidated,CNY yuan
000533.SZ:2023,management_expense,72,119636439.82,True,consolidated,CNY yuan
000533.SZ:2023,operating_profit,72,38481083.33,True,consolidated,CNY yuan
000533.SZ:2023,net_profit,72,51543677.58,True,consolidated,CNY yuan
000533.SZ:2023,ocf,75,92072366.13,True,consolidated,CNY yuan
000534.SZ:2023,receivables,81,203096807.93,True,consolidated,CNY yuan
000534.SZ:2023,inventory,81,118834748.05,True,consolidated,CNY yuan
000534.SZ:2023,current_assets,81,688734739.67,True,consolidated,CNY yuan
000534.SZ:2023,assets,82,2434804891.48,True,consolidated,CNY yuan
000534.SZ:2023,current_liabilities,83,595992771.38,True,consolidated,CNY yuan
000534.SZ:2023,liabilities,83,1194624260.30,True,consolidated,CNY yuan
000534.SZ:2023,equity,84,1240180631.18,True,consolidated,CNY yuan
000534.SZ:2023,revenue,88,793843031.64,True,consolidated,CNY yuan
000534.SZ:2023,management_expense,88,130438842.88,True,consolidated,CNY yuan
000534.SZ:2023,operating_profit,89,134768909.37,True,consolidated,CNY yuan
000534.SZ:2023,net_profit,89,105561351.74,True,consolidated,CNY yuan
000534.SZ:2023,ocf,93,194886261.83,True,consolidated,CNY yuan
000545.SZ:2023,receivables,76,128448022.92,True,consolidated,CNY yuan
000545.SZ:2023,inventory,76,290060667.30,True,consolidated,CNY yuan
000545.SZ:2023,current_assets,76,1558804417.75,True,consolidated,CNY yuan
000545.SZ:2023,assets,77,3084138877.39,True,consolidated,CNY yuan
000545.SZ:2023,current_liabilities,77,1178309826.05,True,consolidated,CNY yuan
000545.SZ:2023,liabilities,78,1207211806.81,True,consolidated,CNY yuan
000545.SZ:2023,equity,78,1876927070.58,True,consolidated,CNY yuan
000545.SZ:2023,revenue,80,2509996539.64,True,consolidated,CNY yuan
000545.SZ:2023,management_expense,81,90558661.06,True,consolidated,CNY yuan
000545.SZ:2023,operating_profit,81,-166309680.56,True,consolidated,CNY yuan
000545.SZ:2023,net_profit,81,-146076208.32,True,consolidated,CNY yuan
000545.SZ:2023,ocf,84,32401116.92,True,consolidated,CNY yuan
000555.SZ:2023,receivables,123,2720335964.13,True,consolidated,CNY yuan
000555.SZ:2023,inventory,123,2364005873.60,True,consolidated,CNY yuan
000555.SZ:2023,current_assets,123,9737084374.25,True,consolidated,CNY yuan
000555.SZ:2023,assets,124,12439806587.42,True,consolidated,CNY yuan
000555.SZ:2023,current_liabilities,125,6155151780.57,True,consolidated,CNY yuan
000555.SZ:2023,liabilities,126,6305807855.83,True,consolidated,CNY yuan
000555.SZ:2023,equity,126,6133998731.59,True,consolidated,CNY yuan
000555.SZ:2023,revenue,129,11999256671.68,True,consolidated,CNY yuan
000555.SZ:2023,management_expense,130,266438612.12,True,consolidated,CNY yuan
000555.SZ:2023,operating_profit,130,184688133.77,True,consolidated,CNY yuan
000555.SZ:2023,net_profit,130,206442224.23,True,consolidated,CNY yuan
000555.SZ:2023,ocf,134,201251232.29,True,consolidated,CNY yuan
000557.SZ:2023,receivables,127,226797859.84,True,consolidated,CNY yuan
000557.SZ:2023,inventory,127,45930939.83,True,consolidated,CNY yuan
000557.SZ:2023,current_assets,127,2291031414.67,True,consolidated,CNY yuan
000557.SZ:2023,assets,127,6131502404.49,True,consolidated,CNY yuan
000557.SZ:2023,current_liabilities,128,487397806.92,True,consolidated,CNY yuan
000557.SZ:2023,liabilities,128,528760613.21,True,consolidated,CNY yuan
000557.SZ:2023,equity,128,5602741791.28,True,consolidated,CNY yuan
000557.SZ:2023,revenue,131,1785385753.15,True,consolidated,CNY yuan
000557.SZ:2023,management_expense,131,74821863.36,True,consolidated,CNY yuan
000557.SZ:2023,operating_profit,131,331361783.94,True,consolidated,CNY yuan
000557.SZ:2023,net_profit,132,237975763.34,True,consolidated,CNY yuan
000557.SZ:2023,ocf,134,548842667.34,True,consolidated,CNY yuan
000576.SZ:2023,receivables,92,151471551.63,True,consolidated,CNY yuan
000576.SZ:2023,inventory,92,159144000.01,True,consolidated,CNY yuan
000576.SZ:2023,current_assets,92,911602274.33,True,consolidated,CNY yuan
000576.SZ:2023,assets,93,2006682867.51,True,consolidated,CNY yuan
000576.SZ:2023,current_liabilities,94,152457853.00,True,consolidated,CNY yuan
000576.SZ:2023,liabilities,94,217706059.00,True,consolidated,CNY yuan
000576.SZ:2023,equity,94,1788976808.51,True,consolidated,CNY yuan
000576.SZ:2023,revenue,97,445381991.65,True,consolidated,CNY yuan
000576.SZ:2023,management_expense,97,60715991.69,True,consolidated,CNY yuan
000576.SZ:2023,operating_profit,98,112926666.52,True,consolidated,CNY yuan
000576.SZ:2023,net_profit,98,118689178.63,True,consolidated,CNY yuan
000576.SZ:2023,ocf,100,-53066348.50,True,consolidated,CNY yuan
000581.SZ:2023,receivables,73,3127490177.25,True,consolidated,CNY yuan
000581.SZ:2023,inventory,73,2283119656.27,True,consolidated,CNY yuan
000581.SZ:2023,current_assets,73,14362288800.21,True,consolidated,CNY yuan
000581.SZ:2023,assets,74,28528913065.01,True,consolidated,CNY yuan
000581.SZ:2023,current_liabilities,74,9366359013.40,True,consolidated,CNY yuan
000581.SZ:2023,liabilities,75,10094206215.63,True,consolidated,CNY yuan
000581.SZ:2023,equity,75,18434706849.38,True,consolidated,CNY yuan
000581.SZ:2023,revenue,78,12729634917.03,True,consolidated,CNY yuan
000581.SZ:2023,management_expense,78,586386474.32,True,consolidated,CNY yuan
000581.SZ:2023,operating_profit,78,181626325.36,True,consolidated,CNY yuan
000581.SZ:2023,net_profit,78,190946008.25,True,consolidated,CNY yuan
000581.SZ:2023,ocf,81,-2575742649.43,True,consolidated,CNY yuan
000589.SZ:2023,receivables,93,1354418996.05,True,consolidated,CNY yuan
000589.SZ:2023,inventory,93,1255170349.94,True,consolidated,CNY yuan
000589.SZ:2023,current_assets,93,7977229043.45,True,consolidated,CNY yuan
000589.SZ:2023,assets,94,15761578522.54,True,consolidated,CNY yuan
000589.SZ:2023,current_liabilities,95,6077243119.39,True,consolidated,CNY yuan
000589.SZ:2023,liabilities,95,9279803936.09,True,consolidated,CNY yuan
000589.SZ:2023,equity,95,6481774586.45,True,consolidated,CNY yuan
000589.SZ:2023,revenue,97,8439860381.14,True,consolidated,CNY yuan
000589.SZ:2023,management_expense,98,391144211.33,True,consolidated,CNY yuan
000589.SZ:2023,operating_profit,98,450904719.45,True,consolidated,CNY yuan
000589.SZ:2023,net_profit,98,431621827.47,True,consolidated,CNY yuan
000589.SZ:2023,ocf,101,-111112685.19,True,consolidated,CNY yuan
000593.SZ:2023,receivables,81,85120654.25,True,consolidated,CNY yuan
000593.SZ:2023,inventory,81,94616627.22,True,consolidated,CNY yuan
000593.SZ:2023,current_assets,81,604646960.01,True,consolidated,CNY yuan
000593.SZ:2023,assets,82,2184029202.43,True,consolidated,CNY yuan
000593.SZ:2023,current_liabilities,82,688670527.02,True,consolidated,CNY yuan
000593.SZ:2023,liabilities,83,1028228096.97,True,consolidated,CNY yuan
000593.SZ:2023,equity,83,1155801105.46,True,consolidated,CNY yuan
000593.SZ:2023,revenue,85,1469080104.04,True,consolidated,CNY yuan
000593.SZ:2023,management_expense,86,78287557.40,True,consolidated,CNY yuan
000593.SZ:2023,operating_profit,86,67473983.76,True,consolidated,CNY yuan
000593.SZ:2023,net_profit,86,47155864.29,True,consolidated,CNY yuan
000593.SZ:2023,ocf,88,175383072.96,True,consolidated,CNY yuan
000598.SZ:2023,receivables,109,2131426643.50,True,consolidated,CNY yuan
000598.SZ:2023,inventory,109,229691302.10,True,consolidated,CNY yuan
000598.SZ:2023,current_assets,109,7416935570.56,True,consolidated,CNY yuan
000598.SZ:2023,assets,110,38338609218.82,True,consolidated,CNY yuan
000598.SZ:2023,current_liabilities,110,8148714368.68,True,consolidated,CNY yuan
000598.SZ:2023,liabilities,111,22603131368.34,True,consolidated,CNY yuan
000598.SZ:2023,equity,111,15735477850.48,True,consolidated,CNY yuan
000598.SZ:2023,revenue,113,7629679194.08,True,consolidated,CNY yuan
000598.SZ:2023,management_expense,114,464360221.31,True,consolidated,CNY yuan
000598.SZ:2023,operating_profit,114,1971975957.44,True,consolidated,CNY yuan
000598.SZ:2023,net_profit,114,1692619464.94,True,consolidated,CNY yuan
000598.SZ:2023,ocf,117,3315126467.75,True,consolidated,CNY yuan
000599.SZ:2023,receivables,64,633271109.50,True,consolidated,CNY yuan
000599.SZ:2023,inventory,64,1220871888.44,True,consolidated,CNY yuan
000599.SZ:2023,current_assets,64,4052837683.62,True,consolidated,CNY yuan
000599.SZ:2023,assets,65,9863338144.53,True,consolidated,CNY yuan
000599.SZ:2023,current_liabilities,65,6513993634.38,True,consolidated,CNY yuan
000599.SZ:2023,liabilities,66,7480291025.13,True,consolidated,CNY yuan
000599.SZ:2023,equity,66,2383047119.40,True,consolidated,CNY yuan
000599.SZ:2023,revenue,68,3910397748.47,True,consolidated,CNY yuan
000599.SZ:2023,management_expense,68,168609206.73,True,consolidated,CNY yuan
000599.SZ:2023,operating_profit,69,-687488616.53,True,consolidated,CNY yuan
000599.SZ:2023,net_profit,69,-691851018.60,True,consolidated,CNY yuan
000599.SZ:2023,ocf,72,336736408.75,True,consolidated,CNY yuan
000610.SZ:2023,receivables,61,71597268.59,True,consolidated,CNY yuan
000610.SZ:2023,inventory,61,280441302.09,True,consolidated,CNY yuan
000610.SZ:2023,current_assets,61,790916331.12,True,consolidated,CNY yuan
000610.SZ:2023,assets,62,2030607111.41,True,consolidated,CNY yuan
000610.SZ:2023,current_liabilities,62,893764371.49,True,consolidated,CNY yuan
000610.SZ:2023,liabilities,63,1384146421.32,True,consolidated,CNY yuan
000610.SZ:2023,equity,63,646460690.09,True,consolidated,CNY yuan
000610.SZ:2023,revenue,65,395994842.73,True,consolidated,CNY yuan
000610.SZ:2023,management_expense,65,72336299.28,True,consolidated,CNY yuan
000610.SZ:2023,operating_profit,66,-176914185.74,True,consolidated,CNY yuan
000610.SZ:2023,net_profit,66,-182375864.78,True,consolidated,CNY yuan
000610.SZ:2023,ocf,68,-209119143.99,True,consolidated,CNY yuan
000612.SZ:2023,receivables,75,24654557.29,True,consolidated,CNY yuan
000612.SZ:2023,inventory,75,544928342.86,True,consolidated,CNY yuan
000612.SZ:2023,current_assets,75,2095664344.76,True,consolidated,CNY yuan
000612.SZ:2023,assets,76,7840386822.19,True,consolidated,CNY yuan
000612.SZ:2023,current_liabilities,77,1775639098.63,True,consolidated,CNY yuan
000612.SZ:2023,liabilities,77,2545078232.83,True,consolidated,CNY yuan
000612.SZ:2023,equity,78,5295308589.36,True,consolidated,CNY yuan
000612.SZ:2023,revenue,80,6676094278.60,True,consolidated,CNY yuan
000612.SZ:2023,management_expense,81,114315239.48,True,consolidated,CNY yuan
000612.SZ:2023,operating_profit,81,204350537.62,True,consolidated,CNY yuan
000612.SZ:2023,net_profit,82,303080712.74,True,consolidated,CNY yuan
000612.SZ:2023,ocf,85,628301260.21,True,consolidated,CNY yuan
000626.SZ:2023,receivables,75,1074941762.94,True,consolidated,CNY yuan
000626.SZ:2023,inventory,75,991821620.34,True,consolidated,CNY yuan
000626.SZ:2023,current_assets,75,6129987554.72,True,consolidated,CNY yuan
000626.SZ:2023,assets,75,7792783558.14,True,consolidated,CNY yuan
000626.SZ:2023,current_liabilities,76,4009902546.60,True,consolidated,CNY yuan
000626.SZ:2023,liabilities,76,4515488519.32,True,consolidated,CNY yuan
000626.SZ:2023,equity,77,3277295038.82,True,consolidated,CNY yuan
000626.SZ:2023,revenue,79,82007904175.91,True,consolidated,CNY yuan
000626.SZ:2023,management_expense,79,203263017.86,True,consolidated,CNY yuan
000626.SZ:2023,operating_profit,80,247865049.22,True,consolidated,CNY yuan
000626.SZ:2023,net_profit,80,172737756.37,True,consolidated,CNY yuan
000626.SZ:2023,ocf,83,-841937116.50,True,consolidated,CNY yuan
000628.SZ:2023,receivables,75,1038483773.32,True,consolidated,CNY yuan
000628.SZ:2023,inventory,75,67148575.83,True,consolidated,CNY yuan
000628.SZ:2023,current_assets,75,12624360118.82,True,consolidated,CNY yuan
000628.SZ:2023,assets,76,13677871066.54,True,consolidated,CNY yuan
000628.SZ:2023,current_liabilities,76,10870496225.01,True,consolidated,CNY yuan
000628.SZ:2023,liabilities,76,11702037226.53,True,consolidated,CNY yuan
000628.SZ:2023,equity,77,1975833840.01,True,consolidated,CNY yuan
000628.SZ:2023,revenue,79,6570599836.21,True,consolidated,CNY yuan
000628.SZ:2023,management_expense,79,131297667.19,True,consolidated,CNY yuan
000628.SZ:2023,operating_profit,80,259948517.15,True,consolidated,CNY yuan
000628.SZ:2023,net_profit,80,191870172.98,True,consolidated,CNY yuan
000628.SZ:2023,ocf,83,139660008.16,True,consolidated,CNY yuan
000629.SZ:2023,receivables,76,193464675.90,True,consolidated,CNY yuan
000629.SZ:2023,inventory,76,985026208.74,True,consolidated,CNY yuan
000629.SZ:2023,current_assets,76,3992225343.05,True,consolidated,CNY yuan
000629.SZ:2023,assets,77,11932995831.05,True,consolidated,CNY yuan
000629.SZ:2023,current_liabilities,77,2173762615.65,True,consolidated,CNY yuan
000629.SZ:2023,liabilities,77,2762015146.87,True,consolidated,CNY yuan
000629.SZ:2023,equity,78,9170980684.18,True,consolidated,CNY yuan
000629.SZ:2023,revenue,80,15087546372.12,True,consolidated,CNY yuan
000629.SZ:2023,management_expense,80,197772011.43,True,consolidated,CNY yuan
000629.SZ:2023,operating_profit,81,1470297172.58,True,consolidated,CNY yuan
000629.SZ:2023,net_profit,81,1365718140.75,True,consolidated,CNY yuan
000629.SZ:2023,ocf,83,1959892807.55,True,consolidated,CNY yuan
000633.SZ:2023,receivables,56,63184077.90,True,consolidated,CNY yuan
000633.SZ:2023,inventory,57,48755616.36,True,consolidated,CNY yuan
000633.SZ:2023,current_assets,57,148417952.40,True,consolidated,CNY yuan
000633.SZ:2023,assets,57,256737667.43,True,consolidated,CNY yuan
000633.SZ:2023,current_liabilities,58,48686780.12,True,consolidated,CNY yuan
000633.SZ:2023,liabilities,58,82928804.60,True,consolidated,CNY yuan
000633.SZ:2023,equity,58,173808862.83,True,consolidated,CNY yuan
000633.SZ:2023,revenue,61,229320855.55,True,consolidated,CNY yuan
000633.SZ:2023,management_expense,61,14099109.63,True,consolidated,CNY yuan
000633.SZ:2023,operating_profit,61,7743510.99,True,consolidated,CNY yuan
000633.SZ:2023,net_profit,62,5892755.63,True,consolidated,CNY yuan
000633.SZ:2023,ocf,64,-5122659.51,True,consolidated,CNY yuan
000635.SZ:2023,receivables,97,2538424.99,True,consolidated,CNY yuan
000635.SZ:2023,inventory,98,294227394.40,True,consolidated,CNY yuan
000635.SZ:2023,current_assets,98,1013626497.43,True,consolidated,CNY yuan
000635.SZ:2023,assets,98,2731370695.47,True,consolidated,CNY yuan
000635.SZ:2023,current_liabilities,99,427846955.35,True,consolidated,CNY yuan
000635.SZ:2023,liabilities,99,462248218.34,True,consolidated,CNY yuan
000635.SZ:2023,equity,99,2269122477.13,True,consolidated,CNY yuan
000635.SZ:2023,revenue,102,1875055662.33,True,consolidated,CNY yuan
000635.SZ:2023,management_expense,102,118743425.15,True,consolidated,CNY yuan
000635.SZ:2023,operating_profit,102,-464832054.13,True,consolidated,CNY yuan
000635.SZ:2023,net_profit,102,-388869180.67,True,consolidated,CNY yuan
000635.SZ:2023,ocf,105,-161583645.97,True,consolidated,CNY yuan
000650.SZ:2023,receivables,84,348270958.86,True,consolidated,CNY yuan
000650.SZ:2023,inventory,85,457735527.05,True,consolidated,CNY yuan
000650.SZ:2023,current_assets,85,4580859200.27,True,consolidated,CNY yuan
000650.SZ:2023,assets,85,7631643912.76,True,consolidated,CNY yuan
000650.SZ:2023,current_liabilities,86,1164511191.47,True,consolidated,CNY yuan
000650.SZ:2023,liabilities,86,1209855727.22,True,consolidated,CNY yuan
000650.SZ:2023,equity,86,6421788185.54,True,consolidated,CNY yuan
000650.SZ:2023,revenue,89,5153215069.28,True,consolidated,CNY yuan
000650.SZ:2023,management_expense,89,311503703.11,True,consolidated,CNY yuan
000650.SZ:2023,operating_profit,90,953263271.29,True,consolidated,CNY yuan
000650.SZ:2023,net_profit,90,711556917.04,True,consolidated,CNY yuan
000650.SZ:2023,ocf,93,1269978522.06,True,consolidated,CNY yuan
000655.SZ:2023,receivables,61,30741585.35,True,consolidated,CNY yuan
000655.SZ:2023,inventory,61,59636574.46,True,consolidated,CNY yuan
000655.SZ:2023,current_assets,62,2052847270.85,True,consolidated,CNY yuan
000655.SZ:2023,assets,62,3528999408.94,True,consolidated,CNY yuan
000655.SZ:2023,current_liabilities,63,207802440.66,True,consolidated,CNY yuan
000655.SZ:2023,liabilities,63,426815500.32,True,consolidated,CNY yuan
000655.SZ:2023,equity,63,3102183908.62,True,consolidated,CNY yuan
000655.SZ:2023,revenue,65,1372750722.57,True,consolidated,CNY yuan
000655.SZ:2023,management_expense,66,142685007.10,True,consolidated,CNY yuan
000655.SZ:2023,operating_profit,66,236411570.64,True,consolidated,CNY yuan
000655.SZ:2023,net_profit,66,207589000.03,True,consolidated,CNY yuan
000655.SZ:2023,ocf,69,283384271.92,True,consolidated,CNY yuan
000656.SZ:2023,receivables,146,955599821.59,True,consolidated,CNY yuan
000656.SZ:2023,inventory,146,184843320163.42,True,consolidated,CNY yuan
000656.SZ:2023,current_assets,146,252253481904.58,True,consolidated,CNY yuan
000656.SZ:2023,assets,147,299535783787.79,True,consolidated,CNY yuan
000656.SZ:2023,current_liabilities,147,235230954963.24,True,consolidated,CNY yuan
000656.SZ:2023,liabilities,148,260649478469.35,True,consolidated,CNY yuan
000656.SZ:2023,equity,148,38886305318.44,True,consolidated,CNY yuan
000656.SZ:2023,revenue,150,54861882201.21,True,consolidated,CNY yuan
000656.SZ:2023,management_expense,151,2648707423.39,True,consolidated,CNY yuan
000656.SZ:2023,operating_profit,151,-23750290037.17,True,consolidated,CNY yuan
000656.SZ:2023,net_profit,151,-23694884575.55,True,consolidated,CNY yuan
000656.SZ:2023,ocf,154,5247185811.96,True,consolidated,CNY yuan
000670.SZ:2023,receivables,69,1187699210.70,True,consolidated,CNY yuan
000670.SZ:2023,inventory,69,208087599.94,True,consolidated,CNY yuan
000670.SZ:2023,current_assets,69,1503060874.88,True,consolidated,CNY yuan
000670.SZ:2023,assets,70,1977423627.65,True,consolidated,CNY yuan
000670.SZ:2023,current_liabilities,70,1628112749.95,True,consolidated,CNY yuan
000670.SZ:2023,liabilities,71,1629684493.34,True,consolidated,CNY yuan
000670.SZ:2023,equity,71,347739134.31,True,consolidated,CNY yuan
000670.SZ:2023,revenue,73,3124204179.77,True,consolidated,CNY yuan
000670.SZ:2023,management_expense,73,54498232.57,True,consolidated,CNY yuan
000670.SZ:2023,operating_profit,74,94091338.23,True,consolidated,CNY yuan
000670.SZ:2023,net_profit,74,64148179.27,True,consolidated,CNY yuan
000670.SZ:2023,ocf,76,-132932667.89,True,consolidated,CNY yuan
000695.SZ:2023,receivables,57,198693364.43,True,consolidated,CNY yuan
000695.SZ:2023,inventory,57,153723850.34,True,consolidated,CNY yuan
000695.SZ:2023,current_assets,58,388074401.14,True,consolidated,CNY yuan
000695.SZ:2023,assets,58,824661819.54,True,consolidated,CNY yuan
000695.SZ:2023,current_liabilities,59,451861876.32,True,consolidated,CNY yuan
000695.SZ:2023,liabilities,59,494997334.88,True,consolidated,CNY yuan
000695.SZ:2023,equity,59,329664484.66,True,consolidated,CNY yuan
000695.SZ:2023,revenue,62,415113206.94,True,consolidated,CNY yuan
000695.SZ:2023,management_expense,62,43355757.36,True,consolidated,CNY yuan
000695.SZ:2023,operating_profit,62,-162403897.79,True,consolidated,CNY yuan
000695.SZ:2023,net_profit,62,-187360028.69,True,consolidated,CNY yuan
000695.SZ:2023,ocf,65,-53081473.54,True,consolidated,CNY yuan
000709.SZ:2023,receivables,64,2314432630.26,True,consolidated,CNY yuan
000709.SZ:2023,inventory,64,22116835339.56,True,consolidated,CNY yuan
000709.SZ:2023,current_assets,64,71735887186.51,True,consolidated,CNY yuan
000709.SZ:2023,assets,64,253231025319.37,True,consolidated,CNY yuan
000709.SZ:2023,current_liabilities,65,150640357490.44,True,consolidated,CNY yuan
000709.SZ:2023,liabilities,65,186774050294.10,True,consolidated,CNY yuan
000709.SZ:2023,equity,65,66456975025.27,True,consolidated,CNY yuan
000709.SZ:2023,revenue,68,143470125695.33,True,consolidated,CNY yuan
000709.SZ:2023,management_expense,68,3184426650.89,True,consolidated,CNY yuan
000709.SZ:2023,operating_profit,68,916786180.60,True,consolidated,CNY yuan
000709.SZ:2023,net_profit,68,1579846258.84,True,consolidated,CNY yuan
000709.SZ:2023,ocf,70,9235003428.18,True,consolidated,CNY yuan
000715.SZ:2023,receivables,57,2975611.88,True,consolidated,CNY yuan
000715.SZ:2023,inventory,57,69454992.20,True,consolidated,CNY yuan
000715.SZ:2023,current_assets,57,1378918642.09,True,consolidated,CNY yuan
000715.SZ:2023,assets,58,2402926707.82,True,consolidated,CNY yuan
000715.SZ:2023,current_liabilities,59,544552291.30,True,consolidated,CNY yuan
000715.SZ:2023,liabilities,59,666443032.19,True,consolidated,CNY yuan
000715.SZ:2023,equity,59,1736483675.63,True,consolidated,CNY yuan
000715.SZ:2023,revenue,61,693300673.64,True,consolidated,CNY yuan
000715.SZ:2023,management_expense,62,230688781.00,True,consolidated,CNY yuan
000715.SZ:2023,operating_profit,62,113521050.10,True,consolidated,CNY yuan
000715.SZ:2023,net_profit,62,85752905.75,True,consolidated,CNY yuan
000715.SZ:2023,ocf,64,58727264.64,True,consolidated,CNY yuan
000718.SZ:2023,receivables,68,74294720.85,True,consolidated,CNY yuan
000718.SZ:2023,inventory,68,9390077575.16,True,consolidated,CNY yuan
000718.SZ:2023,current_assets,68,11725115191.74,True,consolidated,CNY yuan
000718.SZ:2023,assets,69,15392539894.54,True,consolidated,CNY yuan
000718.SZ:2023,current_liabilities,69,4842820736.76,True,consolidated,CNY yuan
000718.SZ:2023,liabilities,69,5613104333.75,True,consolidated,CNY yuan
000718.SZ:2023,equity,70,9779435560.79,True,consolidated,CNY yuan
000718.SZ:2023,revenue,72,2239152699.86,True,consolidated,CNY yuan
000718.SZ:2023,management_expense,72,309068853.21,True,consolidated,CNY yuan
000718.SZ:2023,operating_profit,73,428360613.64,True,consolidated,CNY yuan
000718.SZ:2023,net_profit,73,362226591.03,True,consolidated,CNY yuan
000718.SZ:2023,ocf,76,793683521.51,True,consolidated,CNY yuan
000739.SZ:2023,receivables,74,1668892473.69,True,consolidated,CNY yuan
000739.SZ:2023,inventory,74,1801787543.58,True,consolidated,CNY yuan
000739.SZ:2023,current_assets,74,7781107693.59,True,consolidated,CNY yuan
000739.SZ:2023,assets,75,12016599023.18,True,consolidated,CNY yuan
000739.SZ:2023,current_liabilities,75,6026542168.27,True,consolidated,CNY yuan
000739.SZ:2023,liabilities,76,6497373460.37,True,consolidated,CNY yuan
000739.SZ:2023,equity,76,5519225562.81,True,consolidated,CNY yuan
000739.SZ:2023,revenue,78,10544905377.17,True,consolidated,CNY yuan
000739.SZ:2023,management_expense,78,450064086.98,True,consolidated,CNY yuan
000739.SZ:2023,operating_profit,79,1011622525.99,True,consolidated,CNY yuan
000739.SZ:2023,net_profit,79,989170839.01,True,consolidated,CNY yuan
000739.SZ:2023,ocf,82,1326107316.20,True,consolidated,CNY yuan
000786.SZ:2023,receivables,116,1991242641.27,True,consolidated,CNY yuan
000786.SZ:2023,inventory,116,2726834275.94,True,consolidated,CNY yuan
000786.SZ:2023,current_assets,116,10973363239.23,True,consolidated,CNY yuan
000786.SZ:2023,assets,117,28604536225.61,True,consolidated,CNY yuan
000786.SZ:2023,current_liabilities,117,5269640624.74,True,consolidated,CNY yuan
000786.SZ:2023,liabilities,118,7160918269.09,True,consolidated,CNY yuan
000786.SZ:2023,equity,118,21443617956.52,True,consolidated,CNY yuan
000786.SZ:2023,revenue,120,19934313133.14,True,consolidated,CNY yuan
000786.SZ:2023,management_expense,121,1024684300.57,True,consolidated,CNY yuan
000786.SZ:2023,operating_profit,121,3311356678.77,True,consolidated,CNY yuan
000786.SZ:2023,net_profit,121,3143701909.88,True,consolidated,CNY yuan
000786.SZ:2023,ocf,124,3664355331.73,True,consolidated,CNY yuan
000797.SZ:2023,receivables,95,1802166773.25,True,consolidated,CNY yuan
000797.SZ:2023,inventory,95,14628038492.37,True,consolidated,CNY yuan
000797.SZ:2023,current_assets,95,21195955420.17,True,consolidated,CNY yuan
000797.SZ:2023,assets,95,22906439078.97,True,consolidated,CNY yuan
000797.SZ:2023,current_liabilities,96,13491706273.15,True,consolidated,CNY yuan
000797.SZ:2023,liabilities,96,17207221267.57,True,consolidated,CNY yuan
000797.SZ:2023,equity,96,5699217811.40,True,consolidated,CNY yuan
000797.SZ:2023,revenue,99,7315195597.41,True,consolidated,CNY yuan
000797.SZ:2023,management_expense,99,265259570.78,True,consolidated,CNY yuan
000797.SZ:2023,operating_profit,99,392614079.52,True,consolidated,CNY yuan
000797.SZ:2023,net_profit,99,147937752.24,True,consolidated,CNY yuan
000797.SZ:2023,ocf,101,641355271.61,True,consolidated,CNY yuan
000800.SZ:2023,receivables,103,867090338.42,True,consolidated,CNY yuan
000800.SZ:2023,inventory,103,6382739897.83,True,consolidated,CNY yuan
000800.SZ:2023,current_assets,103,35003314025.47,True,consolidated,CNY yuan
000800.SZ:2023,assets,104,56772860616.12,True,consolidated,CNY yuan
000800.SZ:2023,current_liabilities,105,27863483682.19,True,consolidated,CNY yuan
000800.SZ:2023,liabilities,105,33053433533.64,True,consolidated,CNY yuan
000800.SZ:2023,equity,105,23719427082.48,True,consolidated,CNY yuan
000800.SZ:2023,revenue,108,38331747083.88,True,consolidated,CNY yuan
000800.SZ:2023,management_expense,109,2040339354.62,True,consolidated,CNY yuan
000800.SZ:2023,operating_profit,109,55142212.54,True,consolidated,CNY yuan
000800.SZ:2023,net_profit,109,367745445.34,True,consolidated,CNY yuan
000800.SZ:2023,ocf,112,-5135243969.35,True,consolidated,CNY yuan
000807.SZ:2023,receivables,80,959656234.96,True,consolidated,CNY yuan
000807.SZ:2023,inventory,80,3917810689.47,True,consolidated,CNY yuan
000807.SZ:2023,current_assets,80,8245649722.35,True,consolidated,CNY yuan
000807.SZ:2023,assets,81,39059473292.29,True,consolidated,CNY yuan
000807.SZ:2023,current_liabilities,81,9046545120.66,True,consolidated,CNY yuan
000807.SZ:2023,liabilities,82,13782962977.16,True,consolidated,CNY yuan
000807.SZ:2023,equity,82,25276510315.13,True,consolidated,CNY yuan
000807.SZ:2023,revenue,84,48463024922.95,True,consolidated,CNY yuan
000807.SZ:2023,management_expense,85,640270080.77,True,consolidated,CNY yuan
000807.SZ:2023,operating_profit,85,5905050629.24,True,consolidated,CNY yuan
000807.SZ:2023,net_profit,85,5268023236.37,True,consolidated,CNY yuan
000807.SZ:2023,ocf,87,6914468893.21,True,consolidated,CNY yuan
000821.SZ:2023,receivables,132,1527092189.67,True,consolidated,CNY yuan
000821.SZ:2023,inventory,132,3731559878.17,True,consolidated,CNY yuan
000821.SZ:2023,current_assets,132,7858708351.23,True,consolidated,CNY yuan
000821.SZ:2023,assets,133,9964006821.35,True,consolidated,CNY yuan
000821.SZ:2023,current_liabilities,133,6193018797.75,True,consolidated,CNY yuan
000821.SZ:2023,liabilities,134,6602415981.06,True,consolidated,CNY yuan
000821.SZ:2023,equity,134,3361590840.29,True,consolidated,CNY yuan
000821.SZ:2023,revenue,136,4867705347.85,True,consolidated,CNY yuan
000821.SZ:2023,management_expense,137,238963683.70,True,consolidated,CNY yuan
000821.SZ:2023,operating_profit,137,373919873.76,True,consolidated,CNY yuan
000821.SZ:2023,net_profit,137,328045002.61,True,consolidated,CNY yuan
000821.SZ:2023,ocf,140,249790814.41,True,consolidated,CNY yuan
000823.SZ:2023,receivables,90,1792156448.26,True,consolidated,CNY yuan
000823.SZ:2023,inventory,90,1088095372.37,True,consolidated,CNY yuan
000823.SZ:2023,current_assets,90,5302526066.18,True,consolidated,CNY yuan
000823.SZ:2023,assets,91,8585359470.53,True,consolidated,CNY yuan
000823.SZ:2023,current_liabilities,92,2292972535.65,True,consolidated,CNY yuan
000823.SZ:2023,liabilities,92,3522087573.44,True,consolidated,CNY yuan
000823.SZ:2023,equity,92,5063271897.09,True,consolidated,CNY yuan
000823.SZ:2023,revenue,94,6672882674.89,True,consolidated,CNY yuan
000823.SZ:2023,management_expense,95,342492323.30,True,consolidated,CNY yuan
000823.SZ:2023,operating_profit,95,540148614.27,True,consolidated,CNY yuan
000823.SZ:2023,net_profit,95,496785079.77,True,consolidated,CNY yuan
000823.SZ:2023,ocf,98,842243053.69,True,consolidated,CNY yuan
000830.SZ:2023,receivables,84,61885739.38,True,consolidated,CNY yuan
000830.SZ:2023,inventory,84,1676221988.80,True,consolidated,CNY yuan
000830.SZ:2023,current_assets,84,2815003096.02,True,consolidated,CNY yuan
000830.SZ:2023,assets,85,34407420456.67,True,consolidated,CNY yuan
000830.SZ:2023,current_liabilities,85,11989762236.59,True,consolidated,CNY yuan
000830.SZ:2023,liabilities,86,16952118344.87,True,consolidated,CNY yuan
000830.SZ:2023,equity,86,17455302111.80,True,consolidated,CNY yuan
000830.SZ:2023,revenue,88,30356698594.30,True,consolidated,CNY yuan
000830.SZ:2023,management_expense,88,581594149.80,True,consolidated,CNY yuan
000830.SZ:2023,operating_profit,89,3811251100.25,True,consolidated,CNY yuan
000830.SZ:2023,net_profit,89,3155756852.06,True,consolidated,CNY yuan
000830.SZ:2023,ocf,91,5116193522.00,True,consolidated,CNY yuan
000850.SZ:2023,receivables,65,376467825.97,True,consolidated,CNY yuan
000850.SZ:2023,inventory,65,624301395.21,True,consolidated,CNY yuan
000850.SZ:2023,current_assets,65,2875156718.77,True,consolidated,CNY yuan
000850.SZ:2023,assets,65,7301435471.15,True,consolidated,CNY yuan
000850.SZ:2023,current_liabilities,66,1955762981.18,True,consolidated,CNY yuan
000850.SZ:2023,liabilities,66,2758457934.69,True,consolidated,CNY yuan
000850.SZ:2023,equity,67,4542977536.46,True,consolidated,CNY yuan
000850.SZ:2023,revenue,69,3494151478.34,True,consolidated,CNY yuan
000850.SZ:2023,management_expense,69,110667893.09,True,consolidated,CNY yuan
000850.SZ:2023,operating_profit,70,-224120071.03,True,consolidated,CNY yuan
000850.SZ:2023,net_profit,70,-183972602.38,True,consolidated,CNY yuan
000850.SZ:2023,ocf,73,394014113.53,True,consolidated,CNY yuan
000861.SZ:2023,receivables,82,47520283.87,True,consolidated,CNY yuan
000861.SZ:2023,inventory,82,2315139589.25,True,consolidated,CNY yuan
000861.SZ:2023,current_assets,82,3082222695.72,True,consolidated,CNY yuan
000861.SZ:2023,assets,83,8872248404.62,True,consolidated,CNY yuan
000861.SZ:2023,current_liabilities,84,2091993903.16,True,consolidated,CNY yuan
000861.SZ:2023,liabilities,84,5505306488.92,True,consolidated,CNY yuan
000861.SZ:2023,equity,84,3366941915.70,True,consolidated,CNY yuan
000861.SZ:2023,revenue,87,1160045249.63,True,consolidated,CNY yuan
000861.SZ:2023,management_expense,87,187841365.34,True,consolidated,CNY yuan
000861.SZ:2023,operating_profit,88,-369823687.60,True,consolidated,CNY yuan
000861.SZ:2023,net_profit,88,-400514265.49,True,consolidated,CNY yuan
000861.SZ:2023,ocf,91,816801209.54,True,consolidated,CNY yuan
000868.SZ:2023,receivables,74,924825182.96,True,consolidated,CNY yuan
000868.SZ:2023,inventory,74,182839414.68,True,consolidated,CNY yuan
000868.SZ:2023,current_assets,74,2087110131.90,True,consolidated,CNY yuan
000868.SZ:2023,assets,75,3370000876.53,True,consolidated,CNY yuan
000868.SZ:2023,current_liabilities,75,3042017956.20,True,consolidated,CNY yuan
000868.SZ:2023,liabilities,75,3292426402.36,True,consolidated,CNY yuan
000868.SZ:2023,equity,76,77574474.17,True,consolidated,CNY yuan
000868.SZ:2023,revenue,78,1487992571.91,True,consolidated,CNY yuan
000868.SZ:2023,management_expense,78,94156246.20,True,consolidated,CNY yuan
000868.SZ:2023,operating_profit,79,-254290646.72,True,consolidated,CNY yuan
000868.SZ:2023,net_profit,79,-258777671.72,True,consolidated,CNY yuan
000868.SZ:2023,ocf,81,324569781.97,True,consolidated,CNY yuan
000890.SZ:2023,receivables,64,323118769.54,True,consolidated,CNY yuan
000890.SZ:2023,inventory,64,72169911.53,True,consolidated,CNY yuan
000890.SZ:2023,current_assets,64,796561306.59,True,consolidated,CNY yuan
000890.SZ:2023,assets,65,1839092876.34,True,consolidated,CNY yuan
000890.SZ:2023,current_liabilities,66,1562810096.35,True,consolidated,CNY yuan
000890.SZ:2023,liabilities,66,1627143959.92,True,consolidated,CNY yuan
000890.SZ:2023,equity,66,211948916.42,True,consolidated,CNY yuan
000890.SZ:2023,revenue,68,677575109.69,True,consolidated,CNY yuan
000890.SZ:2023,management_expense,69,54014262.37,True,consolidated,CNY yuan
000890.SZ:2023,operating_profit,69,16238257.92,True,consolidated,CNY yuan
000890.SZ:2023,net_profit,69,440865.42,True,consolidated,CNY yuan
000890.SZ:2023,ocf,71,73383802.05,True,consolidated,CNY yuan
000897.SZ:2023,receivables,60,58932824.83,True,consolidated,CNY yuan
000897.SZ:2023,inventory,61,5333035753.25,True,consolidated,CNY yuan
000897.SZ:2023,current_assets,61,7161894283.22,True,consolidated,CNY yuan
000897.SZ:2023,assets,61,8242043603.36,True,consolidated,CNY yuan
000897.SZ:2023,current_liabilities,62,6004307959.72,True,consolidated,CNY yuan
000897.SZ:2023,liabilities,62,6010158620.34,True,consolidated,CNY yuan
000897.SZ:2023,equity,62,2231884983.02,True,consolidated,CNY yuan
000897.SZ:2023,revenue,65,1420138855.30,True,consolidated,CNY yuan
000897.SZ:2023,management_expense,65,49608326.94,True,consolidated,CNY yuan
000897.SZ:2023,operating_profit,65,364515137.57,True,consolidated,CNY yuan
000897.SZ:2023,net_profit,66,261902563.77,True,consolidated,CNY yuan
000897.SZ:2023,ocf,68,892834962.43,True,consolidated,CNY yuan
000903.SZ:2023,receivables,74,2099810814.71,True,consolidated,CNY yuan
000903.SZ:2023,inventory,74,2715809488.09,True,consolidated,CNY yuan
000903.SZ:2023,current_assets,74,6974169226.72,True,consolidated,CNY yuan
000903.SZ:2023,assets,75,13328009820.88,True,consolidated,CNY yuan
000903.SZ:2023,current_liabilities,75,7446485386.76,True,consolidated,CNY yuan
000903.SZ:2023,liabilities,76,8939844507.90,True,consolidated,CNY yuan
000903.SZ:2023,equity,76,4388165312.98,True,consolidated,CNY yuan
000903.SZ:2023,revenue,79,4790234282.12,True,consolidated,CNY yuan
000903.SZ:2023,management_expense,79,197434980.61,True,consolidated,CNY yuan
000903.SZ:2023,operating_profit,79,-1299180268.29,True,consolidated,CNY yuan
000903.SZ:2023,net_profit,79,-1308558594.27,True,consolidated,CNY yuan
000903.SZ:2023,ocf,82,-1925428787.67,True,consolidated,CNY yuan
000920.SZ:2023,receivables,86,120399298.88,True,consolidated,CNY yuan
000920.SZ:2023,inventory,87,216145127.53,True,consolidated,CNY yuan
000920.SZ:2023,current_assets,87,1518487474.49,True,consolidated,CNY yuan
000920.SZ:2023,assets,87,2921706666.58,True,consolidated,CNY yuan
000920.SZ:2023,current_liabilities,88,849150659.66,True,consolidated,CNY yuan
000920.SZ:2023,liabilities,88,1040873727.83,True,consolidated,CNY yuan
000920.SZ:2023,equity,88,1880832938.75,True,consolidated,CNY yuan
000920.SZ:2023,revenue,91,1461340100.57,True,consolidated,CNY yuan
000920.SZ:2023,management_expense,91,148789448.97,True,consolidated,CNY yuan
000920.SZ:2023,operating_profit,91,151319791.92,True,consolidated,CNY yuan
000920.SZ:2023,net_profit,92,155100927.43,True,consolidated,CNY yuan
000920.SZ:2023,ocf,94,281803927.12,True,consolidated,CNY yuan
000925.SZ:2023,receivables,129,1169787920.92,True,consolidated,CNY yuan
000925.SZ:2023,inventory,129,264442998.76,True,consolidated,CNY yuan
000925.SZ:2023,current_assets,129,4191037866.33,True,consolidated,CNY yuan
000925.SZ:2023,assets,130,7306115477.78,True,consolidated,CNY yuan
000925.SZ:2023,current_liabilities,130,3259399617.06,True,consolidated,CNY yuan
000925.SZ:2023,liabilities,131,4269802110.26,True,consolidated,CNY yuan
000925.SZ:2023,equity,131,3036313367.52,True,consolidated,CNY yuan
000925.SZ:2023,revenue,133,2559561810.89,True,consolidated,CNY yuan
000925.SZ:2023,management_expense,133,218997337.41,True,consolidated,CNY yuan
000925.SZ:2023,operating_profit,134,92556367.51,True,consolidated,CNY yuan
000925.SZ:2023,net_profit,134,77803790.13,True,consolidated,CNY yuan
000925.SZ:2023,ocf,137,339544556.09,True,consolidated,CNY yuan
000933.SZ:2023,receivables,79,690366895.70,True,consolidated,CNY yuan
000933.SZ:2023,inventory,79,3099790139.18,True,consolidated,CNY yuan
000933.SZ:2023,current_assets,79,23644686174.06,True,consolidated,CNY yuan
000933.SZ:2023,assets,80,60477379457.26,True,consolidated,CNY yuan
000933.SZ:2023,current_liabilities,81,34694486953.12,True,consolidated,CNY yuan
000933.SZ:2023,liabilities,81,39296076190.91,True,consolidated,CNY yuan
000933.SZ:2023,equity,82,21181303266.35,True,consolidated,CNY yuan
000933.SZ:2023,revenue,84,42703853286.57,True,consolidated,CNY yuan
000933.SZ:2023,management_expense,85,763757792.36,True,consolidated,CNY yuan
000933.SZ:2023,operating_profit,85,10901717304.66,True,consolidated,CNY yuan
000933.SZ:2023,net_profit,85,8576390390.86,True,consolidated,CNY yuan
000933.SZ:2023,ocf,89,14060764159.71,True,consolidated,CNY yuan
000937.SZ:2023,receivables,73,2992652956.13,True,consolidated,CNY yuan
000937.SZ:2023,inventory,73,1175383265.21,True,consolidated,CNY yuan
000937.SZ:2023,current_assets,73,18719685587.62,True,consolidated,CNY yuan
000937.SZ:2023,assets,74,51486412192.38,True,consolidated,CNY yuan
000937.SZ:2023,current_liabilities,74,22394097003.37,True,consolidated,CNY yuan
000937.SZ:2023,liabilities,75,26554650160.01,True,consolidated,CNY yuan
000937.SZ:2023,equity,75,24931762032.37,True,consolidated,CNY yuan
000937.SZ:2023,revenue,77,36036360896.83,True,consolidated,CNY yuan
000937.SZ:2023,management_expense,78,1776562729.19,True,consolidated,CNY yuan
000937.SZ:2023,operating_profit,78,7235316758.03,True,consolidated,CNY yuan
000937.SZ:2023,net_profit,78,5220500015.67,True,consolidated,CNY yuan
000937.SZ:2023,ocf,80,5504578259.14,True,consolidated,CNY yuan
000982.SZ:2023,receivables,81,135737717.14,True,consolidated,CNY yuan
000982.SZ:2023,inventory,81,240042359.44,True,consolidated,CNY yuan
000982.SZ:2023,current_assets,81,1041057243.10,True,consolidated,CNY yuan
000982.SZ:2023,assets,82,1669963293.46,True,consolidated,CNY yuan
000982.SZ:2023,current_liabilities,82,379014560.34,True,consolidated,CNY yuan
000982.SZ:2023,liabilities,83,408168048.29,True,consolidated,CNY yuan
000982.SZ:2023,equity,83,1261795245.17,True,consolidated,CNY yuan
000982.SZ:2023,revenue,85,628317131.39,True,consolidated,CNY yuan
000982.SZ:2023,management_expense,85,80093437.55,True,consolidated,CNY yuan
000982.SZ:2023,operating_profit,86,15210210.26,True,consolidated,CNY yuan
000982.SZ:2023,net_profit,86,6274954.05,True,consolidated,CNY yuan
000982.SZ:2023,ocf,89,-148995480.39,True,consolidated,CNY yuan
000989.SZ:2023,receivables,83,291350016.43,True,consolidated,CNY yuan
000989.SZ:2023,inventory,83,749171033.03,True,consolidated,CNY yuan
000989.SZ:2023,current_assets,83,2797935355.28,True,consolidated,CNY yuan
000989.SZ:2023,assets,84,5238415577.39,True,consolidated,CNY yuan
000989.SZ:2023,current_liabilities,84,1159506104.85,True,consolidated,CNY yuan
000989.SZ:2023,liabilities,85,1256259717.10,True,consolidated,CNY yuan
000989.SZ:2023,equity,85,3982155860.29,True,consolidated,CNY yuan
000989.SZ:2023,revenue,87,3033265859.73,True,consolidated,CNY yuan
000989.SZ:2023,management_expense,87,241910869.18,True,consolidated,CNY yuan
000989.SZ:2023,operating_profit,88,456408725.53,True,consolidated,CNY yuan
000989.SZ:2023,net_profit,88,355907574.40,True,consolidated,CNY yuan
000989.SZ:2023,ocf,91,499132759.89,True,consolidated,CNY yuan
000990.SZ:2023,receivables,103,893579253.23,True,consolidated,CNY yuan
000990.SZ:2023,inventory,103,860450602.56,True,consolidated,CNY yuan
000990.SZ:2023,current_assets,103,6001702016.98,True,consolidated,CNY yuan
000990.SZ:2023,assets,104,24525690795.99,True,consolidated,CNY yuan
000990.SZ:2023,current_liabilities,104,4844803190.41,True,consolidated,CNY yuan
000990.SZ:2023,liabilities,105,6012672557.92,True,consolidated,CNY yuan
000990.SZ:2023,equity,105,18513018238.07,True,consolidated,CNY yuan
000990.SZ:2023,revenue,107,11717284386.82,True,consolidated,CNY yuan
000990.SZ:2023,management_expense,108,483968244.00,True,consolidated,CNY yuan
000990.SZ:2023,operating_profit,108,181379660.04,True,consolidated,CNY yuan
000990.SZ:2023,net_profit,108,158182033.15,True,consolidated,CNY yuan
000990.SZ:2023,ocf,111,1358588166.91,True,consolidated,CNY yuan
002014.SZ:2023,receivables,70,539931338.74,True,consolidated,CNY yuan
002014.SZ:2023,inventory,70,343618894.67,True,consolidated,CNY yuan
002014.SZ:2023,current_assets,70,2233010237.66,True,consolidated,CNY yuan
002014.SZ:2023,assets,71,3572752541.11,True,consolidated,CNY yuan
002014.SZ:2023,current_liabilities,71,1156501209.98,True,consolidated,CNY yuan
002014.SZ:2023,liabilities,72,1247953397.10,True,consolidated,CNY yuan
002014.SZ:2023,equity,72,2324799144.01,True,consolidated,CNY yuan
002014.SZ:2023,revenue,74,3304135248.82,True,consolidated,CNY yuan
002014.SZ:2023,management_expense,74,132661684.97,True,consolidated,CNY yuan
002014.SZ:2023,operating_profit,75,405392716.08,True,consolidated,CNY yuan
002014.SZ:2023,net_profit,75,368788253.50,True,consolidated,CNY yuan
002014.SZ:2023,ocf,77,543555266.47,True,consolidated,CNY yuan
002016.SZ:2023,receivables,64,351513391.76,True,consolidated,CNY yuan
002016.SZ:2023,inventory,65,3046279473.28,True,consolidated,CNY yuan
002016.SZ:2023,current_assets,65,5256712571.17,True,consolidated,CNY yuan
002016.SZ:2023,assets,65,6577167290.96,True,consolidated,CNY yuan
002016.SZ:2023,current_liabilities,66,1935438170.14,True,consolidated,CNY yuan
002016.SZ:2023,liabilities,66,1948507944.47,True,consolidated,CNY yuan
002016.SZ:2023,equity,67,4628659346.49,True,consolidated,CNY yuan
002016.SZ:2023,revenue,69,831300823.09,True,consolidated,CNY yuan
002016.SZ:2023,management_expense,69,103824973.41,True,consolidated,CNY yuan
002016.SZ:2023,operating_profit,70,208381581.62,True,consolidated,CNY yuan
002016.SZ:2023,net_profit,70,144742364.76,True,consolidated,CNY yuan
002016.SZ:2023,ocf,73,-271551200.20,True,consolidated,CNY yuan
002027.SZ:2023,receivables,67,1472280919.98,True,consolidated,CNY yuan
002027.SZ:2023,inventory,67,13383921.75,True,consolidated,CNY yuan
002027.SZ:2023,current_assets,67,12488046599.77,True,consolidated,CNY yuan
002027.SZ:2023,assets,67,25238766516.08,True,consolidated,CNY yuan
002027.SZ:2023,current_liabilities,68,6972190022.07,True,consolidated,CNY yuan
002027.SZ:2023,liabilities,68,7942749193.15,True,consolidated,CNY yuan
002027.SZ:2023,equity,68,17296017322.93,True,consolidated,CNY yuan
002027.SZ:2023,revenue,71,9424959143.22,True,consolidated,CNY yuan
002027.SZ:2023,management_expense,71,608929128.26,True,consolidated,CNY yuan
002027.SZ:2023,operating_profit,71,3506816648.23,True,consolidated,CNY yuan
002027.SZ:2023,net_profit,71,2839202469.14,True,consolidated,CNY yuan
002027.SZ:2023,ocf,73,6698961025.48,True,consolidated,CNY yuan
002033.SZ:2023,receivables,73,5514407.64,True,consolidated,CNY yuan
002033.SZ:2023,inventory,73,18672071.21,True,consolidated,CNY yuan
002033.SZ:2023,current_assets,73,780856910.95,True,consolidated,CNY yuan
002033.SZ:2023,assets,74,2749885809.93,True,consolidated,CNY yuan
002033.SZ:2023,current_liabilities,74,213615899.61,True,consolidated,CNY yuan
002033.SZ:2023,liabilities,75,229700053.53,True,consolidated,CNY yuan
002033.SZ:2023,equity,75,2520185756.40,True,consolidated,CNY yuan
002033.SZ:2023,revenue,77,316555051.92,True,consolidated,CNY yuan
002033.SZ:2023,management_expense,78,91922486.07,True,consolidated,CNY yuan
002033.SZ:2023,operating_profit,78,12172070.57,True,consolidated,CNY yuan
002033.SZ:2023,net_profit,78,16934.66,True,consolidated,CNY yuan
002033.SZ:2023,ocf,80,116597241.44,True,consolidated,CNY yuan
002039.SZ:2023,receivables,65,46320865.96,True,consolidated,CNY yuan
002039.SZ:2023,inventory,65,159342.06,True,consolidated,CNY yuan
002039.SZ:2023,current_assets,65,881294846.33,True,consolidated,CNY yuan
002039.SZ:2023,assets,66,16760756976.72,True,consolidated,CNY yuan
002039.SZ:2023,current_liabilities,66,2375850797.77,True,consolidated,CNY yuan
002039.SZ:2023,liabilities,67,10344588104.68,True,consolidated,CNY yuan
002039.SZ:2023,equity,67,6416168872.04,True,consolidated,CNY yuan
002039.SZ:2023,revenue,69,2613116603.70,True,consolidated,CNY yuan
002039.SZ:2023,management_expense,70,111349233.37,True,consolidated,CNY yuan
002039.SZ:2023,operating_profit,70,898054364.70,True,consolidated,CNY yuan
002039.SZ:2023,net_profit,70,765056588.09,True,consolidated,CNY yuan
002039.SZ:2023,ocf,73,1945919440.57,True,consolidated,CNY yuan
002040.SZ:2023,receivables,82,86263430.03,True,consolidated,CNY yuan
002040.SZ:2023,inventory,82,4893944.35,True,consolidated,CNY yuan
002040.SZ:2023,current_assets,82,481364968.72,True,consolidated,CNY yuan
002040.SZ:2023,assets,83,4722837630.10,True,consolidated,CNY yuan
002040.SZ:2023,current_liabilities,83,631027236.53,True,consolidated,CNY yuan
002040.SZ:2023,liabilities,84,1071157905.71,True,consolidated,CNY yuan
002040.SZ:2023,equity,84,3651679724.39,True,consolidated,CNY yuan
002040.SZ:2023,revenue,86,818608988.96,True,consolidated,CNY yuan
002040.SZ:2023,management_expense,86,140580765.85,True,consolidated,CNY yuan
002040.SZ:2023,operating_profit,87,225849141.03,True,consolidated,CNY yuan
002040.SZ:2023,net_profit,87,166880449.30,True,consolidated,CNY yuan
002040.SZ:2023,ocf,90,294005569.14,True,consolidated,CNY yuan
002046.SZ:2023,receivables,77,711867503.79,True,consolidated,CNY yuan
002046.SZ:2023,inventory,77,561009673.69,True,consolidated,CNY yuan
002046.SZ:2023,current_assets,77,2829582398.18,True,consolidated,CNY yuan
002046.SZ:2023,assets,77,5251722348.86,True,consolidated,CNY yuan
002046.SZ:2023,current_liabilities,78,1731427631.76,True,consolidated,CNY yuan
002046.SZ:2023,liabilities,78,2058980870.75,True,consolidated,CNY yuan
002046.SZ:2023,equity,79,3192741478.11,True,consolidated,CNY yuan
002046.SZ:2023,revenue,81,3435996387.27,True,consolidated,CNY yuan
002046.SZ:2023,management_expense,81,255878724.76,True,consolidated,CNY yuan
002046.SZ:2023,operating_profit,82,235184899.69,True,consolidated,CNY yuan
002046.SZ:2023,net_profit,82,238322764.09,True,consolidated,CNY yuan
002046.SZ:2023,ocf,85,291387842.15,True,consolidated,CNY yuan
002050.SZ:2023,receivables,86,5228117225.57,True,consolidated,CNY yuan
002050.SZ:2023,inventory,87,4334875287.86,True,consolidated,CNY yuan
002050.SZ:2023,current_assets,87,18755703565.41,True,consolidated,CNY yuan
002050.SZ:2023,assets,87,27961214156.28,True,consolidated,CNY yuan
002050.SZ:2023,current_liabilities,88,9455923933.86,True,consolidated,CNY yuan
002050.SZ:2023,liabilities,88,14841913965.46,True,consolidated,CNY yuan
002050.SZ:2023,equity,89,13119300190.82,True,consolidated,CNY yuan
002050.SZ:2023,revenue,91,21347549741.00,True,consolidated,CNY yuan
002050.SZ:2023,management_expense,91,1266974971.99,True,consolidated,CNY yuan
002050.SZ:2023,operating_profit,92,3066901315.60,True,consolidated,CNY yuan
002050.SZ:2023,net_profit,92,2608051624.02,True,consolidated,CNY yuan
002050.SZ:2023,ocf,94,2509666490.56,True,consolidated,CNY yuan
002053.SZ:2023,receivables,147,1121534606.58,True,consolidated,CNY yuan
002053.SZ:2023,inventory,148,98866263.82,True,consolidated,CNY yuan
002053.SZ:2023,current_assets,148,4357531509.38,True,consolidated,CNY yuan
002053.SZ:2023,assets,148,13363259186.17,True,consolidated,CNY yuan
002053.SZ:2023,current_liabilities,149,2561932208.18,True,consolidated,CNY yuan
002053.SZ:2023,liabilities,149,5629166496.56,True,consolidated,CNY yuan
002053.SZ:2023,equity,150,7734092689.61,True,consolidated,CNY yuan
002053.SZ:2023,revenue,152,2612071533.37,True,consolidated,CNY yuan
002053.SZ:2023,management_expense,152,316546993.13,True,consolidated,CNY yuan
002053.SZ:2023,operating_profit,153,355914783.02,True,consolidated,CNY yuan
002053.SZ:2023,net_profit,153,275001816.50,True,consolidated,CNY yuan
002053.SZ:2023,ocf,156,800066799.32,True,consolidated,CNY yuan
002056.SZ:2023,receivables,73,2250797670.40,True,consolidated,CNY yuan
002056.SZ:2023,inventory,73,2036271372.47,True,consolidated,CNY yuan
002056.SZ:2023,current_assets,73,11709340593.83,True,consolidated,CNY yuan
002056.SZ:2023,assets,74,17609892841.81,True,consolidated,CNY yuan
002056.SZ:2023,current_liabilities,74,9482126759.39,True,consolidated,CNY yuan
002056.SZ:2023,liabilities,75,9838490783.25,True,consolidated,CNY yuan
002056.SZ:2023,equity,75,7771402058.56,True,consolidated,CNY yuan
002056.SZ:2023,revenue,78,19450638161.91,True,consolidated,CNY yuan
002056.SZ:2023,management_expense,78,496784387.21,True,consolidated,CNY yuan
002056.SZ:2023,operating_profit,78,1769165662.92,True,consolidated,CNY yuan
002056.SZ:2023,net_profit,79,1668112284.12,True,consolidated,CNY yuan
002056.SZ:2023,ocf,81,2886547469.19,True,consolidated,CNY yuan
002064.SZ:2023,receivables,113,2121868941.13,True,consolidated,CNY yuan
002064.SZ:2023,inventory,113,2839615037.30,True,consolidated,CNY yuan
002064.SZ:2023,current_assets,113,18668150633.09,True,consolidated,CNY yuan
002064.SZ:2023,assets,114,32754768551.67,True,consolidated,CNY yuan
002064.SZ:2023,current_liabilities,114,6964214979.67,True,consolidated,CNY yuan
002064.SZ:2023,liabilities,115,9607374082.85,True,consolidated,CNY yuan
002064.SZ:2023,equity,115,23147394468.82,True,consolidated,CNY yuan
002064.SZ:2023,revenue,117,25884105588.87,True,consolidated,CNY yuan
002064.SZ:2023,management_expense,118,449063797.83,True,consolidated,CNY yuan
002064.SZ:2023,operating_profit,118,3203159058.94,True,consolidated,CNY yuan
002064.SZ:2023,net_profit,118,2841940108.49,True,consolidated,CNY yuan
002064.SZ:2023,ocf,121,2569793589.44,True,consolidated,CNY yuan
002092.SZ:2023,receivables,141,2406336720.55,True,consolidated,CNY yuan
002092.SZ:2023,inventory,141,3512118088.18,True,consolidated,CNY yuan
002092.SZ:2023,current_assets,142,23595995364.82,True,consolidated,CNY yuan
002092.SZ:2023,assets,142,80381863925.02,True,consolidated,CNY yuan
002092.SZ:2023,current_liabilities,143,33665935021.26,True,consolidated,CNY yuan
002092.SZ:2023,liabilities,144,47438590722.72,True,consolidated,CNY yuan
002092.SZ:2023,equity,145,32943273202.30,True,consolidated,CNY yuan
002092.SZ:2023,revenue,148,55910544891.54,True,consolidated,CNY yuan
002092.SZ:2023,management_expense,149,1262019455.96,True,consolidated,CNY yuan
002092.SZ:2023,operating_profit,150,1403285952.63,True,consolidated,CNY yuan
002092.SZ:2023,net_profit,150,1095852579.14,True,consolidated,CNY yuan
002092.SZ:2023,ocf,156,5325014405.71,True,consolidated,CNY yuan
002110.SZ:2023,receivables,110,40132094.36,True,consolidated,CNY yuan
002110.SZ:2023,inventory,110,2944039720.08,True,consolidated,CNY yuan
002110.SZ:2023,current_assets,110,19105481363.47,True,consolidated,CNY yuan
002110.SZ:2023,assets,110,46324713184.54,True,consolidated,CNY yuan
002110.SZ:2023,current_liabilities,111,22827532519.12,True,consolidated,CNY yuan
002110.SZ:2023,liabilities,111,24915054548.01,True,consolidated,CNY yuan
002110.SZ:2023,equity,112,21409658636.53,True,consolidated,CNY yuan
002110.SZ:2023,revenue,114,51657970223.67,True,consolidated,CNY yuan
002110.SZ:2023,management_expense,114,677557093.11,True,consolidated,CNY yuan
002110.SZ:2023,operating_profit,115,386314568.55,True,consolidated,CNY yuan
002110.SZ:2023,net_profit,115,150025073.47,True,consolidated,CNY yuan
002110.SZ:2023,ocf,118,-896796330.63,True,consolidated,CNY yuan
002112.SZ:2023,receivables,54,566158798.90,True,consolidated,CNY yuan
002112.SZ:2023,inventory,54,394318477.54,True,consolidated,CNY yuan
002112.SZ:2023,current_assets,54,1219109871.35,True,consolidated,CNY yuan
002112.SZ:2023,assets,55,1588402638.32,True,consolidated,CNY yuan
002112.SZ:2023,current_liabilities,55,1068798054.57,True,consolidated,CNY yuan
002112.SZ:2023,liabilities,56,1135905261.43,True,consolidated,CNY yuan
002112.SZ:2023,equity,56,452497376.89,True,consolidated,CNY yuan
002112.SZ:2023,revenue,58,1306950722.31,True,consolidated,CNY yuan
002112.SZ:2023,management_expense,59,35101402.76,True,consolidated,CNY yuan
002112.SZ:2023,operating_profit,59,43128105.83,True,consolidated,CNY yuan
002112.SZ:2023,net_profit,59,42682241.69,True,consolidated,CNY yuan
002112.SZ:2023,ocf,62,-58898134.22,True,consolidated,CNY yuan
002117.SZ:2023,receivables,51,222150689.46,True,consolidated,CNY yuan
002117.SZ:2023,inventory,51,173286897.39,True,consolidated,CNY yuan
002117.SZ:2023,current_assets,51,1313695836.24,True,consolidated,CNY yuan
002117.SZ:2023,assets,52,2241209053.15,True,consolidated,CNY yuan
002117.SZ:2023,current_liabilities,52,648859951.03,True,consolidated,CNY yuan
002117.SZ:2023,liabilities,53,687382235.69,True,consolidated,CNY yuan
002117.SZ:2023,equity,53,1553826817.46,True,consolidated,CNY yuan
002117.SZ:2023,revenue,55,1064972856.25,True,consolidated,CNY yuan
002117.SZ:2023,management_expense,56,93373574.59,True,consolidated,CNY yuan
002117.SZ:2023,operating_profit,56,150825367.10,True,consolidated,CNY yuan
002117.SZ:2023,net_profit,56,136442715.61,True,consolidated,CNY yuan
002117.SZ:2023,ocf,59,160397604.03,True,consolidated,CNY yuan
002120.SZ:2023,receivables,104,1367460501.49,True,consolidated,CNY yuan
002120.SZ:2023,inventory,104,208392916.02,True,consolidated,CNY yuan
002120.SZ:2023,current_assets,104,12917606463.10,True,consolidated,CNY yuan
002120.SZ:2023,assets,105,38072511743.88,True,consolidated,CNY yuan
002120.SZ:2023,current_liabilities,106,13022677303.36,True,consolidated,CNY yuan
002120.SZ:2023,liabilities,106,20988999768.37,True,consolidated,CNY yuan
002120.SZ:2023,equity,107,17083511975.51,True,consolidated,CNY yuan
002120.SZ:2023,revenue,110,47433735496.37,True,consolidated,CNY yuan
002120.SZ:2023,management_expense,110,1553292575.72,True,consolidated,CNY yuan
002120.SZ:2023,operating_profit,111,1973319299.02,True,consolidated,CNY yuan
002120.SZ:2023,net_profit,111,1501323186.27,True,consolidated,CNY yuan
002120.SZ:2023,ocf,114,5290812742.95,True,consolidated,CNY yuan
002121.SZ:2023,receivables,81,1365816980.03,True,consolidated,CNY yuan
002121.SZ:2023,inventory,81,1158751182.58,True,consolidated,CNY yuan
002121.SZ:2023,current_assets,81,4224700362.86,True,consolidated,CNY yuan
002121.SZ:2023,assets,82,8797291463.42,True,consolidated,CNY yuan
002121.SZ:2023,current_liabilities,82,7251947893.44,True,consolidated,CNY yuan
002121.SZ:2023,liabilities,83,8103401454.93,True,consolidated,CNY yuan
002121.SZ:2023,equity,83,693890008.49,True,consolidated,CNY yuan
002121.SZ:2023,revenue,85,3538816296.93,True,consolidated,CNY yuan
002121.SZ:2023,management_expense,86,253598287.76,True,consolidated,CNY yuan
002121.SZ:2023,operating_profit,86,-147771368.19,True,consolidated,CNY yuan
002121.SZ:2023,net_profit,86,-119272820.49,True,consolidated,CNY yuan
002121.SZ:2023,ocf,89,443784621.93,True,consolidated,CNY yuan
002125.SZ:2023,receivables,86,412016842.05,True,consolidated,CNY yuan
002125.SZ:2023,inventory,86,645855574.87,True,consolidated,CNY yuan
002125.SZ:2023,current_assets,86,1991289934.69,True,consolidated,CNY yuan
002125.SZ:2023,assets,87,5134447718.55,True,consolidated,CNY yuan
002125.SZ:2023,current_liabilities,87,1693528592.95,True,consolidated,CNY yuan
002125.SZ:2023,liabilities,88,2707333006.13,True,consolidated,CNY yuan
002125.SZ:2023,equity,88,2427114712.42,True,consolidated,CNY yuan
002125.SZ:2023,revenue,90,2100302864.42,True,consolidated,CNY yuan
002125.SZ:2023,management_expense,91,156649565.94,True,consolidated,CNY yuan
002125.SZ:2023,operating_profit,91,434139726.58,True,consolidated,CNY yuan
002125.SZ:2023,net_profit,91,403403110.09,True,consolidated,CNY yuan
002125.SZ:2023,ocf,94,240713079.28,True,consolidated,CNY yuan
002140.SZ:2023,receivables,113,723680220.85,True,consolidated,CNY yuan
002140.SZ:2023,inventory,113,151934081.78,True,consolidated,CNY yuan
002140.SZ:2023,current_assets,113,8273921448.46,True,consolidated,CNY yuan
002140.SZ:2023,assets,114,11747967687.96,True,consolidated,CNY yuan
002140.SZ:2023,current_liabilities,114,6505849447.91,True,consolidated,CNY yuan
002140.SZ:2023,liabilities,115,7807010683.60,True,consolidated,CNY yuan
002140.SZ:2023,equity,115,3940957004.36,True,consolidated,CNY yuan
002140.SZ:2023,revenue,117,6234035308.72,True,consolidated,CNY yuan
002140.SZ:2023,management_expense,118,108774566.10,True,consolidated,CNY yuan
002140.SZ:2023,operating_profit,118,352721813.11,True,consolidated,CNY yuan
002140.SZ:2023,net_profit,118,301459873.28,True,consolidated,CNY yuan
002140.SZ:2023,ocf,121,437815728.73,True,consolidated,CNY yuan
002141.SZ:2023,receivables,65,23255540.52,True,consolidated,CNY yuan
002141.SZ:2023,inventory,65,30371582.36,True,consolidated,CNY yuan
002141.SZ:2023,current_assets,65,761626922.95,True,consolidated,CNY yuan
002141.SZ:2023,assets,66,1343332102.28,True,consolidated,CNY yuan
002141.SZ:2023,current_liabilities,67,98238788.49,True,consolidated,CNY yuan
002141.SZ:2023,liabilities,67,124403793.49,True,consolidated,CNY yuan
002141.SZ:2023,equity,67,1218928308.79,True,consolidated,CNY yuan
002141.SZ:2023,revenue,69,885746851.76,True,consolidated,CNY yuan
002141.SZ:2023,management_expense,70,90774266.40,True,consolidated,CNY yuan
002141.SZ:2023,operating_profit,70,225296769.85,True,consolidated,CNY yuan
002141.SZ:2023,net_profit,70,237352097.59,True,consolidated,CNY yuan
002141.SZ:2023,ocf,72,20900600.38,True,consolidated,CNY yuan
002154.SZ:2023,receivables,76,605616292.05,True,consolidated,CNY yuan
002154.SZ:2023,inventory,76,1179016835.76,True,consolidated,CNY yuan
002154.SZ:2023,current_assets,76,3667116896.15,True,consolidated,CNY yuan
002154.SZ:2023,assets,77,5990458688.35,True,consolidated,CNY yuan
002154.SZ:2023,current_liabilities,77,1831988116.97,True,consolidated,CNY yuan
002154.SZ:2023,liabilities,78,1941639679.17,True,consolidated,CNY yuan
002154.SZ:2023,equity,78,4048819009.18,True,consolidated,CNY yuan
002154.SZ:2023,revenue,80,4312763563.85,True,consolidated,CNY yuan
002154.SZ:2023,management_expense,81,279096239.90,True,consolidated,CNY yuan
002154.SZ:2023,operating_profit,81,603519720.11,True,consolidated,CNY yuan
002154.SZ:2023,net_profit,81,476047470.59,True,consolidated,CNY yuan
002154.SZ:2023,ocf,84,515309797.86,True,consolidated,CNY yuan
002160.SZ:2023,receivables,68,1479396339.92,True,consolidated,CNY yuan
002160.SZ:2023,inventory,68,2139834246.42,True,consolidated,CNY yuan
002160.SZ:2023,current_assets,68,5747377850.90,True,consolidated,CNY yuan
002160.SZ:2023,assets,69,8370560896.88,True,consolidated,CNY yuan
002160.SZ:2023,current_liabilities,69,4464634180.23,True,consolidated,CNY yuan
002160.SZ:2023,liabilities,69,4781317805.24,True,consolidated,CNY yuan
002160.SZ:2023,equity,70,3589243091.64,True,consolidated,CNY yuan
002160.SZ:2023,revenue,72,6784808655.03,True,consolidated,CNY yuan
002160.SZ:2023,management_expense,72,159225173.69,True,consolidated,CNY yuan
002160.SZ:2023,operating_profit,73,-361719430.97,True,consolidated,CNY yuan
002160.SZ:2023,net_profit,73,-371706311.90,True,consolidated,CNY yuan
002160.SZ:2023,ocf,76,-143001619.31,True,consolidated,CNY yuan
002169.SZ:2023,receivables,125,988375567.95,True,consolidated,CNY yuan
002169.SZ:2023,inventory,125,504989193.04,True,consolidated,CNY yuan
002169.SZ:2023,current_assets,125,2930397175.77,True,consolidated,CNY yuan
002169.SZ:2023,assets,125,6436817013.97,True,consolidated,CNY yuan
002169.SZ:2023,current_liabilities,126,2611620693.27,True,consolidated,CNY yuan
002169.SZ:2023,liabilities,126,3008897658.34,True,consolidated,CNY yuan
002169.SZ:2023,equity,127,3427919355.63,True,consolidated,CNY yuan
002169.SZ:2023,revenue,129,2351960733.79,True,consolidated,CNY yuan
002169.SZ:2023,management_expense,129,167094858.35,True,consolidated,CNY yuan
002169.SZ:2023,operating_profit,130,72965652.89,True,consolidated,CNY yuan
002169.SZ:2023,net_profit,130,32105534.39,True,consolidated,CNY yuan
002169.SZ:2023,ocf,133,225227277.94,True,consolidated,CNY yuan
002181.SZ:2023,receivables,76,96895366.38,True,consolidated,CNY yuan
002181.SZ:2023,inventory,77,58596246.65,True,consolidated,CNY yuan
002181.SZ:2023,current_assets,77,1579820278.48,True,consolidated,CNY yuan
002181.SZ:2023,assets,77,5554468303.80,True,consolidated,CNY yuan
002181.SZ:2023,current_liabilities,78,421000705.34,True,consolidated,CNY yuan
002181.SZ:2023,liabilities,78,1064378357.29,True,consolidated,CNY yuan
002181.SZ:2023,equity,78,4490089946.51,True,consolidated,CNY yuan
002181.SZ:2023,revenue,81,546143993.63,True,consolidated,CNY yuan
002181.SZ:2023,management_expense,81,133463857.63,True,consolidated,CNY yuan
002181.SZ:2023,operating_profit,81,43464136.45,True,consolidated,CNY yuan
002181.SZ:2023,net_profit,82,44423474.43,True,consolidated,CNY yuan
002181.SZ:2023,ocf,85,-527895315.17,True,consolidated,CNY yuan
002185.SZ:2023,receivables,83,1700515939.61,True,consolidated,CNY yuan
002185.SZ:2023,inventory,83,2253772343.44,True,consolidated,CNY yuan
002185.SZ:2023,current_assets,83,9901108922.33,True,consolidated,CNY yuan
002185.SZ:2023,assets,84,30971431803.80,True,consolidated,CNY yuan
002185.SZ:2023,current_liabilities,84,8151019222.65,True,consolidated,CNY yuan
002185.SZ:2023,liabilities,85,11773015112.33,True,consolidated,CNY yuan
002185.SZ:2023,equity,85,19198416691.47,True,consolidated,CNY yuan
002185.SZ:2023,revenue,87,11905960519.12,True,consolidated,CNY yuan
002185.SZ:2023,management_expense,88,568827078.74,True,consolidated,CNY yuan
002185.SZ:2023,operating_profit,88,1076897219.75,True,consolidated,CNY yuan
002185.SZ:2023,net_profit,88,1022618589.00,True,consolidated,CNY yuan
002185.SZ:2023,ocf,90,2877164434.94,True,consolidated,CNY yuan
002198.SZ:2023,receivables,83,146026800.41,True,consolidated,CNY yuan
002198.SZ:2023,inventory,83,82284816.35,True,consolidated,CNY yuan
002198.SZ:2023,current_assets,83,557432509.74,True,consolidated,CNY yuan
002198.SZ:2023,assets,84,846650977.26,True,consolidated,CNY yuan
002198.SZ:2023,current_liabilities,84,82947126.75,True,consolidated,CNY yuan
002198.SZ:2023,liabilities,85,118232962.76,True,consolidated,CNY yuan
002198.SZ:2023,equity,85,728418014.50,True,consolidated,CNY yuan
002198.SZ:2023,revenue,87,659195732.41,True,consolidated,CNY yuan
002198.SZ:2023,management_expense,88,43733214.35,True,consolidated,CNY yuan
002198.SZ:2023,operating_profit,88,53884343.16,True,consolidated,CNY yuan
002198.SZ:2023,net_profit,88,43934703.72,True,consolidated,CNY yuan
002198.SZ:2023,ocf,91,27154401.73,True,consolidated,CNY yuan
002212.SZ:2023,receivables,122,2746782310.98,True,consolidated,CNY yuan
002212.SZ:2023,inventory,122,572930826.18,True,consolidated,CNY yuan
002212.SZ:2023,current_assets,122,4842904218.70,True,consolidated,CNY yuan
002212.SZ:2023,assets,123,11985841800.54,True,consolidated,CNY yuan
002212.SZ:2023,current_liabilities,123,2000290477.65,True,consolidated,CNY yuan
002212.SZ:2023,liabilities,124,2205033949.19,True,consolidated,CNY yuan
002212.SZ:2023,equity,124,9780807851.35,True,consolidated,CNY yuan
002212.SZ:2023,revenue,126,3543003938.99,True,consolidated,CNY yuan
002212.SZ:2023,management_expense,127,322204871.91,True,consolidated,CNY yuan
002212.SZ:2023,operating_profit,127,244968206.36,True,consolidated,CNY yuan
002212.SZ:2023,net_profit,127,205204287.03,True,consolidated,CNY yuan
002212.SZ:2023,ocf,130,-271077474.97,True,consolidated,CNY yuan
002223.SZ:2023,receivables,80,646765672.44,True,consolidated,CNY yuan
002223.SZ:2023,inventory,80,1508980710.39,True,consolidated,CNY yuan
002223.SZ:2023,current_assets,80,9873149047.46,True,consolidated,CNY yuan
002223.SZ:2023,assets,81,15095211328.39,True,consolidated,CNY yuan
002223.SZ:2023,current_liabilities,81,3186156606.96,True,consolidated,CNY yuan
002223.SZ:2023,liabilities,81,5028778755.54,True,consolidated,CNY yuan
002223.SZ:2023,equity,82,10066432572.85,True,consolidated,CNY yuan
002223.SZ:2023,revenue,84,7101679159.74,True,consolidated,CNY yuan
002223.SZ:2023,management_expense,84,420342838.08,True,consolidated,CNY yuan
002223.SZ:2023,operating_profit,85,1841803568.59,True,consolidated,CNY yuan
002223.SZ:2023,net_profit,85,1572689889.13,True,consolidated,CNY yuan
002223.SZ:2023,ocf,88,2304919408.76,True,consolidated,CNY yuan
002224.SZ:2023,receivables,64,77183166.37,True,consolidated,CNY yuan
002224.SZ:2023,inventory,64,298076482.20,True,consolidated,CNY yuan
002224.SZ:2023,current_assets,65,1696002221.27,True,consolidated,CNY yuan
002224.SZ:2023,assets,65,3018414319.42,True,consolidated,CNY yuan
002224.SZ:2023,current_liabilities,66,198580186.48,True,consolidated,CNY yuan
002224.SZ:2023,liabilities,66,507636059.66,True,consolidated,CNY yuan
002224.SZ:2023,equity,66,2510778259.76,True,consolidated,CNY yuan
002224.SZ:2023,revenue,69,864560009.48,True,consolidated,CNY yuan
002224.SZ:2023,management_expense,69,90847302.52,True,consolidated,CNY yuan
002224.SZ:2023,operating_profit,69,83546594.85,True,consolidated,CNY yuan
002224.SZ:2023,net_profit,70,67250279.51,True,consolidated,CNY yuan
002224.SZ:2023,ocf,72,89783410.95,True,consolidated,CNY yuan
002227.SZ:2023,receivables,89,120436869.47,True,consolidated,CNY yuan
002227.SZ:2023,inventory,89,187415190.97,True,consolidated,CNY yuan
002227.SZ:2023,current_assets,89,629887304.69,True,consolidated,CNY yuan
002227.SZ:2023,assets,90,1554735492.66,True,consolidated,CNY yuan
002227.SZ:2023,current_liabilities,91,228127528.76,True,consolidated,CNY yuan
002227.SZ:2023,liabilities,92,454354195.16,True,consolidated,CNY yuan
002227.SZ:2023,equity,92,1100381297.50,True,consolidated,CNY yuan
002227.SZ:2023,revenue,95,311918353.19,True,consolidated,CNY yuan
002227.SZ:2023,management_expense,96,38222567.93,True,consolidated,CNY yuan
002227.SZ:2023,operating_profit,96,-40054755.00,True,consolidated,CNY yuan
002227.SZ:2023,net_profit,96,-40633086.42,True,consolidated,CNY yuan
002227.SZ:2023,ocf,100,-41668781.51,True,consolidated,CNY yuan
002246.SZ:2023,receivables,96,474667879.50,True,consolidated,CNY yuan
002246.SZ:2023,inventory,96,428004832.38,True,consolidated,CNY yuan
002246.SZ:2023,current_assets,96,3202913107.56,True,consolidated,CNY yuan
002246.SZ:2023,assets,97,4723608369.47,True,consolidated,CNY yuan
002246.SZ:2023,current_liabilities,97,1548959682.68,True,consolidated,CNY yuan
002246.SZ:2023,liabilities,98,1688670876.39,True,consolidated,CNY yuan
002246.SZ:2023,equity,98,3034937493.08,True,consolidated,CNY yuan
002246.SZ:2023,revenue,100,2558664885.79,True,consolidated,CNY yuan
002246.SZ:2023,management_expense,101,241925072.60,True,consolidated,CNY yuan
002246.SZ:2023,operating_profit,101,90859942.49,True,consolidated,CNY yuan
002246.SZ:2023,net_profit,101,88888352.62,True,consolidated,CNY yuan
002246.SZ:2023,ocf,104,109020551.57,True,consolidated,CNY yuan
002249.SZ:2023,receivables,87,2327696406.74,True,consolidated,CNY yuan
002249.SZ:2023,inventory,87,2433494085.60,True,consolidated,CNY yuan
002249.SZ:2023,current_assets,87,9777451056.44,True,consolidated,CNY yuan
002249.SZ:2023,assets,88,15161564990.43,True,consolidated,CNY yuan
002249.SZ:2023,current_liabilities,88,5662454666.13,True,consolidated,CNY yuan
002249.SZ:2023,liabilities,89,6748889012.81,True,consolidated,CNY yuan
002249.SZ:2023,equity,89,8412675977.62,True,consolidated,CNY yuan
002249.SZ:2023,revenue,91,10930143732.83,True,consolidated,CNY yuan
002249.SZ:2023,management_expense,91,739918721.29,True,consolidated,CNY yuan
002249.SZ:2023,operating_profit,92,591481384.17,True,consolidated,CNY yuan
002249.SZ:2023,net_profit,92,424841716.90,True,consolidated,CNY yuan
002249.SZ:2023,ocf,94,1426093930.45,True,consolidated,CNY yuan
002254.SZ:2023,receivables,93,166957395.45,True,consolidated,CNY yuan
002254.SZ:2023,inventory,93,718962574.09,True,consolidated,CNY yuan
002254.SZ:2023,current_assets,93,4056447744.43,True,consolidated,CNY yuan
002254.SZ:2023,assets,94,10033134313.78,True,consolidated,CNY yuan
002254.SZ:2023,current_liabilities,94,4002505448.12,True,consolidated,CNY yuan
002254.SZ:2023,liabilities,95,5430167150.10,True,consolidated,CNY yuan
002254.SZ:2023,equity,95,4602967163.68,True,consolidated,CNY yuan
002254.SZ:2023,revenue,97,3750126957.02,True,consolidated,CNY yuan
002254.SZ:2023,management_expense,98,209345285.51,True,consolidated,CNY yuan
002254.SZ:2023,operating_profit,98,522669473.39,True,consolidated,CNY yuan
002254.SZ:2023,net_profit,98,484833482.20,True,consolidated,CNY yuan
002254.SZ:2023,ocf,100,472161645.63,True,consolidated,CNY yuan
002255.SZ:2023,receivables,79,932999273.03,True,consolidated,CNY yuan
002255.SZ:2023,inventory,79,1365795861.54,True,consolidated,CNY yuan
002255.SZ:2023,current_assets,79,4037136735.22,True,consolidated,CNY yuan
002255.SZ:2023,assets,80,6005094610.33,True,consolidated,CNY yuan
002255.SZ:2023,current_liabilities,80,2431353481.01,True,consolidated,CNY yuan
002255.SZ:2023,liabilities,81,2601704747.93,True,consolidated,CNY yuan
002255.SZ:2023,equity,81,3403389862.40,True,consolidated,CNY yuan
002255.SZ:2023,revenue,83,2364807791.16,True,consolidated,CNY yuan
002255.SZ:2023,management_expense,83,88387812.26,True,consolidated,CNY yuan
002255.SZ:2023,operating_profit,84,370419069.59,True,consolidated,CNY yuan
002255.SZ:2023,net_profit,84,349428587.22,True,consolidated,CNY yuan
002255.SZ:2023,ocf,87,498009072.67,True,consolidated,CNY yuan
002256.SZ:2023,receivables,74,154434647.09,True,consolidated,CNY yuan
002256.SZ:2023,inventory,74,18256585.06,True,consolidated,CNY yuan
002256.SZ:2023,current_assets,74,633898615.44,True,consolidated,CNY yuan
002256.SZ:2023,assets,74,1961749336.18,True,consolidated,CNY yuan
002256.SZ:2023,current_liabilities,75,639311987.31,True,consolidated,CNY yuan
002256.SZ:2023,liabilities,75,728083351.87,True,consolidated,CNY yuan
002256.SZ:2023,equity,76,1233665984.31,True,consolidated,CNY yuan
002256.SZ:2023,revenue,78,301322691.90,True,consolidated,CNY yuan
002256.SZ:2023,management_expense,78,210113660.01,True,consolidated,CNY yuan
002256.SZ:2023,operating_profit,79,-117616546.12,True,consolidated,CNY yuan
002256.SZ:2023,net_profit,79,-27504179.20,True,consolidated,CNY yuan
002256.SZ:2023,ocf,82,15331327.97,True,consolidated,CNY yuan
002265.SZ:2023,receivables,69,719259157.49,True,consolidated,CNY yuan
002265.SZ:2023,inventory,69,864227317.39,True,consolidated,CNY yuan
002265.SZ:2023,current_assets,69,4179582277.63,True,consolidated,CNY yuan
002265.SZ:2023,assets,70,7117297428.03,True,consolidated,CNY yuan
002265.SZ:2023,current_liabilities,70,4286500459.02,True,consolidated,CNY yuan
002265.SZ:2023,liabilities,71,4989657147.37,True,consolidated,CNY yuan
002265.SZ:2023,equity,71,2127640280.66,True,consolidated,CNY yuan
002265.SZ:2023,revenue,73,4255879554.85,True,consolidated,CNY yuan
002265.SZ:2023,management_expense,74,292743614.96,True,consolidated,CNY yuan
002265.SZ:2023,operating_profit,74,232125625.87,True,consolidated,CNY yuan
002265.SZ:2023,net_profit,74,228865506.02,True,consolidated,CNY yuan
002265.SZ:2023,ocf,77,-543962816.89,True,consolidated,CNY yuan
002267.SZ:2023,receivables,70,265785771.11,True,consolidated,CNY yuan
002267.SZ:2023,inventory,70,187859814.80,True,consolidated,CNY yuan
002267.SZ:2023,current_assets,70,1889886431.64,True,consolidated,CNY yuan
002267.SZ:2023,assets,71,12997982822.68,True,consolidated,CNY yuan
002267.SZ:2023,current_liabilities,71,5249995636.36,True,consolidated,CNY yuan
002267.SZ:2023,liabilities,72,6408783482.05,True,consolidated,CNY yuan
002267.SZ:2023,equity,72,6589199340.63,True,consolidated,CNY yuan
002267.SZ:2023,revenue,74,8505667254.60,True,consolidated,CNY yuan
002267.SZ:2023,management_expense,75,174043291.40,True,consolidated,CNY yuan
002267.SZ:2023,operating_profit,75,765950497.77,True,consolidated,CNY yuan
002267.SZ:2023,net_profit,75,632922645.87,True,consolidated,CNY yuan
002267.SZ:2023,ocf,78,1125433671.94,True,consolidated,CNY yuan
002271.SZ:2023,receivables,198,10878566767.30,True,consolidated,CNY yuan
002271.SZ:2023,inventory,198,1574778289.08,True,consolidated,CNY yuan
002271.SZ:2023,current_assets,198,32346290148.18,True,consolidated,CNY yuan
002271.SZ:2023,assets,199,50555779624.44,True,consolidated,CNY yuan
002271.SZ:2023,current_liabilities,199,21961400110.46,True,consolidated,CNY yuan
002271.SZ:2023,liabilities,200,23367294474.66,True,consolidated,CNY yuan
002271.SZ:2023,equity,200,27188485149.78,True,consolidated,CNY yuan
002271.SZ:2023,revenue,202,31213835246.24,True,consolidated,CNY yuan
002271.SZ:2023,management_expense,203,1794863621.04,True,consolidated,CNY yuan
002271.SZ:2023,operating_profit,203,2579006491.18,True,consolidated,CNY yuan
002271.SZ:2023,net_profit,203,2117843197.99,True,consolidated,CNY yuan
002271.SZ:2023,ocf,206,654012763.96,True,consolidated,CNY yuan
002272.SZ:2023,receivables,67,1035435447.33,True,consolidated,CNY yuan
002272.SZ:2023,inventory,68,511695301.48,True,consolidated,CNY yuan
002272.SZ:2023,current_assets,68,2067009086.42,True,consolidated,CNY yuan
002272.SZ:2023,assets,68,3277689640.47,True,consolidated,CNY yuan
002272.SZ:2023,current_liabilities,69,1681497112.76,True,consolidated,CNY yuan
002272.SZ:2023,liabilities,69,1793246912.54,True,consolidated,CNY yuan
002272.SZ:2023,equity,70,1484442727.93,True,consolidated,CNY yuan
002272.SZ:2023,revenue,72,1698632219.46,True,consolidated,CNY yuan
002272.SZ:2023,management_expense,72,145575527.61,True,consolidated,CNY yuan
002272.SZ:2023,operating_profit,72,945592.23,True,consolidated,CNY yuan
002272.SZ:2023,net_profit,73,12325714.32,True,consolidated,CNY yuan
002272.SZ:2023,ocf,75,-103632148.70,True,consolidated,CNY yuan
002275.SZ:2023,receivables,99,72166517.86,True,consolidated,CNY yuan
002275.SZ:2023,inventory,99,244895888.42,True,consolidated,CNY yuan
002275.SZ:2023,current_assets,100,2296993425.99,True,consolidated,CNY yuan
002275.SZ:2023,assets,100,3964926749.15,True,consolidated,CNY yuan
002275.SZ:2023,current_liabilities,101,846936363.16,True,consolidated,CNY yuan
002275.SZ:2023,liabilities,101,1151594802.44,True,consolidated,CNY yuan
002275.SZ:2023,equity,101,2813331946.71,True,consolidated,CNY yuan
002275.SZ:2023,revenue,103,1959732845.90,True,consolidated,CNY yuan
002275.SZ:2023,management_expense,104,274334717.32,True,consolidated,CNY yuan
002275.SZ:2023,operating_profit,104,446781106.90,True,consolidated,CNY yuan
002275.SZ:2023,net_profit,104,329526519.63,True,consolidated,CNY yuan
002275.SZ:2023,ocf,107,528666938.97,True,consolidated,CNY yuan
002286.SZ:2023,receivables,90,234259204.26,True,consolidated,CNY yuan
002286.SZ:2023,inventory,90,335390465.63,True,consolidated,CNY yuan
002286.SZ:2023,current_assets,90,995776570.43,True,consolidated,CNY yuan
002286.SZ:2023,assets,91,3006135458.00,True,consolidated,CNY yuan
002286.SZ:2023,current_liabilities,91,759459969.43,True,consolidated,CNY yuan
002286.SZ:2023,liabilities,92,1001792603.74,True,consolidated,CNY yuan
002286.SZ:2023,equity,92,2004342854.26,True,consolidated,CNY yuan
002286.SZ:2023,revenue,94,2712745317.35,True,consolidated,CNY yuan
002286.SZ:2023,management_expense,95,93004967.58,True,consolidated,CNY yuan
002286.SZ:2023,operating_profit,95,160229544.76,True,consolidated,CNY yuan
002286.SZ:2023,net_profit,95,133168839.10,True,consolidated,CNY yuan
002286.SZ:2023,ocf,98,30821782.60,True,consolidated,CNY yuan
002290.SZ:2023,receivables,60,359162948.44,True,consolidated,CNY yuan
002290.SZ:2023,inventory,60,343748565.71,True,consolidated,CNY yuan
002290.SZ:2023,current_assets,60,1199471856.82,True,consolidated,CNY yuan
002290.SZ:2023,assets,61,1529187222.50,True,consolidated,CNY yuan
002290.SZ:2023,current_liabilities,61,586348442.57,True,consolidated,CNY yuan
002290.SZ:2023,liabilities,62,914720609.67,True,consolidated,CNY yuan
002290.SZ:2023,equity,62,614466612.83,True,consolidated,CNY yuan
002290.SZ:2023,revenue,64,2133261940.03,True,consolidated,CNY yuan
002290.SZ:2023,management_expense,64,42432031.50,True,consolidated,CNY yuan
002290.SZ:2023,operating_profit,65,80899652.96,True,consolidated,CNY yuan
002290.SZ:2023,net_profit,65,65931950.95,True,consolidated,CNY yuan
002290.SZ:2023,ocf,68,188992286.74,True,consolidated,CNY yuan
002293.SZ:2023,receivables,77,589155857.12,True,consolidated,CNY yuan
002293.SZ:2023,inventory,77,1636533574.44,True,consolidated,CNY yuan
002293.SZ:2023,current_assets,77,4386708728.61,True,consolidated,CNY yuan
002293.SZ:2023,assets,78,6981870366.64,True,consolidated,CNY yuan
002293.SZ:2023,current_liabilities,78,2123822762.53,True,consolidated,CNY yuan
002293.SZ:2023,liabilities,79,2787482135.19,True,consolidated,CNY yuan
002293.SZ:2023,equity,79,4194388231.45,True,consolidated,CNY yuan
002293.SZ:2023,revenue,81,5313811829.06,True,consolidated,CNY yuan
002293.SZ:2023,management_expense,81,357637626.98,True,consolidated,CNY yuan
002293.SZ:2023,operating_profit,82,672298538.63,True,consolidated,CNY yuan
002293.SZ:2023,net_profit,82,573487399.73,True,consolidated,CNY yuan
002293.SZ:2023,ocf,84,431661981.67,True,consolidated,CNY yuan
002294.SZ:2023,receivables,146,499970782.39,True,consolidated,CNY yuan
002294.SZ:2023,inventory,146,543534405.19,True,consolidated,CNY yuan
002294.SZ:2023,current_assets,146,4711415760.63,True,consolidated,CNY yuan
002294.SZ:2023,assets,147,9755121609.89,True,consolidated,CNY yuan
002294.SZ:2023,current_liabilities,147,1603635828.99,True,consolidated,CNY yuan
002294.SZ:2023,liabilities,148,1778575769.91,True,consolidated,CNY yuan
002294.SZ:2023,equity,148,7976545839.98,True,consolidated,CNY yuan
002294.SZ:2023,revenue,150,3482011378.10,True,consolidated,CNY yuan
002294.SZ:2023,management_expense,151,237563054.21,True,consolidated,CNY yuan
002294.SZ:2023,operating_profit,151,727435986.77,True,consolidated,CNY yuan
002294.SZ:2023,net_profit,151,634217629.93,True,consolidated,CNY yuan
002294.SZ:2023,ocf,154,970804863.11,True,consolidated,CNY yuan
002297.SZ:2023,receivables,60,233661969.38,True,consolidated,CNY yuan
002297.SZ:2023,inventory,60,476228011.09,True,consolidated,CNY yuan
002297.SZ:2023,current_assets,60,1450000437.45,True,consolidated,CNY yuan
002297.SZ:2023,assets,61,2685958277.62,True,consolidated,CNY yuan
002297.SZ:2023,current_liabilities,61,404097311.27,True,consolidated,CNY yuan
002297.SZ:2023,liabilities,62,573761889.56,True,consolidated,CNY yuan
002297.SZ:2023,equity,62,2112196388.06,True,consolidated,CNY yuan
002297.SZ:2023,revenue,64,557416594.58,True,consolidated,CNY yuan
002297.SZ:2023,management_expense,65,53020113.68,True,consolidated,CNY yuan
002297.SZ:2023,operating_profit,65,29663947.69,True,consolidated,CNY yuan
002297.SZ:2023,net_profit,65,24315553.18,True,consolidated,CNY yuan
002297.SZ:2023,ocf,68,43349602.06,True,consolidated,CNY yuan
002308.SZ:2023,receivables,72,129213117.02,True,consolidated,CNY yuan
002308.SZ:2023,inventory,72,116577105.75,True,consolidated,CNY yuan
002308.SZ:2023,current_assets,72,2032405127.04,True,consolidated,CNY yuan
002308.SZ:2023,assets,73,2338705512.34,True,consolidated,CNY yuan
002308.SZ:2023,current_liabilities,73,246209581.96,True,consolidated,CNY yuan
002308.SZ:2023,liabilities,74,365352971.99,True,consolidated,CNY yuan
002308.SZ:2023,equity,74,1973352540.35,True,consolidated,CNY yuan
002308.SZ:2023,revenue,76,514534867.78,True,consolidated,CNY yuan
002308.SZ:2023,management_expense,77,96728291.56,True,consolidated,CNY yuan
002308.SZ:2023,operating_profit,77,25571990.44,True,consolidated,CNY yuan
002308.SZ:2023,net_profit,77,41923028.54,True,consolidated,CNY yuan
002308.SZ:2023,ocf,80,65585421.11,True,consolidated,CNY yuan
002310.SZ:2023,receivables,104,7775398433.24,True,consolidated,CNY yuan
002310.SZ:2023,inventory,104,425900023.36,True,consolidated,CNY yuan
002310.SZ:2023,current_assets,104,22417885177.73,True,consolidated,CNY yuan
002310.SZ:2023,assets,105,40772549705.46,True,consolidated,CNY yuan
002310.SZ:2023,current_liabilities,106,29207661418.33,True,consolidated,CNY yuan
002310.SZ:2023,liabilities,106,34718025220.34,True,consolidated,CNY yuan
002310.SZ:2023,equity,106,6054524485.12,True,consolidated,CNY yuan
002310.SZ:2023,revenue,108,3373160057.94,True,consolidated,CNY yuan
002310.SZ:2023,management_expense,109,550345349.37,True,consolidated,CNY yuan
002310.SZ:2023,operating_profit,109,-5594799438.78,True,consolidated,CNY yuan
002310.SZ:2023,net_profit,109,-6110905739.27,True,consolidated,CNY yuan
002310.SZ:2023,ocf,112,-271903170.46,True,consolidated,CNY yuan
002316.SZ:2023,receivables,73,314806106.52,True,consolidated,CNY yuan
002316.SZ:2023,inventory,73,190831025.91,True,consolidated,CNY yuan
002316.SZ:2023,current_assets,73,757121076.67,True,consolidated,CNY yuan
002316.SZ:2023,assets,74,908107401.78,True,consolidated,CNY yuan
002316.SZ:2023,current_liabilities,74,845594038.34,True,consolidated,CNY yuan
002316.SZ:2023,liabilities,75,846928966.12,True,consolidated,CNY yuan
002316.SZ:2023,equity,75,61178435.66,True,consolidated,CNY yuan
002316.SZ:2023,revenue,77,1656994058.47,True,consolidated,CNY yuan
002316.SZ:2023,management_expense,77,130332775.08,True,consolidated,CNY yuan
002316.SZ:2023,operating_profit,78,-47274483.22,True,consolidated,CNY yuan
002316.SZ:2023,net_profit,78,-69141668.11,True,consolidated,CNY yuan
002316.SZ:2023,ocf,81,172198247.93,True,consolidated,CNY yuan
002320.SZ:2023,receivables,86,18163140.39,True,consolidated,CNY yuan
002320.SZ:2023,inventory,86,52958433.34,True,consolidated,CNY yuan
002320.SZ:2023,current_assets,87,1856996185.94,True,consolidated,CNY yuan
002320.SZ:2023,assets,87,7606516011.59,True,consolidated,CNY yuan
002320.SZ:2023,current_liabilities,88,579068538.91,True,consolidated,CNY yuan
002320.SZ:2023,liabilities,88,1216489257.38,True,consolidated,CNY yuan
002320.SZ:2023,equity,88,6390026754.21,True,consolidated,CNY yuan
002320.SZ:2023,revenue,90,2963471600.54,True,consolidated,CNY yuan
002320.SZ:2023,management_expense,91,326986215.85,True,consolidated,CNY yuan
002320.SZ:2023,operating_profit,91,829062997.06,True,consolidated,CNY yuan
002320.SZ:2023,net_profit,92,662605195.50,True,consolidated,CNY yuan
002320.SZ:2023,ocf,94,1407069810.70,True,consolidated,CNY yuan
002325.SZ:2023,receivables,89,2421419058.23,True,consolidated,CNY yuan
002325.SZ:2023,inventory,89,11795921.96,True,consolidated,CNY yuan
002325.SZ:2023,current_assets,89,6387344839.88,True,consolidated,CNY yuan
002325.SZ:2023,assets,90,8392763773.24,True,consolidated,CNY yuan
002325.SZ:2023,current_liabilities,91,5299403292.03,True,consolidated,CNY yuan
002325.SZ:2023,liabilities,91,5309101292.03,True,consolidated,CNY yuan
002325.SZ:2023,equity,91,3083662481.21,True,consolidated,CNY yuan
002325.SZ:2023,revenue,93,1330667633.09,True,consolidated,CNY yuan
002325.SZ:2023,management_expense,94,135875049.16,True,consolidated,CNY yuan
002325.SZ:2023,operating_profit,94,-863939046.80,True,consolidated,CNY yuan
002325.SZ:2023,net_profit,94,-749083843.14,True,consolidated,CNY yuan
002325.SZ:2023,ocf,97,-373624405.11,True,consolidated,CNY yuan
002332.SZ:2023,receivables,92,553595447.76,True,consolidated,CNY yuan
002332.SZ:2023,inventory,92,890504897.05,True,consolidated,CNY yuan
002332.SZ:2023,current_assets,92,3434294202.63,True,consolidated,CNY yuan
002332.SZ:2023,assets,93,6738173286.59,True,consolidated,CNY yuan
002332.SZ:2023,current_liabilities,93,969067040.15,True,consolidated,CNY yuan
002332.SZ:2023,liabilities,94,1230731357.94,True,consolidated,CNY yuan
002332.SZ:2023,equity,94,5507441928.65,True,consolidated,CNY yuan
002332.SZ:2023,revenue,96,4379825695.88,True,consolidated,CNY yuan
002332.SZ:2023,management_expense,97,269603644.58,True,consolidated,CNY yuan
002332.SZ:2023,operating_profit,97,878597005.38,True,consolidated,CNY yuan
002332.SZ:2023,net_profit,97,747385570.30,True,consolidated,CNY yuan
002332.SZ:2023,ocf,100,609284602.26,True,consolidated,CNY yuan
002340.SZ:2023,receivables,186,5339305492.19,True,consolidated,CNY yuan
002340.SZ:2023,inventory,186,7662479789.99,True,consolidated,CNY yuan
002340.SZ:2023,current_assets,186,22044841659.78,True,consolidated,CNY yuan
002340.SZ:2023,assets,187,44129607400.43,True,consolidated,CNY yuan
002340.SZ:2023,current_liabilities,187,15091107400.51,True,consolidated,CNY yuan
002340.SZ:2023,liabilities,188,23258111918.45,True,consolidated,CNY yuan
002340.SZ:2023,equity,188,20871495481.98,True,consolidated,CNY yuan
002340.SZ:2023,revenue,190,29391772691.52,True,consolidated,CNY yuan
002340.SZ:2023,management_expense,191,705849741.00,True,consolidated,CNY yuan
002340.SZ:2023,operating_profit,191,1551679078.97,True,consolidated,CNY yuan
002340.SZ:2023,net_profit,191,1332497883.60,True,consolidated,CNY yuan
002340.SZ:2023,ocf,194,-17303453.52,True,consolidated,CNY yuan
002346.SZ:2023,receivables,62,495911629.71,True,consolidated,CNY yuan
002346.SZ:2023,inventory,62,215787188.74,True,consolidated,CNY yuan
002346.SZ:2023,current_assets,62,902792347.50,True,consolidated,CNY yuan
002346.SZ:2023,assets,63,4084483314.03,True,consolidated,CNY yuan
002346.SZ:2023,current_liabilities,63,964237472.13,True,consolidated,CNY yuan
002346.SZ:2023,liabilities,64,1374419611.41,True,consolidated,CNY yuan
002346.SZ:2023,equity,64,2710063702.62,True,consolidated,CNY yuan
002346.SZ:2023,revenue,66,725613038.84,True,consolidated,CNY yuan
002346.SZ:2023,management_expense,66,48606484.46,True,consolidated,CNY yuan
002346.SZ:2023,operating_profit,67,581773446.81,True,consolidated,CNY yuan
002346.SZ:2023,net_profit,67,432221776.20,True,consolidated,CNY yuan
002346.SZ:2023,ocf,69,55848075.21,True,consolidated,CNY yuan
002350.SZ:2023,receivables,89,795501681.03,True,consolidated,CNY yuan
002350.SZ:2023,inventory,89,400889287.87,True,consolidated,CNY yuan
002350.SZ:2023,current_assets,90,2044279891.95,True,consolidated,CNY yuan
002350.SZ:2023,assets,90,3354191502.53,True,consolidated,CNY yuan
002350.SZ:2023,current_liabilities,91,1354242970.13,True,consolidated,CNY yuan
002350.SZ:2023,liabilities,91,1404074112.48,True,consolidated,CNY yuan
002350.SZ:2023,equity,91,1950117390.05,True,consolidated,CNY yuan
002350.SZ:2023,revenue,93,2176684246.04,True,consolidated,CNY yuan
002350.SZ:2023,management_expense,94,138191702.61,True,consolidated,CNY yuan
002350.SZ:2023,operating_profit,94,22097540.15,True,consolidated,CNY yuan
002350.SZ:2023,net_profit,94,15467652.02,True,consolidated,CNY yuan
002350.SZ:2023,ocf,97,165878174.86,True,consolidated,CNY yuan
002360.SZ:2023,receivables,64,168822564.49,True,consolidated,CNY yuan
002360.SZ:2023,inventory,65,55122953.15,True,consolidated,CNY yuan
002360.SZ:2023,current_assets,65,867134892.35,True,consolidated,CNY yuan
002360.SZ:2023,assets,65,3001505600.79,True,consolidated,CNY yuan
002360.SZ:2023,current_liabilities,66,928383132.13,True,consolidated,CNY yuan
002360.SZ:2023,liabilities,66,1249708259.23,True,consolidated,CNY yuan
002360.SZ:2023,equity,66,1751797341.56,True,consolidated,CNY yuan
002360.SZ:2023,revenue,69,1090095464.82,True,consolidated,CNY yuan
002360.SZ:2023,management_expense,69,119526503.11,True,consolidated,CNY yuan
002360.SZ:2023,operating_profit,69,225962900.44,True,consolidated,CNY yuan
002360.SZ:2023,net_profit,70,184188620.29,True,consolidated,CNY yuan
002360.SZ:2023,ocf,73,321527480.13,True,consolidated,CNY yuan
002364.SZ:2023,receivables,64,954428418.16,True,consolidated,CNY yuan
002364.SZ:2023,inventory,65,661099787.66,True,consolidated,CNY yuan
002364.SZ:2023,current_assets,65,2282795463.19,True,consolidated,CNY yuan
002364.SZ:2023,assets,65,3273661195.42,True,consolidated,CNY yuan
002364.SZ:2023,current_liabilities,66,1005700263.82,True,consolidated,CNY yuan
002364.SZ:2023,liabilities,66,1021282818.65,True,consolidated,CNY yuan
002364.SZ:2023,equity,67,2252378376.77,True,consolidated,CNY yuan
002364.SZ:2023,revenue,69,1609100893.93,True,consolidated,CNY yuan
002364.SZ:2023,management_expense,69,96495279.80,True,consolidated,CNY yuan
002364.SZ:2023,operating_profit,70,-67637891.79,True,consolidated,CNY yuan
002364.SZ:2023,net_profit,70,-56494420.47,True,consolidated,CNY yuan
002364.SZ:2023,ocf,73,156163413.95,True,consolidated,CNY yuan
002365.SZ:2023,receivables,78,172942083.99,True,consolidated,CNY yuan
002365.SZ:2023,inventory,78,149597978.67,True,consolidated,CNY yuan
002365.SZ:2023,current_assets,79,1195344274.49,True,consolidated,CNY yuan
002365.SZ:2023,assets,79,2424179175.81,True,consolidated,CNY yuan
002365.SZ:2023,current_liabilities,80,285127152.95,True,consolidated,CNY yuan
002365.SZ:2023,liabilities,80,321173058.41,True,consolidated,CNY yuan
002365.SZ:2023,equity,80,2103006117.40,True,consolidated,CNY yuan
002365.SZ:2023,revenue,82,1462447548.32,True,consolidated,CNY yuan
002365.SZ:2023,management_expense,83,147274569.22,True,consolidated,CNY yuan
002365.SZ:2023,operating_profit,83,152402521.08,True,consolidated,CNY yuan
002365.SZ:2023,net_profit,83,132720371.92,True,consolidated,CNY yuan
002365.SZ:2023,ocf,86,387279801.68,True,consolidated,CNY yuan
002374.SZ:2023,receivables,75,1519478780.39,True,consolidated,CNY yuan
002374.SZ:2023,inventory,75,171526427.67,True,consolidated,CNY yuan
002374.SZ:2023,current_assets,75,2332250246.01,True,consolidated,CNY yuan
002374.SZ:2023,assets,76,3857806571.25,True,consolidated,CNY yuan
002374.SZ:2023,current_liabilities,76,1794600621.41,True,consolidated,CNY yuan
002374.SZ:2023,liabilities,77,2533606579.95,True,consolidated,CNY yuan
002374.SZ:2023,equity,77,1324199991.30,True,consolidated,CNY yuan
002374.SZ:2023,revenue,79,840607543.50,True,consolidated,CNY yuan
002374.SZ:2023,management_expense,80,103564199.92,True,consolidated,CNY yuan
002374.SZ:2023,operating_profit,80,-804914701.04,True,consolidated,CNY yuan
002374.SZ:2023,net_profit,80,-841872419.36,True,consolidated,CNY yuan
002374.SZ:2023,ocf,82,27718901.82,True,consolidated,CNY yuan
002378.SZ:2023,receivables,102,259398246.19,True,consolidated,CNY yuan
002378.SZ:2023,inventory,102,1417212944.70,True,consolidated,CNY yuan
002378.SZ:2023,current_assets,102,2600302953.45,True,consolidated,CNY yuan
002378.SZ:2023,assets,103,4791738750.76,True,consolidated,CNY yuan
002378.SZ:2023,current_liabilities,103,1856014417.06,True,consolidated,CNY yuan
002378.SZ:2023,liabilities,104,2786076647.12,True,consolidated,CNY yuan
002378.SZ:2023,equity,104,2005662103.64,True,consolidated,CNY yuan
002378.SZ:2023,revenue,106,3203373048.00,True,consolidated,CNY yuan
002378.SZ:2023,management_expense,107,136069072.70,True,consolidated,CNY yuan
002378.SZ:2023,operating_profit,107,234162139.38,True,consolidated,CNY yuan
002378.SZ:2023,net_profit,107,202970652.08,True,consolidated,CNY yuan
002378.SZ:2023,ocf,110,209721360.10,True,consolidated,CNY yuan
002380.SZ:2023,receivables,63,578194953.71,True,consolidated,CNY yuan
002380.SZ:2023,inventory,63,651957434.93,True,consolidated,CNY yuan
002380.SZ:2023,current_assets,63,2292768129.81,True,consolidated,CNY yuan
002380.SZ:2023,assets,64,2965570404.98,True,consolidated,CNY yuan
002380.SZ:2023,current_liabilities,64,1247177315.54,True,consolidated,CNY yuan
002380.SZ:2023,liabilities,65,1296450871.77,True,consolidated,CNY yuan
002380.SZ:2023,equity,65,1669119533.21,True,consolidated,CNY yuan
002380.SZ:2023,revenue,67,1154337297.69,True,consolidated,CNY yuan
002380.SZ:2023,management_expense,68,74916616.56,True,consolidated,CNY yuan
002380.SZ:2023,operating_profit,68,-517378314.68,True,consolidated,CNY yuan
002380.SZ:2023,net_profit,68,-515193626.70,True,consolidated,CNY yuan
002380.SZ:2023,ocf,71,95026059.50,True,consolidated,CNY yuan
002382.SZ:2023,receivables,124,721197990.68,True,consolidated,CNY yuan
002382.SZ:2023,inventory,124,916759431.00,True,consolidated,CNY yuan
002382.SZ:2023,current_assets,124,4422781888.34,True,consolidated,CNY yuan
002382.SZ:2023,assets,125,15872538527.91,True,consolidated,CNY yuan
002382.SZ:2023,current_liabilities,125,2278678622.53,True,consolidated,CNY yuan
002382.SZ:2023,liabilities,126,5320608352.79,True,consolidated,CNY yuan
002382.SZ:2023,equity,126,10551930175.12,True,consolidated,CNY yuan
002382.SZ:2023,revenue,128,4900477569.52,True,consolidated,CNY yuan
002382.SZ:2023,management_expense,128,331272797.66,True,consolidated,CNY yuan
002382.SZ:2023,operating_profit,129,-402078902.25,True,consolidated,CNY yuan
002382.SZ:2023,net_profit,129,-372316309.14,True,consolidated,CNY yuan
002382.SZ:2023,ocf,132,494468136.59,True,consolidated,CNY yuan
002384.SZ:2023,receivables,61,7006411466.74,True,consolidated,CNY yuan
002384.SZ:2023,inventory,61,6165738409.09,True,consolidated,CNY yuan
002384.SZ:2023,current_assets,61,22273475861.10,True,consolidated,CNY yuan
002384.SZ:2023,assets,62,40531361181.17,True,consolidated,CNY yuan
002384.SZ:2023,current_liabilities,62,18067774189.65,True,consolidated,CNY yuan
002384.SZ:2023,liabilities,63,24125013732.56,True,consolidated,CNY yuan
002384.SZ:2023,equity,63,16406347448.61,True,consolidated,CNY yuan
002384.SZ:2023,revenue,65,31580146732.58,True,consolidated,CNY yuan
002384.SZ:2023,management_expense,66,815662486.89,True,consolidated,CNY yuan
002384.SZ:2023,operating_profit,66,2846532830.95,True,consolidated,CNY yuan
002384.SZ:2023,net_profit,66,2367259523.56,True,consolidated,CNY yuan
002384.SZ:2023,ocf,69,4629884011.38,True,consolidated,CNY yuan
002391.SZ:2023,receivables,87,536874098.38,True,consolidated,CNY yuan
002391.SZ:2023,inventory,87,1425315903.15,True,consolidated,CNY yuan
002391.SZ:2023,current_assets,87,3242128683.58,True,consolidated,CNY yuan
002391.SZ:2023,assets,88,7473984440.34,True,consolidated,CNY yuan
002391.SZ:2023,current_liabilities,88,1991933857.00,True,consolidated,CNY yuan
002391.SZ:2023,liabilities,89,2824130374.88,True,consolidated,CNY yuan
002391.SZ:2023,equity,89,4649854065.46,True,consolidated,CNY yuan
002391.SZ:2023,revenue,91,4243592763.47,True,consolidated,CNY yuan
002391.SZ:2023,management_expense,92,153515051.07,True,consolidated,CNY yuan
002391.SZ:2023,operating_profit,92,285059996.57,True,consolidated,CNY yuan
002391.SZ:2023,net_profit,92,263555171.63,True,consolidated,CNY yuan
002391.SZ:2023,ocf,94,845087235.03,True,consolidated,CNY yuan
002396.SZ:2023,receivables,80,1682181763.08,True,consolidated,CNY yuan
002396.SZ:2023,inventory,80,4705753669.86,True,consolidated,CNY yuan
002396.SZ:2023,current_assets,80,11278306721.50,True,consolidated,CNY yuan
002396.SZ:2023,assets,81,14446104964.16,True,consolidated,CNY yuan
002396.SZ:2023,current_liabilities,81,5534424358.80,True,consolidated,CNY yuan
002396.SZ:2023,liabilities,82,5763178327.51,True,consolidated,CNY yuan
002396.SZ:2023,equity,82,8682926636.65,True,consolidated,CNY yuan
002396.SZ:2023,revenue,84,15740570057.82,True,consolidated,CNY yuan
002396.SZ:2023,management_expense,84,663223183.25,True,consolidated,CNY yuan
002396.SZ:2023,operating_profit,85,759225249.26,True,consolidated,CNY yuan
002396.SZ:2023,net_profit,85,889298625.98,True,consolidated,CNY yuan
002396.SZ:2023,ocf,88,542576189.82,True,consolidated,CNY yuan
002402.SZ:2023,receivables,132,1463808032.43,True,consolidated,CNY yuan
002402.SZ:2023,inventory,132,2088896393.28,True,consolidated,CNY yuan
002402.SZ:2023,current_assets,132,5363935269.06,True,consolidated,CNY yuan
002402.SZ:2023,assets,133,8490670014.83,True,consolidated,CNY yuan
002402.SZ:2023,current_liabilities,133,3249507564.64,True,consolidated,CNY yuan
002402.SZ:2023,liabilities,134,3573852901.92,True,consolidated,CNY yuan
002402.SZ:2023,equity,134,4916817112.91,True,consolidated,CNY yuan
002402.SZ:2023,revenue,136,5965473187.63,True,consolidated,CNY yuan
002402.SZ:2023,management_expense,137,226695690.07,True,consolidated,CNY yuan
002402.SZ:2023,operating_profit,137,544720714.54,True,consolidated,CNY yuan
002402.SZ:2023,net_profit,137,506722422.09,True,consolidated,CNY yuan
002402.SZ:2023,ocf,140,-8788459.16,True,consolidated,CNY yuan
002405.SZ:2023,receivables,77,1179806575.73,True,consolidated,CNY yuan
002405.SZ:2023,inventory,77,695234427.10,True,consolidated,CNY yuan
002405.SZ:2023,current_assets,77,6396561660.24,True,consolidated,CNY yuan
002405.SZ:2023,assets,77,14008250008.49,True,consolidated,CNY yuan
002405.SZ:2023,current_liabilities,78,1813849135.45,True,consolidated,CNY yuan
002405.SZ:2023,liabilities,78,2136754703.35,True,consolidated,CNY yuan
002405.SZ:2023,equity,79,11871495305.14,True,consolidated,CNY yuan
002405.SZ:2023,revenue,81,3346814809.97,True,consolidated,CNY yuan
002405.SZ:2023,management_expense,81,425006534.16,True,consolidated,CNY yuan
002405.SZ:2023,operating_profit,82,-507488669.22,True,consolidated,CNY yuan
002405.SZ:2023,net_profit,82,-510955213.76,True,consolidated,CNY yuan
002405.SZ:2023,ocf,85,-156047618.35,True,consolidated,CNY yuan
002410.SZ:2023,receivables,84,1039638169.22,True,consolidated,CNY yuan
002410.SZ:2023,inventory,84,86597400.64,True,consolidated,CNY yuan
002410.SZ:2023,current_assets,84,5796961421.78,True,consolidated,CNY yuan
002410.SZ:2023,assets,85,11545493530.94,True,consolidated,CNY yuan
002410.SZ:2023,current_liabilities,85,4575928207.78,True,consolidated,CNY yuan
002410.SZ:2023,liabilities,86,4744386794.44,True,consolidated,CNY yuan
002410.SZ:2023,equity,86,6801106736.50,True,consolidated,CNY yuan
002410.SZ:2023,revenue,88,6552355812.47,True,consolidated,CNY yuan
002410.SZ:2023,management_expense,89,1229261056.53,True,consolidated,CNY yuan
002410.SZ:2023,operating_profit,89,1096137438.15,True,consolidated,CNY yuan
002410.SZ:2023,net_profit,89,1012032692.25,True,consolidated,CNY yuan
002410.SZ:2023,ocf,92,1647598520.47,True,consolidated,CNY yuan
002413.SZ:2023,receivables,79,1166511245.13,True,consolidated,CNY yuan
002413.SZ:2023,inventory,80,1109177233.83,True,consolidated,CNY yuan
002413.SZ:2023,current_assets,80,3338228140.52,True,consolidated,CNY yuan
002413.SZ:2023,assets,80,5948442655.49,True,consolidated,CNY yuan
002413.SZ:2023,current_liabilities,81,1525250226.77,True,consolidated,CNY yuan
002413.SZ:2023,liabilities,81,1726712081.52,True,consolidated,CNY yuan
002413.SZ:2023,equity,81,4221730573.97,True,consolidated,CNY yuan
002413.SZ:2023,revenue,84,1363724358.28,True,consolidated,CNY yuan
002413.SZ:2023,management_expense,84,251977371.95,True,consolidated,CNY yuan
002413.SZ:2023,operating_profit,84,-959966110.13,True,consolidated,CNY yuan
002413.SZ:2023,net_profit,85,-941077944.72,True,consolidated,CNY yuan
002413.SZ:2023,ocf,88,-63633365.54,True,consolidated,CNY yuan
002426.SZ:2023,receivables,78,1257113407.80,True,consolidated,CNY yuan
002426.SZ:2023,inventory,78,832888367.65,True,consolidated,CNY yuan
002426.SZ:2023,current_assets,79,3914474023.36,True,consolidated,CNY yuan
002426.SZ:2023,assets,79,8550021343.73,True,consolidated,CNY yuan
002426.SZ:2023,current_liabilities,80,4157464416.37,True,consolidated,CNY yuan
002426.SZ:2023,liabilities,80,4278272714.00,True,consolidated,CNY yuan
002426.SZ:2023,equity,80,4271748629.73,True,consolidated,CNY yuan
002426.SZ:2023,revenue,82,4122823532.14,True,consolidated,CNY yuan
002426.SZ:2023,management_expense,83,228094805.76,True,consolidated,CNY yuan
002426.SZ:2023,operating_profit,83,-336964643.74,True,consolidated,CNY yuan
002426.SZ:2023,net_profit,83,-249055330.35,True,consolidated,CNY yuan
002426.SZ:2023,ocf,86,316367513.59,True,consolidated,CNY yuan
002429.SZ:2023,receivables,113,4099790936.63,True,consolidated,CNY yuan
002429.SZ:2023,inventory,113,2232687056.12,True,consolidated,CNY yuan
002429.SZ:2023,current_assets,113,14656760103.85,True,consolidated,CNY yuan
002429.SZ:2023,assets,114,25608045412.08,True,consolidated,CNY yuan
002429.SZ:2023,current_liabilities,114,9288630966.78,True,consolidated,CNY yuan
002429.SZ:2023,liabilities,114,11714507784.61,True,consolidated,CNY yuan
002429.SZ:2023,equity,115,13893537627.47,True,consolidated,CNY yuan
002429.SZ:2023,revenue,117,15028374990.84,True,consolidated,CNY yuan
002429.SZ:2023,management_expense,117,222408489.72,True,consolidated,CNY yuan
002429.SZ:2023,operating_profit,118,1205453877.58,True,consolidated,CNY yuan
002429.SZ:2023,net_profit,118,1167159205.53,True,consolidated,CNY yuan
002429.SZ:2023,ocf,121,4941271184.73,True,consolidated,CNY yuan
