sample_id,v1_included,v2_included,v2_reason,remaining_requirements,financial_scope_flag
000012.SZ:2017,True,True,Annual financial/text inputs and registry-defined endpoint verified; full-cohort freeze pending.,,
000012.SZ:2018,False,False,ST_history_label_and_input_certification_pending,annual_financial_certification;annual_text_certification,
000012.SZ:2019,True,True,Annual financial/text inputs and registry-defined endpoint verified; full-cohort freeze pending.,,
000012.SZ:2020,True,True,Annual financial/text inputs and registry-defined endpoint verified; full-cohort freeze pending.,,
000012.SZ:2021,True,True,Annual financial/text inputs and registry-defined endpoint verified; full-cohort freeze pending.,,
000012.SZ:2022,True,True,Annual financial/text inputs and registry-defined endpoint verified; full-cohort freeze pending.,,
000012.SZ:2023,False,True,2023 industry corroboration and admission checks passed; consolidated scope retained,,
000012.SZ:2024,True,True,Annual financial/text inputs and registry-defined endpoint verified; full-cohort freeze pending.,,
000012.SZ:2025,False,False,ST_history_label_and_input_certification_pending,annual_financial_certification,
000018.SZ:2017,True,True,Annual financial/text inputs and registry-defined endpoint verified; full-cohort freeze pending.,,
000018.SZ:2018,False,False,ST_history_label_and_input_certification_pending,annual_financial_certification;annual_text_certification,
000018.SZ:2019,False,False,ST_history_label_and_input_certification_pending,annual_financial_certification;annual_text_certification,
000019.SZ:2017,True,True,Annual financial/text inputs and registry-defined endpoint verified; full-cohort freeze pending.,,
000019.SZ:2018,True,True,Annual financial/text inputs and registry-defined endpoint verified; full-cohort freeze pending.,,
000019.SZ:2019,False,False,ST_history_label_and_input_certification_pending,annual_financial_certification,
000019.SZ:2020,True,True,Annual financial/text inputs and registry-defined endpoint verified; full-cohort freeze pending.,,
000019.SZ:2021,True,True,Annual financial/text inputs and registry-defined endpoint verified; full-cohort freeze pending.,,
000019.SZ:2022,True,True,Annual financial/text inputs and registry-defined endpoint verified; full-cohort freeze pending.,,
000019.SZ:2023,False,True,2023 industry corroboration and admission checks passed; consolidated scope retained,,
000019.SZ:2024,True,True,Annual financial/text inputs and registry-defined endpoint verified; full-cohort freeze pending.,,
000019.SZ:2025,False,False,ST_history_label_and_input_certification_pending,annual_financial_certification,
000021.SZ:2017,False,False,ST_history_label_and_input_certification_pending,annual_financial_certification,
000021.SZ:2018,False,False,ST_history_label_and_input_certification_pending,annual_financial_certification,
000021.SZ:2019,False,False,ST_history_label_and_input_certification_pending,annual_financial_certification,
000021.SZ:2020,False,False,ST_history_label_and_input_certification_pending,annual_financial_certification,
000021.SZ:2021,False,False,ST_history_label_and_input_certification_pending,annual_financial_certification,
000021.SZ:2022,False,False,ST_history_label_and_input_certification_pending,annual_financial_certification,
000021.SZ:2023,False,False,ST_history_label_and_input_certification_pending,historical_industry;annual_financial_certification,
000021.SZ:2024,False,False,ST_history_label_and_input_certification_pending,annual_financial_certification,
000021.SZ:2025,False,False,ST_history_label_and_input_certification_pending,annual_financial_certification,
000027.SZ:2017,False,False,ST_history_label_and_input_certification_pending,annual_financial_certification,
000027.SZ:2018,False,False,ST_history_label_and_input_certification_pending,annual_financial_certification,
000027.SZ:2019,False,False,ST_history_label_and_input_certification_pending,annual_financial_certification,
000027.SZ:2020,False,False,ST_history_label_and_input_certification_pending,annual_financial_certification,
000027.SZ:2021,False,False,ST_history_label_and_input_certification_pending,annual_financial_certification,
000027.SZ:2022,False,False,ST_history_label_and_input_certification_pending,annual_financial_certification,
000027.SZ:2023,False,False,ST_history_label_and_input_certification_pending,historical_industry;annual_financial_certification,
000027.SZ:2024,False,False,ST_history_label_and_input_certification_pending,annual_financial_certification,
000027.SZ:2025,False,False,ST_history_label_and_input_certification_pending,annual_financial_certification,
000031.SZ:2017,False,False,ST_history_label_and_input_certification_pending,annual_financial_certification,
000031.SZ:2018,False,False,ST_history_label_and_input_certification_pending,annual_financial_certification,
000031.SZ:2019,False,False,ST_history_label_and_input_certification_pending,annual_financial_certification,
000031.SZ:2020,False,False,ST_history_label_and_input_certification_pending,annual_financial_certification,
000031.SZ:2021,False,False,ST_history_label_and_input_certification_pending,annual_financial_certification,
000031.SZ:2022,False,False,ST_history_label_and_input_certification_pending,annual_financial_certification,
000031.SZ:2023,False,False,ST_history_label_and_input_certification_pending,historical_industry;annual_financial_certification,
000031.SZ:2024,False,False,ST_history_label_and_input_certification_pending,annual_financial_certification,
000031.SZ:2025,False,False,ST_history_label_and_input_certification_pending,annual_financial_certification,
000040.SZ:2017,True,True,Annual financial/text inputs and registry-defined endpoint verified; full-cohort freeze pending.,,
000040.SZ:2018,False,False,ST_history_label_and_input_certification_pending,annual_financial_certification,
000040.SZ:2019,False,False,ST_history_label_and_input_certification_pending,annual_financial_certification,
000040.SZ:2020,False,False,ST_history_label_and_input_certification_pending,annual_financial_certification;annual_text_certification,
000040.SZ:2021,False,False,ST_history_label_and_input_certification_pending,annual_financial_certification;annual_text_certification,
000040.SZ:2022,True,True,Annual financial/text inputs and registry-defined endpoint verified; full-cohort freeze pending.,,
000040.SZ:2023,False,False,ST_history_label_and_input_certification_pending,historical_industry;annual_financial_certification;annual_text_certification,
000040.SZ:2024,False,False,ST_history_label_and_input_certification_pending,annual_financial_certification;annual_text_certification,
000042.SZ:2017,False,False,ST_history_label_and_input_certification_pending,annual_financial_certification,
000042.SZ:2018,False,False,ST_history_label_and_input_certification_pending,annual_financial_certification,
000042.SZ:2019,False,False,ST_history_label_and_input_certification_pending,annual_financial_certification,
000042.SZ:2020,False,False,ST_history_label_and_input_certification_pending,annual_financial_certification;annual_text_certification,
000042.SZ:2021,False,False,ST_history_label_and_input_certification_pending,annual_financial_certification,
000042.SZ:2022,False,False,ST_history_label_and_input_certification_pending,annual_financial_certification,
000042.SZ:2023,False,False,ST_history_label_and_input_certification_pending,historical_industry;annual_financial_certification,
000042.SZ:2024,False,False,ST_history_label_and_input_certification_pending,annual_financial_certification,
000042.SZ:2025,False,False,ST_history_label_and_input_certification_pending,annual_financial_certification,
000048.SZ:2017,False,False,ST_history_label_and_input_certification_pending,annual_financial_certification;annual_text_certification,
000048.SZ:2018,False,False,ST_history_label_and_input_certification_pending,annual_financial_certification;annual_text_certification,
000048.SZ:2019,False,False,preorigin_financial_industry_or_confirmed_baseline_ST,,
000048.SZ:2020,True,True,Annual financial/text inputs and registry-defined endpoint verified; full-cohort freeze pending.,,
000048.SZ:2021,True,True,Annual financial/text inputs and registry-defined endpoint verified; full-cohort freeze pending.,,
000048.SZ:2022,True,True,Annual financial/text inputs and registry-defined endpoint verified; full-cohort freeze pending.,,
000048.SZ:2023,False,True,2023 industry corroboration and admission checks passed; consolidated scope retained,,
000048.SZ:2024,False,False,ST_history_label_and_input_certification_pending,annual_financial_certification;annual_text_certification,
000048.SZ:2025,True,True,Annual financial/text inputs and registry-defined endpoint verified; full-cohort freeze pending.,,
000055.SZ:2017,True,True,Annual financial/text inputs and registry-defined endpoint verified; full-cohort freeze pending.,,
000055.SZ:2018,False,False,ST_history_label_and_input_certification_pending,annual_financial_certification,
000055.SZ:2019,True,True,Annual financial/text inputs and registry-defined endpoint verified; full-cohort freeze pending.,,
000055.SZ:2020,True,True,Annual financial/text inputs and registry-defined endpoint verified; full-cohort freeze pending.,,
000055.SZ:2021,True,True,Annual financial/text inputs and registry-defined endpoint verified; full-cohort freeze pending.,,
000055.SZ:2022,True,True,Annual financial/text inputs and registry-defined endpoint verified; full-cohort freeze pending.,,
000055.SZ:2023,False,True,2023 industry corroboration and admission checks passed; consolidated scope retained,,
000055.SZ:2024,True,True,Annual financial/text inputs and registry-defined endpoint verified; full-cohort freeze pending.,,
000055.SZ:2025,True,True,Annual financial/text inputs and registry-defined endpoint verified; full-cohort freeze pending.,,
000068.SZ:2017,False,False,ST_history_label_and_input_certification_pending,annual_financial_certification;annual_text_certification,
000068.SZ:2018,False,False,ST_history_label_and_input_certification_pending,annual_financial_certification,
000068.SZ:2019,True,True,Annual financial/text inputs and registry-defined endpoint verified; full-cohort freeze pending.,,
000068.SZ:2020,True,True,Annual financial/text inputs and registry-defined endpoint verified; full-cohort freeze pending.,,
000068.SZ:2021,True,True,Annual financial/text inputs and registry-defined endpoint verified; full-cohort freeze pending.,,
000068.SZ:2022,True,True,Annual financial/text inputs and registry-defined endpoint verified; full-cohort freeze pending.,,
000068.SZ:2023,False,True,2023 industry corroboration and admission checks passed; consolidated scope retained,,
000068.SZ:2024,True,True,Annual financial/text inputs and registry-defined endpoint verified; full-cohort freeze pending.,,
000068.SZ:2025,True,True,Annual financial/text inputs and registry-defined endpoint verified; full-cohort freeze pending.,,
000099.SZ:2017,True,True,Annual financial/text inputs and registry-defined endpoint verified; full-cohort freeze pending.,,
000099.SZ:2018,True,True,Annual financial/text inputs and registry-defined endpoint verified; full-cohort freeze pending.,,
000099.SZ:2019,True,True,Annual financial/text inputs and registry-defined endpoint verified; full-cohort freeze pending.,,
000099.SZ:2020,True,True,Annual financial/text inputs and registry-defined endpoint verified; full-cohort freeze pending.,,
000099.SZ:2021,True,True,Annual financial/text inputs and registry-defined endpoint verified; full-cohort freeze pending.,,
000099.SZ:2022,True,True,Annual financial/text inputs and registry-defined endpoint verified; full-cohort freeze pending.,,
000099.SZ:2023,False,True,2023 industry corroboration and admission checks passed; consolidated scope retained,,
000099.SZ:2024,False,False,ST_history_label_and_input_certification_pending,annual_text_certification,
000099.SZ:2025,False,False,ST_history_label_and_input_certification_pending,annual_text_certification,
000166.SZ:2018,False,False,preorigin_financial_industry_or_confirmed_baseline_ST,,
000166.SZ:2019,False,False,preorigin_financial_industry_or_confirmed_baseline_ST,,
000166.SZ:2020,False,False,preorigin_financial_industry_or_confirmed_baseline_ST,,
000166.SZ:2021,False,False,preorigin_financial_industry_or_confirmed_baseline_ST,,
000166.SZ:2022,False,False,preorigin_financial_industry_or_confirmed_baseline_ST,,
000166.SZ:2023,False,False,ST_history_label_and_input_certification_pending,historical_industry;annual_financial_certification,
000166.SZ:2024,False,False,preorigin_financial_industry_or_confirmed_baseline_ST,,
000166.SZ:2025,False,False,preorigin_financial_industry_or_confirmed_baseline_ST,,
000407.SZ:2017,False,False,ST_history_label_and_input_certification_pending,annual_financial_certification,
000407.SZ:2018,False,False,ST_history_label_and_input_certification_pending,annual_financial_certification,
000407.SZ:2019,False,False,ST_history_label_and_input_certification_pending,annual_financial_certification,
000407.SZ:2020,False,False,ST_history_label_and_input_certification_pending,annual_financial_certification,
000407.SZ:2021,False,False,ST_history_label_and_input_certification_pending,annual_financial_certification,
000407.SZ:2022,False,False,ST_history_label_and_input_certification_pending,annual_financial_certification,
000407.SZ:2023,False,False,ST_history_label_and_input_certification_pending,historical_industry;annual_financial_certification,
000407.SZ:2024,False,False,ST_history_label_and_input_certification_pending,annual_financial_certification,
000407.SZ:2025,False,False,ST_history_label_and_input_certification_pending,annual_financial_certification,
000408.SZ:2017,False,False,preorigin_financial_industry_or_confirmed_baseline_ST,,
000408.SZ:2018,False,False,ST_history_label_and_input_certification_pending,annual_financial_certification,
000408.SZ:2019,False,False,ST_history_label_and_input_certification_pending,annual_financial_certification;annual_text_certification,
000408.SZ:2020,False,False,ST_history_label_and_input_certification_pending,annual_financial_certification;annual_text_certification,
000408.SZ:2021,False,False,preorigin_financial_industry_or_confirmed_baseline_ST,,
000408.SZ:2022,False,False,ST_history_label_and_input_certification_pending,annual_financial_certification,
000408.SZ:2023,False,False,ST_history_label_and_input_certification_pending,historical_industry;annual_financial_certification;annual_text_certification,
000408.SZ:2024,False,False,ST_history_label_and_input_certification_pending,annual_financial_certification;annual_text_certification,
000408.SZ:2025,False,False,ST_history_label_and_input_certification_pending,annual_financial_certification;annual_text_certification,
000419.SZ:2017,True,True,Annual financial/text inputs and registry-defined endpoint verified; full-cohort freeze pending.,,
000419.SZ:2018,True,True,Annual financial/text inputs and registry-defined endpoint verified; full-cohort freeze pending.,,
000419.SZ:2019,True,True,Annual financial/text inputs and registry-defined endpoint verified; full-cohort freeze pending.,,
000419.SZ:2020,True,True,Annual financial/text inputs and registry-defined endpoint verified; full-cohort freeze pending.,,
000419.SZ:2021,True,True,Annual financial/text inputs and registry-defined endpoint verified; full-cohort freeze pending.,,
000419.SZ:2022,True,True,Annual financial/text inputs and registry-defined endpoint verified; full-cohort freeze pending.,,
000419.SZ:2023,False,True,2023 industry corroboration and admission checks passed; consolidated scope retained,,
000419.SZ:2024,True,True,Annual financial/text inputs and registry-defined endpoint verified; full-cohort freeze pending.,,
000419.SZ:2025,False,False,ST_history_label_and_input_certification_pending,annual_financial_certification;annual_text_certification,
000501.SZ:2017,True,True,Annual financial/text inputs and registry-defined endpoint verified; full-cohort freeze pending.,,
000501.SZ:2018,True,True,Annual financial/text inputs and registry-defined endpoint verified; full-cohort freeze pending.,,
000501.SZ:2019,True,True,Annual financial/text inputs and registry-defined endpoint verified; full-cohort freeze pending.,,
000501.SZ:2020,True,True,Annual financial/text inputs and registry-defined endpoint verified; full-cohort freeze pending.,,
000501.SZ:2021,True,True,Annual financial/text inputs and registry-defined endpoint verified; full-cohort freeze pending.,,
000501.SZ:2022,True,True,Annual financial/text inputs and registry-defined endpoint verified; full-cohort freeze pending.,,
000501.SZ:2023,False,True,2023 industry corroboration and admission checks passed; consolidated scope retained,,
000501.SZ:2024,True,True,Annual financial/text inputs and registry-defined endpoint verified; full-cohort freeze pending.,,
000501.SZ:2025,True,True,Annual financial/text inputs and registry-defined endpoint verified; full-cohort freeze pending.,,
000504.SZ:2017,False,False,preorigin_financial_industry_or_confirmed_baseline_ST,,
000504.SZ:2018,True,True,Annual financial/text inputs and registry-defined endpoint verified; full-cohort freeze pending.,,
000504.SZ:2019,True,True,Annual financial/text inputs and registry-defined endpoint verified; full-cohort freeze pending.,,
000504.SZ:2020,False,False,preorigin_financial_industry_or_confirmed_baseline_ST,,
000504.SZ:2021,True,True,Annual financial/text inputs and registry-defined endpoint verified; full-cohort freeze pending.,,
000504.SZ:2022,True,True,Annual financial/text inputs and registry-defined endpoint verified; full-cohort freeze pending.,,
000504.SZ:2023,False,True,2023 industry corroboration and admission checks passed; consolidated scope retained,,
000504.SZ:2024,True,True,Annual financial/text inputs and registry-defined endpoint verified; full-cohort freeze pending.,,
000504.SZ:2025,False,False,preorigin_financial_industry_or_confirmed_baseline_ST,,
000533.SZ:2017,False,False,ST_history_label_and_input_certification_pending,annual_financial_certification,
000533.SZ:2018,False,False,ST_history_label_and_input_certification_pending,annual_financial_certification;annual_text_certification,
000533.SZ:2019,True,True,Annual financial/text inputs and registry-defined endpoint verified; full-cohort freeze pending.,,
000533.SZ:2020,True,True,Annual financial/text inputs and registry-defined endpoint verified; full-cohort freeze pending.,,
000533.SZ:2021,True,True,Annual financial/text inputs and registry-defined endpoint verified; full-cohort freeze pending.,,
000533.SZ:2022,True,True,Annual financial/text inputs and registry-defined endpoint verified; full-cohort freeze pending.,,
000533.SZ:2023,False,True,2023 industry corroboration and admission checks passed; consolidated scope retained,,
000533.SZ:2024,True,True,Annual financial/text inputs and registry-defined endpoint verified; full-cohort freeze pending.,,
000533.SZ:2025,True,True,Annual financial/text inputs and registry-defined endpoint verified; full-cohort freeze pending.,,
000534.SZ:2017,False,False,ST_history_label_and_input_certification_pending,annual_financial_certification,
000534.SZ:2018,False,False,ST_history_label_and_input_certification_pending,annual_financial_certification;annual_text_certification,
000534.SZ:2019,False,False,ST_history_label_and_input_certification_pending,annual_financial_certification,
000534.SZ:2020,True,True,Annual financial/text inputs and registry-defined endpoint verified; full-cohort freeze pending.,,
000534.SZ:2021,True,True,Annual financial/text inputs and registry-defined endpoint verified; full-cohort freeze pending.,,
000534.SZ:2022,True,True,Annual financial/text inputs and registry-defined endpoint verified; full-cohort freeze pending.,,
000534.SZ:2023,False,True,2023 industry corroboration and admission checks passed; consolidated scope retained,,
000534.SZ:2024,True,True,Annual financial/text inputs and registry-defined endpoint verified; full-cohort freeze pending.,,
000534.SZ:2025,False,False,ST_history_label_and_input_certification_pending,annual_financial_certification,
000545.SZ:2017,True,True,Annual financial/text inputs and registry-defined endpoint verified; full-cohort freeze pending.,,
000545.SZ:2018,True,True,Annual financial/text inputs and registry-defined endpoint verified; full-cohort freeze pending.,,
000545.SZ:2019,True,True,Annual financial/text inputs and registry-defined endpoint verified; full-cohort freeze pending.,,
000545.SZ:2020,False,False,ST_history_label_and_input_certification_pending,annual_financial_certification;annual_text_certification,
000545.SZ:2021,True,True,Annual financial/text inputs and registry-defined endpoint verified; full-cohort freeze pending.,,
000545.SZ:2022,True,True,Annual financial/text inputs and registry-defined endpoint verified; full-cohort freeze pending.,,
000545.SZ:2023,False,True,2023 industry corroboration and admission checks passed; consolidated scope retained,,
000545.SZ:2024,True,True,Annual financial/text inputs and registry-defined endpoint verified; full-cohort freeze pending.,,
000545.SZ:2025,True,True,Annual financial/text inputs and registry-defined endpoint verified; full-cohort freeze pending.,,
000553.SZ:2017,True,True,Annual financial/text inputs and registry-defined endpoint verified; full-cohort freeze pending.,,
000553.SZ:2018,False,False,ST_history_label_and_input_certification_pending,annual_financial_certification,
000553.SZ:2019,False,False,ST_history_label_and_input_certification_pending,annual_financial_certification,
000553.SZ:2020,False,False,ST_history_label_and_input_certification_pending,annual_financial_certification,
000553.SZ:2021,False,False,ST_history_label_and_input_certification_pending,annual_financial_certification,
000553.SZ:2022,False,False,ST_history_label_and_input_certification_pending,annual_financial_certification,
000553.SZ:2023,False,False,ST_history_label_and_input_certification_pending,historical_industry;annual_financial_certification,
000553.SZ:2024,False,False,ST_history_label_and_input_certification_pending,annual_financial_certification,
000553.SZ:2025,False,False,ST_history_label_and_input_certification_pending,annual_financial_certification,
000555.SZ:2017,True,True,Annual financial/text inputs and registry-defined endpoint verified; full-cohort freeze pending.,,
000555.SZ:2018,False,False,ST_history_label_and_input_certification_pending,annual_financial_certification,
000555.SZ:2019,False,False,ST_history_label_and_input_certification_pending,annual_financial_certification,
000555.SZ:2020,False,False,ST_history_label_and_input_certification_pending,annual_financial_certification,
000555.SZ:2021,False,False,ST_history_label_and_input_certification_pending,annual_financial_certification,
000555.SZ:2022,True,True,Annual financial/text inputs and registry-defined endpoint verified; full-cohort freeze pending.,,
000555.SZ:2023,False,True,2023 industry corroboration and admission checks passed; consolidated scope retained,,
000555.SZ:2024,True,True,Annual financial/text inputs and registry-defined endpoint verified; full-cohort freeze pending.,,
000555.SZ:2025,True,True,Annual financial/text inputs and registry-defined endpoint verified; full-cohort freeze pending.,,
000557.SZ:2017,False,False,ST_history_label_and_input_certification_pending,annual_financial_certification,
000557.SZ:2018,False,False,ST_history_label_and_input_certification_pending,annual_financial_certification,
000557.SZ:2019,False,False,ST_history_label_and_input_certification_pending,annual_financial_certification,
000557.SZ:2020,True,True,Annual financial/text inputs and registry-defined endpoint verified; full-cohort freeze pending.,,
000557.SZ:2021,True,True,Annual financial/text inputs and registry-defined endpoint verified; full-cohort freeze pending.,,
000557.SZ:2022,True,True,Annual financial/text inputs and registry-defined endpoint verified; full-cohort freeze pending.,,
000557.SZ:2023,False,True,2023 industry corroboration and admission checks passed; consolidated scope retained,,
000557.SZ:2024,True,True,Annual financial/text inputs and registry-defined endpoint verified; full-cohort freeze pending.,,
000557.SZ:2025,True,True,Annual financial/text inputs and registry-defined endpoint verified; full-cohort freeze pending.,,
000576.SZ:2017,True,True,Annual financial/text inputs and registry-defined endpoint verified; full-cohort freeze pending.,,
000576.SZ:2018,False,False,ST_history_label_and_input_certification_pending,annual_financial_certification;annual_text_certification,
000576.SZ:2019,False,False,ST_history_label_and_input_certification_pending,annual_financial_certification,
000576.SZ:2020,False,False,ST_history_label_and_input_certification_pending,annual_financial_certification,
000576.SZ:2021,True,True,Annual financial/text inputs and registry-defined endpoint verified; full-cohort freeze pending.,,
000576.SZ:2022,True,True,Annual financial/text inputs and registry-defined endpoint verified; full-cohort freeze pending.,,
000576.SZ:2023,False,True,2023 industry corroboration and admission checks passed; consolidated scope retained,,
000576.SZ:2024,True,True,Annual financial/text inputs and registry-defined endpoint verified; full-cohort freeze pending.,,
000576.SZ:2025,True,True,Annual financial/text inputs and registry-defined endpoint verified; full-cohort freeze pending.,,
000581.SZ:2017,True,True,Annual financial/text inputs and registry-defined endpoint verified; full-cohort freeze pending.,,
000581.SZ:2018,True,True,Annual financial/text inputs and registry-defined endpoint verified; full-cohort freeze pending.,,
000581.SZ:2019,True,True,Annual financial/text inputs and registry-defined endpoint verified; full-cohort freeze pending.,,
000581.SZ:2020,True,True,Annual financial/text inputs and registry-defined endpoint verified; full-cohort freeze pending.,,
000581.SZ:2021,True,True,Annual financial/text inputs and registry-defined endpoint verified; full-cohort freeze pending.,,
000581.SZ:2022,True,True,Annual financial/text inputs and registry-defined endpoint verified; full-cohort freeze pending.,,
000581.SZ:2023,False,True,2023 industry corroboration and admission checks passed; consolidated scope retained,,
000581.SZ:2024,True,True,Annual financial/text inputs and registry-defined endpoint verified; full-cohort freeze pending.,,
000581.SZ:2025,True,True,Annual financial/text inputs and registry-defined endpoint verified; full-cohort freeze pending.,,
000585.SZ:2017,True,True,Annual financial/text inputs and registry-defined endpoint verified; full-cohort freeze pending.,,
000585.SZ:2018,False,False,preorigin_financial_industry_or_confirmed_baseline_ST,,
000585.SZ:2019,False,False,preorigin_financial_industry_or_confirmed_baseline_ST,,
000585.SZ:2020,False,False,preorigin_financial_industry_or_confirmed_baseline_ST,,
000585.SZ:2021,False,False,preorigin_financial_industry_or_confirmed_baseline_ST,,
000585.SZ:2022,False,False,known_incomplete_followup_due_to_delisting,,
000589.SZ:2017,False,False,ST_history_label_and_input_certification_pending,annual_financial_certification,
000589.SZ:2018,False,False,ST_history_label_and_input_certification_pending,annual_financial_certification,
000589.SZ:2019,False,False,ST_history_label_and_input_certification_pending,annual_financial_certification,
000589.SZ:2020,True,True,Annual financial/text inputs and registry-defined endpoint verified; full-cohort freeze pending.,,
000589.SZ:2021,True,True,Annual financial/text inputs and registry-defined endpoint verified; full-cohort freeze pending.,,
000589.SZ:2022,True,True,Annual financial/text inputs and registry-defined endpoint verified; full-cohort freeze pending.,,
000589.SZ:2023,False,True,2023 industry corroboration and admission checks passed; consolidated scope retained,,
000589.SZ:2024,True,True,Annual financial/text inputs and registry-defined endpoint verified; full-cohort freeze pending.,,
000589.SZ:2025,True,True,Annual financial/text inputs and registry-defined endpoint verified; full-cohort freeze pending.,,
000593.SZ:2017,True,True,Annual financial/text inputs and registry-defined endpoint verified; full-cohort freeze pending.,,
000593.SZ:2018,True,True,Annual financial/text inputs and registry-defined endpoint verified; full-cohort freeze pending.,,
000593.SZ:2019,True,True,Annual financial/text inputs and registry-defined endpoint verified; full-cohort freeze pending.,,
000593.SZ:2020,True,True,Annual financial/text inputs and registry-defined endpoint verified; full-cohort freeze pending.,,
000593.SZ:2021,True,True,Annual financial/text inputs and registry-defined endpoint verified; full-cohort freeze pending.,,
000593.SZ:2022,True,True,Annual financial/text inputs and registry-defined endpoint verified; full-cohort freeze pending.,,
000593.SZ:2023,False,True,2023 industry corroboration and admission checks passed; consolidated scope retained,,
000593.SZ:2024,False,False,ST_history_label_and_input_certification_pending,annual_financial_certification,
000593.SZ:2025,True,True,Annual financial/text inputs and registry-defined endpoint verified; full-cohort freeze pending.,,
000598.SZ:2017,True,True,Annual financial/text inputs and registry-defined endpoint verified; full-cohort freeze pending.,,
000598.SZ:2018,False,False,ST_history_label_and_input_certification_pending,annual_financial_certification;annual_text_certification,
000598.SZ:2019,True,True,Annual financial/text inputs and registry-defined endpoint verified; full-cohort freeze pending.,,
000598.SZ:2020,True,True,Annual financial/text inputs and registry-defined endpoint verified; full-cohort freeze pending.,,
000598.SZ:2021,True,True,Annual financial/text inputs and registry-defined endpoint verified; full-cohort freeze pending.,,
000598.SZ:2022,True,True,Annual financial/text inputs and registry-defined endpoint verified; full-cohort freeze pending.,,
000598.SZ:2023,False,True,2023 industry corroboration and admission checks passed; consolidated scope retained,,
000598.SZ:2024,True,True,Annual financial/text inputs and registry-defined endpoint verified; full-cohort freeze pending.,,
000598.SZ:2025,True,True,Annual financial/text inputs and registry-defined endpoint verified; full-cohort freeze pending.,,
000599.SZ:2017,True,True,Annual financial/text inputs and registry-defined endpoint verified; full-cohort freeze pending.,,
000599.SZ:2018,True,True,Annual financial/text inputs and registry-defined endpoint verified; full-cohort freeze pending.,,
000599.SZ:2019,True,True,Annual financial/text inputs and registry-defined endpoint verified; full-cohort freeze pending.,,
000599.SZ:2020,True,True,Annual financial/text inputs and registry-defined endpoint verified; full-cohort freeze pending.,,
000599.SZ:2021,True,True,Annual financial/text inputs and registry-defined endpoint verified; full-cohort freeze pending.,,
000599.SZ:2022,True,True,Annual financial/text inputs and registry-defined endpoint verified; full-cohort freeze pending.,,
000599.SZ:2023,False,True,2023 industry corroboration and admission checks passed; consolidated scope retained,,
000599.SZ:2024,True,True,Annual financial/text inputs and registry-defined endpoint verified; full-cohort freeze pending.,,
000599.SZ:2025,True,True,Annual financial/text inputs and registry-defined endpoint verified; full-cohort freeze pending.,,
000610.SZ:2017,False,False,ST_history_label_and_input_certification_pending,annual_financial_certification,
000610.SZ:2018,False,False,ST_history_label_and_input_certification_pending,annual_financial_certification,
000610.SZ:2019,False,False,ST_history_label_and_input_certification_pending,annual_financial_certification,
000610.SZ:2020,True,True,Annual financial/text inputs and registry-defined endpoint verified; full-cohort freeze pending.,,
000610.SZ:2021,True,True,Annual financial/text inputs and registry-defined endpoint verified; full-cohort freeze pending.,,
000610.SZ:2022,True,True,Annual financial/text inputs and registry-defined endpoint verified; full-cohort freeze pending.,,
000610.SZ:2023,False,True,2023 industry corroboration and admission checks passed; consolidated scope retained,,
000610.SZ:2024,True,True,Annual financial/text inputs and registry-defined endpoint verified; full-cohort freeze pending.,,
000610.SZ:2025,True,True,Annual financial/text inputs and registry-defined endpoint verified; full-cohort freeze pending.,,
000612.SZ:2017,False,False,ST_history_label_and_input_certification_pending,annual_financial_certification;annual_text_certification,
000612.SZ:2018,False,False,ST_history_label_and_input_certification_pending,annual_financial_certification,
000612.SZ:2019,False,False,ST_history_label_and_input_certification_pending,annual_financial_certification,
000612.SZ:2020,True,True,Annual financial/text inputs and registry-defined endpoint verified; full-cohort freeze pending.,,
000612.SZ:2021,True,True,Annual financial/text inputs and registry-defined endpoint verified; full-cohort freeze pending.,,
000612.SZ:2022,True,True,Annual financial/text inputs and registry-defined endpoint verified; full-cohort freeze pending.,,
000612.SZ:2023,False,True,2023 industry corroboration and admission checks passed; consolidated scope retained,,
000612.SZ:2024,True,True,Annual financial/text inputs and registry-defined endpoint verified; full-cohort freeze pending.,,
000612.SZ:2025,True,True,Annual financial/text inputs and registry-defined endpoint verified; full-cohort freeze pending.,,
000626.SZ:2017,True,True,Annual financial/text inputs and registry-defined endpoint verified; full-cohort freeze pending.,,
000626.SZ:2018,True,True,Annual financial/text inputs and registry-defined endpoint verified; full-cohort freeze pending.,,
000626.SZ:2019,False,False,ST_history_label_and_input_certification_pending,annual_financial_certification,
000626.SZ:2020,True,True,Annual financial/text inputs and registry-defined endpoint verified; full-cohort freeze pending.,,
000626.SZ:2021,True,True,Annual financial/text inputs and registry-defined endpoint verified; full-cohort freeze pending.,,
000626.SZ:2022,True,True,Annual financial/text inputs and registry-defined endpoint verified; full-cohort freeze pending.,,
000626.SZ:2023,False,True,2023 industry corroboration and admission checks passed; consolidated scope retained,,
000626.SZ:2024,True,True,Annual financial/text inputs and registry-defined endpoint verified; full-cohort freeze pending.,,
000626.SZ:2025,True,True,Annual financial/text inputs and registry-defined endpoint verified; full-cohort freeze pending.,,
000628.SZ:2017,False,False,ST_history_label_and_input_certification_pending,annual_financial_certification,
000628.SZ:2018,False,False,ST_history_label_and_input_certification_pending,annual_financial_certification,
000628.SZ:2019,False,False,ST_history_label_and_input_certification_pending,annual_financial_certification,
000628.SZ:2020,False,False,ST_history_label_and_input_certification_pending,annual_financial_certification,
000628.SZ:2021,False,False,ST_history_label_and_input_certification_pending,annual_financial_certification,
000628.SZ:2022,False,False,ST_history_label_and_input_certification_pending,annual_financial_certification,
000628.SZ:2023,False,True,2023 industry corroboration and admission checks passed; consolidated scope retained,,
000628.SZ:2024,False,False,ST_history_label_and_input_certification_pending,annual_financial_certification,
000628.SZ:2025,False,False,ST_history_label_and_input_certification_pending,annual_financial_certification,
000629.SZ:2017,False,False,preorigin_financial_industry_or_confirmed_baseline_ST,,
000629.SZ:2018,False,False,preorigin_financial_industry_or_confirmed_baseline_ST,,
000629.SZ:2019,True,True,Annual financial/text inputs and registry-defined endpoint verified; full-cohort freeze pending.,,
000629.SZ:2020,True,True,Annual financial/text inputs and registry-defined endpoint verified; full-cohort freeze pending.,,
000629.SZ:2021,True,True,Annual financial/text inputs and registry-defined endpoint verified; full-cohort freeze pending.,,
000629.SZ:2022,True,True,Annual financial/text inputs and registry-defined endpoint verified; full-cohort freeze pending.,,
000629.SZ:2023,False,True,2023 industry corroboration and admission checks passed; consolidated scope retained,,
000629.SZ:2024,True,True,Annual financial/text inputs and registry-defined endpoint verified; full-cohort freeze pending.,,
000629.SZ:2025,True,True,Annual financial/text inputs and registry-defined endpoint verified; full-cohort freeze pending.,,
000633.SZ:2017,False,False,preorigin_financial_industry_or_confirmed_baseline_ST,,
000633.SZ:2018,True,True,Annual financial/text inputs and registry-defined endpoint verified; full-cohort freeze pending.,,
000633.SZ:2019,True,True,Annual financial/text inputs and registry-defined endpoint verified; full-cohort freeze pending.,,
000633.SZ:2020,False,False,ST_history_label_and_input_certification_pending,annual_financial_certification,
000633.SZ:2021,False,False,ST_history_label_and_input_certification_pending,annual_financial_certification,
000633.SZ:2022,True,True,Annual financial/text inputs and registry-defined endpoint verified; full-cohort freeze pending.,,
000633.SZ:2023,False,True,2023 industry corroboration and admission checks passed; consolidated scope retained,,
000633.SZ:2024,True,True,Annual financial/text inputs and registry-defined endpoint verified; full-cohort freeze pending.,,
000633.SZ:2025,True,True,Annual financial/text inputs and registry-defined endpoint verified; full-cohort freeze pending.,,
000635.SZ:2017,False,False,ST_history_label_and_input_certification_pending,annual_financial_certification;annual_text_certification,
000635.SZ:2018,True,True,Annual financial/text inputs and registry-defined endpoint verified; full-cohort freeze pending.,,
000635.SZ:2019,True,True,Annual financial/text inputs and registry-defined endpoint verified; full-cohort freeze pending.,,
000635.SZ:2020,False,False,ST_history_label_and_input_certification_pending,annual_financial_certification,
000635.SZ:2021,True,True,Annual financial/text inputs and registry-defined endpoint verified; full-cohort freeze pending.,,
000635.SZ:2022,True,True,Annual financial/text inputs and registry-defined endpoint verified; full-cohort freeze pending.,,
000635.SZ:2023,False,True,2023 industry corroboration and admission checks passed; consolidated scope retained,,
000635.SZ:2024,False,False,ST_history_label_and_input_certification_pending,annual_financial_certification,
000635.SZ:2025,False,False,ST_history_label_and_input_certification_pending,annual_financial_certification,
000636.SZ:2017,False,False,ST_history_label_and_input_certification_pending,annual_financial_certification,
000636.SZ:2018,False,False,ST_history_label_and_input_certification_pending,annual_financial_certification;annual_text_certification,
000636.SZ:2019,False,False,ST_history_label_and_input_certification_pending,annual_financial_certification,
000636.SZ:2020,False,False,ST_history_label_and_input_certification_pending,annual_financial_certification,
000636.SZ:2021,False,False,ST_history_label_and_input_certification_pending,annual_financial_certification,
000636.SZ:2022,False,False,ST_history_label_and_input_certification_pending,annual_financial_certification,
000636.SZ:2023,False,False,ST_history_label_and_input_certification_pending,historical_industry;annual_financial_certification,
000636.SZ:2024,False,False,ST_history_label_and_input_certification_pending,annual_financial_certification,
000636.SZ:2025,False,False,ST_history_label_and_input_certification_pending,annual_financial_certification,
000650.SZ:2017,True,True,Annual financial/text inputs and registry-defined endpoint verified; full-cohort freeze pending.,,
000650.SZ:2018,False,False,ST_history_label_and_input_certification_pending,annual_financial_certification;annual_text_certification,
000650.SZ:2019,True,True,Annual financial/text inputs and registry-defined endpoint verified; full-cohort freeze pending.,,
000650.SZ:2020,True,True,Annual financial/text inputs and registry-defined endpoint verified; full-cohort freeze pending.,,
000650.SZ:2021,True,True,Annual financial/text inputs and registry-defined endpoint verified; full-cohort freeze pending.,,
000650.SZ:2022,True,True,Annual financial/text inputs and registry-defined endpoint verified; full-cohort freeze pending.,,
000650.SZ:2023,False,True,2023 industry corroboration and admission checks passed; consolidated scope retained,,
000650.SZ:2024,True,True,Annual financial/text inputs and registry-defined endpoint verified; full-cohort freeze pending.,,
000650.SZ:2025,True,True,Annual financial/text inputs and registry-defined endpoint verified; full-cohort freeze pending.,,
000651.SZ:2017,False,False,ST_history_label_and_input_certification_pending,annual_financial_certification,
000651.SZ:2018,False,False,ST_history_label_and_input_certification_pending,annual_financial_certification;annual_text_certification,
000651.SZ:2019,False,False,ST_history_label_and_input_certification_pending,annual_financial_certification,
000651.SZ:2020,False,False,ST_history_label_and_input_certification_pending,annual_financial_certification,
000651.SZ:2021,False,False,ST_history_label_and_input_certification_pending,annual_financial_certification,
000651.SZ:2022,False,False,ST_history_label_and_input_certification_pending,annual_financial_certification,
000651.SZ:2023,False,False,ST_history_label_and_input_certification_pending,historical_industry;annual_financial_certification,
000651.SZ:2024,False,False,ST_history_label_and_input_certification_pending,annual_financial_certification,
000651.SZ:2025,False,False,ST_history_label_and_input_certification_pending,annual_financial_certification,
000652.SZ:2017,True,True,Annual financial/text inputs and registry-defined endpoint verified; full-cohort freeze pending.,,
000652.SZ:2018,True,True,Annual financial/text inputs and registry-defined endpoint verified; full-cohort freeze pending.,,
000652.SZ:2019,True,True,Annual financial/text inputs and registry-defined endpoint verified; full-cohort freeze pending.,,
000652.SZ:2020,True,True,Annual financial/text inputs and registry-defined endpoint verified; full-cohort freeze pending.,,
000652.SZ:2021,False,False,ST_history_label_and_input_certification_pending,annual_financial_certification,
000652.SZ:2022,False,False,ST_history_label_and_input_certification_pending,annual_financial_certification;annual_text_certification,
000652.SZ:2023,False,False,ST_history_label_and_input_certification_pending,historical_industry;annual_financial_certification,
000652.SZ:2024,False,False,ST_history_label_and_input_certification_pending,annual_financial_certification,
000652.SZ:2025,False,False,ST_history_label_and_input_certification_pending,annual_financial_certification,
000655.SZ:2017,True,True,Annual financial/text inputs and registry-defined endpoint verified; full-cohort freeze pending.,,
000655.SZ:2018,False,False,preorigin_financial_industry_or_confirmed_baseline_ST,,
000655.SZ:2019,True,True,Annual financial/text inputs and registry-defined endpoint verified; full-cohort freeze pending.,,
000655.SZ:2020,True,True,Annual financial/text inputs and registry-defined endpoint verified; full-cohort freeze pending.,,
000655.SZ:2021,True,True,Annual financial/text inputs and registry-defined endpoint verified; full-cohort freeze pending.,,
000655.SZ:2022,True,True,Annual financial/text inputs and registry-defined endpoint verified; full-cohort freeze pending.,,
000655.SZ:2023,False,True,2023 industry corroboration and admission checks passed; consolidated scope retained,,
000655.SZ:2024,True,True,Annual financial/text inputs and registry-defined endpoint verified; full-cohort freeze pending.,,
000655.SZ:2025,True,True,Annual financial/text inputs and registry-defined endpoint verified; full-cohort freeze pending.,,
000656.SZ:2017,False,False,ST_history_label_and_input_certification_pending,annual_financial_certification,
000656.SZ:2018,False,False,ST_history_label_and_input_certification_pending,annual_financial_certification,
000656.SZ:2019,False,False,ST_history_label_and_input_certification_pending,annual_financial_certification,
000656.SZ:2020,True,True,Annual financial/text inputs and registry-defined endpoint verified; full-cohort freeze pending.,,
000656.SZ:2021,True,True,Annual financial/text inputs and registry-defined endpoint verified; full-cohort freeze pending.,,
000656.SZ:2022,True,True,Annual financial/text inputs and registry-defined endpoint verified; full-cohort freeze pending.,,
000656.SZ:2023,False,True,2023 industry corroboration and admission checks passed; consolidated scope retained,,
000656.SZ:2024,False,False,preorigin_financial_industry_or_confirmed_baseline_ST,,
000656.SZ:2025,False,False,preorigin_financial_industry_or_confirmed_baseline_ST,,
000662.SZ:2017,False,False,ST_history_label_and_input_certification_pending,annual_financial_certification;annual_text_certification,
000662.SZ:2018,True,True,Annual financial/text inputs and registry-defined endpoint verified; full-cohort freeze pending.,,
000662.SZ:2019,False,False,ST_history_label_and_input_certification_pending,annual_financial_certification;annual_text_certification,
000662.SZ:2020,False,False,ST_history_label_and_input_certification_pending,annual_financial_certification;annual_text_certification,
000665.SZ:2017,False,False,ST_history_label_and_input_certification_pending,annual_financial_certification,
000665.SZ:2018,False,False,ST_history_label_and_input_certification_pending,annual_financial_certification,
000665.SZ:2019,False,False,ST_history_label_and_input_certification_pending,annual_financial_certification,
000665.SZ:2020,False,False,ST_history_label_and_input_certification_pending,annual_financial_certification,
000665.SZ:2021,False,False,ST_history_label_and_input_certification_pending,annual_financial_certification,
000665.SZ:2022,False,False,ST_history_label_and_input_certification_pending,annual_financial_certification,
000665.SZ:2023,False,False,ST_history_label_and_input_certification_pending,historical_industry;annual_financial_certification,
000665.SZ:2024,True,True,Annual financial/text inputs and registry-defined endpoint verified; full-cohort freeze pending.,,
000665.SZ:2025,False,False,ST_history_label_and_input_certification_pending,annual_financial_certification,
000668.SZ:2017,True,True,Annual financial/text inputs and registry-defined endpoint verified; full-cohort freeze pending.,,
000668.SZ:2018,False,False,ST_history_label_and_input_certification_pending,annual_financial_certification;annual_text_certification,
000668.SZ:2019,True,True,Annual financial/text inputs and registry-defined endpoint verified; full-cohort freeze pending.,,
000668.SZ:2020,False,False,ST_history_label_and_input_certification_pending,annual_financial_certification;annual_text_certification,
000668.SZ:2021,True,True,Annual financial/text inputs and registry-defined endpoint verified; full-cohort freeze pending.,,
000668.SZ:2022,False,False,ST_history_label_and_input_certification_pending,annual_financial_certification;annual_text_certification,
000668.SZ:2023,False,False,ST_history_label_and_input_certification_pending,historical_industry;annual_text_certification,
000668.SZ:2024,True,True,Annual financial/text inputs and registry-defined endpoint verified; full-cohort freeze pending.,,
000668.SZ:2025,False,False,preorigin_financial_industry_or_confirmed_baseline_ST,,
000670.SZ:2017,True,True,Annual financial/text inputs and registry-defined endpoint verified; full-cohort freeze pending.,,
000670.SZ:2018,False,False,ST_history_label_and_input_certification_pending,annual_financial_certification;annual_text_certification,
000670.SZ:2019,False,False,preorigin_financial_industry_or_confirmed_baseline_ST,,
000670.SZ:2020,False,False,preorigin_financial_industry_or_confirmed_baseline_ST,,
000670.SZ:2021,False,False,preorigin_financial_industry_or_confirmed_baseline_ST,,
000670.SZ:2022,False,False,preorigin_financial_industry_or_confirmed_baseline_ST,,
000670.SZ:2023,False,True,2023 industry corroboration and admission checks passed; consolidated scope retained,,
000670.SZ:2024,True,True,Annual financial/text inputs and registry-defined endpoint verified; full-cohort freeze pending.,,
000670.SZ:2025,True,True,Annual financial/text inputs and registry-defined endpoint verified; full-cohort freeze pending.,,
000693.SZ:2017,False,False,preorigin_financial_industry_or_confirmed_baseline_ST,,
000693.SZ:2018,False,False,preorigin_financial_industry_or_confirmed_baseline_ST,,
000693.SZ:2019,False,False,preorigin_financial_industry_or_confirmed_baseline_ST,,
000695.SZ:2017,True,True,Annual financial/text inputs and registry-defined endpoint verified; full-cohort freeze pending.,,
000695.SZ:2018,True,True,Annual financial/text inputs and registry-defined endpoint verified; full-cohort freeze pending.,,
000695.SZ:2019,True,True,Annual financial/text inputs and registry-defined endpoint verified; full-cohort freeze pending.,,
000695.SZ:2020,True,True,Annual financial/text inputs and registry-defined endpoint verified; full-cohort freeze pending.,,
000695.SZ:2021,True,True,Annual financial/text inputs and registry-defined endpoint verified; full-cohort freeze pending.,,
000695.SZ:2022,False,False,ST_history_label_and_input_certification_pending,annual_financial_certification,
000695.SZ:2023,False,True,2023 industry corroboration and admission checks passed; consolidated scope retained,,
000695.SZ:2024,True,True,Annual financial/text inputs and registry-defined endpoint verified; full-cohort freeze pending.,,
000695.SZ:2025,True,True,Annual financial/text inputs and registry-defined endpoint verified; full-cohort freeze pending.,,
000709.SZ:2017,True,True,Annual financial/text inputs and registry-defined endpoint verified; full-cohort freeze pending.,,
000709.SZ:2018,False,False,ST_history_label_and_input_certification_pending,annual_financial_certification,
000709.SZ:2019,False,False,ST_history_label_and_input_certification_pending,annual_financial_certification;annual_text_certification,
000709.SZ:2020,True,True,Annual financial/text inputs and registry-defined endpoint verified; full-cohort freeze pending.,,
000709.SZ:2021,True,True,Annual financial/text inputs and registry-defined endpoint verified; full-cohort freeze pending.,,
000709.SZ:2022,True,True,Annual financial/text inputs and registry-defined endpoint verified; full-cohort freeze pending.,,
000709.SZ:2023,False,True,2023 industry corroboration and admission checks passed; consolidated scope retained,,
000709.SZ:2024,True,True,Annual financial/text inputs and registry-defined endpoint verified; full-cohort freeze pending.,,
000709.SZ:2025,True,True,Annual financial/text inputs and registry-defined endpoint verified; full-cohort freeze pending.,,
000712.SZ:2017,False,False,preorigin_financial_industry_or_confirmed_baseline_ST,,
000712.SZ:2018,False,False,preorigin_financial_industry_or_confirmed_baseline_ST,,
000712.SZ:2019,False,False,preorigin_financial_industry_or_confirmed_baseline_ST,,
000712.SZ:2020,False,False,preorigin_financial_industry_or_confirmed_baseline_ST,,
000712.SZ:2021,False,False,preorigin_financial_industry_or_confirmed_baseline_ST,,
000712.SZ:2022,False,False,preorigin_financial_industry_or_confirmed_baseline_ST,,
000712.SZ:2023,False,False,ST_history_label_and_input_certification_pending,historical_industry;annual_financial_certification,
000712.SZ:2024,False,False,preorigin_financial_industry_or_confirmed_baseline_ST,,
000712.SZ:2025,False,False,preorigin_financial_industry_or_confirmed_baseline_ST,,
000715.SZ:2017,True,True,Annual financial/text inputs and registry-defined endpoint verified; full-cohort freeze pending.,,
000715.SZ:2018,True,True,Annual financial/text inputs and registry-defined endpoint verified; full-cohort freeze pending.,,
000715.SZ:2019,True,True,Annual financial/text inputs and registry-defined endpoint verified; full-cohort freeze pending.,,
000715.SZ:2020,True,True,Annual financial/text inputs and registry-defined endpoint verified; full-cohort freeze pending.,,
000715.SZ:2021,True,True,Annual financial/text inputs and registry-defined endpoint verified; full-cohort freeze pending.,,
000715.SZ:2022,True,True,Annual financial/text inputs and registry-defined endpoint verified; full-cohort freeze pending.,,
000715.SZ:2023,False,True,2023 industry corroboration and admission checks passed; consolidated scope retained,,
000715.SZ:2024,True,True,Annual financial/text inputs and registry-defined endpoint verified; full-cohort freeze pending.,,
000715.SZ:2025,True,True,Annual financial/text inputs and registry-defined endpoint verified; full-cohort freeze pending.,,
000718.SZ:2017,False,False,ST_history_label_and_input_certification_pending,annual_financial_certification;annual_text_certification,
000718.SZ:2018,True,True,Annual financial/text inputs and registry-defined endpoint verified; full-cohort freeze pending.,,
000718.SZ:2019,True,True,Annual financial/text inputs and registry-defined endpoint verified; full-cohort freeze pending.,,
000718.SZ:2020,True,True,Annual financial/text inputs and registry-defined endpoint verified; full-cohort freeze pending.,,
000718.SZ:2021,True,True,Annual financial/text inputs and registry-defined endpoint verified; full-cohort freeze pending.,,
000718.SZ:2022,True,True,Annual financial/text inputs and registry-defined endpoint verified; full-cohort freeze pending.,,
000718.SZ:2023,False,True,2023 industry corroboration and admission checks passed; consolidated scope retained,,
000718.SZ:2024,True,True,Annual financial/text inputs and registry-defined endpoint verified; full-cohort freeze pending.,,
000718.SZ:2025,True,True,Annual financial/text inputs and registry-defined endpoint verified; full-cohort freeze pending.,,
000727.SZ:2017,True,True,Annual financial/text inputs and registry-defined endpoint verified; full-cohort freeze pending.,,
000727.SZ:2018,False,False,ST_history_label_and_input_certification_pending,annual_financial_certification;annual_text_certification,
000727.SZ:2019,False,False,ST_history_label_and_input_certification_pending,annual_financial_certification;annual_text_certification,
000727.SZ:2020,False,False,preorigin_financial_industry_or_confirmed_baseline_ST,,
000727.SZ:2021,True,True,Annual financial/text inputs and registry-defined endpoint verified; full-cohort freeze pending.,,
000727.SZ:2022,False,False,ST_history_label_and_input_certification_pending,annual_financial_certification,
000727.SZ:2023,False,False,ST_history_label_and_input_certification_pending,historical_industry;annual_financial_certification,
000727.SZ:2024,False,False,ST_history_label_and_input_certification_pending,annual_financial_certification,
000727.SZ:2025,False,False,ST_history_label_and_input_certification_pending,annual_financial_certification,
000739.SZ:2017,False,False,ST_history_label_and_input_certification_pending,annual_financial_certification;annual_text_certification,
000739.SZ:2018,True,True,Annual financial/text inputs and registry-defined endpoint verified; full-cohort freeze pending.,,
000739.SZ:2019,True,True,Annual financial/text inputs and registry-defined endpoint verified; full-cohort freeze pending.,,
000739.SZ:2020,True,True,Annual financial/text inputs and registry-defined endpoint verified; full-cohort freeze pending.,,
000739.SZ:2021,True,True,Annual financial/text inputs and registry-defined endpoint verified; full-cohort freeze pending.,,
000739.SZ:2022,True,True,Annual financial/text inputs and registry-defined endpoint verified; full-cohort freeze pending.,,
000739.SZ:2023,False,True,2023 industry corroboration and admission checks passed; consolidated scope retained,,
000739.SZ:2024,True,True,Annual financial/text inputs and registry-defined endpoint verified; full-cohort freeze pending.,,
000739.SZ:2025,True,True,Annual financial/text inputs and registry-defined endpoint verified; full-cohort freeze pending.,,
000750.SZ:2017,False,False,preorigin_financial_industry_or_confirmed_baseline_ST,,
000750.SZ:2018,False,False,preorigin_financial_industry_or_confirmed_baseline_ST,,
000750.SZ:2019,False,False,preorigin_financial_industry_or_confirmed_baseline_ST,,
000750.SZ:2020,False,False,preorigin_financial_industry_or_confirmed_baseline_ST,,
000750.SZ:2021,False,False,preorigin_financial_industry_or_confirmed_baseline_ST,,
000750.SZ:2022,False,False,preorigin_financial_industry_or_confirmed_baseline_ST,,
000750.SZ:2023,False,False,ST_history_label_and_input_certification_pending,historical_industry;annual_financial_certification;annual_text_certification,
000750.SZ:2024,False,False,preorigin_financial_industry_or_confirmed_baseline_ST,,
000750.SZ:2025,False,False,preorigin_financial_industry_or_confirmed_baseline_ST,,
000786.SZ:2017,False,False,ST_history_label_and_input_certification_pending,annual_financial_certification,
000786.SZ:2018,False,False,ST_history_label_and_input_certification_pending,annual_financial_certification;annual_text_certification,
000786.SZ:2019,False,False,ST_history_label_and_input_certification_pending,annual_financial_certification,
000786.SZ:2020,True,True,Annual financial/text inputs and registry-defined endpoint verified; full-cohort freeze pending.,,
000786.SZ:2021,True,True,Annual financial/text inputs and registry-defined endpoint verified; full-cohort freeze pending.,,
000786.SZ:2022,True,True,Annual financial/text inputs and registry-defined endpoint verified; full-cohort freeze pending.,,
000786.SZ:2023,False,True,2023 industry corroboration and admission checks passed; consolidated scope retained,,
000786.SZ:2024,True,True,Annual financial/text inputs and registry-defined endpoint verified; full-cohort freeze pending.,,
000786.SZ:2025,True,True,Annual financial/text inputs and registry-defined endpoint verified; full-cohort freeze pending.,,
000797.SZ:2017,True,True,Annual financial/text inputs and registry-defined endpoint verified; full-cohort freeze pending.,,
000797.SZ:2018,True,True,Annual financial/text inputs and registry-defined endpoint verified; full-cohort freeze pending.,,
000797.SZ:2019,True,True,Annual financial/text inputs and registry-defined endpoint verified; full-cohort freeze pending.,,
000797.SZ:2020,True,True,Annual financial/text inputs and registry-defined endpoint verified; full-cohort freeze pending.,,
000797.SZ:2021,True,True,Annual financial/text inputs and registry-defined endpoint verified; full-cohort freeze pending.,,
000797.SZ:2022,True,True,Annual financial/text inputs and registry-defined endpoint verified; full-cohort freeze pending.,,
000797.SZ:2023,False,True,2023 industry corroboration and admission checks passed; consolidated scope retained,,
000797.SZ:2024,True,True,Annual financial/text inputs and registry-defined endpoint verified; full-cohort freeze pending.,,
000797.SZ:2025,True,True,Annual financial/text inputs and registry-defined endpoint verified; full-cohort freeze pending.,,
000800.SZ:2017,True,True,Annual financial/text inputs and registry-defined endpoint verified; full-cohort freeze pending.,,
000800.SZ:2018,False,False,ST_history_label_and_input_certification_pending,annual_financial_certification;annual_text_certification,
000800.SZ:2019,True,True,Annual financial/text inputs and registry-defined endpoint verified; full-cohort freeze pending.,,
000800.SZ:2020,True,True,Annual financial/text inputs and registry-defined endpoint verified; full-cohort freeze pending.,,
000800.SZ:2021,True,True,Annual financial/text inputs and registry-defined endpoint verified; full-cohort freeze pending.,,
000800.SZ:2022,True,True,Annual financial/text inputs and registry-defined endpoint verified; full-cohort freeze pending.,,
000800.SZ:2023,False,True,2023 industry corroboration and admission checks passed; consolidated scope retained,,
000800.SZ:2024,True,True,Annual financial/text inputs and registry-defined endpoint verified; full-cohort freeze pending.,,
000800.SZ:2025,True,True,Annual financial/text inputs and registry-defined endpoint verified; full-cohort freeze pending.,,
000807.SZ:2017,True,True,Annual financial/text inputs and registry-defined endpoint verified; full-cohort freeze pending.,,
000807.SZ:2018,False,False,ST_history_label_and_input_certification_pending,annual_financial_certification,
000807.SZ:2019,True,True,Annual financial/text inputs and registry-defined endpoint verified; full-cohort freeze pending.,,
000807.SZ:2020,True,True,Annual financial/text inputs and registry-defined endpoint verified; full-cohort freeze pending.,,
000807.SZ:2021,True,True,Annual financial/text inputs and registry-defined endpoint verified; full-cohort freeze pending.,,
000807.SZ:2022,True,True,Annual financial/text inputs and registry-defined endpoint verified; full-cohort freeze pending.,,
000807.SZ:2023,False,True,2023 industry corroboration and admission checks passed; consolidated scope retained,,
000807.SZ:2024,True,True,Annual financial/text inputs and registry-defined endpoint verified; full-cohort freeze pending.,,
000807.SZ:2025,False,False,ST_history_label_and_input_certification_pending,annual_financial_certification,
000821.SZ:2017,False,False,ST_history_label_and_input_certification_pending,annual_financial_certification;annual_text_certification,
000821.SZ:2018,False,False,ST_history_label_and_input_certification_pending,annual_financial_certification;annual_text_certification,
000821.SZ:2019,False,False,ST_history_label_and_input_certification_pending,annual_financial_certification;annual_text_certification,
000821.SZ:2020,False,False,ST_history_label_and_input_certification_pending,annual_financial_certification;annual_text_certification,
000821.SZ:2021,False,False,ST_history_label_and_input_certification_pending,annual_financial_certification;annual_text_certification,
000821.SZ:2022,True,True,Annual financial/text inputs and registry-defined endpoint verified; full-cohort freeze pending.,,
000821.SZ:2023,False,True,2023 industry corroboration and admission checks passed; consolidated scope retained,,
000821.SZ:2024,True,True,Annual financial/text inputs and registry-defined endpoint verified; full-cohort freeze pending.,,
000821.SZ:2025,True,True,Annual financial/text inputs and registry-defined endpoint verified; full-cohort freeze pending.,,
000822.SZ:2017,False,False,ST_history_label_and_input_certification_pending,annual_financial_certification,
000822.SZ:2018,False,False,ST_history_label_and_input_certification_pending,annual_financial_certification,
000822.SZ:2019,False,False,ST_history_label_and_input_certification_pending,annual_financial_certification,
000822.SZ:2020,True,True,Annual financial/text inputs and registry-defined endpoint verified; full-cohort freeze pending.,,
000822.SZ:2021,False,False,ST_history_label_and_input_certification_pending,annual_financial_certification,
000822.SZ:2022,False,False,ST_history_label_and_input_certification_pending,annual_financial_certification,
000822.SZ:2023,False,False,ST_history_label_and_input_certification_pending,historical_industry;annual_financial_certification,
000822.SZ:2024,False,False,ST_history_label_and_input_certification_pending,annual_financial_certification,
000822.SZ:2025,False,False,ST_history_label_and_input_certification_pending,annual_financial_certification,
000823.SZ:2017,True,True,Annual financial/text inputs and registry-defined endpoint verified; full-cohort freeze pending.,,
000823.SZ:2018,True,True,Annual financial/text inputs and registry-defined endpoint verified; full-cohort freeze pending.,,
000823.SZ:2019,True,True,Annual financial/text inputs and registry-defined endpoint verified; full-cohort freeze pending.,,
000823.SZ:2020,True,True,Annual financial/text inputs and registry-defined endpoint verified; full-cohort freeze pending.,,
000823.SZ:2021,True,True,Annual financial/text inputs and registry-defined endpoint verified; full-cohort freeze pending.,,
000823.SZ:2022,True,True,Annual financial/text inputs and registry-defined endpoint verified; full-cohort freeze pending.,,
000823.SZ:2023,False,True,2023 industry corroboration and admission checks passed; consolidated scope retained,,
000823.SZ:2024,True,True,Annual financial/text inputs and registry-defined endpoint verified; full-cohort freeze pending.,,
000823.SZ:2025,True,True,Annual financial/text inputs and registry-defined endpoint verified; full-cohort freeze pending.,,
000830.SZ:2017,True,True,Annual financial/text inputs and registry-defined endpoint verified; full-cohort freeze pending.,,
000830.SZ:2018,True,True,Annual financial/text inputs and registry-defined endpoint verified; full-cohort freeze pending.,,
000830.SZ:2019,True,True,Annual financial/text inputs and registry-defined endpoint verified; full-cohort freeze pending.,,
000830.SZ:2020,True,True,Annual financial/text inputs and registry-defined endpoint verified; full-cohort freeze pending.,,
000830.SZ:2021,True,True,Annual financial/text inputs and registry-defined endpoint verified; full-cohort freeze pending.,,
000830.SZ:2022,True,True,Annual financial/text inputs and registry-defined endpoint verified; full-cohort freeze pending.,,
000830.SZ:2023,False,True,2023 industry corroboration and admission checks passed; consolidated scope retained,,
000830.SZ:2024,True,True,Annual financial/text inputs and registry-defined endpoint verified; full-cohort freeze pending.,,
000830.SZ:2025,True,True,Annual financial/text inputs and registry-defined endpoint verified; full-cohort freeze pending.,,
000835.SZ:2017,False,False,ST_history_label_and_input_certification_pending,annual_financial_certification;annual_text_certification,
000835.SZ:2018,True,True,Annual financial/text inputs and registry-defined endpoint verified; full-cohort freeze pending.,,
000835.SZ:2019,True,True,Annual financial/text inputs and registry-defined endpoint verified; full-cohort freeze pending.,,
000835.SZ:2020,False,False,ST_history_label_and_input_certification_pending,annual_financial_certification;annual_text_certification,
000835.SZ:2021,False,False,preorigin_financial_industry_or_confirmed_baseline_ST,,
000835.SZ:2022,False,False,known_incomplete_followup_due_to_delisting,,
000839.SZ:2017,False,False,ST_history_label_and_input_certification_pending,annual_financial_certification,
000839.SZ:2018,False,False,ST_history_label_and_input_certification_pending,annual_financial_certification,
000839.SZ:2019,False,False,ST_history_label_and_input_certification_pending,annual_financial_certification,
000839.SZ:2020,False,False,ST_history_label_and_input_certification_pending,annual_financial_certification,
000839.SZ:2021,False,False,ST_history_label_and_input_certification_pending,annual_financial_certification,
000839.SZ:2022,False,False,ST_history_label_and_input_certification_pending,annual_financial_certification,
000839.SZ:2023,False,False,preorigin_financial_industry_or_confirmed_baseline_ST,,
000839.SZ:2024,False,False,preorigin_financial_industry_or_confirmed_baseline_ST,,
000839.SZ:2025,False,False,ST_history_label_and_input_certification_pending,annual_financial_certification;annual_text_certification,
000850.SZ:2017,True,True,Annual financial/text inputs and registry-defined endpoint verified; full-cohort freeze pending.,,
000850.SZ:2018,True,True,Annual financial/text inputs and registry-defined endpoint verified; full-cohort freeze pending.,,
000850.SZ:2019,True,True,Annual financial/text inputs and registry-defined endpoint verified; full-cohort freeze pending.,,
000850.SZ:2020,False,False,ST_history_label_and_input_certification_pending,annual_financial_certification;annual_text_certification,
000850.SZ:2021,True,True,Annual financial/text inputs and registry-defined endpoint verified; full-cohort freeze pending.,,
000850.SZ:2022,True,True,Annual financial/text inputs and registry-defined endpoint verified; full-cohort freeze pending.,,
000850.SZ:2023,False,True,2023 industry corroboration and admission checks passed; consolidated scope retained,,
000850.SZ:2024,True,True,Annual financial/text inputs and registry-defined endpoint verified; full-cohort freeze pending.,,
000850.SZ:2025,True,True,Annual financial/text inputs and registry-defined endpoint verified; full-cohort freeze pending.,,
000861.SZ:2017,True,True,Annual financial/text inputs and registry-defined endpoint verified; full-cohort freeze pending.,,
000861.SZ:2018,False,False,ST_history_label_and_input_certification_pending,annual_financial_certification,
000861.SZ:2019,True,True,Annual financial/text inputs and registry-defined endpoint verified; full-cohort freeze pending.,,
000861.SZ:2020,True,True,Annual financial/text inputs and registry-defined endpoint verified; full-cohort freeze pending.,,
000861.SZ:2021,True,True,Annual financial/text inputs and registry-defined endpoint verified; full-cohort freeze pending.,,
000861.SZ:2022,True,True,Annual financial/text inputs and registry-defined endpoint verified; full-cohort freeze pending.,,
000861.SZ:2023,False,True,2023 industry corroboration and admission checks passed; consolidated scope retained,,
000861.SZ:2024,False,False,known_incomplete_followup_due_to_delisting,,
000868.SZ:2017,False,False,ST_history_label_and_input_certification_pending,annual_financial_certification;annual_text_certification,
000868.SZ:2018,False,False,ST_history_label_and_input_certification_pending,annual_financial_certification;annual_text_certification,
000868.SZ:2019,False,False,preorigin_financial_industry_or_confirmed_baseline_ST,,
000868.SZ:2020,False,False,preorigin_financial_industry_or_confirmed_baseline_ST,,
000868.SZ:2021,True,True,Annual financial/text inputs and registry-defined endpoint verified; full-cohort freeze pending.,,
000868.SZ:2022,True,True,Annual financial/text inputs and registry-defined endpoint verified; full-cohort freeze pending.,,
000868.SZ:2023,False,True,2023 industry corroboration and admission checks passed; consolidated scope retained,,
000868.SZ:2024,False,False,ST_history_label_and_input_certification_pending,annual_financial_certification,
000868.SZ:2025,False,False,ST_history_label_and_input_certification_pending,annual_financial_certification,
000883.SZ:2017,True,True,Annual financial/text inputs and registry-defined endpoint verified; full-cohort freeze pending.,,
000883.SZ:2018,True,True,Annual financial/text inputs and registry-defined endpoint verified; full-cohort freeze pending.,,
000883.SZ:2019,True,True,Annual financial/text inputs and registry-defined endpoint verified; full-cohort freeze pending.,,
000883.SZ:2020,True,True,Annual financial/text inputs and registry-defined endpoint verified; full-cohort freeze pending.,,
000883.SZ:2021,True,True,Annual financial/text inputs and registry-defined endpoint verified; full-cohort freeze pending.,,
000883.SZ:2022,True,True,Annual financial/text inputs and registry-defined endpoint verified; full-cohort freeze pending.,,
000883.SZ:2023,False,False,ST_history_label_and_input_certification_pending,historical_industry;annual_text_certification,
000883.SZ:2024,True,True,Annual financial/text inputs and registry-defined endpoint verified; full-cohort freeze pending.,,
000883.SZ:2025,False,False,ST_history_label_and_input_certification_pending,annual_financial_certification,
000890.SZ:2017,True,True,Annual financial/text inputs and registry-defined endpoint verified; full-cohort freeze pending.,,
000890.SZ:2018,False,False,ST_history_label_and_input_certification_pending,annual_financial_certification,
000890.SZ:2019,True,True,Annual financial/text inputs and registry-defined endpoint verified; full-cohort freeze pending.,,
000890.SZ:2020,False,False,preorigin_financial_industry_or_confirmed_baseline_ST,,
000890.SZ:2021,False,False,preorigin_financial_industry_or_confirmed_baseline_ST,,
000890.SZ:2022,True,True,Annual financial/text inputs and registry-defined endpoint verified; full-cohort freeze pending.,,
000890.SZ:2023,False,True,2023 industry corroboration and admission checks passed; consolidated scope retained,,
000890.SZ:2024,True,True,Annual financial/text inputs and registry-defined endpoint verified; full-cohort freeze pending.,,
000890.SZ:2025,True,True,Annual financial/text inputs and registry-defined endpoint verified; full-cohort freeze pending.,,
000897.SZ:2017,False,False,ST_history_label_and_input_certification_pending,annual_financial_certification,
000897.SZ:2018,False,False,ST_history_label_and_input_certification_pending,annual_financial_certification;annual_text_certification,
000897.SZ:2019,False,False,preorigin_financial_industry_or_confirmed_baseline_ST,,
000897.SZ:2020,False,False,preorigin_financial_industry_or_confirmed_baseline_ST,,
000897.SZ:2021,True,True,Annual financial/text inputs and registry-defined endpoint verified; full-cohort freeze pending.,,
000897.SZ:2022,False,False,ST_history_label_and_input_certification_pending,annual_financial_certification,
000897.SZ:2023,False,True,2023 industry corroboration and admission checks passed; consolidated scope retained,,
000897.SZ:2024,True,True,Annual financial/text inputs and registry-defined endpoint verified; full-cohort freeze pending.,,
000897.SZ:2025,False,False,ST_history_label_and_input_certification_pending,annual_financial_certification,
000903.SZ:2017,True,True,Annual financial/text inputs and registry-defined endpoint verified; full-cohort freeze pending.,,
000903.SZ:2018,True,True,Annual financial/text inputs and registry-defined endpoint verified; full-cohort freeze pending.,,
000903.SZ:2019,True,True,Annual financial/text inputs and registry-defined endpoint verified; full-cohort freeze pending.,,
000903.SZ:2020,True,True,Annual financial/text inputs and registry-defined endpoint verified; full-cohort freeze pending.,,
000903.SZ:2021,True,True,Annual financial/text inputs and registry-defined endpoint verified; full-cohort freeze pending.,,
000903.SZ:2022,True,True,Annual financial/text inputs and registry-defined endpoint verified; full-cohort freeze pending.,,
000903.SZ:2023,False,True,2023 industry corroboration and admission checks passed; consolidated scope retained,,
000903.SZ:2024,True,True,Annual financial/text inputs and registry-defined endpoint verified; full-cohort freeze pending.,,
000903.SZ:2025,True,True,Annual financial/text inputs and registry-defined endpoint verified; full-cohort freeze pending.,,
000920.SZ:2017,True,True,Annual financial/text inputs and registry-defined endpoint verified; full-cohort freeze pending.,,
000920.SZ:2018,True,True,Annual financial/text inputs and registry-defined endpoint verified; full-cohort freeze pending.,,
000920.SZ:2019,True,True,Annual financial/text inputs and registry-defined endpoint verified; full-cohort freeze pending.,,
000920.SZ:2020,True,True,Annual financial/text inputs and registry-defined endpoint verified; full-cohort freeze pending.,,
000920.SZ:2021,True,True,Annual financial/text inputs and registry-defined endpoint verified; full-cohort freeze pending.,,
000920.SZ:2022,True,True,Annual financial/text inputs and registry-defined endpoint verified; full-cohort freeze pending.,,
000920.SZ:2023,False,True,2023 industry corroboration and admission checks passed; consolidated scope retained,,
000920.SZ:2024,True,True,Annual financial/text inputs and registry-defined endpoint verified; full-cohort freeze pending.,,
000920.SZ:2025,True,True,Annual financial/text inputs and registry-defined endpoint verified; full-cohort freeze pending.,,
000925.SZ:2017,True,True,Annual financial/text inputs and registry-defined endpoint verified; full-cohort freeze pending.,,
000925.SZ:2018,True,True,Annual financial/text inputs and registry-defined endpoint verified; full-cohort freeze pending.,,
000925.SZ:2019,True,True,Annual financial/text inputs and registry-defined endpoint verified; full-cohort freeze pending.,,
000925.SZ:2020,True,True,Annual financial/text inputs and registry-defined endpoint verified; full-cohort freeze pending.,,
000925.SZ:2021,True,True,Annual financial/text inputs and registry-defined endpoint verified; full-cohort freeze pending.,,
000925.SZ:2022,True,True,Annual financial/text inputs and registry-defined endpoint verified; full-cohort freeze pending.,,
000925.SZ:2023,False,True,2023 industry corroboration and admission checks passed; consolidated scope retained,,
000925.SZ:2024,True,True,Annual financial/text inputs and registry-defined endpoint verified; full-cohort freeze pending.,,
000925.SZ:2025,True,True,Annual financial/text inputs and registry-defined endpoint verified; full-cohort freeze pending.,,
000933.SZ:2017,False,False,preorigin_financial_industry_or_confirmed_baseline_ST,,
000933.SZ:2018,True,True,Annual financial/text inputs and registry-defined endpoint verified; full-cohort freeze pending.,,
000933.SZ:2019,True,True,Annual financial/text inputs and registry-defined endpoint verified; full-cohort freeze pending.,,
000933.SZ:2020,True,True,Annual financial/text inputs and registry-defined endpoint verified; full-cohort freeze pending.,,
000933.SZ:2021,True,True,Annual financial/text inputs and registry-defined endpoint verified; full-cohort freeze pending.,,
000933.SZ:2022,True,True,Annual financial/text inputs and registry-defined endpoint verified; full-cohort freeze pending.,,
000933.SZ:2023,False,True,2023 industry corroboration and admission checks passed; consolidated scope retained,,
000933.SZ:2024,True,True,Annual financial/text inputs and registry-defined endpoint verified; full-cohort freeze pending.,,
000933.SZ:2025,True,True,Annual financial/text inputs and registry-defined endpoint verified; full-cohort freeze pending.,,
000937.SZ:2017,True,True,Annual financial/text inputs and registry-defined endpoint verified; full-cohort freeze pending.,,
000937.SZ:2018,True,True,Annual financial/text inputs and registry-defined endpoint verified; full-cohort freeze pending.,,
000937.SZ:2019,True,True,Annual financial/text inputs and registry-defined endpoint verified; full-cohort freeze pending.,,
000937.SZ:2020,True,True,Annual financial/text inputs and registry-defined endpoint verified; full-cohort freeze pending.,,
000937.SZ:2021,False,False,ST_history_label_and_input_certification_pending,annual_financial_certification;annual_text_certification,
000937.SZ:2022,False,False,ST_history_label_and_input_certification_pending,annual_financial_certification;annual_text_certification,
000937.SZ:2023,False,True,2023 industry corroboration and admission checks passed; consolidated scope retained,,
000937.SZ:2024,True,True,Annual financial/text inputs and registry-defined endpoint verified; full-cohort freeze pending.,,
000937.SZ:2025,False,False,ST_history_label_and_input_certification_pending,annual_financial_certification,
000978.SZ:2017,False,False,ST_history_label_and_input_certification_pending,annual_financial_certification;annual_text_certification,
000978.SZ:2018,False,False,ST_history_label_and_input_certification_pending,annual_financial_certification,
000978.SZ:2019,False,False,ST_history_label_and_input_certification_pending,annual_financial_certification,
000978.SZ:2020,False,False,ST_history_label_and_input_certification_pending,annual_financial_certification,
000978.SZ:2021,False,False,ST_history_label_and_input_certification_pending,annual_financial_certification,
000978.SZ:2022,False,False,ST_history_label_and_input_certification_pending,annual_financial_certification,
000978.SZ:2023,False,False,ST_history_label_and_input_certification_pending,historical_industry;annual_financial_certification,
000978.SZ:2024,False,False,ST_history_label_and_input_certification_pending,annual_financial_certification,
000978.SZ:2025,False,False,ST_history_label_and_input_certification_pending,annual_financial_certification,
000979.SZ:2017,False,False,ST_history_label_and_input_certification_pending,annual_financial_certification,
000979.SZ:2018,False,False,known_incomplete_followup_due_to_delisting,,
000982.SZ:2017,False,False,ST_history_label_and_input_certification_pending,annual_financial_certification;annual_text_certification,
000982.SZ:2018,False,False,preorigin_financial_industry_or_confirmed_baseline_ST,,
000982.SZ:2019,False,False,preorigin_financial_industry_or_confirmed_baseline_ST,,
000982.SZ:2020,False,False,preorigin_financial_industry_or_confirmed_baseline_ST,,
000982.SZ:2021,False,False,preorigin_financial_industry_or_confirmed_baseline_ST,,
000982.SZ:2022,True,True,Annual financial/text inputs and registry-defined endpoint verified; full-cohort freeze pending.,,
000982.SZ:2023,False,True,2023 industry corroboration and admission checks passed; consolidated scope retained,,
000982.SZ:2024,False,False,known_incomplete_followup_due_to_delisting,,
000985.SZ:2017,False,False,ST_history_label_and_input_certification_pending,annual_financial_certification,
000985.SZ:2018,False,False,ST_history_label_and_input_certification_pending,annual_financial_certification,
000985.SZ:2019,False,False,ST_history_label_and_input_certification_pending,annual_financial_certification,
000985.SZ:2020,False,False,ST_history_label_and_input_certification_pending,annual_financial_certification,
000985.SZ:2021,False,False,ST_history_label_and_input_certification_pending,annual_financial_certification,
000985.SZ:2022,False,False,ST_history_label_and_input_certification_pending,annual_financial_certification,
000985.SZ:2023,False,False,ST_history_label_and_input_certification_pending,historical_industry;annual_financial_certification,
000985.SZ:2024,False,False,ST_history_label_and_input_certification_pending,annual_financial_certification,
000985.SZ:2025,False,False,ST_history_label_and_input_certification_pending,annual_financial_certification,
000989.SZ:2017,True,True,Annual financial/text inputs and registry-defined endpoint verified; full-cohort freeze pending.,,
000989.SZ:2018,False,False,ST_history_label_and_input_certification_pending,annual_financial_certification;annual_text_certification,
000989.SZ:2019,False,False,ST_history_label_and_input_certification_pending,annual_financial_certification;annual_text_certification,
000989.SZ:2020,True,True,Annual financial/text inputs and registry-defined endpoint verified; full-cohort freeze pending.,,
000989.SZ:2021,True,True,Annual financial/text inputs and registry-defined endpoint verified; full-cohort freeze pending.,,
000989.SZ:2022,True,True,Annual financial/text inputs and registry-defined endpoint verified; full-cohort freeze pending.,,
000989.SZ:2023,False,True,2023 industry corroboration and admission checks passed; consolidated scope retained,,
000989.SZ:2024,False,False,preorigin_financial_industry_or_confirmed_baseline_ST,,
000989.SZ:2025,False,False,preorigin_financial_industry_or_confirmed_baseline_ST,,
000990.SZ:2017,False,False,ST_history_label_and_input_certification_pending,annual_financial_certification,
000990.SZ:2018,False,False,ST_history_label_and_input_certification_pending,annual_financial_certification,
000990.SZ:2019,False,False,ST_history_label_and_input_certification_pending,annual_financial_certification,
000990.SZ:2020,True,True,Annual financial/text inputs and registry-defined endpoint verified; full-cohort freeze pending.,,
000990.SZ:2021,True,True,Annual financial/text inputs and registry-defined endpoint verified; full-cohort freeze pending.,,
000990.SZ:2022,True,True,Annual financial/text inputs and registry-defined endpoint verified; full-cohort freeze pending.,,
000990.SZ:2023,False,True,2023 industry corroboration and admission checks passed; consolidated scope retained,,
000990.SZ:2024,True,True,Annual financial/text inputs and registry-defined endpoint verified; full-cohort freeze pending.,,
000990.SZ:2025,True,True,Annual financial/text inputs and registry-defined endpoint verified; full-cohort freeze pending.,,
001201.SZ:2024,True,True,Annual financial/text inputs and registry-defined endpoint verified; full-cohort freeze pending.,,
001201.SZ:2025,True,True,Annual financial/text inputs and registry-defined endpoint verified; full-cohort freeze pending.,,
001215.SZ:2025,True,True,Annual financial/text inputs and registry-defined endpoint verified; full-cohort freeze pending.,,
001216.SZ:2025,True,True,Annual financial/text inputs and registry-defined endpoint verified; full-cohort freeze pending.,,
001296.SZ:2025,True,True,Annual financial/text inputs and registry-defined endpoint verified; full-cohort freeze pending.,,
001979.SZ:2019,False,False,ST_history_label_and_input_certification_pending,annual_financial_certification,
001979.SZ:2020,False,False,ST_history_label_and_input_certification_pending,annual_financial_certification,
001979.SZ:2021,False,False,ST_history_label_and_input_certification_pending,annual_financial_certification,
001979.SZ:2022,False,False,ST_history_label_and_input_certification_pending,annual_financial_certification,
001979.SZ:2023,False,False,ST_history_label_and_input_certification_pending,historical_industry;annual_financial_certification,
001979.SZ:2024,False,False,ST_history_label_and_input_certification_pending,annual_financial_certification,
001979.SZ:2025,False,False,ST_history_label_and_input_certification_pending,annual_financial_certification,
002002.SZ:2017,False,False,ST_history_label_and_input_certification_pending,annual_financial_certification,
002002.SZ:2018,False,False,ST_history_label_and_input_certification_pending,annual_financial_certification,
002002.SZ:2019,False,False,ST_history_label_and_input_certification_pending,annual_financial_certification,
002002.SZ:2020,False,False,ST_history_label_and_input_certification_pending,annual_financial_certification;annual_text_certification,
002002.SZ:2021,False,False,ST_history_label_and_input_certification_pending,annual_financial_certification;annual_text_certification,
002002.SZ:2022,True,True,Annual financial/text inputs and registry-defined endpoint verified; full-cohort freeze pending.,,
002002.SZ:2023,False,False,ST_history_label_and_input_certification_pending,historical_industry;annual_text_certification,
002014.SZ:2017,True,True,Annual financial/text inputs and registry-defined endpoint verified; full-cohort freeze pending.,,
002014.SZ:2018,True,True,Annual financial/text inputs and registry-defined endpoint verified; full-cohort freeze pending.,,
002014.SZ:2019,True,True,Annual financial/text inputs and registry-defined endpoint verified; full-cohort freeze pending.,,
002014.SZ:2020,True,True,Annual financial/text inputs and registry-defined endpoint verified; full-cohort freeze pending.,,
002014.SZ:2021,True,True,Annual financial/text inputs and registry-defined endpoint verified; full-cohort freeze pending.,,
002014.SZ:2022,True,True,Annual financial/text inputs and registry-defined endpoint verified; full-cohort freeze pending.,,
002014.SZ:2023,False,True,2023 industry corroboration and admission checks passed; consolidated scope retained,,
002014.SZ:2024,True,True,Annual financial/text inputs and registry-defined endpoint verified; full-cohort freeze pending.,,
002014.SZ:2025,False,False,ST_history_label_and_input_certification_pending,annual_financial_certification,
002016.SZ:2017,True,True,Annual financial/text inputs and registry-defined endpoint verified; full-cohort freeze pending.,,
002016.SZ:2018,True,True,Annual financial/text inputs and registry-defined endpoint verified; full-cohort freeze pending.,,
002016.SZ:2019,True,True,Annual financial/text inputs and registry-defined endpoint verified; full-cohort freeze pending.,,
002016.SZ:2020,True,True,Annual financial/text inputs and registry-defined endpoint verified; full-cohort freeze pending.,,
002016.SZ:2021,True,True,Annual financial/text inputs and registry-defined endpoint verified; full-cohort freeze pending.,,
002016.SZ:2022,True,True,Annual financial/text inputs and registry-defined endpoint verified; full-cohort freeze pending.,,
002016.SZ:2023,False,True,2023 industry corroboration and admission checks passed; consolidated scope retained,,
002016.SZ:2024,True,True,Annual financial/text inputs and registry-defined endpoint verified; full-cohort freeze pending.,,
002016.SZ:2025,True,True,Annual financial/text inputs and registry-defined endpoint verified; full-cohort freeze pending.,,
002021.SZ:2017,True,True,Annual financial/text inputs and registry-defined endpoint verified; full-cohort freeze pending.,,
002021.SZ:2018,True,True,Annual financial/text inputs and registry-defined endpoint verified; full-cohort freeze pending.,,
002021.SZ:2019,False,False,preorigin_financial_industry_or_confirmed_baseline_ST,,
002021.SZ:2020,False,False,preorigin_financial_industry_or_confirmed_baseline_ST,,
002021.SZ:2021,False,False,preorigin_financial_industry_or_confirmed_baseline_ST,,
002021.SZ:2022,False,False,preorigin_financial_industry_or_confirmed_baseline_ST,,
002021.SZ:2023,False,False,preorigin_financial_industry_or_confirmed_baseline_ST,,
002021.SZ:2024,False,False,preorigin_financial_industry_or_confirmed_baseline_ST,,
002021.SZ:2025,True,True,Annual financial/text inputs and registry-defined endpoint verified; full-cohort freeze pending.,,
002027.SZ:2017,False,False,ST_history_label_and_input_certification_pending,annual_financial_certification,
002027.SZ:2018,False,False,ST_history_label_and_input_certification_pending,annual_financial_certification,
002027.SZ:2019,True,True,Annual financial/text inputs and registry-defined endpoint verified; full-cohort freeze pending.,,
002027.SZ:2020,True,True,Annual financial/text inputs and registry-defined endpoint verified; full-cohort freeze pending.,,
002027.SZ:2021,True,True,Annual financial/text inputs and registry-defined endpoint verified; full-cohort freeze pending.,,
002027.SZ:2022,True,True,Annual financial/text inputs and registry-defined endpoint verified; full-cohort freeze pending.,,
002027.SZ:2023,False,True,2023 industry corroboration and admission checks passed; consolidated scope retained,,
002027.SZ:2024,True,True,Annual financial/text inputs and registry-defined endpoint verified; full-cohort freeze pending.,,
002027.SZ:2025,True,True,Annual financial/text inputs and registry-defined endpoint verified; full-cohort freeze pending.,,
002033.SZ:2017,False,False,ST_history_label_and_input_certification_pending,annual_financial_certification,
002033.SZ:2018,False,False,ST_history_label_and_input_certification_pending,annual_financial_certification,
002033.SZ:2019,True,True,Annual financial/text inputs and registry-defined endpoint verified; full-cohort freeze pending.,,
002033.SZ:2020,True,True,Annual financial/text inputs and registry-defined endpoint verified; full-cohort freeze pending.,,
002033.SZ:2021,True,True,Annual financial/text inputs and registry-defined endpoint verified; full-cohort freeze pending.,,
002033.SZ:2022,True,True,Annual financial/text inputs and registry-defined endpoint verified; full-cohort freeze pending.,,
002033.SZ:2023,False,True,2023 industry corroboration and admission checks passed; consolidated scope retained,,
002033.SZ:2024,True,True,Annual financial/text inputs and registry-defined endpoint verified; full-cohort freeze pending.,,
002033.SZ:2025,True,True,Annual financial/text inputs and registry-defined endpoint verified; full-cohort freeze pending.,,
002039.SZ:2017,True,True,Annual financial/text inputs and registry-defined endpoint verified; full-cohort freeze pending.,,
002039.SZ:2018,False,False,ST_history_label_and_input_certification_pending,annual_financial_certification,
002039.SZ:2019,True,True,Annual financial/text inputs and registry-defined endpoint verified; full-cohort freeze pending.,,
002039.SZ:2020,True,True,Annual financial/text inputs and registry-defined endpoint verified; full-cohort freeze pending.,,
002039.SZ:2021,True,True,Annual financial/text inputs and registry-defined endpoint verified; full-cohort freeze pending.,,
002039.SZ:2022,True,True,Annual financial/text inputs and registry-defined endpoint verified; full-cohort freeze pending.,,
002039.SZ:2023,False,True,2023 industry corroboration and admission checks passed; consolidated scope retained,,
002039.SZ:2024,True,True,Annual financial/text inputs and registry-defined endpoint verified; full-cohort freeze pending.,,
002039.SZ:2025,False,False,ST_history_label_and_input_certification_pending,annual_financial_certification;annual_text_certification,
002040.SZ:2017,True,True,Annual financial/text inputs and registry-defined endpoint verified; full-cohort freeze pending.,,
002040.SZ:2018,True,True,Annual financial/text inputs and registry-defined endpoint verified; full-cohort freeze pending.,,
002040.SZ:2019,True,True,Annual financial/text inputs and registry-defined endpoint verified; full-cohort freeze pending.,,
002040.SZ:2020,True,True,Annual financial/text inputs and registry-defined endpoint verified; full-cohort freeze pending.,,
002040.SZ:2021,True,True,Annual financial/text inputs and registry-defined endpoint verified; full-cohort freeze pending.,,
002040.SZ:2022,False,False,ST_history_label_and_input_certification_pending,annual_financial_certification;annual_text_certification,
002040.SZ:2023,False,True,2023 industry corroboration and admission checks passed; consolidated scope retained,,
002040.SZ:2024,True,True,Annual financial/text inputs and registry-defined endpoint verified; full-cohort freeze pending.,,
002040.SZ:2025,False,False,ST_history_label_and_input_certification_pending,annual_financial_certification,
002041.SZ:2017,True,True,Annual financial/text inputs and registry-defined endpoint verified; full-cohort freeze pending.,,
002041.SZ:2018,True,True,Annual financial/text inputs and registry-defined endpoint verified; full-cohort freeze pending.,,
002041.SZ:2019,True,True,Annual financial/text inputs and registry-defined endpoint verified; full-cohort freeze pending.,,
002041.SZ:2020,True,True,Annual financial/text inputs and registry-defined endpoint verified; full-cohort freeze pending.,,
002041.SZ:2021,True,True,Annual financial/text inputs and registry-defined endpoint verified; full-cohort freeze pending.,,
002041.SZ:2022,True,True,Annual financial/text inputs and registry-defined endpoint verified; full-cohort freeze pending.,,
002041.SZ:2023,False,False,ST_history_label_and_input_certification_pending,historical_industry;annual_text_certification,
002041.SZ:2024,True,True,Annual financial/text inputs and registry-defined endpoint verified; full-cohort freeze pending.,,
002041.SZ:2025,True,True,Annual financial/text inputs and registry-defined endpoint verified; full-cohort freeze pending.,,
002046.SZ:2017,False,False,ST_history_label_and_input_certification_pending,annual_financial_certification;annual_text_certification,
002046.SZ:2018,True,True,Annual financial/text inputs and registry-defined endpoint verified; full-cohort freeze pending.,,
002046.SZ:2019,True,True,Annual financial/text inputs and registry-defined endpoint verified; full-cohort freeze pending.,,
002046.SZ:2020,True,True,Annual financial/text inputs and registry-defined endpoint verified; full-cohort freeze pending.,,
002046.SZ:2021,True,True,Annual financial/text inputs and registry-defined endpoint verified; full-cohort freeze pending.,,
002046.SZ:2022,True,True,Annual financial/text inputs and registry-defined endpoint verified; full-cohort freeze pending.,,
002046.SZ:2023,False,True,2023 industry corroboration and admission checks passed; consolidated scope retained,,
002046.SZ:2024,True,True,Annual financial/text inputs and registry-defined endpoint verified; full-cohort freeze pending.,,
002046.SZ:2025,True,True,Annual financial/text inputs and registry-defined endpoint verified; full-cohort freeze pending.,,
002050.SZ:2017,True,True,Annual financial/text inputs and registry-defined endpoint verified; full-cohort freeze pending.,,
002050.SZ:2018,True,True,Annual financial/text inputs and registry-defined endpoint verified; full-cohort freeze pending.,,
002050.SZ:2019,True,True,Annual financial/text inputs and registry-defined endpoint verified; full-cohort freeze pending.,,
002050.SZ:2020,True,True,Annual financial/text inputs and registry-defined endpoint verified; full-cohort freeze pending.,,
002050.SZ:2021,True,True,Annual financial/text inputs and registry-defined endpoint verified; full-cohort freeze pending.,,
002050.SZ:2022,True,True,Annual financial/text inputs and registry-defined endpoint verified; full-cohort freeze pending.,,
002050.SZ:2023,False,True,2023 industry corroboration and admission checks passed; consolidated scope retained,,
002050.SZ:2024,True,True,Annual financial/text inputs and registry-defined endpoint verified; full-cohort freeze pending.,,
002050.SZ:2025,True,True,Annual financial/text inputs and registry-defined endpoint verified; full-cohort freeze pending.,,
002053.SZ:2017,False,False,ST_history_label_and_input_certification_pending,annual_financial_certification,
002053.SZ:2018,True,True,Annual financial/text inputs and registry-defined endpoint verified; full-cohort freeze pending.,,
002053.SZ:2019,True,True,Annual financial/text inputs and registry-defined endpoint verified; full-cohort freeze pending.,,
002053.SZ:2020,True,True,Annual financial/text inputs and registry-defined endpoint verified; full-cohort freeze pending.,,
002053.SZ:2021,True,True,Annual financial/text inputs and registry-defined endpoint verified; full-cohort freeze pending.,,
002053.SZ:2022,True,True,Annual financial/text inputs and registry-defined endpoint verified; full-cohort freeze pending.,,
002053.SZ:2023,False,True,2023 industry corroboration and admission checks passed; consolidated scope retained,,
002053.SZ:2024,True,True,Annual financial/text inputs and registry-defined endpoint verified; full-cohort freeze pending.,,
002053.SZ:2025,False,False,ST_history_label_and_input_certification_pending,annual_text_certification,
002056.SZ:2017,False,False,ST_history_label_and_input_certification_pending,annual_financial_certification,
002056.SZ:2018,False,False,ST_history_label_and_input_certification_pending,annual_financial_certification,
002056.SZ:2019,False,False,ST_history_label_and_input_certification_pending,annual_financial_certification,
002056.SZ:2020,True,True,Annual financial/text inputs and registry-defined endpoint verified; full-cohort freeze pending.,,
002056.SZ:2021,True,True,Annual financial/text inputs and registry-defined endpoint verified; full-cohort freeze pending.,,
002056.SZ:2022,True,True,Annual financial/text inputs and registry-defined endpoint verified; full-cohort freeze pending.,,
002056.SZ:2023,False,True,2023 industry corroboration and admission checks passed; consolidated scope retained,,
002056.SZ:2024,True,True,Annual financial/text inputs and registry-defined endpoint verified; full-cohort freeze pending.,,
002056.SZ:2025,True,True,Annual financial/text inputs and registry-defined endpoint verified; full-cohort freeze pending.,,
002064.SZ:2017,True,True,Annual financial/text inputs and registry-defined endpoint verified; full-cohort freeze pending.,,
002064.SZ:2018,True,True,Annual financial/text inputs and registry-defined endpoint verified; full-cohort freeze pending.,,
002064.SZ:2019,True,True,Annual financial/text inputs and registry-defined endpoint verified; full-cohort freeze pending.,,
002064.SZ:2020,True,True,Annual financial/text inputs and registry-defined endpoint verified; full-cohort freeze pending.,,
002064.SZ:2021,False,False,ST_history_label_and_input_certification_pending,annual_financial_certification;annual_text_certification,
002064.SZ:2022,True,True,Annual financial/text inputs and registry-defined endpoint verified; full-cohort freeze pending.,,
002064.SZ:2023,False,True,2023 industry corroboration and admission checks passed; consolidated scope retained,,
002064.SZ:2024,True,True,Annual financial/text inputs and registry-defined endpoint verified; full-cohort freeze pending.,,
002064.SZ:2025,True,True,Annual financial/text inputs and registry-defined endpoint verified; full-cohort freeze pending.,,
002069.SZ:2017,True,True,Annual financial/text inputs and registry-defined endpoint verified; full-cohort freeze pending.,,
002069.SZ:2018,True,True,Annual financial/text inputs and registry-defined endpoint verified; full-cohort freeze pending.,,
002069.SZ:2019,True,True,Annual financial/text inputs and registry-defined endpoint verified; full-cohort freeze pending.,,
002069.SZ:2020,True,True,Annual financial/text inputs and registry-defined endpoint verified; full-cohort freeze pending.,,
002069.SZ:2021,True,True,Annual financial/text inputs and registry-defined endpoint verified; full-cohort freeze pending.,,
002069.SZ:2022,True,True,Annual financial/text inputs and registry-defined endpoint verified; full-cohort freeze pending.,,
002069.SZ:2023,False,False,preorigin_financial_industry_or_confirmed_baseline_ST,,
002069.SZ:2024,True,True,Annual financial/text inputs and registry-defined endpoint verified; full-cohort freeze pending.,,
002069.SZ:2025,False,False,ST_history_label_and_input_certification_pending,annual_financial_certification,
002071.SZ:2017,True,True,Annual financial/text inputs and registry-defined endpoint verified; full-cohort freeze pending.,,
002071.SZ:2018,False,False,ST_history_label_and_input_certification_pending,annual_financial_certification,
002071.SZ:2019,False,False,ST_history_label_and_input_certification_pending,annual_financial_certification,
002071.SZ:2020,False,False,ST_history_label_and_input_certification_pending,annual_financial_certification;annual_text_certification,
002071.SZ:2021,False,False,known_incomplete_followup_due_to_delisting,,
002089.SZ:2017,False,False,ST_history_label_and_input_certification_pending,annual_financial_certification,
002089.SZ:2018,False,False,ST_history_label_and_input_certification_pending,annual_financial_certification;annual_text_certification,
002089.SZ:2019,False,False,ST_history_label_and_input_certification_pending,annual_financial_certification;annual_text_certification,
002089.SZ:2020,False,False,preorigin_financial_industry_or_confirmed_baseline_ST,,
002089.SZ:2021,False,False,preorigin_financial_industry_or_confirmed_baseline_ST,,
002089.SZ:2022,False,False,preorigin_financial_industry_or_confirmed_baseline_ST,,
002089.SZ:2023,False,False,preorigin_financial_industry_or_confirmed_baseline_ST,,
002092.SZ:2017,False,False,ST_history_label_and_input_certification_pending,annual_financial_certification,
002092.SZ:2018,False,False,ST_history_label_and_input_certification_pending,annual_financial_certification,
002092.SZ:2019,False,False,ST_history_label_and_input_certification_pending,annual_financial_certification,
002092.SZ:2020,True,True,Annual financial/text inputs and registry-defined endpoint verified; full-cohort freeze pending.,,
002092.SZ:2021,True,True,Annual financial/text inputs and registry-defined endpoint verified; full-cohort freeze pending.,,
002092.SZ:2022,True,True,Annual financial/text inputs and registry-defined endpoint verified; full-cohort freeze pending.,,
002092.SZ:2023,False,True,2023 industry corroboration and admission checks passed; consolidated scope retained,,
002092.SZ:2024,True,True,Annual financial/text inputs and registry-defined endpoint verified; full-cohort freeze pending.,,
002092.SZ:2025,False,False,preorigin_financial_industry_or_confirmed_baseline_ST,,
002102.SZ:2017,False,False,ST_history_label_and_input_certification_pending,annual_financial_certification;annual_text_certification,
002102.SZ:2018,False,False,ST_history_label_and_input_certification_pending,annual_financial_certification,
002102.SZ:2019,False,False,preorigin_financial_industry_or_confirmed_baseline_ST,,
002102.SZ:2020,False,False,preorigin_financial_industry_or_confirmed_baseline_ST,,
002102.SZ:2021,False,False,preorigin_financial_industry_or_confirmed_baseline_ST,,
002102.SZ:2022,False,False,preorigin_financial_industry_or_confirmed_baseline_ST,,
002102.SZ:2023,False,False,preorigin_financial_industry_or_confirmed_baseline_ST,,
002102.SZ:2024,False,False,ST_history_label_and_input_certification_pending,annual_financial_certification,
002102.SZ:2025,True,True,Annual financial/text inputs and registry-defined endpoint verified; full-cohort freeze pending.,,
002106.SZ:2017,True,True,Annual financial/text inputs and registry-defined endpoint verified; full-cohort freeze pending.,,
002106.SZ:2018,False,False,ST_history_label_and_input_certification_pending,annual_financial_certification;annual_text_certification,
002106.SZ:2019,False,False,ST_history_label_and_input_certification_pending,annual_financial_certification,
002106.SZ:2020,False,False,ST_history_label_and_input_certification_pending,annual_financial_certification,
002106.SZ:2021,False,False,ST_history_label_and_input_certification_pending,annual_financial_certification,
002106.SZ:2022,False,False,ST_history_label_and_input_certification_pending,annual_financial_certification,
002106.SZ:2023,False,False,ST_history_label_and_input_certification_pending,historical_industry;annual_financial_certification,
002106.SZ:2024,False,False,ST_history_label_and_input_certification_pending,annual_financial_certification,
002106.SZ:2025,False,False,ST_history_label_and_input_certification_pending,annual_financial_certification;annual_text_certification,
002110.SZ:2017,False,False,ST_history_label_and_input_certification_pending,annual_financial_certification,
002110.SZ:2018,False,False,ST_history_label_and_input_certification_pending,annual_financial_certification,
002110.SZ:2019,True,True,Annual financial/text inputs and registry-defined endpoint verified; full-cohort freeze pending.,,
002110.SZ:2020,True,True,Annual financial/text inputs and registry-defined endpoint verified; full-cohort freeze pending.,,
002110.SZ:2021,True,True,Annual financial/text inputs and registry-defined endpoint verified; full-cohort freeze pending.,,
002110.SZ:2022,True,True,Annual financial/text inputs and registry-defined endpoint verified; full-cohort freeze pending.,,
002110.SZ:2023,False,True,2023 industry corroboration and admission checks passed; consolidated scope retained,,
002110.SZ:2024,True,True,Annual financial/text inputs and registry-defined endpoint verified; full-cohort freeze pending.,,
002110.SZ:2025,True,True,Annual financial/text inputs and registry-defined endpoint verified; full-cohort freeze pending.,,
002112.SZ:2017,True,True,Annual financial/text inputs and registry-defined endpoint verified; full-cohort freeze pending.,,
002112.SZ:2018,True,True,Annual financial/text inputs and registry-defined endpoint verified; full-cohort freeze pending.,,
002112.SZ:2019,False,False,ST_history_label_and_input_certification_pending,annual_financial_certification,
002112.SZ:2020,False,False,ST_history_label_and_input_certification_pending,annual_financial_certification,
002112.SZ:2021,True,True,Annual financial/text inputs and registry-defined endpoint verified; full-cohort freeze pending.,,
002112.SZ:2022,True,True,Annual financial/text inputs and registry-defined endpoint verified; full-cohort freeze pending.,,
002112.SZ:2023,False,True,2023 industry corroboration and admission checks passed; consolidated scope retained,,
002112.SZ:2024,True,True,Annual financial/text inputs and registry-defined endpoint verified; full-cohort freeze pending.,,
002112.SZ:2025,True,True,Annual financial/text inputs and registry-defined endpoint verified; full-cohort freeze pending.,,
002117.SZ:2017,False,False,ST_history_label_and_input_certification_pending,annual_financial_certification,
002117.SZ:2018,False,False,ST_history_label_and_input_certification_pending,annual_financial_certification,
002117.SZ:2019,True,True,Annual financial/text inputs and registry-defined endpoint verified; full-cohort freeze pending.,,
002117.SZ:2020,True,True,Annual financial/text inputs and registry-defined endpoint verified; full-cohort freeze pending.,,
002117.SZ:2021,True,True,Annual financial/text inputs and registry-defined endpoint verified; full-cohort freeze pending.,,
002117.SZ:2022,True,True,Annual financial/text inputs and registry-defined endpoint verified; full-cohort freeze pending.,,
002117.SZ:2023,False,True,2023 industry corroboration and admission checks passed; consolidated scope retained,,
002117.SZ:2024,True,True,Annual financial/text inputs and registry-defined endpoint verified; full-cohort freeze pending.,,
002117.SZ:2025,False,False,ST_history_label_and_input_certification_pending,annual_financial_certification,
002120.SZ:2017,True,True,Annual financial/text inputs and registry-defined endpoint verified; full-cohort freeze pending.,,
002120.SZ:2018,True,True,Annual financial/text inputs and registry-defined endpoint verified; full-cohort freeze pending.,,
002120.SZ:2019,True,True,Annual financial/text inputs and registry-defined endpoint verified; full-cohort freeze pending.,,
002120.SZ:2020,True,True,Annual financial/text inputs and registry-defined endpoint verified; full-cohort freeze pending.,,
002120.SZ:2021,True,True,Annual financial/text inputs and registry-defined endpoint verified; full-cohort freeze pending.,,
002120.SZ:2022,True,True,Annual financial/text inputs and registry-defined endpoint verified; full-cohort freeze pending.,,
002120.SZ:2023,False,True,2023 industry corroboration and admission checks passed; consolidated scope retained,,
002120.SZ:2024,True,True,Annual financial/text inputs and registry-defined endpoint verified; full-cohort freeze pending.,,
002120.SZ:2025,True,True,Annual financial/text inputs and registry-defined endpoint verified; full-cohort freeze pending.,,
002121.SZ:2017,True,True,Annual financial/text inputs and registry-defined endpoint verified; full-cohort freeze pending.,,
002121.SZ:2018,True,True,Annual financial/text inputs and registry-defined endpoint verified; full-cohort freeze pending.,,
002121.SZ:2019,False,False,ST_history_label_and_input_certification_pending,annual_financial_certification;annual_text_certification,
002121.SZ:2020,False,False,preorigin_financial_industry_or_confirmed_baseline_ST,,
002121.SZ:2021,False,False,preorigin_financial_industry_or_confirmed_baseline_ST,,
002121.SZ:2022,True,True,Annual financial/text inputs and registry-defined endpoint verified; full-cohort freeze pending.,,
002121.SZ:2023,False,True,2023 industry corroboration and admission checks passed; consolidated scope retained,,
002121.SZ:2024,True,True,Annual financial/text inputs and registry-defined endpoint verified; full-cohort freeze pending.,,
002121.SZ:2025,True,True,Annual financial/text inputs and registry-defined endpoint verified; full-cohort freeze pending.,,
002125.SZ:2017,True,True,Annual financial/text inputs and registry-defined endpoint verified; full-cohort freeze pending.,,
002125.SZ:2018,True,True,Annual financial/text inputs and registry-defined endpoint verified; full-cohort freeze pending.,,
002125.SZ:2019,True,True,Annual financial/text inputs and registry-defined endpoint verified; full-cohort freeze pending.,,
002125.SZ:2020,True,True,Annual financial/text inputs and registry-defined endpoint verified; full-cohort freeze pending.,,
002125.SZ:2021,True,True,Annual financial/text inputs and registry-defined endpoint verified; full-cohort freeze pending.,,
002125.SZ:2022,True,True,Annual financial/text inputs and registry-defined endpoint verified; full-cohort freeze pending.,,
002125.SZ:2023,False,True,2023 industry corroboration and admission checks passed; consolidated scope retained,,
002125.SZ:2024,True,True,Annual financial/text inputs and registry-defined endpoint verified; full-cohort freeze pending.,,
002125.SZ:2025,True,True,Annual financial/text inputs and registry-defined endpoint verified; full-cohort freeze pending.,,
002140.SZ:2017,True,True,Annual financial/text inputs and registry-defined endpoint verified; full-cohort freeze pending.,,
002140.SZ:2018,True,True,Annual financial/text inputs and registry-defined endpoint verified; full-cohort freeze pending.,,
002140.SZ:2019,True,True,Annual financial/text inputs and registry-defined endpoint verified; full-cohort freeze pending.,,
002140.SZ:2020,True,True,Annual financial/text inputs and registry-defined endpoint verified; full-cohort freeze pending.,,
002140.SZ:2021,True,True,Annual financial/text inputs and registry-defined endpoint verified; full-cohort freeze pending.,,
002140.SZ:2022,True,True,Annual financial/text inputs and registry-defined endpoint verified; full-cohort freeze pending.,,
002140.SZ:2023,False,True,2023 industry corroboration and admission checks passed; consolidated scope retained,,
002140.SZ:2024,True,True,Annual financial/text inputs and registry-defined endpoint verified; full-cohort freeze pending.,,
002140.SZ:2025,True,True,Annual financial/text inputs and registry-defined endpoint verified; full-cohort freeze pending.,,
002141.SZ:2017,True,True,Annual financial/text inputs and registry-defined endpoint verified; full-cohort freeze pending.,,
002141.SZ:2018,True,True,Annual financial/text inputs and registry-defined endpoint verified; full-cohort freeze pending.,,
002141.SZ:2019,True,True,Annual financial/text inputs and registry-defined endpoint verified; full-cohort freeze pending.,,
002141.SZ:2020,True,True,Annual financial/text inputs and registry-defined endpoint verified; full-cohort freeze pending.,,
002141.SZ:2021,True,True,Annual financial/text inputs and registry-defined endpoint verified; full-cohort freeze pending.,,
002141.SZ:2022,True,True,Annual financial/text inputs and registry-defined endpoint verified; full-cohort freeze pending.,,
002141.SZ:2023,False,True,2023 industry corroboration and admission checks passed; consolidated scope retained,,
002141.SZ:2024,False,False,preorigin_financial_industry_or_confirmed_baseline_ST,,
002141.SZ:2025,False,False,preorigin_financial_industry_or_confirmed_baseline_ST,,
002142.SZ:2017,False,False,preorigin_financial_industry_or_confirmed_baseline_ST,,
002142.SZ:2018,False,False,preorigin_financial_industry_or_confirmed_baseline_ST,,
002142.SZ:2019,False,False,preorigin_financial_industry_or_confirmed_baseline_ST,,
002142.SZ:2020,False,False,preorigin_financial_industry_or_confirmed_baseline_ST,,
002142.SZ:2021,False,False,preorigin_financial_industry_or_confirmed_baseline_ST,,
002142.SZ:2022,False,False,preorigin_financial_industry_or_confirmed_baseline_ST,,
002142.SZ:2023,False,False,ST_history_label_and_input_certification_pending,historical_industry;annual_financial_certification,
002142.SZ:2024,False,False,preorigin_financial_industry_or_confirmed_baseline_ST,,
002142.SZ:2025,False,False,preorigin_financial_industry_or_confirmed_baseline_ST,,
002145.SZ:2017,True,True,Annual financial/text inputs and registry-defined endpoint verified; full-cohort freeze pending.,,
002145.SZ:2018,True,True,Annual financial/text inputs and registry-defined endpoint verified; full-cohort freeze pending.,,
002145.SZ:2019,True,True,Annual financial/text inputs and registry-defined endpoint verified; full-cohort freeze pending.,,
002145.SZ:2020,True,True,Annual financial/text inputs and registry-defined endpoint verified; full-cohort freeze pending.,,
002145.SZ:2021,False,False,ST_history_label_and_input_certification_pending,annual_financial_certification;annual_text_certification,
002145.SZ:2022,False,False,ST_history_label_and_input_certification_pending,annual_financial_certification,
002145.SZ:2023,False,False,ST_history_label_and_input_certification_pending,historical_industry;annual_financial_certification,
002145.SZ:2024,False,False,ST_history_label_and_input_certification_pending,annual_financial_certification,
002145.SZ:2025,False,False,ST_history_label_and_input_certification_pending,annual_financial_certification,
002154.SZ:2017,False,False,ST_history_label_and_input_certification_pending,annual_financial_certification,
002154.SZ:2018,True,True,Annual financial/text inputs and registry-defined endpoint verified; full-cohort freeze pending.,,
002154.SZ:2019,False,False,ST_history_label_and_input_certification_pending,annual_financial_certification,
002154.SZ:2020,True,True,Annual financial/text inputs and registry-defined endpoint verified; full-cohort freeze pending.,,
002154.SZ:2021,True,True,Annual financial/text inputs and registry-defined endpoint verified; full-cohort freeze pending.,,
002154.SZ:2022,True,True,Annual financial/text inputs and registry-defined endpoint verified; full-cohort freeze pending.,,
002154.SZ:2023,False,True,2023 industry corroboration and admission checks passed; consolidated scope retained,,
002154.SZ:2024,True,True,Annual financial/text inputs and registry-defined endpoint verified; full-cohort freeze pending.,,
002154.SZ:2025,True,True,Annual financial/text inputs and registry-defined endpoint verified; full-cohort freeze pending.,,
002160.SZ:2017,False,False,ST_history_label_and_input_certification_pending,annual_financial_certification;annual_text_certification,
002160.SZ:2018,False,False,ST_history_label_and_input_certification_pending,annual_financial_certification,
002160.SZ:2019,False,False,ST_history_label_and_input_certification_pending,annual_financial_certification,
002160.SZ:2020,False,False,ST_history_label_and_input_certification_pending,annual_financial_certification;annual_text_certification,
002160.SZ:2021,False,False,ST_history_label_and_input_certification_pending,annual_financial_certification;annual_text_certification,
002160.SZ:2022,True,True,Annual financial/text inputs and registry-defined endpoint verified; full-cohort freeze pending.,,
002160.SZ:2023,False,True,2023 industry corroboration and admission checks passed; consolidated scope retained,,
002160.SZ:2024,True,True,Annual financial/text inputs and registry-defined endpoint verified; full-cohort freeze pending.,,
002160.SZ:2025,True,True,Annual financial/text inputs and registry-defined endpoint verified; full-cohort freeze pending.,,
002169.SZ:2017,False,False,ST_history_label_and_input_certification_pending,annual_financial_certification,
002169.SZ:2018,False,False,ST_history_label_and_input_certification_pending,annual_text_certification,
002169.SZ:2019,False,False,ST_history_label_and_input_certification_pending,annual_financial_certification,
002169.SZ:2020,True,True,Annual financial/text inputs and registry-defined endpoint verified; full-cohort freeze pending.,,
002169.SZ:2021,True,True,Annual financial/text inputs and registry-defined endpoint verified; full-cohort freeze pending.,,
002169.SZ:2022,True,True,Annual financial/text inputs and registry-defined endpoint verified; full-cohort freeze pending.,,
002169.SZ:2023,False,True,2023 industry corroboration and admission checks passed; consolidated scope retained,,
002169.SZ:2024,True,True,Annual financial/text inputs and registry-defined endpoint verified; full-cohort freeze pending.,,
002169.SZ:2025,False,False,ST_history_label_and_input_certification_pending,annual_financial_certification,
002174.SZ:2017,False,False,ST_history_label_and_input_certification_pending,annual_financial_certification,
002174.SZ:2018,False,False,ST_history_label_and_input_certification_pending,annual_financial_certification,
002174.SZ:2019,False,False,ST_history_label_and_input_certification_pending,annual_financial_certification,
002174.SZ:2020,False,False,ST_history_label_and_input_certification_pending,annual_financial_certification,
002174.SZ:2021,False,False,ST_history_label_and_input_certification_pending,annual_financial_certification,
002174.SZ:2022,False,False,ST_history_label_and_input_certification_pending,annual_financial_certification,
002174.SZ:2023,False,False,ST_history_label_and_input_certification_pending,historical_industry;annual_financial_certification,
002174.SZ:2024,False,False,ST_history_label_and_input_certification_pending,annual_financial_certification;annual_text_certification,
002174.SZ:2025,False,False,ST_history_label_and_input_certification_pending,annual_financial_certification,
002181.SZ:2017,True,True,Annual financial/text inputs and registry-defined endpoint verified; full-cohort freeze pending.,,
002181.SZ:2018,True,True,Annual financial/text inputs and registry-defined endpoint verified; full-cohort freeze pending.,,
002181.SZ:2019,True,True,Annual financial/text inputs and registry-defined endpoint verified; full-cohort freeze pending.,,
002181.SZ:2020,True,True,Annual financial/text inputs and registry-defined endpoint verified; full-cohort freeze pending.,,
002181.SZ:2021,True,True,Annual financial/text inputs and registry-defined endpoint verified; full-cohort freeze pending.,,
002181.SZ:2022,True,True,Annual financial/text inputs and registry-defined endpoint verified; full-cohort freeze pending.,,
002181.SZ:2023,False,True,2023 industry corroboration and admission checks passed; consolidated scope retained,,
002181.SZ:2024,True,True,Annual financial/text inputs and registry-defined endpoint verified; full-cohort freeze pending.,,
002181.SZ:2025,True,True,Annual financial/text inputs and registry-defined endpoint verified; full-cohort freeze pending.,,
002185.SZ:2017,True,True,Annual financial/text inputs and registry-defined endpoint verified; full-cohort freeze pending.,,
002185.SZ:2018,True,True,Annual financial/text inputs and registry-defined endpoint verified; full-cohort freeze pending.,,
002185.SZ:2019,False,False,ST_history_label_and_input_certification_pending,annual_financial_certification,
002185.SZ:2020,True,True,Annual financial/text inputs and registry-defined endpoint verified; full-cohort freeze pending.,,
002185.SZ:2021,True,True,Annual financial/text inputs and registry-defined endpoint verified; full-cohort freeze pending.,,
002185.SZ:2022,True,True,Annual financial/text inputs and registry-defined endpoint verified; full-cohort freeze pending.,,
002185.SZ:2023,False,True,2023 industry corroboration and admission checks passed; consolidated scope retained,,
002185.SZ:2024,True,True,Annual financial/text inputs and registry-defined endpoint verified; full-cohort freeze pending.,,
002185.SZ:2025,False,False,ST_history_label_and_input_certification_pending,annual_financial_certification,
002198.SZ:2017,False,False,ST_history_label_and_input_certification_pending,annual_financial_certification;annual_text_certification,
002198.SZ:2018,True,True,Annual financial/text inputs and registry-defined endpoint verified; full-cohort freeze pending.,,
002198.SZ:2019,True,True,Annual financial/text inputs and registry-defined endpoint verified; full-cohort freeze pending.,,
002198.SZ:2020,True,True,Annual financial/text inputs and registry-defined endpoint verified; full-cohort freeze pending.,,
002198.SZ:2021,True,True,Annual financial/text inputs and registry-defined endpoint verified; full-cohort freeze pending.,,
002198.SZ:2022,True,True,Annual financial/text inputs and registry-defined endpoint verified; full-cohort freeze pending.,,
002198.SZ:2023,False,True,2023 industry corroboration and admission checks passed; consolidated scope retained,,
002198.SZ:2024,True,True,Annual financial/text inputs and registry-defined endpoint verified; full-cohort freeze pending.,,
002198.SZ:2025,True,True,Annual financial/text inputs and registry-defined endpoint verified; full-cohort freeze pending.,,
002212.SZ:2017,True,True,Annual financial/text inputs and registry-defined endpoint verified; full-cohort freeze pending.,,
002212.SZ:2018,True,True,Annual financial/text inputs and registry-defined endpoint verified; full-cohort freeze pending.,,
002212.SZ:2019,True,True,Annual financial/text inputs and registry-defined endpoint verified; full-cohort freeze pending.,,
002212.SZ:2020,True,True,Annual financial/text inputs and registry-defined endpoint verified; full-cohort freeze pending.,,
002212.SZ:2021,True,True,Annual financial/text inputs and registry-defined endpoint verified; full-cohort freeze pending.,,
002212.SZ:2022,True,True,Annual financial/text inputs and registry-defined endpoint verified; full-cohort freeze pending.,,
002212.SZ:2023,False,True,2023 industry corroboration and admission checks passed; consolidated scope retained,,
002212.SZ:2024,False,False,ST_history_label_and_input_certification_pending,annual_financial_certification,
002212.SZ:2025,True,True,Annual financial/text inputs and registry-defined endpoint verified; full-cohort freeze pending.,,
002222.SZ:2017,False,False,ST_history_label_and_input_certification_pending,annual_financial_certification,
002222.SZ:2018,False,False,ST_history_label_and_input_certification_pending,annual_financial_certification,
002222.SZ:2019,False,False,ST_history_label_and_input_certification_pending,annual_financial_certification,
002222.SZ:2020,False,False,ST_history_label_and_input_certification_pending,annual_financial_certification,
002222.SZ:2021,False,False,ST_history_label_and_input_certification_pending,annual_financial_certification,
002222.SZ:2022,False,False,ST_history_label_and_input_certification_pending,annual_financial_certification,
002222.SZ:2023,False,False,ST_history_label_and_input_certification_pending,historical_industry;annual_financial_certification,
002222.SZ:2024,False,False,ST_history_label_and_input_certification_pending,annual_financial_certification,
002222.SZ:2025,False,False,ST_history_label_and_input_certification_pending,annual_financial_certification,
002223.SZ:2017,False,False,ST_history_label_and_input_certification_pending,annual_financial_certification,
002223.SZ:2018,True,True,Annual financial/text inputs and registry-defined endpoint verified; full-cohort freeze pending.,,
002223.SZ:2019,True,True,Annual financial/text inputs and registry-defined endpoint verified; full-cohort freeze pending.,,
002223.SZ:2020,True,True,Annual financial/text inputs and registry-defined endpoint verified; full-cohort freeze pending.,,
002223.SZ:2021,True,True,Annual financial/text inputs and registry-defined endpoint verified; full-cohort freeze pending.,,
002223.SZ:2022,True,True,Annual financial/text inputs and registry-defined endpoint verified; full-cohort freeze pending.,,
002223.SZ:2023,False,True,2023 industry corroboration and admission checks passed; consolidated scope retained,,
002223.SZ:2024,True,True,Annual financial/text inputs and registry-defined endpoint verified; full-cohort freeze pending.,,
002223.SZ:2025,False,False,ST_history_label_and_input_certification_pending,annual_financial_certification,
002224.SZ:2017,True,True,Annual financial/text inputs and registry-defined endpoint verified; full-cohort freeze pending.,,
002224.SZ:2018,False,False,ST_history_label_and_input_certification_pending,annual_financial_certification;annual_text_certification,
002224.SZ:2019,True,True,Annual financial/text inputs and registry-defined endpoint verified; full-cohort freeze pending.,,
002224.SZ:2020,False,False,ST_history_label_and_input_certification_pending,annual_financial_certification;annual_text_certification,
002224.SZ:2021,True,True,Annual financial/text inputs and registry-defined endpoint verified; full-cohort freeze pending.,,
002224.SZ:2022,False,False,ST_history_label_and_input_certification_pending,annual_financial_certification;annual_text_certification,
002224.SZ:2023,False,True,2023 industry corroboration and admission checks passed; consolidated scope retained,,
002224.SZ:2024,True,True,Annual financial/text inputs and registry-defined endpoint verified; full-cohort freeze pending.,,
002224.SZ:2025,True,True,Annual financial/text inputs and registry-defined endpoint verified; full-cohort freeze pending.,,
002227.SZ:2017,False,False,ST_history_label_and_input_certification_pending,annual_financial_certification,
002227.SZ:2018,False,False,ST_history_label_and_input_certification_pending,annual_financial_certification,
002227.SZ:2019,False,False,ST_history_label_and_input_certification_pending,annual_financial_certification,
002227.SZ:2020,False,False,ST_history_label_and_input_certification_pending,annual_financial_certification;annual_text_certification,
002227.SZ:2021,True,True,Annual financial/text inputs and registry-defined endpoint verified; full-cohort freeze pending.,,
002227.SZ:2022,True,True,Annual financial/text inputs and registry-defined endpoint verified; full-cohort freeze pending.,,
002227.SZ:2023,False,True,2023 industry corroboration and admission checks passed; consolidated scope retained,,
002227.SZ:2024,True,True,Annual financial/text inputs and registry-defined endpoint verified; full-cohort freeze pending.,,
002227.SZ:2025,True,True,Annual financial/text inputs and registry-defined endpoint verified; full-cohort freeze pending.,,
002246.SZ:2017,True,True,Annual financial/text inputs and registry-defined endpoint verified; full-cohort freeze pending.,,
002246.SZ:2018,True,True,Annual financial/text inputs and registry-defined endpoint verified; full-cohort freeze pending.,,
002246.SZ:2019,True,True,Annual financial/text inputs and registry-defined endpoint verified; full-cohort freeze pending.,,
002246.SZ:2020,True,True,Annual financial/text inputs and registry-defined endpoint verified; full-cohort freeze pending.,,
002246.SZ:2021,True,True,Annual financial/text inputs and registry-defined endpoint verified; full-cohort freeze pending.,,
002246.SZ:2022,True,True,Annual financial/text inputs and registry-defined endpoint verified; full-cohort freeze pending.,,
002246.SZ:2023,False,True,2023 industry corroboration and admission checks passed; consolidated scope retained,,
002246.SZ:2024,True,True,Annual financial/text inputs and registry-defined endpoint verified; full-cohort freeze pending.,,
002246.SZ:2025,True,True,Annual financial/text inputs and registry-defined endpoint verified; full-cohort freeze pending.,,
002249.SZ:2017,True,True,Annual financial/text inputs and registry-defined endpoint verified; full-cohort freeze pending.,,
002249.SZ:2018,False,False,ST_history_label_and_input_certification_pending,annual_financial_certification;annual_text_certification,
002249.SZ:2019,False,False,ST_history_label_and_input_certification_pending,annual_financial_certification;annual_text_certification,
002249.SZ:2020,True,True,Annual financial/text inputs and registry-defined endpoint verified; full-cohort freeze pending.,,
002249.SZ:2021,True,True,Annual financial/text inputs and registry-defined endpoint verified; full-cohort freeze pending.,,
002249.SZ:2022,True,True,Annual financial/text inputs and registry-defined endpoint verified; full-cohort freeze pending.,,
002249.SZ:2023,False,True,2023 industry corroboration and admission checks passed; consolidated scope retained,,
002249.SZ:2024,True,True,Annual financial/text inputs and registry-defined endpoint verified; full-cohort freeze pending.,,
002249.SZ:2025,False,False,ST_history_label_and_input_certification_pending,annual_financial_certification,
002254.SZ:2017,True,True,Annual financial/text inputs and registry-defined endpoint verified; full-cohort freeze pending.,,
002254.SZ:2018,True,True,Annual financial/text inputs and registry-defined endpoint verified; full-cohort freeze pending.,,
002254.SZ:2019,True,True,Annual financial/text inputs and registry-defined endpoint verified; full-cohort freeze pending.,,
002254.SZ:2020,True,True,Annual financial/text inputs and registry-defined endpoint verified; full-cohort freeze pending.,,
002254.SZ:2021,True,True,Annual financial/text inputs and registry-defined endpoint verified; full-cohort freeze pending.,,
002254.SZ:2022,True,True,Annual financial/text inputs and registry-defined endpoint verified; full-cohort freeze pending.,,
002254.SZ:2023,False,True,2023 industry corroboration and admission checks passed; consolidated scope retained,,
002254.SZ:2024,True,True,Annual financial/text inputs and registry-defined endpoint verified; full-cohort freeze pending.,,
002254.SZ:2025,True,True,Annual financial/text inputs and registry-defined endpoint verified; full-cohort freeze pending.,,
002255.SZ:2017,True,True,Annual financial/text inputs and registry-defined endpoint verified; full-cohort freeze pending.,,
002255.SZ:2018,True,True,Annual financial/text inputs and registry-defined endpoint verified; full-cohort freeze pending.,,
002255.SZ:2019,False,False,ST_history_label_and_input_certification_pending,annual_financial_certification;annual_text_certification,
002255.SZ:2020,False,False,preorigin_financial_industry_or_confirmed_baseline_ST,,
002255.SZ:2021,False,False,preorigin_financial_industry_or_confirmed_baseline_ST,,
002255.SZ:2022,True,True,Annual financial/text inputs and registry-defined endpoint verified; full-cohort freeze pending.,,
002255.SZ:2023,False,True,2023 industry corroboration and admission checks passed; consolidated scope retained,,
002255.SZ:2024,True,True,Annual financial/text inputs and registry-defined endpoint verified; full-cohort freeze pending.,,
002255.SZ:2025,True,True,Annual financial/text inputs and registry-defined endpoint verified; full-cohort freeze pending.,,
002256.SZ:2017,True,True,Annual financial/text inputs and registry-defined endpoint verified; full-cohort freeze pending.,,
002256.SZ:2018,True,True,Annual financial/text inputs and registry-defined endpoint verified; full-cohort freeze pending.,,
002256.SZ:2019,True,True,Annual financial/text inputs and registry-defined endpoint verified; full-cohort freeze pending.,,
002256.SZ:2020,False,False,preorigin_financial_industry_or_confirmed_baseline_ST,,
002256.SZ:2021,False,False,preorigin_financial_industry_or_confirmed_baseline_ST,,
002256.SZ:2022,True,True,Annual financial/text inputs and registry-defined endpoint verified; full-cohort freeze pending.,,
002256.SZ:2023,False,True,2023 industry corroboration and admission checks passed; consolidated scope retained,,
002256.SZ:2024,True,True,Annual financial/text inputs and registry-defined endpoint verified; full-cohort freeze pending.,,
002256.SZ:2025,True,True,Annual financial/text inputs and registry-defined endpoint verified; full-cohort freeze pending.,,
002260.SZ:2017,True,True,Annual financial/text inputs and registry-defined endpoint verified; full-cohort freeze pending.,,
002260.SZ:2018,True,True,Annual financial/text inputs and registry-defined endpoint verified; full-cohort freeze pending.,,
002260.SZ:2019,False,False,preorigin_financial_industry_or_confirmed_baseline_ST,,
002260.SZ:2020,False,False,preorigin_financial_industry_or_confirmed_baseline_ST,,
002260.SZ:2021,False,False,preorigin_financial_industry_or_confirmed_baseline_ST,,
002260.SZ:2022,False,False,preorigin_financial_industry_or_confirmed_baseline_ST,,
002265.SZ:2017,True,True,Annual financial/text inputs and registry-defined endpoint verified; full-cohort freeze pending.,,
002265.SZ:2018,True,True,Annual financial/text inputs and registry-defined endpoint verified; full-cohort freeze pending.,,
002265.SZ:2019,True,True,Annual financial/text inputs and registry-defined endpoint verified; full-cohort freeze pending.,,
002265.SZ:2020,True,True,Annual financial/text inputs and registry-defined endpoint verified; full-cohort freeze pending.,,
002265.SZ:2021,True,True,Annual financial/text inputs and registry-defined endpoint verified; full-cohort freeze pending.,,
002265.SZ:2022,True,True,Annual financial/text inputs and registry-defined endpoint verified; full-cohort freeze pending.,,
002265.SZ:2023,False,True,2023 industry corroboration and admission checks passed; consolidated scope retained,,
002265.SZ:2024,True,True,Annual financial/text inputs and registry-defined endpoint verified; full-cohort freeze pending.,,
002265.SZ:2025,True,True,Annual financial/text inputs and registry-defined endpoint verified; full-cohort freeze pending.,,
002267.SZ:2017,True,True,Annual financial/text inputs and registry-defined endpoint verified; full-cohort freeze pending.,,
002267.SZ:2018,True,True,Annual financial/text inputs and registry-defined endpoint verified; full-cohort freeze pending.,,
002267.SZ:2019,True,True,Annual financial/text inputs and registry-defined endpoint verified; full-cohort freeze pending.,,
002267.SZ:2020,True,True,Annual financial/text inputs and registry-defined endpoint verified; full-cohort freeze pending.,,
002267.SZ:2021,True,True,Annual financial/text inputs and registry-defined endpoint verified; full-cohort freeze pending.,,
002267.SZ:2022,True,True,Annual financial/text inputs and registry-defined endpoint verified; full-cohort freeze pending.,,
002267.SZ:2023,False,True,2023 industry corroboration and admission checks passed; consolidated scope retained,,
002267.SZ:2024,True,True,Annual financial/text inputs and registry-defined endpoint verified; full-cohort freeze pending.,,
002267.SZ:2025,True,True,Annual financial/text inputs and registry-defined endpoint verified; full-cohort freeze pending.,,
002271.SZ:2017,True,True,Annual financial/text inputs and registry-defined endpoint verified; full-cohort freeze pending.,,
002271.SZ:2018,True,True,Annual financial/text inputs and registry-defined endpoint verified; full-cohort freeze pending.,,
002271.SZ:2019,True,True,Annual financial/text inputs and registry-defined endpoint verified; full-cohort freeze pending.,,
002271.SZ:2020,True,True,Annual financial/text inputs and registry-defined endpoint verified; full-cohort freeze pending.,,
002271.SZ:2021,True,True,Annual financial/text inputs and registry-defined endpoint verified; full-cohort freeze pending.,,
002271.SZ:2022,True,True,Annual financial/text inputs and registry-defined endpoint verified; full-cohort freeze pending.,,
002271.SZ:2023,False,True,2023 industry corroboration and admission checks passed; consolidated scope retained,,
002271.SZ:2024,True,True,Annual financial/text inputs and registry-defined endpoint verified; full-cohort freeze pending.,,
002271.SZ:2025,True,True,Annual financial/text inputs and registry-defined endpoint verified; full-cohort freeze pending.,,
002272.SZ:2017,True,True,Annual financial/text inputs and registry-defined endpoint verified; full-cohort freeze pending.,,
002272.SZ:2018,False,False,ST_history_label_and_input_certification_pending,annual_financial_certification;annual_text_certification,
002272.SZ:2019,True,True,Annual financial/text inputs and registry-defined endpoint verified; full-cohort freeze pending.,,
002272.SZ:2020,True,True,Annual financial/text inputs and registry-defined endpoint verified; full-cohort freeze pending.,,
002272.SZ:2021,True,True,Annual financial/text inputs and registry-defined endpoint verified; full-cohort freeze pending.,,
002272.SZ:2022,True,True,Annual financial/text inputs and registry-defined endpoint verified; full-cohort freeze pending.,,
002272.SZ:2023,False,True,2023 industry corroboration and admission checks passed; consolidated scope retained,,
002272.SZ:2024,True,True,Annual financial/text inputs and registry-defined endpoint verified; full-cohort freeze pending.,,
002272.SZ:2025,True,True,Annual financial/text inputs and registry-defined endpoint verified; full-cohort freeze pending.,,
002275.SZ:2017,True,True,Annual financial/text inputs and registry-defined endpoint verified; full-cohort freeze pending.,,
002275.SZ:2018,False,False,ST_history_label_and_input_certification_pending,annual_financial_certification,
002275.SZ:2019,True,True,Annual financial/text inputs and registry-defined endpoint verified; full-cohort freeze pending.,,
002275.SZ:2020,True,True,Annual financial/text inputs and registry-defined endpoint verified; full-cohort freeze pending.,,
002275.SZ:2021,True,True,Annual financial/text inputs and registry-defined endpoint verified; full-cohort freeze pending.,,
002275.SZ:2022,True,True,Annual financial/text inputs and registry-defined endpoint verified; full-cohort freeze pending.,,
002275.SZ:2023,False,True,2023 industry corroboration and admission checks passed; consolidated scope retained,,
002275.SZ:2024,True,True,Annual financial/text inputs and registry-defined endpoint verified; full-cohort freeze pending.,,
002275.SZ:2025,True,True,Annual financial/text inputs and registry-defined endpoint verified; full-cohort freeze pending.,,
002286.SZ:2017,True,True,Annual financial/text inputs and registry-defined endpoint verified; full-cohort freeze pending.,,
002286.SZ:2018,True,True,Annual financial/text inputs and registry-defined endpoint verified; full-cohort freeze pending.,,
002286.SZ:2019,True,True,Annual financial/text inputs and registry-defined endpoint verified; full-cohort freeze pending.,,
002286.SZ:2020,True,True,Annual financial/text inputs and registry-defined endpoint verified; full-cohort freeze pending.,,
002286.SZ:2021,True,True,Annual financial/text inputs and registry-defined endpoint verified; full-cohort freeze pending.,,
002286.SZ:2022,True,True,Annual financial/text inputs and registry-defined endpoint verified; full-cohort freeze pending.,,
002286.SZ:2023,False,True,2023 industry corroboration and admission checks passed; consolidated scope retained,,
002286.SZ:2024,True,True,Annual financial/text inputs and registry-defined endpoint verified; full-cohort freeze pending.,,
002286.SZ:2025,True,True,Annual financial/text inputs and registry-defined endpoint verified; full-cohort freeze pending.,,
002290.SZ:2017,True,True,Annual financial/text inputs and registry-defined endpoint verified; full-cohort freeze pending.,,
002290.SZ:2018,False,False,ST_history_label_and_input_certification_pending,annual_financial_certification;annual_text_certification,
002290.SZ:2019,True,True,Annual financial/text inputs and registry-defined endpoint verified; full-cohort freeze pending.,,
002290.SZ:2020,False,False,preorigin_financial_industry_or_confirmed_baseline_ST,,
002290.SZ:2021,True,True,Annual financial/text inputs and registry-defined endpoint verified; full-cohort freeze pending.,,
002290.SZ:2022,True,True,Annual financial/text inputs and registry-defined endpoint verified; full-cohort freeze pending.,,
002290.SZ:2023,False,True,2023 industry corroboration and admission checks passed; consolidated scope retained,,
002290.SZ:2024,True,True,Annual financial/text inputs and registry-defined endpoint verified; full-cohort freeze pending.,,
002290.SZ:2025,True,True,Annual financial/text inputs and registry-defined endpoint verified; full-cohort freeze pending.,,
002293.SZ:2017,True,True,Annual financial/text inputs and registry-defined endpoint verified; full-cohort freeze pending.,,
002293.SZ:2018,True,True,Annual financial/text inputs and registry-defined endpoint verified; full-cohort freeze pending.,,
002293.SZ:2019,True,True,Annual financial/text inputs and registry-defined endpoint verified; full-cohort freeze pending.,,
002293.SZ:2020,True,True,Annual financial/text inputs and registry-defined endpoint verified; full-cohort freeze pending.,,
002293.SZ:2021,True,True,Annual financial/text inputs and registry-defined endpoint verified; full-cohort freeze pending.,,
002293.SZ:2022,True,True,Annual financial/text inputs and registry-defined endpoint verified; full-cohort freeze pending.,,
002293.SZ:2023,False,True,2023 industry corroboration and admission checks passed; consolidated scope retained,,
002293.SZ:2024,True,True,Annual financial/text inputs and registry-defined endpoint verified; full-cohort freeze pending.,,
002293.SZ:2025,True,True,Annual financial/text inputs and registry-defined endpoint verified; full-cohort freeze pending.,,
002294.SZ:2017,True,True,Annual financial/text inputs and registry-defined endpoint verified; full-cohort freeze pending.,,
002294.SZ:2018,True,True,Annual financial/text inputs and registry-defined endpoint verified; full-cohort freeze pending.,,
002294.SZ:2019,True,True,Annual financial/text inputs and registry-defined endpoint verified; full-cohort freeze pending.,,
002294.SZ:2020,True,True,Annual financial/text inputs and registry-defined endpoint verified; full-cohort freeze pending.,,
002294.SZ:2021,True,True,Annual financial/text inputs and registry-defined endpoint verified; full-cohort freeze pending.,,
002294.SZ:2022,True,True,Annual financial/text inputs and registry-defined endpoint verified; full-cohort freeze pending.,,
002294.SZ:2023,False,True,2023 industry corroboration and admission checks passed; consolidated scope retained,,
002294.SZ:2024,True,True,Annual financial/text inputs and registry-defined endpoint verified; full-cohort freeze pending.,,
002294.SZ:2025,True,True,Annual financial/text inputs and registry-defined endpoint verified; full-cohort freeze pending.,,
002297.SZ:2017,False,False,ST_history_label_and_input_certification_pending,annual_financial_certification,
002297.SZ:2018,False,False,ST_history_label_and_input_certification_pending,annual_financial_certification,
002297.SZ:2019,True,True,Annual financial/text inputs and registry-defined endpoint verified; full-cohort freeze pending.,,
002297.SZ:2020,True,True,Annual financial/text inputs and registry-defined endpoint verified; full-cohort freeze pending.,,
002297.SZ:2021,True,True,Annual financial/text inputs and registry-defined endpoint verified; full-cohort freeze pending.,,
002297.SZ:2022,True,True,Annual financial/text inputs and registry-defined endpoint verified; full-cohort freeze pending.,,
002297.SZ:2023,False,True,2023 industry corroboration and admission checks passed; consolidated scope retained,,
002297.SZ:2024,True,True,Annual financial/text inputs and registry-defined endpoint verified; full-cohort freeze pending.,,
002297.SZ:2025,False,False,ST_history_label_and_input_certification_pending,annual_financial_certification,
002308.SZ:2017,True,True,Annual financial/text inputs and registry-defined endpoint verified; full-cohort freeze pending.,,
002308.SZ:2018,True,True,Annual financial/text inputs and registry-defined endpoint verified; full-cohort freeze pending.,,
002308.SZ:2019,True,True,Annual financial/text inputs and registry-defined endpoint verified; full-cohort freeze pending.,,
002308.SZ:2020,True,True,Annual financial/text inputs and registry-defined endpoint verified; full-cohort freeze pending.,,
002308.SZ:2021,True,True,Annual financial/text inputs and registry-defined endpoint verified; full-cohort freeze pending.,,
002308.SZ:2022,True,True,Annual financial/text inputs and registry-defined endpoint verified; full-cohort freeze pending.,,
002308.SZ:2023,False,True,2023 industry corroboration and admission checks passed; consolidated scope retained,,
002308.SZ:2024,False,False,ST_history_label_and_input_certification_pending,annual_financial_certification;annual_text_certification,
002309.SZ:2017,True,True,Annual financial/text inputs and registry-defined endpoint verified; full-cohort freeze pending.,,
002309.SZ:2018,True,True,Annual financial/text inputs and registry-defined endpoint verified; full-cohort freeze pending.,,
002309.SZ:2019,True,True,Annual financial/text inputs and registry-defined endpoint verified; full-cohort freeze pending.,,
002309.SZ:2020,True,True,Annual financial/text inputs and registry-defined endpoint verified; full-cohort freeze pending.,,
002309.SZ:2021,True,True,Annual financial/text inputs and registry-defined endpoint verified; full-cohort freeze pending.,,
002309.SZ:2022,True,True,Annual financial/text inputs and registry-defined endpoint verified; full-cohort freeze pending.,,
002309.SZ:2023,False,False,preorigin_financial_industry_or_confirmed_baseline_ST,,
002309.SZ:2024,False,False,preorigin_financial_industry_or_confirmed_baseline_ST,,
002309.SZ:2025,False,False,preorigin_financial_industry_or_confirmed_baseline_ST,,
002310.SZ:2017,False,False,ST_history_label_and_input_certification_pending,annual_financial_certification,
002310.SZ:2018,True,True,Annual financial/text inputs and registry-defined endpoint verified; full-cohort freeze pending.,,
002310.SZ:2019,True,True,Annual financial/text inputs and registry-defined endpoint verified; full-cohort freeze pending.,,
002310.SZ:2020,False,False,ST_history_label_and_input_certification_pending,annual_financial_certification;annual_text_certification,
002310.SZ:2021,False,False,ST_history_label_and_input_certification_pending,annual_financial_certification;annual_text_certification,
002310.SZ:2022,True,True,Annual financial/text inputs and registry-defined endpoint verified; full-cohort freeze pending.,,
002310.SZ:2023,False,True,2023 industry corroboration and admission checks passed; consolidated scope retained,,
002310.SZ:2024,False,False,preorigin_financial_industry_or_confirmed_baseline_ST,,
002310.SZ:2025,False,False,preorigin_financial_industry_or_confirmed_baseline_ST,,
002316.SZ:2017,True,True,Annual financial/text inputs and registry-defined endpoint verified; full-cohort freeze pending.,,
002316.SZ:2018,False,False,ST_history_label_and_input_certification_pending,annual_financial_certification,
002316.SZ:2019,True,True,Annual financial/text inputs and registry-defined endpoint verified; full-cohort freeze pending.,,
002316.SZ:2020,False,False,ST_history_label_and_input_certification_pending,annual_financial_certification;annual_text_certification,
002316.SZ:2021,True,True,Annual financial/text inputs and registry-defined endpoint verified; full-cohort freeze pending.,,
002316.SZ:2022,False,False,ST_history_label_and_input_certification_pending,annual_financial_certification;annual_text_certification,
002316.SZ:2023,False,True,2023 industry corroboration and admission checks passed; consolidated scope retained,,disposed_payment_operations_in_annual_flows
002316.SZ:2024,True,True,Annual financial/text inputs and registry-defined endpoint verified; full-cohort freeze pending.,,
002316.SZ:2025,False,False,preorigin_financial_industry_or_confirmed_baseline_ST,,
002320.SZ:2017,False,False,ST_history_label_and_input_certification_pending,annual_financial_certification,
002320.SZ:2018,False,False,ST_history_label_and_input_certification_pending,annual_financial_certification,
002320.SZ:2019,True,True,Annual financial/text inputs and registry-defined endpoint verified; full-cohort freeze pending.,,
002320.SZ:2020,True,True,Annual financial/text inputs and registry-defined endpoint verified; full-cohort freeze pending.,,
002320.SZ:2021,True,True,Annual financial/text inputs and registry-defined endpoint verified; full-cohort freeze pending.,,
002320.SZ:2022,True,True,Annual financial/text inputs and registry-defined endpoint verified; full-cohort freeze pending.,,
002320.SZ:2023,False,True,2023 industry corroboration and admission checks passed; consolidated scope retained,,
002320.SZ:2024,True,True,Annual financial/text inputs and registry-defined endpoint verified; full-cohort freeze pending.,,
002320.SZ:2025,False,False,ST_history_label_and_input_certification_pending,annual_financial_certification,
002325.SZ:2017,True,True,Annual financial/text inputs and registry-defined endpoint verified; full-cohort freeze pending.,,
002325.SZ:2018,True,True,Annual financial/text inputs and registry-defined endpoint verified; full-cohort freeze pending.,,
002325.SZ:2019,False,False,ST_history_label_and_input_certification_pending,annual_financial_certification,
002325.SZ:2020,False,False,ST_history_label_and_input_certification_pending,annual_financial_certification;annual_text_certification,
002325.SZ:2021,True,True,Annual financial/text inputs and registry-defined endpoint verified; full-cohort freeze pending.,,
002325.SZ:2022,True,True,Annual financial/text inputs and registry-defined endpoint verified; full-cohort freeze pending.,,
002325.SZ:2023,False,True,2023 industry corroboration and admission checks passed; consolidated scope retained,,
002325.SZ:2024,True,True,Annual financial/text inputs and registry-defined endpoint verified; full-cohort freeze pending.,,
002332.SZ:2017,False,False,ST_history_label_and_input_certification_pending,annual_financial_certification,
002332.SZ:2018,True,True,Annual financial/text inputs and registry-defined endpoint verified; full-cohort freeze pending.,,
002332.SZ:2019,True,True,Annual financial/text inputs and registry-defined endpoint verified; full-cohort freeze pending.,,
002332.SZ:2020,True,True,Annual financial/text inputs and registry-defined endpoint verified; full-cohort freeze pending.,,
002332.SZ:2021,True,True,Annual financial/text inputs and registry-defined endpoint verified; full-cohort freeze pending.,,
002332.SZ:2022,True,True,Annual financial/text inputs and registry-defined endpoint verified; full-cohort freeze pending.,,
002332.SZ:2023,False,True,2023 industry corroboration and admission checks passed; consolidated scope retained,,
002332.SZ:2024,False,False,ST_history_label_and_input_certification_pending,annual_text_certification,
002332.SZ:2025,True,True,Annual financial/text inputs and registry-defined endpoint verified; full-cohort freeze pending.,,
002340.SZ:2017,True,True,Annual financial/text inputs and registry-defined endpoint verified; full-cohort freeze pending.,,
002340.SZ:2018,True,True,Annual financial/text inputs and registry-defined endpoint verified; full-cohort freeze pending.,,
002340.SZ:2019,False,False,ST_history_label_and_input_certification_pending,annual_financial_certification,
002340.SZ:2020,True,True,Annual financial/text inputs and registry-defined endpoint verified; full-cohort freeze pending.,,
002340.SZ:2021,True,True,Annual financial/text inputs and registry-defined endpoint verified; full-cohort freeze pending.,,
002340.SZ:2022,True,True,Annual financial/text inputs and registry-defined endpoint verified; full-cohort freeze pending.,,
002340.SZ:2023,False,True,2023 industry corroboration and admission checks passed; consolidated scope retained,,
002340.SZ:2024,True,True,Annual financial/text inputs and registry-defined endpoint verified; full-cohort freeze pending.,,
002340.SZ:2025,True,True,Annual financial/text inputs and registry-defined endpoint verified; full-cohort freeze pending.,,
002346.SZ:2017,True,True,Annual financial/text inputs and registry-defined endpoint verified; full-cohort freeze pending.,,
002346.SZ:2018,True,True,Annual financial/text inputs and registry-defined endpoint verified; full-cohort freeze pending.,,
002346.SZ:2019,False,False,ST_history_label_and_input_certification_pending,annual_financial_certification,
002346.SZ:2020,False,False,ST_history_label_and_input_certification_pending,annual_financial_certification,
002346.SZ:2021,True,True,Annual financial/text inputs and registry-defined endpoint verified; full-cohort freeze pending.,,
002346.SZ:2022,True,True,Annual financial/text inputs and registry-defined endpoint verified; full-cohort freeze pending.,,
002346.SZ:2023,False,True,2023 industry corroboration and admission checks passed; consolidated scope retained,,
002346.SZ:2024,True,True,Annual financial/text inputs and registry-defined endpoint verified; full-cohort freeze pending.,,
002346.SZ:2025,False,False,ST_history_label_and_input_certification_pending,annual_financial_certification,
002350.SZ:2017,True,True,Annual financial/text inputs and registry-defined endpoint verified; full-cohort freeze pending.,,
002350.SZ:2018,True,True,Annual financial/text inputs and registry-defined endpoint verified; full-cohort freeze pending.,,
002350.SZ:2019,True,True,Annual financial/text inputs and registry-defined endpoint verified; full-cohort freeze pending.,,
002350.SZ:2020,True,True,Annual financial/text inputs and registry-defined endpoint verified; full-cohort freeze pending.,,
002350.SZ:2021,True,True,Annual financial/text inputs and registry-defined endpoint verified; full-cohort freeze pending.,,
002350.SZ:2022,False,False,ST_history_label_and_input_certification_pending,annual_financial_certification,
002350.SZ:2023,False,True,2023 industry corroboration and admission checks passed; consolidated scope retained,,
002350.SZ:2024,True,True,Annual financial/text inputs and registry-defined endpoint verified; full-cohort freeze pending.,,
002350.SZ:2025,True,True,Annual financial/text inputs and registry-defined endpoint verified; full-cohort freeze pending.,,
002360.SZ:2017,False,False,ST_history_label_and_input_certification_pending,annual_financial_certification;annual_text_certification,
002360.SZ:2018,True,True,Annual financial/text inputs and registry-defined endpoint verified; full-cohort freeze pending.,,
002360.SZ:2019,True,True,Annual financial/text inputs and registry-defined endpoint verified; full-cohort freeze pending.,,
002360.SZ:2020,True,True,Annual financial/text inputs and registry-defined endpoint verified; full-cohort freeze pending.,,
002360.SZ:2021,True,True,Annual financial/text inputs and registry-defined endpoint verified; full-cohort freeze pending.,,
002360.SZ:2022,True,True,Annual financial/text inputs and registry-defined endpoint verified; full-cohort freeze pending.,,
002360.SZ:2023,False,True,2023 industry corroboration and admission checks passed; consolidated scope retained,,
002360.SZ:2024,True,True,Annual financial/text inputs and registry-defined endpoint verified; full-cohort freeze pending.,,
002360.SZ:2025,True,True,Annual financial/text inputs and registry-defined endpoint verified; full-cohort freeze pending.,,
002364.SZ:2017,True,True,Annual financial/text inputs and registry-defined endpoint verified; full-cohort freeze pending.,,
002364.SZ:2018,True,True,Annual financial/text inputs and registry-defined endpoint verified; full-cohort freeze pending.,,
002364.SZ:2019,True,True,Annual financial/text inputs and registry-defined endpoint verified; full-cohort freeze pending.,,
002364.SZ:2020,True,True,Annual financial/text inputs and registry-defined endpoint verified; full-cohort freeze pending.,,
002364.SZ:2021,True,True,Annual financial/text inputs and registry-defined endpoint verified; full-cohort freeze pending.,,
002364.SZ:2022,True,True,Annual financial/text inputs and registry-defined endpoint verified; full-cohort freeze pending.,,
002364.SZ:2023,False,True,2023 industry corroboration and admission checks passed; consolidated scope retained,,
002364.SZ:2024,True,True,Annual financial/text inputs and registry-defined endpoint verified; full-cohort freeze pending.,,
002364.SZ:2025,True,True,Annual financial/text inputs and registry-defined endpoint verified; full-cohort freeze pending.,,
002365.SZ:2017,True,True,Annual financial/text inputs and registry-defined endpoint verified; full-cohort freeze pending.,,
002365.SZ:2018,True,True,Annual financial/text inputs and registry-defined endpoint verified; full-cohort freeze pending.,,
002365.SZ:2019,True,True,Annual financial/text inputs and registry-defined endpoint verified; full-cohort freeze pending.,,
002365.SZ:2020,True,True,Annual financial/text inputs and registry-defined endpoint verified; full-cohort freeze pending.,,
002365.SZ:2021,True,True,Annual financial/text inputs and registry-defined endpoint verified; full-cohort freeze pending.,,
002365.SZ:2022,True,True,Annual financial/text inputs and registry-defined endpoint verified; full-cohort freeze pending.,,
002365.SZ:2023,False,True,2023 industry corroboration and admission checks passed; consolidated scope retained,,
002365.SZ:2024,True,True,Annual financial/text inputs and registry-defined endpoint verified; full-cohort freeze pending.,,
002365.SZ:2025,True,True,Annual financial/text inputs and registry-defined endpoint verified; full-cohort freeze pending.,,
002374.SZ:2017,True,True,Annual financial/text inputs and registry-defined endpoint verified; full-cohort freeze pending.,,
002374.SZ:2018,False,False,ST_history_label_and_input_certification_pending,annual_financial_certification;annual_text_certification,
002374.SZ:2019,True,True,Annual financial/text inputs and registry-defined endpoint verified; full-cohort freeze pending.,,
002374.SZ:2020,True,True,Annual financial/text inputs and registry-defined endpoint verified; full-cohort freeze pending.,,
002374.SZ:2021,True,True,Annual financial/text inputs and registry-defined endpoint verified; full-cohort freeze pending.,,
002374.SZ:2022,True,True,Annual financial/text inputs and registry-defined endpoint verified; full-cohort freeze pending.,,
002374.SZ:2023,False,True,2023 industry corroboration and admission checks passed; consolidated scope retained,,
002374.SZ:2024,True,True,Annual financial/text inputs and registry-defined endpoint verified; full-cohort freeze pending.,,
002374.SZ:2025,True,True,Annual financial/text inputs and registry-defined endpoint verified; full-cohort freeze pending.,,
002378.SZ:2017,False,False,ST_history_label_and_input_certification_pending,annual_financial_certification;annual_text_certification,
002378.SZ:2018,False,False,ST_history_label_and_input_certification_pending,annual_financial_certification,
002378.SZ:2019,True,True,Annual financial/text inputs and registry-defined endpoint verified; full-cohort freeze pending.,,
002378.SZ:2020,True,True,Annual financial/text inputs and registry-defined endpoint verified; full-cohort freeze pending.,,
002378.SZ:2021,True,True,Annual financial/text inputs and registry-defined endpoint verified; full-cohort freeze pending.,,
002378.SZ:2022,True,True,Annual financial/text inputs and registry-defined endpoint verified; full-cohort freeze pending.,,
002378.SZ:2023,False,True,2023 industry corroboration and admission checks passed; consolidated scope retained,,
002378.SZ:2024,True,True,Annual financial/text inputs and registry-defined endpoint verified; full-cohort freeze pending.,,
002378.SZ:2025,True,True,Annual financial/text inputs and registry-defined endpoint verified; full-cohort freeze pending.,,
002380.SZ:2017,True,True,Annual financial/text inputs and registry-defined endpoint verified; full-cohort freeze pending.,,
002380.SZ:2018,True,True,Annual financial/text inputs and registry-defined endpoint verified; full-cohort freeze pending.,,
002380.SZ:2019,True,True,Annual financial/text inputs and registry-defined endpoint verified; full-cohort freeze pending.,,
002380.SZ:2020,True,True,Annual financial/text inputs and registry-defined endpoint verified; full-cohort freeze pending.,,
002380.SZ:2021,False,False,ST_history_label_and_input_certification_pending,annual_financial_certification;annual_text_certification,
002380.SZ:2022,True,True,Annual financial/text inputs and registry-defined endpoint verified; full-cohort freeze pending.,,
002380.SZ:2023,False,True,2023 industry corroboration and admission checks passed; consolidated scope retained,,
002380.SZ:2024,True,True,Annual financial/text inputs and registry-defined endpoint verified; full-cohort freeze pending.,,
002380.SZ:2025,True,True,Annual financial/text inputs and registry-defined endpoint verified; full-cohort freeze pending.,,
002382.SZ:2017,True,True,Annual financial/text inputs and registry-defined endpoint verified; full-cohort freeze pending.,,
002382.SZ:2018,True,True,Annual financial/text inputs and registry-defined endpoint verified; full-cohort freeze pending.,,
002382.SZ:2019,True,True,Annual financial/text inputs and registry-defined endpoint verified; full-cohort freeze pending.,,
002382.SZ:2020,True,True,Annual financial/text inputs and registry-defined endpoint verified; full-cohort freeze pending.,,
002382.SZ:2021,True,True,Annual financial/text inputs and registry-defined endpoint verified; full-cohort freeze pending.,,
002382.SZ:2022,True,True,Annual financial/text inputs and registry-defined endpoint verified; full-cohort freeze pending.,,
002382.SZ:2023,False,True,2023 industry corroboration and admission checks passed; consolidated scope retained,,
002382.SZ:2024,True,True,Annual financial/text inputs and registry-defined endpoint verified; full-cohort freeze pending.,,
002382.SZ:2025,False,False,ST_history_label_and_input_certification_pending,annual_financial_certification,
002384.SZ:2017,True,True,Annual financial/text inputs and registry-defined endpoint verified; full-cohort freeze pending.,,
002384.SZ:2018,True,True,Annual financial/text inputs and registry-defined endpoint verified; full-cohort freeze pending.,,
002384.SZ:2019,True,True,Annual financial/text inputs and registry-defined endpoint verified; full-cohort freeze pending.,,
002384.SZ:2020,True,True,Annual financial/text inputs and registry-defined endpoint verified; full-cohort freeze pending.,,
002384.SZ:2021,True,True,Annual financial/text inputs and registry-defined endpoint verified; full-cohort freeze pending.,,
002384.SZ:2022,True,True,Annual financial/text inputs and registry-defined endpoint verified; full-cohort freeze pending.,,
002384.SZ:2023,False,True,2023 industry corroboration and admission checks passed; consolidated scope retained,,
002384.SZ:2024,True,True,Annual financial/text inputs and registry-defined endpoint verified; full-cohort freeze pending.,,
002384.SZ:2025,True,True,Annual financial/text inputs and registry-defined endpoint verified; full-cohort freeze pending.,,
002391.SZ:2017,True,True,Annual financial/text inputs and registry-defined endpoint verified; full-cohort freeze pending.,,
002391.SZ:2018,True,True,Annual financial/text inputs and registry-defined endpoint verified; full-cohort freeze pending.,,
002391.SZ:2019,True,True,Annual financial/text inputs and registry-defined endpoint verified; full-cohort freeze pending.,,
002391.SZ:2020,True,True,Annual financial/text inputs and registry-defined endpoint verified; full-cohort freeze pending.,,
002391.SZ:2021,True,True,Annual financial/text inputs and registry-defined endpoint verified; full-cohort freeze pending.,,
002391.SZ:2022,True,True,Annual financial/text inputs and registry-defined endpoint verified; full-cohort freeze pending.,,
002391.SZ:2023,False,True,2023 industry corroboration and admission checks passed; consolidated scope retained,,
002391.SZ:2024,True,True,Annual financial/text inputs and registry-defined endpoint verified; full-cohort freeze pending.,,
002391.SZ:2025,True,True,Annual financial/text inputs and registry-defined endpoint verified; full-cohort freeze pending.,,
002396.SZ:2017,True,True,Annual financial/text inputs and registry-defined endpoint verified; full-cohort freeze pending.,,
002396.SZ:2018,False,False,ST_history_label_and_input_certification_pending,annual_financial_certification;annual_text_certification,
002396.SZ:2019,False,False,ST_history_label_and_input_certification_pending,annual_financial_certification;annual_text_certification,
002396.SZ:2020,False,False,ST_history_label_and_input_certification_pending,annual_financial_certification;annual_text_certification,
002396.SZ:2021,True,True,Annual financial/text inputs and registry-defined endpoint verified; full-cohort freeze pending.,,
002396.SZ:2022,True,True,Annual financial/text inputs and registry-defined endpoint verified; full-cohort freeze pending.,,
002396.SZ:2023,False,True,2023 industry corroboration and admission checks passed; consolidated scope retained,,
002396.SZ:2024,True,True,Annual financial/text inputs and registry-defined endpoint verified; full-cohort freeze pending.,,
002396.SZ:2025,True,True,Annual financial/text inputs and registry-defined endpoint verified; full-cohort freeze pending.,,
002402.SZ:2017,True,True,Annual financial/text inputs and registry-defined endpoint verified; full-cohort freeze pending.,,
002402.SZ:2018,True,True,Annual financial/text inputs and registry-defined endpoint verified; full-cohort freeze pending.,,
002402.SZ:2019,True,True,Annual financial/text inputs and registry-defined endpoint verified; full-cohort freeze pending.,,
002402.SZ:2020,True,True,Annual financial/text inputs and registry-defined endpoint verified; full-cohort freeze pending.,,
002402.SZ:2021,True,True,Annual financial/text inputs and registry-defined endpoint verified; full-cohort freeze pending.,,
002402.SZ:2022,True,True,Annual financial/text inputs and registry-defined endpoint verified; full-cohort freeze pending.,,
002402.SZ:2023,False,True,2023 industry corroboration and admission checks passed; consolidated scope retained,,
002402.SZ:2024,True,True,Annual financial/text inputs and registry-defined endpoint verified; full-cohort freeze pending.,,
002402.SZ:2025,True,True,Annual financial/text inputs and registry-defined endpoint verified; full-cohort freeze pending.,,
002405.SZ:2017,True,True,Annual financial/text inputs and registry-defined endpoint verified; full-cohort freeze pending.,,
002405.SZ:2018,True,True,Annual financial/text inputs and registry-defined endpoint verified; full-cohort freeze pending.,,
002405.SZ:2019,True,True,Annual financial/text inputs and registry-defined endpoint verified; full-cohort freeze pending.,,
002405.SZ:2020,True,True,Annual financial/text inputs and registry-defined endpoint verified; full-cohort freeze pending.,,
002405.SZ:2021,True,True,Annual financial/text inputs and registry-defined endpoint verified; full-cohort freeze pending.,,
002405.SZ:2022,True,True,Annual financial/text inputs and registry-defined endpoint verified; full-cohort freeze pending.,,
002405.SZ:2023,False,True,2023 industry corroboration and admission checks passed; consolidated scope retained,,
002405.SZ:2024,True,True,Annual financial/text inputs and registry-defined endpoint verified; full-cohort freeze pending.,,
002405.SZ:2025,True,True,Annual financial/text inputs and registry-defined endpoint verified; full-cohort freeze pending.,,
002410.SZ:2017,True,True,Annual financial/text inputs and registry-defined endpoint verified; full-cohort freeze pending.,,
002410.SZ:2018,True,True,Annual financial/text inputs and registry-defined endpoint verified; full-cohort freeze pending.,,
002410.SZ:2019,True,True,Annual financial/text inputs and registry-defined endpoint verified; full-cohort freeze pending.,,
002410.SZ:2020,True,True,Annual financial/text inputs and registry-defined endpoint verified; full-cohort freeze pending.,,
002410.SZ:2021,True,True,Annual financial/text inputs and registry-defined endpoint verified; full-cohort freeze pending.,,
002410.SZ:2022,True,True,Annual financial/text inputs and registry-defined endpoint verified; full-cohort freeze pending.,,
002410.SZ:2023,False,True,2023 industry corroboration and admission checks passed; consolidated scope retained,,
002410.SZ:2024,False,False,ST_history_label_and_input_certification_pending,annual_financial_certification,
002410.SZ:2025,True,True,Annual financial/text inputs and registry-defined endpoint verified; full-cohort freeze pending.,,
002413.SZ:2017,True,True,Annual financial/text inputs and registry-defined endpoint verified; full-cohort freeze pending.,,
002413.SZ:2018,True,True,Annual financial/text inputs and registry-defined endpoint verified; full-cohort freeze pending.,,
002413.SZ:2019,False,False,ST_history_label_and_input_certification_pending,annual_financial_certification;annual_text_certification,
002413.SZ:2020,True,True,Annual financial/text inputs and registry-defined endpoint verified; full-cohort freeze pending.,,
002413.SZ:2021,True,True,Annual financial/text inputs and registry-defined endpoint verified; full-cohort freeze pending.,,
002413.SZ:2022,True,True,Annual financial/text inputs and registry-defined endpoint verified; full-cohort freeze pending.,,
002413.SZ:2023,False,True,2023 industry corroboration and admission checks passed; consolidated scope retained,,
002413.SZ:2024,True,True,Annual financial/text inputs and registry-defined endpoint verified; full-cohort freeze pending.,,
002413.SZ:2025,True,True,Annual financial/text inputs and registry-defined endpoint verified; full-cohort freeze pending.,,
002418.SZ:2017,False,False,ST_history_label_and_input_certification_pending,annual_financial_certification,
002418.SZ:2018,False,False,ST_history_label_and_input_certification_pending,annual_financial_certification;annual_text_certification,
002418.SZ:2019,True,True,Annual financial/text inputs and registry-defined endpoint verified; full-cohort freeze pending.,,
002418.SZ:2020,False,False,preorigin_financial_industry_or_confirmed_baseline_ST,,
002418.SZ:2021,False,False,preorigin_financial_industry_or_confirmed_baseline_ST,,
002418.SZ:2022,True,True,Annual financial/text inputs and registry-defined endpoint verified; full-cohort freeze pending.,,
002418.SZ:2023,False,False,ST_history_label_and_input_certification_pending,historical_industry;annual_financial_certification,
002418.SZ:2024,True,True,Annual financial/text inputs and registry-defined endpoint verified; full-cohort freeze pending.,,
002418.SZ:2025,True,True,Annual financial/text inputs and registry-defined endpoint verified; full-cohort freeze pending.,,
002426.SZ:2017,False,False,ST_history_label_and_input_certification_pending,annual_financial_certification;annual_text_certification,
002426.SZ:2018,False,False,ST_history_label_and_input_certification_pending,annual_financial_certification;annual_text_certification,
002426.SZ:2019,False,False,ST_history_label_and_input_certification_pending,annual_financial_certification;annual_text_certification,
002426.SZ:2020,False,False,preorigin_financial_industry_or_confirmed_baseline_ST,,
002426.SZ:2021,False,False,preorigin_financial_industry_or_confirmed_baseline_ST,,
002426.SZ:2022,True,True,Annual financial/text inputs and registry-defined endpoint verified; full-cohort freeze pending.,,
002426.SZ:2023,False,True,2023 industry corroboration and admission checks passed; consolidated scope retained,,
002426.SZ:2024,True,True,Annual financial/text inputs and registry-defined endpoint verified; full-cohort freeze pending.,,
002426.SZ:2025,True,True,Annual financial/text inputs and registry-defined endpoint verified; full-cohort freeze pending.,,
002429.SZ:2017,True,True,Annual financial/text inputs and registry-defined endpoint verified; full-cohort freeze pending.,,
002429.SZ:2018,True,True,Annual financial/text inputs and registry-defined endpoint verified; full-cohort freeze pending.,,
002429.SZ:2019,True,True,Annual financial/text inputs and registry-defined endpoint verified; full-cohort freeze pending.,,
002429.SZ:2020,True,True,Annual financial/text inputs and registry-defined endpoint verified; full-cohort freeze pending.,,
002429.SZ:2021,False,False,ST_history_label_and_input_certification_pending,annual_financial_certification;annual_text_certification,
002429.SZ:2022,True,True,Annual financial/text inputs and registry-defined endpoint verified; full-cohort freeze pending.,,
002429.SZ:2023,False,True,2023 industry corroboration and admission checks passed; consolidated scope retained,,
002429.SZ:2024,True,True,Annual financial/text inputs and registry-defined endpoint verified; full-cohort freeze pending.,,
002429.SZ:2025,True,True,Annual financial/text inputs and registry-defined endpoint verified; full-cohort freeze pending.,,
002433.SZ:2017,True,True,Annual financial/text inputs and registry-defined endpoint verified; full-cohort freeze pending.,,
002433.SZ:2018,True,True,Annual financial/text inputs and registry-defined endpoint verified; full-cohort freeze pending.,,
002433.SZ:2019,True,True,Annual financial/text inputs and registry-defined endpoint verified; full-cohort freeze pending.,,
002433.SZ:2020,False,False,ST_history_label_and_input_certification_pending,annual_financial_certification;annual_text_certification,
002433.SZ:2021,False,False,ST_history_label_and_input_certification_pending,annual_financial_certification;annual_text_certification,
002433.SZ:2022,False,False,ST_history_label_and_input_certification_pending,annual_financial_certification;annual_text_certification,
002433.SZ:2023,False,False,preorigin_financial_industry_or_confirmed_baseline_ST,,
002433.SZ:2024,False,False,preorigin_financial_industry_or_confirmed_baseline_ST,,
002434.SZ:2017,True,True,Annual financial/text inputs and registry-defined endpoint verified; full-cohort freeze pending.,,
002434.SZ:2018,True,True,Annual financial/text inputs and registry-defined endpoint verified; full-cohort freeze pending.,,
002434.SZ:2019,False,False,ST_history_label_and_input_certification_pending,annual_financial_certification;annual_text_certification,
002434.SZ:2020,False,False,ST_history_label_and_input_certification_pending,annual_financial_certification;annual_text_certification,
002434.SZ:2021,False,False,ST_history_label_and_input_certification_pending,annual_financial_certification;annual_text_certification,
002434.SZ:2022,False,False,ST_history_label_and_input_certification_pending,annual_financial_certification;annual_text_certification,
002434.SZ:2023,False,False,ST_history_label_and_input_certification_pending,historical_industry;annual_financial_certification;annual_text_certification,
002434.SZ:2024,False,False,ST_history_label_and_input_certification_pending,annual_financial_certification;annual_text_certification,
002434.SZ:2025,False,False,ST_history_label_and_input_certification_pending,annual_financial_certification;annual_text_certification,
002440.SZ:2017,False,False,ST_history_label_and_input_certification_pending,annual_financial_certification;annual_text_certification,
002440.SZ:2018,False,False,ST_history_label_and_input_certification_pending,annual_financial_certification;annual_text_certification,
002440.SZ:2019,False,False,ST_history_label_and_input_certification_pending,annual_financial_certification;annual_text_certification,
002440.SZ:2020,False,False,ST_history_label_and_input_certification_pending,annual_financial_certification;annual_text_certification,
002440.SZ:2021,False,False,ST_history_label_and_input_certification_pending,annual_financial_certification;annual_text_certification,
002440.SZ:2022,False,False,ST_history_label_and_input_certification_pending,annual_financial_certification;annual_text_certification,
002440.SZ:2023,False,False,ST_history_label_and_input_certification_pending,historical_industry;annual_financial_certification;annual_text_certification,
002440.SZ:2024,False,False,ST_history_label_and_input_certification_pending,annual_financial_certification;annual_text_certification,
002440.SZ:2025,False,False,ST_history_label_and_input_certification_pending,annual_financial_certification;annual_text_certification,
002445.SZ:2017,False,False,ST_history_label_and_input_certification_pending,annual_financial_certification;annual_text_certification,
002445.SZ:2018,False,False,ST_history_label_and_input_certification_pending,annual_financial_certification;annual_text_certification,
002445.SZ:2019,False,False,preorigin_financial_industry_or_confirmed_baseline_ST,,
002445.SZ:2020,False,False,preorigin_financial_industry_or_confirmed_baseline_ST,,
002445.SZ:2021,False,False,preorigin_financial_industry_or_confirmed_baseline_ST,,
002445.SZ:2022,False,False,ST_history_label_and_input_certification_pending,annual_financial_certification;annual_text_certification,
002445.SZ:2023,False,False,ST_history_label_and_input_certification_pending,historical_industry;annual_financial_certification;annual_text_certification,
002445.SZ:2024,False,False,ST_history_label_and_input_certification_pending,annual_financial_certification;annual_text_certification,
002445.SZ:2025,False,False,ST_history_label_and_input_certification_pending,annual_financial_certification;annual_text_certification,
002455.SZ:2017,False,False,ST_history_label_and_input_certification_pending,annual_financial_certification;annual_text_certification,
002455.SZ:2018,False,False,ST_history_label_and_input_certification_pending,annual_financial_certification;annual_text_certification,
002455.SZ:2019,False,False,ST_history_label_and_input_certification_pending,annual_financial_certification;annual_text_certification,
002455.SZ:2020,False,False,ST_history_label_and_input_certification_pending,annual_financial_certification;annual_text_certification,
002455.SZ:2021,False,False,ST_history_label_and_input_certification_pending,annual_financial_certification;annual_text_certification,
002455.SZ:2022,False,False,ST_history_label_and_input_certification_pending,annual_financial_certification;annual_text_certification,
002455.SZ:2023,False,False,ST_history_label_and_input_certification_pending,historical_industry;annual_financial_certification;annual_text_certification,
002455.SZ:2024,False,False,ST_history_label_and_input_certification_pending,annual_financial_certification;annual_text_certification,
002455.SZ:2025,False,False,ST_history_label_and_input_certification_pending,annual_financial_certification;annual_text_certification,
002460.SZ:2017,False,False,ST_history_label_and_input_certification_pending,annual_financial_certification;annual_text_certification,
002460.SZ:2018,False,False,ST_history_label_and_input_certification_pending,annual_financial_certification;annual_text_certification,
002460.SZ:2019,False,False,ST_history_label_and_input_certification_pending,annual_financial_certification;annual_text_certification,
002460.SZ:2020,False,False,ST_history_label_and_input_certification_pending,annual_financial_certification;annual_text_certification,
002460.SZ:2021,False,False,ST_history_label_and_input_certification_pending,annual_financial_certification;annual_text_certification,
002460.SZ:2022,False,False,ST_history_label_and_input_certification_pending,annual_financial_certification;annual_text_certification,
002460.SZ:2023,False,False,ST_history_label_and_input_certification_pending,historical_industry;annual_financial_certification;annual_text_certification,
002460.SZ:2024,False,False,ST_history_label_and_input_certification_pending,annual_financial_certification;annual_text_certification,
002460.SZ:2025,False,False,ST_history_label_and_input_certification_pending,annual_financial_certification;annual_text_certification,
002467.SZ:2017,False,False,ST_history_label_and_input_certification_pending,annual_financial_certification;annual_text_certification,
002467.SZ:2018,False,False,ST_history_label_and_input_certification_pending,annual_financial_certification;annual_text_certification,
002467.SZ:2019,False,False,ST_history_label_and_input_certification_pending,annual_financial_certification;annual_text_certification,
002467.SZ:2020,False,False,ST_history_label_and_input_certification_pending,annual_financial_certification;annual_text_certification,
002467.SZ:2021,False,False,ST_history_label_and_input_certification_pending,annual_financial_certification;annual_text_certification,
002467.SZ:2022,False,False,ST_history_label_and_input_certification_pending,annual_financial_certification;annual_text_certification,
002467.SZ:2023,False,False,ST_history_label_and_input_certification_pending,historical_industry;annual_financial_certification;annual_text_certification,
002467.SZ:2024,False,False,ST_history_label_and_input_certification_pending,annual_financial_certification;annual_text_certification,
002467.SZ:2025,False,False,ST_history_label_and_input_certification_pending,annual_financial_certification;annual_text_certification,
002470.SZ:2017,False,False,ST_history_label_and_input_certification_pending,annual_financial_certification;annual_text_certification,
002470.SZ:2018,False,False,ST_history_label_and_input_certification_pending,annual_financial_certification;annual_text_certification,
002470.SZ:2019,False,False,ST_history_label_and_input_certification_pending,annual_financial_certification;annual_text_certification,
002470.SZ:2020,False,False,ST_history_label_and_input_certification_pending,annual_financial_certification;annual_text_certification,
002470.SZ:2021,False,False,preorigin_financial_industry_or_confirmed_baseline_ST,,
002470.SZ:2022,False,False,preorigin_financial_industry_or_confirmed_baseline_ST,,
002470.SZ:2023,False,False,preorigin_financial_industry_or_confirmed_baseline_ST,,
002470.SZ:2024,False,False,ST_history_label_and_input_certification_pending,annual_financial_certification;annual_text_certification,
002470.SZ:2025,False,False,ST_history_label_and_input_certification_pending,annual_financial_certification;annual_text_certification,
002479.SZ:2017,False,False,ST_history_label_and_input_certification_pending,annual_financial_certification;annual_text_certification,
002479.SZ:2018,False,False,ST_history_label_and_input_certification_pending,annual_financial_certification;annual_text_certification,
002479.SZ:2019,False,False,ST_history_label_and_input_certification_pending,annual_financial_certification;annual_text_certification,
002479.SZ:2020,False,False,ST_history_label_and_input_certification_pending,annual_financial_certification;annual_text_certification,
002479.SZ:2021,False,False,ST_history_label_and_input_certification_pending,annual_financial_certification;annual_text_certification,
002479.SZ:2022,False,False,ST_history_label_and_input_certification_pending,annual_financial_certification;annual_text_certification,
002479.SZ:2023,False,False,ST_history_label_and_input_certification_pending,historical_industry;annual_financial_certification;annual_text_certification,
002479.SZ:2024,False,False,ST_history_label_and_input_certification_pending,annual_financial_certification;annual_text_certification,
002479.SZ:2025,False,False,ST_history_label_and_input_certification_pending,annual_financial_certification;annual_text_certification,
002484.SZ:2017,False,False,ST_history_label_and_input_certification_pending,annual_financial_certification;annual_text_certification,
002484.SZ:2018,False,False,ST_history_label_and_input_certification_pending,annual_financial_certification;annual_text_certification,
002484.SZ:2019,False,False,ST_history_label_and_input_certification_pending,annual_financial_certification;annual_text_certification,
002484.SZ:2020,False,False,ST_history_label_and_input_certification_pending,annual_financial_certification;annual_text_certification,
002484.SZ:2021,False,False,ST_history_label_and_input_certification_pending,annual_financial_certification;annual_text_certification,
002484.SZ:2022,False,False,ST_history_label_and_input_certification_pending,annual_financial_certification;annual_text_certification,
002484.SZ:2023,False,False,ST_history_label_and_input_certification_pending,historical_industry;annual_financial_certification;annual_text_certification,
002484.SZ:2024,False,False,ST_history_label_and_input_certification_pending,annual_financial_certification;annual_text_certification,
002484.SZ:2025,False,False,ST_history_label_and_input_certification_pending,annual_financial_certification;annual_text_certification,
002492.SZ:2017,False,False,ST_history_label_and_input_certification_pending,annual_financial_certification;annual_text_certification,
002492.SZ:2018,False,False,ST_history_label_and_input_certification_pending,annual_financial_certification;annual_text_certification,
002492.SZ:2019,False,False,ST_history_label_and_input_certification_pending,annual_financial_certification;annual_text_certification,
002492.SZ:2020,False,False,ST_history_label_and_input_certification_pending,annual_financial_certification;annual_text_certification,
002492.SZ:2021,False,False,ST_history_label_and_input_certification_pending,annual_financial_certification;annual_text_certification,
002492.SZ:2022,False,False,ST_history_label_and_input_certification_pending,annual_financial_certification;annual_text_certification,
002492.SZ:2023,False,False,ST_history_label_and_input_certification_pending,historical_industry;annual_financial_certification;annual_text_certification,
002492.SZ:2024,False,False,ST_history_label_and_input_certification_pending,annual_financial_certification;annual_text_certification,
002492.SZ:2025,False,False,ST_history_label_and_input_certification_pending,annual_financial_certification;annual_text_certification,
002513.SZ:2017,False,False,ST_history_label_and_input_certification_pending,annual_financial_certification;annual_text_certification,
002513.SZ:2018,False,False,ST_history_label_and_input_certification_pending,annual_financial_certification;annual_text_certification,
002513.SZ:2019,False,False,ST_history_label_and_input_certification_pending,annual_financial_certification;annual_text_certification,
002513.SZ:2020,False,False,preorigin_financial_industry_or_confirmed_baseline_ST,,
002513.SZ:2021,False,False,preorigin_financial_industry_or_confirmed_baseline_ST,,
002513.SZ:2022,False,False,ST_history_label_and_input_certification_pending,annual_financial_certification;annual_text_certification,
002513.SZ:2023,False,False,ST_history_label_and_input_certification_pending,historical_industry;annual_financial_certification;annual_text_certification,
002513.SZ:2024,False,False,ST_history_label_and_input_certification_pending,annual_financial_certification;annual_text_certification,
002513.SZ:2025,False,False,ST_history_label_and_input_certification_pending,annual_financial_certification;annual_text_certification,
002519.SZ:2017,False,False,ST_history_label_and_input_certification_pending,annual_financial_certification;annual_text_certification,
002519.SZ:2018,False,False,ST_history_label_and_input_certification_pending,annual_financial_certification;annual_text_certification,
002519.SZ:2019,False,False,ST_history_label_and_input_certification_pending,annual_financial_certification;annual_text_certification,
002519.SZ:2020,False,False,ST_history_label_and_input_certification_pending,annual_financial_certification;annual_text_certification,
002519.SZ:2021,False,False,ST_history_label_and_input_certification_pending,annual_financial_certification;annual_text_certification,
002519.SZ:2022,False,False,ST_history_label_and_input_certification_pending,annual_financial_certification;annual_text_certification,
002519.SZ:2023,False,False,ST_history_label_and_input_certification_pending,historical_industry;annual_financial_certification;annual_text_certification,
002519.SZ:2024,False,False,ST_history_label_and_input_certification_pending,annual_financial_certification;annual_text_certification,
002519.SZ:2025,False,False,ST_history_label_and_input_certification_pending,annual_financial_certification;annual_text_certification,
002520.SZ:2017,False,False,ST_history_label_and_input_certification_pending,annual_financial_certification;annual_text_certification,
002520.SZ:2018,False,False,ST_history_label_and_input_certification_pending,annual_financial_certification;annual_text_certification,
002520.SZ:2019,False,False,ST_history_label_and_input_certification_pending,annual_financial_certification;annual_text_certification,
002520.SZ:2020,False,False,ST_history_label_and_input_certification_pending,annual_financial_certification;annual_text_certification,
002520.SZ:2021,False,False,ST_history_label_and_input_certification_pending,annual_financial_certification;annual_text_certification,
002520.SZ:2022,False,False,ST_history_label_and_input_certification_pending,annual_financial_certification;annual_text_certification,
002520.SZ:2023,False,False,ST_history_label_and_input_certification_pending,historical_industry;annual_financial_certification;annual_text_certification,
002520.SZ:2024,False,False,ST_history_label_and_input_certification_pending,annual_financial_certification;annual_text_certification,
002520.SZ:2025,False,False,ST_history_label_and_input_certification_pending,annual_financial_certification;annual_text_certification,
002524.SZ:2017,False,False,ST_history_label_and_input_certification_pending,annual_financial_certification;annual_text_certification,
002524.SZ:2018,False,False,ST_history_label_and_input_certification_pending,annual_financial_certification;annual_text_certification,
002524.SZ:2019,False,False,ST_history_label_and_input_certification_pending,annual_financial_certification;annual_text_certification,
002524.SZ:2020,False,False,ST_history_label_and_input_certification_pending,annual_financial_certification;annual_text_certification,
002524.SZ:2021,False,False,ST_history_label_and_input_certification_pending,annual_financial_certification;annual_text_certification,
002524.SZ:2022,False,False,ST_history_label_and_input_certification_pending,annual_financial_certification;annual_text_certification,
002524.SZ:2023,False,False,ST_history_label_and_input_certification_pending,historical_industry;annual_financial_certification;annual_text_certification,
002524.SZ:2024,False,False,ST_history_label_and_input_certification_pending,annual_financial_certification;annual_text_certification,
002524.SZ:2025,False,False,ST_history_label_and_input_certification_pending,annual_financial_certification;annual_text_certification,
002526.SZ:2017,False,False,ST_history_label_and_input_certification_pending,annual_financial_certification;annual_text_certification,
002526.SZ:2018,False,False,ST_history_label_and_input_certification_pending,annual_financial_certification;annual_text_certification,
002526.SZ:2019,False,False,ST_history_label_and_input_certification_pending,annual_financial_certification;annual_text_certification,
002526.SZ:2020,False,False,ST_history_label_and_input_certification_pending,annual_financial_certification;annual_text_certification,
002526.SZ:2021,False,False,ST_history_label_and_input_certification_pending,annual_financial_certification;annual_text_certification,
002526.SZ:2022,False,False,ST_history_label_and_input_certification_pending,annual_financial_certification;annual_text_certification,
002526.SZ:2023,False,False,ST_history_label_and_input_certification_pending,historical_industry;annual_financial_certification;annual_text_certification,
002526.SZ:2024,False,False,ST_history_label_and_input_certification_pending,annual_financial_certification;annual_text_certification,
002526.SZ:2025,False,False,ST_history_label_and_input_certification_pending,annual_financial_certification;annual_text_certification,
002531.SZ:2017,False,False,ST_history_label_and_input_certification_pending,annual_financial_certification;annual_text_certification,
002531.SZ:2018,False,False,ST_history_label_and_input_certification_pending,annual_financial_certification;annual_text_certification,
002531.SZ:2019,False,False,ST_history_label_and_input_certification_pending,annual_financial_certification;annual_text_certification,
002531.SZ:2020,False,False,ST_history_label_and_input_certification_pending,annual_financial_certification;annual_text_certification,
002531.SZ:2021,False,False,ST_history_label_and_input_certification_pending,annual_financial_certification;annual_text_certification,
002531.SZ:2022,False,False,ST_history_label_and_input_certification_pending,annual_financial_certification;annual_text_certification,
002531.SZ:2023,False,False,ST_history_label_and_input_certification_pending,historical_industry;annual_financial_certification;annual_text_certification,
002531.SZ:2024,False,False,ST_history_label_and_input_certification_pending,annual_financial_certification;annual_text_certification,
002531.SZ:2025,False,False,ST_history_label_and_input_certification_pending,annual_financial_certification;annual_text_certification,
002540.SZ:2017,False,False,ST_history_label_and_input_certification_pending,annual_financial_certification;annual_text_certification,
002540.SZ:2018,False,False,ST_history_label_and_input_certification_pending,annual_financial_certification;annual_text_certification,
002540.SZ:2019,False,False,ST_history_label_and_input_certification_pending,annual_financial_certification;annual_text_certification,
002540.SZ:2020,False,False,ST_history_label_and_input_certification_pending,annual_financial_certification;annual_text_certification,
002540.SZ:2021,False,False,ST_history_label_and_input_certification_pending,annual_financial_certification;annual_text_certification,
002540.SZ:2022,False,False,ST_history_label_and_input_certification_pending,annual_financial_certification;annual_text_certification,
002540.SZ:2023,False,False,ST_history_label_and_input_certification_pending,historical_industry;annual_financial_certification;annual_text_certification,
002540.SZ:2024,False,False,ST_history_label_and_input_certification_pending,annual_financial_certification;annual_text_certification,
002540.SZ:2025,False,False,ST_history_label_and_input_certification_pending,annual_financial_certification;annual_text_certification,
002542.SZ:2017,False,False,ST_history_label_and_input_certification_pending,annual_financial_certification;annual_text_certification,
002542.SZ:2018,False,False,ST_history_label_and_input_certification_pending,annual_financial_certification;annual_text_certification,
002542.SZ:2019,False,False,ST_history_label_and_input_certification_pending,annual_financial_certification;annual_text_certification,
002542.SZ:2020,False,False,ST_history_label_and_input_certification_pending,annual_financial_certification;annual_text_certification,
002542.SZ:2021,False,False,ST_history_label_and_input_certification_pending,annual_financial_certification;annual_text_certification,
002542.SZ:2022,False,False,ST_history_label_and_input_certification_pending,annual_financial_certification;annual_text_certification,
002542.SZ:2023,False,False,ST_history_label_and_input_certification_pending,historical_industry;annual_financial_certification;annual_text_certification,
002542.SZ:2024,False,False,ST_history_label_and_input_certification_pending,annual_financial_certification;annual_text_certification,
002542.SZ:2025,False,False,ST_history_label_and_input_certification_pending,annual_financial_certification;annual_text_certification,
002543.SZ:2017,False,False,ST_history_label_and_input_certification_pending,annual_financial_certification;annual_text_certification,
002543.SZ:2018,False,False,ST_history_label_and_input_certification_pending,annual_financial_certification;annual_text_certification,
002543.SZ:2019,False,False,ST_history_label_and_input_certification_pending,annual_financial_certification;annual_text_certification,
002543.SZ:2020,False,False,ST_history_label_and_input_certification_pending,annual_financial_certification;annual_text_certification,
002543.SZ:2021,False,False,ST_history_label_and_input_certification_pending,annual_financial_certification;annual_text_certification,
002543.SZ:2022,False,False,ST_history_label_and_input_certification_pending,annual_financial_certification;annual_text_certification,
002543.SZ:2023,False,False,ST_history_label_and_input_certification_pending,historical_industry;annual_financial_certification;annual_text_certification,
002543.SZ:2024,False,False,ST_history_label_and_input_certification_pending,annual_financial_certification;annual_text_certification,
002543.SZ:2025,False,False,ST_history_label_and_input_certification_pending,annual_financial_certification;annual_text_certification,
002545.SZ:2017,False,False,ST_history_label_and_input_certification_pending,annual_financial_certification;annual_text_certification,
002545.SZ:2018,False,False,ST_history_label_and_input_certification_pending,annual_financial_certification;annual_text_certification,
002545.SZ:2019,False,False,ST_history_label_and_input_certification_pending,annual_financial_certification;annual_text_certification,
002545.SZ:2020,False,False,ST_history_label_and_input_certification_pending,annual_financial_certification;annual_text_certification,
002545.SZ:2021,False,False,ST_history_label_and_input_certification_pending,annual_financial_certification;annual_text_certification,
002545.SZ:2022,False,False,ST_history_label_and_input_certification_pending,annual_financial_certification;annual_text_certification,
002545.SZ:2023,False,False,ST_history_label_and_input_certification_pending,historical_industry;annual_financial_certification;annual_text_certification,
002545.SZ:2024,False,False,ST_history_label_and_input_certification_pending,annual_financial_certification;annual_text_certification,
002545.SZ:2025,False,False,ST_history_label_and_input_certification_pending,annual_financial_certification;annual_text_certification,
002548.SZ:2017,False,False,ST_history_label_and_input_certification_pending,annual_financial_certification;annual_text_certification,
002548.SZ:2018,False,False,ST_history_label_and_input_certification_pending,annual_financial_certification;annual_text_certification,
002548.SZ:2019,False,False,ST_history_label_and_input_certification_pending,annual_financial_certification;annual_text_certification,
002548.SZ:2020,False,False,ST_history_label_and_input_certification_pending,annual_financial_certification;annual_text_certification,
002548.SZ:2021,False,False,ST_history_label_and_input_certification_pending,annual_financial_certification;annual_text_certification,
002548.SZ:2022,False,False,ST_history_label_and_input_certification_pending,annual_financial_certification;annual_text_certification,
002548.SZ:2023,False,False,ST_history_label_and_input_certification_pending,historical_industry;annual_financial_certification;annual_text_certification,
002548.SZ:2024,False,False,ST_history_label_and_input_certification_pending,annual_financial_certification;annual_text_certification,
002548.SZ:2025,False,False,ST_history_label_and_input_certification_pending,annual_financial_certification;annual_text_certification,
002552.SZ:2017,False,False,ST_history_label_and_input_certification_pending,annual_financial_certification;annual_text_certification,
002552.SZ:2018,False,False,ST_history_label_and_input_certification_pending,annual_financial_certification;annual_text_certification,
002552.SZ:2019,False,False,ST_history_label_and_input_certification_pending,annual_financial_certification;annual_text_certification,
002552.SZ:2020,False,False,ST_history_label_and_input_certification_pending,annual_financial_certification;annual_text_certification,
002552.SZ:2021,False,False,ST_history_label_and_input_certification_pending,annual_financial_certification;annual_text_certification,
002552.SZ:2022,False,False,ST_history_label_and_input_certification_pending,annual_financial_certification;annual_text_certification,
002552.SZ:2023,False,False,ST_history_label_and_input_certification_pending,historical_industry;annual_financial_certification;annual_text_certification,
002552.SZ:2024,False,False,ST_history_label_and_input_certification_pending,annual_financial_certification;annual_text_certification,
002552.SZ:2025,False,False,ST_history_label_and_input_certification_pending,annual_financial_certification;annual_text_certification,
002557.SZ:2017,False,False,ST_history_label_and_input_certification_pending,annual_financial_certification;annual_text_certification,
002557.SZ:2018,False,False,ST_history_label_and_input_certification_pending,annual_financial_certification;annual_text_certification,
002557.SZ:2019,False,False,ST_history_label_and_input_certification_pending,annual_financial_certification;annual_text_certification,
002557.SZ:2020,False,False,ST_history_label_and_input_certification_pending,annual_financial_certification;annual_text_certification,
002557.SZ:2021,False,False,ST_history_label_and_input_certification_pending,annual_financial_certification;annual_text_certification,
002557.SZ:2022,False,False,ST_history_label_and_input_certification_pending,annual_financial_certification;annual_text_certification,
002557.SZ:2023,False,False,ST_history_label_and_input_certification_pending,historical_industry;annual_financial_certification;annual_text_certification,
002557.SZ:2024,False,False,ST_history_label_and_input_certification_pending,annual_financial_certification;annual_text_certification,
002557.SZ:2025,False,False,ST_history_label_and_input_certification_pending,annual_financial_certification;annual_text_certification,
002558.SZ:2017,False,False,ST_history_label_and_input_certification_pending,annual_financial_certification;annual_text_certification,
002558.SZ:2018,False,False,ST_history_label_and_input_certification_pending,annual_financial_certification;annual_text_certification,
002558.SZ:2019,False,False,ST_history_label_and_input_certification_pending,annual_financial_certification;annual_text_certification,
002558.SZ:2020,False,False,ST_history_label_and_input_certification_pending,annual_financial_certification;annual_text_certification,
002558.SZ:2021,False,False,ST_history_label_and_input_certification_pending,annual_financial_certification;annual_text_certification,
002558.SZ:2022,False,False,ST_history_label_and_input_certification_pending,annual_financial_certification;annual_text_certification,
002558.SZ:2023,False,False,ST_history_label_and_input_certification_pending,historical_industry;annual_financial_certification;annual_text_certification,
002558.SZ:2024,False,False,ST_history_label_and_input_certification_pending,annual_financial_certification;annual_text_certification,
002558.SZ:2025,False,False,ST_history_label_and_input_certification_pending,annual_financial_certification;annual_text_certification,
002561.SZ:2017,False,False,ST_history_label_and_input_certification_pending,annual_financial_certification;annual_text_certification,
002561.SZ:2018,False,False,ST_history_label_and_input_certification_pending,annual_financial_certification;annual_text_certification,
002561.SZ:2019,False,False,ST_history_label_and_input_certification_pending,annual_financial_certification;annual_text_certification,
002561.SZ:2020,False,False,ST_history_label_and_input_certification_pending,annual_financial_certification;annual_text_certification,
002561.SZ:2021,False,False,ST_history_label_and_input_certification_pending,annual_financial_certification;annual_text_certification,
002561.SZ:2022,False,False,ST_history_label_and_input_certification_pending,annual_financial_certification;annual_text_certification,
002561.SZ:2023,False,False,ST_history_label_and_input_certification_pending,historical_industry;annual_financial_certification;annual_text_certification,
002561.SZ:2024,False,False,ST_history_label_and_input_certification_pending,annual_financial_certification;annual_text_certification,
002561.SZ:2025,False,False,ST_history_label_and_input_certification_pending,annual_financial_certification;annual_text_certification,
002583.SZ:2017,False,False,ST_history_label_and_input_certification_pending,annual_financial_certification;annual_text_certification,
002583.SZ:2018,False,False,ST_history_label_and_input_certification_pending,annual_financial_certification;annual_text_certification,
002583.SZ:2019,False,False,ST_history_label_and_input_certification_pending,annual_financial_certification;annual_text_certification,
002583.SZ:2020,False,False,ST_history_label_and_input_certification_pending,annual_financial_certification;annual_text_certification,
002583.SZ:2021,False,False,ST_history_label_and_input_certification_pending,annual_financial_certification;annual_text_certification,
002583.SZ:2022,False,False,ST_history_label_and_input_certification_pending,annual_financial_certification;annual_text_certification,
002583.SZ:2023,False,False,ST_history_label_and_input_certification_pending,historical_industry;annual_financial_certification;annual_text_certification,
002583.SZ:2024,False,False,ST_history_label_and_input_certification_pending,annual_financial_certification;annual_text_certification,
002583.SZ:2025,False,False,ST_history_label_and_input_certification_pending,annual_financial_certification;annual_text_certification,
002588.SZ:2017,False,False,ST_history_label_and_input_certification_pending,annual_financial_certification;annual_text_certification,
002588.SZ:2018,False,False,ST_history_label_and_input_certification_pending,annual_financial_certification;annual_text_certification,
002588.SZ:2019,False,False,ST_history_label_and_input_certification_pending,annual_financial_certification;annual_text_certification,
002588.SZ:2020,False,False,ST_history_label_and_input_certification_pending,annual_financial_certification;annual_text_certification,
002588.SZ:2021,False,False,ST_history_label_and_input_certification_pending,annual_financial_certification;annual_text_certification,
002588.SZ:2022,False,False,ST_history_label_and_input_certification_pending,annual_financial_certification;annual_text_certification,
002588.SZ:2023,False,False,ST_history_label_and_input_certification_pending,historical_industry;annual_financial_certification;annual_text_certification,
002588.SZ:2024,False,False,ST_history_label_and_input_certification_pending,annual_financial_certification;annual_text_certification,
002588.SZ:2025,False,False,ST_history_label_and_input_certification_pending,annual_financial_certification;annual_text_certification,
002601.SZ:2017,False,False,ST_history_label_and_input_certification_pending,annual_financial_certification;annual_text_certification,
002601.SZ:2018,False,False,ST_history_label_and_input_certification_pending,annual_financial_certification;annual_text_certification,
002601.SZ:2019,False,False,ST_history_label_and_input_certification_pending,annual_financial_certification;annual_text_certification,
002601.SZ:2020,False,False,ST_history_label_and_input_certification_pending,annual_financial_certification;annual_text_certification,
002601.SZ:2021,False,False,ST_history_label_and_input_certification_pending,annual_financial_certification;annual_text_certification,
002601.SZ:2022,False,False,ST_history_label_and_input_certification_pending,annual_financial_certification;annual_text_certification,
002601.SZ:2023,False,False,ST_history_label_and_input_certification_pending,historical_industry;annual_financial_certification;annual_text_certification,
002601.SZ:2024,False,False,ST_history_label_and_input_certification_pending,annual_financial_certification;annual_text_certification,
002601.SZ:2025,False,False,ST_history_label_and_input_certification_pending,annual_financial_certification;annual_text_certification,
002615.SZ:2017,False,False,ST_history_label_and_input_certification_pending,annual_financial_certification;annual_text_certification,
002615.SZ:2018,False,False,ST_history_label_and_input_certification_pending,annual_financial_certification;annual_text_certification,
002615.SZ:2019,False,False,ST_history_label_and_input_certification_pending,annual_financial_certification;annual_text_certification,
002615.SZ:2020,False,False,ST_history_label_and_input_certification_pending,annual_financial_certification;annual_text_certification,
002615.SZ:2021,False,False,ST_history_label_and_input_certification_pending,annual_financial_certification;annual_text_certification,
002615.SZ:2022,False,False,ST_history_label_and_input_certification_pending,annual_financial_certification;annual_text_certification,
002615.SZ:2023,False,False,ST_history_label_and_input_certification_pending,historical_industry;annual_financial_certification;annual_text_certification,
002615.SZ:2024,False,False,ST_history_label_and_input_certification_pending,annual_financial_certification;annual_text_certification,
002615.SZ:2025,False,False,ST_history_label_and_input_certification_pending,annual_financial_certification;annual_text_certification,
002617.SZ:2017,False,False,ST_history_label_and_input_certification_pending,annual_financial_certification;annual_text_certification,
002617.SZ:2018,False,False,ST_history_label_and_input_certification_pending,annual_financial_certification;annual_text_certification,
002617.SZ:2019,False,False,ST_history_label_and_input_certification_pending,annual_financial_certification;annual_text_certification,
002617.SZ:2020,False,False,ST_history_label_and_input_certification_pending,annual_financial_certification;annual_text_certification,
002617.SZ:2021,False,False,ST_history_label_and_input_certification_pending,annual_financial_certification;annual_text_certification,
002617.SZ:2022,False,False,ST_history_label_and_input_certification_pending,annual_financial_certification;annual_text_certification,
002617.SZ:2023,False,False,ST_history_label_and_input_certification_pending,historical_industry;annual_financial_certification;annual_text_certification,
002617.SZ:2024,False,False,ST_history_label_and_input_certification_pending,annual_financial_certification;annual_text_certification,
002617.SZ:2025,False,False,ST_history_label_and_input_certification_pending,annual_financial_certification;annual_text_certification,
002632.SZ:2017,False,False,ST_history_label_and_input_certification_pending,annual_financial_certification;annual_text_certification,
002632.SZ:2018,False,False,ST_history_label_and_input_certification_pending,annual_financial_certification;annual_text_certification,
002632.SZ:2019,False,False,ST_history_label_and_input_certification_pending,annual_financial_certification;annual_text_certification,
002632.SZ:2020,False,False,ST_history_label_and_input_certification_pending,annual_financial_certification;annual_text_certification,
002632.SZ:2021,False,False,ST_history_label_and_input_certification_pending,annual_financial_certification;annual_text_certification,
002632.SZ:2022,False,False,ST_history_label_and_input_certification_pending,annual_financial_certification;annual_text_certification,
002632.SZ:2023,False,False,ST_history_label_and_input_certification_pending,historical_industry;annual_financial_certification;annual_text_certification,
002632.SZ:2024,False,False,ST_history_label_and_input_certification_pending,annual_financial_certification;annual_text_certification,
002632.SZ:2025,False,False,ST_history_label_and_input_certification_pending,annual_financial_certification;annual_text_certification,
002633.SZ:2017,False,False,ST_history_label_and_input_certification_pending,annual_financial_certification;annual_text_certification,
002633.SZ:2018,False,False,ST_history_label_and_input_certification_pending,annual_financial_certification;annual_text_certification,
002633.SZ:2019,False,False,ST_history_label_and_input_certification_pending,annual_financial_certification;annual_text_certification,
002633.SZ:2020,False,False,ST_history_label_and_input_certification_pending,annual_financial_certification;annual_text_certification,
002633.SZ:2021,False,False,ST_history_label_and_input_certification_pending,annual_financial_certification;annual_text_certification,
002633.SZ:2022,False,False,ST_history_label_and_input_certification_pending,annual_financial_certification;annual_text_certification,
002633.SZ:2023,False,False,ST_history_label_and_input_certification_pending,historical_industry;annual_financial_certification;annual_text_certification,
002633.SZ:2024,False,False,ST_history_label_and_input_certification_pending,annual_financial_certification;annual_text_certification,
002633.SZ:2025,False,False,ST_history_label_and_input_certification_pending,annual_financial_certification;annual_text_certification,
002641.SZ:2017,False,False,ST_history_label_and_input_certification_pending,annual_financial_certification;annual_text_certification,
002641.SZ:2018,False,False,ST_history_label_and_input_certification_pending,annual_financial_certification;annual_text_certification,
002641.SZ:2019,False,False,ST_history_label_and_input_certification_pending,annual_financial_certification;annual_text_certification,
002641.SZ:2020,False,False,ST_history_label_and_input_certification_pending,annual_financial_certification;annual_text_certification,
002641.SZ:2021,False,False,ST_history_label_and_input_certification_pending,annual_financial_certification;annual_text_certification,
002641.SZ:2022,False,False,ST_history_label_and_input_certification_pending,annual_financial_certification;annual_text_certification,
002641.SZ:2023,False,False,ST_history_label_and_input_certification_pending,historical_industry;annual_financial_certification;annual_text_certification,
002641.SZ:2024,False,False,ST_history_label_and_input_certification_pending,annual_financial_certification;annual_text_certification,
002641.SZ:2025,False,False,ST_history_label_and_input_certification_pending,annual_financial_certification;annual_text_certification,
002652.SZ:2017,False,False,ST_history_label_and_input_certification_pending,annual_financial_certification;annual_text_certification,
002652.SZ:2018,False,False,ST_history_label_and_input_certification_pending,annual_financial_certification;annual_text_certification,
002652.SZ:2019,False,False,ST_history_label_and_input_certification_pending,annual_financial_certification;annual_text_certification,
002652.SZ:2020,False,False,ST_history_label_and_input_certification_pending,annual_financial_certification;annual_text_certification,
002652.SZ:2021,False,False,ST_history_label_and_input_certification_pending,annual_financial_certification;annual_text_certification,
002652.SZ:2022,False,False,ST_history_label_and_input_certification_pending,annual_financial_certification;annual_text_certification,
002652.SZ:2023,False,False,ST_history_label_and_input_certification_pending,historical_industry;annual_financial_certification;annual_text_certification,
002652.SZ:2024,False,False,ST_history_label_and_input_certification_pending,annual_financial_certification;annual_text_certification,
002652.SZ:2025,False,False,ST_history_label_and_input_certification_pending,annual_financial_certification;annual_text_certification,
002654.SZ:2017,False,False,ST_history_label_and_input_certification_pending,annual_financial_certification;annual_text_certification,
002654.SZ:2018,False,False,ST_history_label_and_input_certification_pending,annual_financial_certification;annual_text_certification,
002654.SZ:2019,False,False,ST_history_label_and_input_certification_pending,annual_financial_certification;annual_text_certification,
002654.SZ:2020,False,False,ST_history_label_and_input_certification_pending,annual_financial_certification;annual_text_certification,
002654.SZ:2021,False,False,ST_history_label_and_input_certification_pending,annual_financial_certification;annual_text_certification,
002654.SZ:2022,False,False,ST_history_label_and_input_certification_pending,annual_financial_certification;annual_text_certification,
002654.SZ:2023,False,False,ST_history_label_and_input_certification_pending,historical_industry;annual_financial_certification;annual_text_certification,
002654.SZ:2024,False,False,ST_history_label_and_input_certification_pending,annual_financial_certification;annual_text_certification,
002654.SZ:2025,False,False,ST_history_label_and_input_certification_pending,annual_financial_certification;annual_text_certification,
002659.SZ:2017,False,False,ST_history_label_and_input_certification_pending,annual_financial_certification;annual_text_certification,
002659.SZ:2018,False,False,ST_history_label_and_input_certification_pending,annual_financial_certification;annual_text_certification,
002659.SZ:2019,False,False,ST_history_label_and_input_certification_pending,annual_financial_certification;annual_text_certification,
002659.SZ:2020,False,False,ST_history_label_and_input_certification_pending,annual_financial_certification;annual_text_certification,
002659.SZ:2021,False,False,ST_history_label_and_input_certification_pending,annual_financial_certification;annual_text_certification,
002659.SZ:2022,False,False,ST_history_label_and_input_certification_pending,annual_financial_certification;annual_text_certification,
002659.SZ:2023,False,False,ST_history_label_and_input_certification_pending,historical_industry;annual_financial_certification;annual_text_certification,
002659.SZ:2024,False,False,ST_history_label_and_input_certification_pending,annual_financial_certification;annual_text_certification,
002659.SZ:2025,False,False,ST_history_label_and_input_certification_pending,annual_financial_certification;annual_text_certification,
002669.SZ:2017,False,False,ST_history_label_and_input_certification_pending,annual_financial_certification;annual_text_certification,
002669.SZ:2018,False,False,ST_history_label_and_input_certification_pending,annual_financial_certification;annual_text_certification,
002669.SZ:2019,False,False,ST_history_label_and_input_certification_pending,annual_financial_certification;annual_text_certification,
002669.SZ:2020,False,False,ST_history_label_and_input_certification_pending,annual_financial_certification;annual_text_certification,
002669.SZ:2021,False,False,ST_history_label_and_input_certification_pending,annual_financial_certification;annual_text_certification,
002669.SZ:2022,False,False,ST_history_label_and_input_certification_pending,annual_financial_certification;annual_text_certification,
002669.SZ:2023,False,False,ST_history_label_and_input_certification_pending,historical_industry;annual_financial_certification;annual_text_certification,
002669.SZ:2024,False,False,ST_history_label_and_input_certification_pending,annual_financial_certification;annual_text_certification,
002669.SZ:2025,False,False,ST_history_label_and_input_certification_pending,annual_financial_certification;annual_text_certification,
002676.SZ:2017,False,False,ST_history_label_and_input_certification_pending,annual_financial_certification;annual_text_certification,
002676.SZ:2018,False,False,ST_history_label_and_input_certification_pending,annual_financial_certification;annual_text_certification,
002676.SZ:2019,False,False,ST_history_label_and_input_certification_pending,annual_financial_certification;annual_text_certification,
002676.SZ:2020,False,False,ST_history_label_and_input_certification_pending,annual_financial_certification;annual_text_certification,
002676.SZ:2021,False,False,ST_history_label_and_input_certification_pending,annual_financial_certification;annual_text_certification,
002676.SZ:2022,False,False,ST_history_label_and_input_certification_pending,annual_financial_certification;annual_text_certification,
002676.SZ:2023,False,False,ST_history_label_and_input_certification_pending,historical_industry;annual_financial_certification;annual_text_certification,
002676.SZ:2024,False,False,ST_history_label_and_input_certification_pending,annual_financial_certification;annual_text_certification,
002676.SZ:2025,False,False,ST_history_label_and_input_certification_pending,annual_financial_certification;annual_text_certification,
002683.SZ:2017,False,False,ST_history_label_and_input_certification_pending,annual_financial_certification;annual_text_certification,
002683.SZ:2018,False,False,ST_history_label_and_input_certification_pending,annual_financial_certification;annual_text_certification,
002683.SZ:2019,False,False,ST_history_label_and_input_certification_pending,annual_financial_certification;annual_text_certification,
002683.SZ:2020,False,False,ST_history_label_and_input_certification_pending,annual_financial_certification;annual_text_certification,
002683.SZ:2021,False,False,ST_history_label_and_input_certification_pending,annual_financial_certification;annual_text_certification,
002683.SZ:2022,False,False,ST_history_label_and_input_certification_pending,annual_financial_certification;annual_text_certification,
002683.SZ:2023,False,False,ST_history_label_and_input_certification_pending,historical_industry;annual_financial_certification;annual_text_certification,
002683.SZ:2024,False,False,ST_history_label_and_input_certification_pending,annual_financial_certification;annual_text_certification,
002683.SZ:2025,False,False,ST_history_label_and_input_certification_pending,annual_financial_certification;annual_text_certification,
002690.SZ:2017,False,False,ST_history_label_and_input_certification_pending,annual_financial_certification;annual_text_certification,
002690.SZ:2018,False,False,ST_history_label_and_input_certification_pending,annual_financial_certification;annual_text_certification,
002690.SZ:2019,False,False,ST_history_label_and_input_certification_pending,annual_financial_certification;annual_text_certification,
002690.SZ:2020,False,False,ST_history_label_and_input_certification_pending,annual_financial_certification;annual_text_certification,
002690.SZ:2021,False,False,ST_history_label_and_input_certification_pending,annual_financial_certification;annual_text_certification,
002690.SZ:2022,False,False,ST_history_label_and_input_certification_pending,annual_financial_certification;annual_text_certification,
002690.SZ:2023,False,False,ST_history_label_and_input_certification_pending,historical_industry;annual_financial_certification;annual_text_certification,
002690.SZ:2024,False,False,ST_history_label_and_input_certification_pending,annual_financial_certification;annual_text_certification,
002690.SZ:2025,False,False,ST_history_label_and_input_certification_pending,annual_financial_certification;annual_text_certification,
002697.SZ:2017,False,False,ST_history_label_and_input_certification_pending,annual_financial_certification;annual_text_certification,
002697.SZ:2018,False,False,ST_history_label_and_input_certification_pending,annual_financial_certification;annual_text_certification,
002697.SZ:2019,False,False,ST_history_label_and_input_certification_pending,annual_financial_certification;annual_text_certification,
002697.SZ:2020,False,False,ST_history_label_and_input_certification_pending,annual_financial_certification;annual_text_certification,
002697.SZ:2021,False,False,ST_history_label_and_input_certification_pending,annual_financial_certification;annual_text_certification,
002697.SZ:2022,False,False,ST_history_label_and_input_certification_pending,annual_financial_certification;annual_text_certification,
002697.SZ:2023,False,False,ST_history_label_and_input_certification_pending,historical_industry;annual_financial_certification;annual_text_certification,
002697.SZ:2024,False,False,ST_history_label_and_input_certification_pending,annual_financial_certification;annual_text_certification,
002697.SZ:2025,False,False,ST_history_label_and_input_certification_pending,annual_financial_certification;annual_text_certification,
002699.SZ:2017,False,False,ST_history_label_and_input_certification_pending,annual_financial_certification;annual_text_certification,
002699.SZ:2018,False,False,ST_history_label_and_input_certification_pending,annual_financial_certification;annual_text_certification,
002699.SZ:2019,False,False,ST_history_label_and_input_certification_pending,annual_financial_certification;annual_text_certification,
002699.SZ:2020,False,False,ST_history_label_and_input_certification_pending,annual_financial_certification;annual_text_certification,
002699.SZ:2021,False,False,ST_history_label_and_input_certification_pending,annual_financial_certification;annual_text_certification,
002699.SZ:2022,False,False,ST_history_label_and_input_certification_pending,annual_financial_certification;annual_text_certification,
002699.SZ:2023,False,False,preorigin_financial_industry_or_confirmed_baseline_ST,,
002699.SZ:2024,False,False,preorigin_financial_industry_or_confirmed_baseline_ST,,
002706.SZ:2017,False,False,ST_history_label_and_input_certification_pending,annual_financial_certification;annual_text_certification,
002706.SZ:2018,False,False,ST_history_label_and_input_certification_pending,annual_financial_certification;annual_text_certification,
002706.SZ:2019,False,False,ST_history_label_and_input_certification_pending,annual_financial_certification;annual_text_certification,
002706.SZ:2020,False,False,ST_history_label_and_input_certification_pending,annual_financial_certification;annual_text_certification,
002706.SZ:2021,False,False,ST_history_label_and_input_certification_pending,annual_financial_certification;annual_text_certification,
002706.SZ:2022,False,False,ST_history_label_and_input_certification_pending,annual_financial_certification;annual_text_certification,
002706.SZ:2023,False,False,ST_history_label_and_input_certification_pending,historical_industry;annual_financial_certification;annual_text_certification,
002706.SZ:2024,False,False,ST_history_label_and_input_certification_pending,annual_financial_certification;annual_text_certification,
002706.SZ:2025,False,False,ST_history_label_and_input_certification_pending,annual_financial_certification;annual_text_certification,
002709.SZ:2017,False,False,ST_history_label_and_input_certification_pending,annual_financial_certification;annual_text_certification,
002709.SZ:2018,False,False,ST_history_label_and_input_certification_pending,annual_financial_certification;annual_text_certification,
002709.SZ:2019,False,False,ST_history_label_and_input_certification_pending,annual_financial_certification;annual_text_certification,
002709.SZ:2020,False,False,ST_history_label_and_input_certification_pending,annual_financial_certification;annual_text_certification,
002709.SZ:2021,False,False,ST_history_label_and_input_certification_pending,annual_financial_certification;annual_text_certification,
002709.SZ:2022,False,False,ST_history_label_and_input_certification_pending,annual_financial_certification;annual_text_certification,
002709.SZ:2023,False,False,ST_history_label_and_input_certification_pending,historical_industry;annual_financial_certification;annual_text_certification,
002709.SZ:2024,False,False,ST_history_label_and_input_certification_pending,annual_financial_certification;annual_text_certification,
002709.SZ:2025,False,False,ST_history_label_and_input_certification_pending,annual_financial_certification;annual_text_certification,
002713.SZ:2017,False,False,ST_history_label_and_input_certification_pending,annual_financial_certification;annual_text_certification,
002713.SZ:2018,False,False,ST_history_label_and_input_certification_pending,annual_financial_certification;annual_text_certification,
002713.SZ:2019,False,False,ST_history_label_and_input_certification_pending,annual_financial_certification;annual_text_certification,
002713.SZ:2020,False,False,ST_history_label_and_input_certification_pending,annual_financial_certification;annual_text_certification,
002713.SZ:2021,False,False,ST_history_label_and_input_certification_pending,annual_financial_certification;annual_text_certification,
002713.SZ:2022,False,False,ST_history_label_and_input_certification_pending,annual_financial_certification;annual_text_certification,
002713.SZ:2023,False,False,ST_history_label_and_input_certification_pending,historical_industry;annual_financial_certification;annual_text_certification,
002713.SZ:2024,False,False,ST_history_label_and_input_certification_pending,annual_financial_certification;annual_text_certification,
002713.SZ:2025,False,False,preorigin_financial_industry_or_confirmed_baseline_ST,,
002714.SZ:2017,False,False,ST_history_label_and_input_certification_pending,annual_financial_certification;annual_text_certification,
002714.SZ:2018,False,False,ST_history_label_and_input_certification_pending,annual_financial_certification;annual_text_certification,
002714.SZ:2019,False,False,ST_history_label_and_input_certification_pending,annual_financial_certification;annual_text_certification,
002714.SZ:2020,False,False,ST_history_label_and_input_certification_pending,annual_financial_certification;annual_text_certification,
002714.SZ:2021,False,False,ST_history_label_and_input_certification_pending,annual_financial_certification;annual_text_certification,
002714.SZ:2022,False,False,ST_history_label_and_input_certification_pending,annual_financial_certification;annual_text_certification,
002714.SZ:2023,False,False,ST_history_label_and_input_certification_pending,historical_industry;annual_financial_certification;annual_text_certification,
002714.SZ:2024,False,False,ST_history_label_and_input_certification_pending,annual_financial_certification;annual_text_certification,
002714.SZ:2025,False,False,ST_history_label_and_input_certification_pending,annual_financial_certification;annual_text_certification,
002723.SZ:2017,False,False,ST_history_label_and_input_certification_pending,annual_financial_certification;annual_text_certification,
002723.SZ:2018,False,False,ST_history_label_and_input_certification_pending,annual_financial_certification;annual_text_certification,
002723.SZ:2019,False,False,ST_history_label_and_input_certification_pending,annual_financial_certification;annual_text_certification,
002723.SZ:2020,False,False,ST_history_label_and_input_certification_pending,annual_financial_certification;annual_text_certification,
002723.SZ:2021,False,False,ST_history_label_and_input_certification_pending,annual_financial_certification;annual_text_certification,
002723.SZ:2022,False,False,ST_history_label_and_input_certification_pending,annual_financial_certification;annual_text_certification,
002723.SZ:2023,False,False,ST_history_label_and_input_certification_pending,historical_industry;annual_financial_certification;annual_text_certification,
002723.SZ:2024,False,False,ST_history_label_and_input_certification_pending,annual_financial_certification;annual_text_certification,
002723.SZ:2025,False,False,ST_history_label_and_input_certification_pending,annual_financial_certification;annual_text_certification,
002735.SZ:2018,False,False,ST_history_label_and_input_certification_pending,annual_financial_certification;annual_text_certification,
002735.SZ:2019,False,False,ST_history_label_and_input_certification_pending,annual_financial_certification;annual_text_certification,
002735.SZ:2020,False,False,ST_history_label_and_input_certification_pending,annual_financial_certification;annual_text_certification,
002735.SZ:2021,False,False,ST_history_label_and_input_certification_pending,annual_financial_certification;annual_text_certification,
002735.SZ:2022,False,False,ST_history_label_and_input_certification_pending,annual_financial_certification;annual_text_certification,
002735.SZ:2023,False,False,ST_history_label_and_input_certification_pending,historical_industry;annual_financial_certification;annual_text_certification,
002735.SZ:2024,False,False,ST_history_label_and_input_certification_pending,annual_financial_certification;annual_text_certification,
002735.SZ:2025,False,False,ST_history_label_and_input_certification_pending,annual_financial_certification;annual_text_certification,
002736.SZ:2018,False,False,preorigin_financial_industry_or_confirmed_baseline_ST,,
002736.SZ:2019,False,False,preorigin_financial_industry_or_confirmed_baseline_ST,,
002736.SZ:2020,False,False,preorigin_financial_industry_or_confirmed_baseline_ST,,
002736.SZ:2021,False,False,preorigin_financial_industry_or_confirmed_baseline_ST,,
002736.SZ:2022,False,False,preorigin_financial_industry_or_confirmed_baseline_ST,,
002736.SZ:2023,False,False,ST_history_label_and_input_certification_pending,historical_industry;annual_financial_certification;annual_text_certification,
002736.SZ:2024,False,False,preorigin_financial_industry_or_confirmed_baseline_ST,,
002736.SZ:2025,False,False,preorigin_financial_industry_or_confirmed_baseline_ST,,
002738.SZ:2018,False,False,ST_history_label_and_input_certification_pending,annual_financial_certification;annual_text_certification,
002738.SZ:2019,False,False,ST_history_label_and_input_certification_pending,annual_financial_certification;annual_text_certification,
002738.SZ:2020,False,False,ST_history_label_and_input_certification_pending,annual_financial_certification;annual_text_certification,
002738.SZ:2021,False,False,ST_history_label_and_input_certification_pending,annual_financial_certification;annual_text_certification,
002738.SZ:2022,False,False,ST_history_label_and_input_certification_pending,annual_financial_certification;annual_text_certification,
002738.SZ:2023,False,False,ST_history_label_and_input_certification_pending,historical_industry;annual_financial_certification;annual_text_certification,
002738.SZ:2024,False,False,ST_history_label_and_input_certification_pending,annual_financial_certification;annual_text_certification,
002738.SZ:2025,False,False,ST_history_label_and_input_certification_pending,annual_financial_certification;annual_text_certification,
002742.SZ:2018,False,False,ST_history_label_and_input_certification_pending,annual_financial_certification;annual_text_certification,
002742.SZ:2019,False,False,ST_history_label_and_input_certification_pending,annual_financial_certification;annual_text_certification,
002742.SZ:2020,False,False,ST_history_label_and_input_certification_pending,annual_financial_certification;annual_text_certification,
002742.SZ:2021,False,False,ST_history_label_and_input_certification_pending,annual_financial_certification;annual_text_certification,
002742.SZ:2022,False,False,ST_history_label_and_input_certification_pending,annual_financial_certification;annual_text_certification,
002742.SZ:2023,False,False,preorigin_financial_industry_or_confirmed_baseline_ST,,
002742.SZ:2024,False,False,preorigin_financial_industry_or_confirmed_baseline_ST,,
002742.SZ:2025,False,False,preorigin_financial_industry_or_confirmed_baseline_ST,,
002747.SZ:2018,False,False,ST_history_label_and_input_certification_pending,annual_financial_certification;annual_text_certification,
002747.SZ:2019,False,False,ST_history_label_and_input_certification_pending,annual_financial_certification;annual_text_certification,
002747.SZ:2020,False,False,ST_history_label_and_input_certification_pending,annual_financial_certification;annual_text_certification,
002747.SZ:2021,False,False,ST_history_label_and_input_certification_pending,annual_financial_certification;annual_text_certification,
002747.SZ:2022,False,False,ST_history_label_and_input_certification_pending,annual_financial_certification;annual_text_certification,
002747.SZ:2023,False,False,ST_history_label_and_input_certification_pending,historical_industry;annual_financial_certification;annual_text_certification,
002747.SZ:2024,False,False,ST_history_label_and_input_certification_pending,annual_financial_certification;annual_text_certification,
002747.SZ:2025,False,False,ST_history_label_and_input_certification_pending,annual_financial_certification;annual_text_certification,
002748.SZ:2018,False,False,ST_history_label_and_input_certification_pending,annual_financial_certification;annual_text_certification,
002748.SZ:2019,False,False,ST_history_label_and_input_certification_pending,annual_financial_certification;annual_text_certification,
002748.SZ:2020,False,False,ST_history_label_and_input_certification_pending,annual_financial_certification;annual_text_certification,
002748.SZ:2021,False,False,ST_history_label_and_input_certification_pending,annual_financial_certification;annual_text_certification,
002748.SZ:2022,False,False,ST_history_label_and_input_certification_pending,annual_financial_certification;annual_text_certification,
002748.SZ:2023,False,False,ST_history_label_and_input_certification_pending,historical_industry;annual_financial_certification;annual_text_certification,
002748.SZ:2024,False,False,ST_history_label_and_input_certification_pending,annual_financial_certification;annual_text_certification,
002748.SZ:2025,False,False,preorigin_financial_industry_or_confirmed_baseline_ST,,
002753.SZ:2019,False,False,ST_history_label_and_input_certification_pending,annual_financial_certification;annual_text_certification,
002753.SZ:2020,False,False,ST_history_label_and_input_certification_pending,annual_financial_certification;annual_text_certification,
002753.SZ:2021,False,False,ST_history_label_and_input_certification_pending,annual_financial_certification;annual_text_certification,
002753.SZ:2022,False,False,ST_history_label_and_input_certification_pending,annual_financial_certification;annual_text_certification,
002753.SZ:2023,False,False,ST_history_label_and_input_certification_pending,historical_industry;annual_financial_certification;annual_text_certification,
002753.SZ:2024,False,False,ST_history_label_and_input_certification_pending,annual_financial_certification;annual_text_certification,
002753.SZ:2025,False,False,ST_history_label_and_input_certification_pending,annual_financial_certification;annual_text_certification,
002760.SZ:2019,False,False,ST_history_label_and_input_certification_pending,annual_financial_certification;annual_text_certification,
002760.SZ:2020,False,False,ST_history_label_and_input_certification_pending,annual_financial_certification;annual_text_certification,
002760.SZ:2021,False,False,ST_history_label_and_input_certification_pending,annual_financial_certification;annual_text_certification,
002760.SZ:2022,False,False,ST_history_label_and_input_certification_pending,annual_financial_certification;annual_text_certification,
002760.SZ:2023,False,False,ST_history_label_and_input_certification_pending,historical_industry;annual_financial_certification;annual_text_certification,
002760.SZ:2024,False,False,ST_history_label_and_input_certification_pending,annual_financial_certification;annual_text_certification,
002760.SZ:2025,False,False,ST_history_label_and_input_certification_pending,annual_financial_certification;annual_text_certification,
002782.SZ:2019,False,False,ST_history_label_and_input_certification_pending,annual_financial_certification;annual_text_certification,
002782.SZ:2020,False,False,ST_history_label_and_input_certification_pending,annual_financial_certification;annual_text_certification,
002782.SZ:2021,False,False,ST_history_label_and_input_certification_pending,annual_financial_certification;annual_text_certification,
002782.SZ:2022,False,False,ST_history_label_and_input_certification_pending,annual_financial_certification;annual_text_certification,
002782.SZ:2023,False,False,ST_history_label_and_input_certification_pending,historical_industry;annual_financial_certification;annual_text_certification,
002782.SZ:2024,False,False,ST_history_label_and_input_certification_pending,annual_financial_certification;annual_text_certification,
002782.SZ:2025,False,False,ST_history_label_and_input_certification_pending,annual_financial_certification;annual_text_certification,
002788.SZ:2019,False,False,ST_history_label_and_input_certification_pending,annual_financial_certification;annual_text_certification,
002788.SZ:2020,False,False,ST_history_label_and_input_certification_pending,annual_financial_certification;annual_text_certification,
002788.SZ:2021,False,False,ST_history_label_and_input_certification_pending,annual_financial_certification;annual_text_certification,
002788.SZ:2022,False,False,ST_history_label_and_input_certification_pending,annual_financial_certification;annual_text_certification,
002788.SZ:2023,False,False,ST_history_label_and_input_certification_pending,historical_industry;annual_financial_certification;annual_text_certification,
002788.SZ:2024,False,False,ST_history_label_and_input_certification_pending,annual_financial_certification;annual_text_certification,
002788.SZ:2025,False,False,ST_history_label_and_input_certification_pending,annual_financial_certification;annual_text_certification,
002790.SZ:2019,False,False,ST_history_label_and_input_certification_pending,annual_financial_certification;annual_text_certification,
002790.SZ:2020,False,False,ST_history_label_and_input_certification_pending,annual_financial_certification;annual_text_certification,
002790.SZ:2021,False,False,ST_history_label_and_input_certification_pending,annual_financial_certification;annual_text_certification,
002790.SZ:2022,False,False,ST_history_label_and_input_certification_pending,annual_financial_certification;annual_text_certification,
002790.SZ:2023,False,False,ST_history_label_and_input_certification_pending,historical_industry;annual_financial_certification;annual_text_certification,
002790.SZ:2024,False,False,ST_history_label_and_input_certification_pending,annual_financial_certification;annual_text_certification,
002790.SZ:2025,False,False,ST_history_label_and_input_certification_pending,annual_financial_certification;annual_text_certification,
002792.SZ:2019,False,False,ST_history_label_and_input_certification_pending,annual_financial_certification;annual_text_certification,
002792.SZ:2020,False,False,ST_history_label_and_input_certification_pending,annual_financial_certification;annual_text_certification,
002792.SZ:2021,False,False,ST_history_label_and_input_certification_pending,annual_financial_certification;annual_text_certification,
002792.SZ:2022,False,False,ST_history_label_and_input_certification_pending,annual_financial_certification;annual_text_certification,
002792.SZ:2023,False,False,ST_history_label_and_input_certification_pending,historical_industry;annual_financial_certification;annual_text_certification,
002792.SZ:2024,False,False,ST_history_label_and_input_certification_pending,annual_financial_certification;annual_text_certification,
002792.SZ:2025,False,False,ST_history_label_and_input_certification_pending,annual_financial_certification;annual_text_certification,
002795.SZ:2019,False,False,ST_history_label_and_input_certification_pending,annual_financial_certification;annual_text_certification,
002795.SZ:2020,False,False,ST_history_label_and_input_certification_pending,annual_financial_certification;annual_text_certification,
002795.SZ:2021,False,False,ST_history_label_and_input_certification_pending,annual_financial_certification;annual_text_certification,
002795.SZ:2022,False,False,ST_history_label_and_input_certification_pending,annual_financial_certification;annual_text_certification,
002795.SZ:2023,False,False,ST_history_label_and_input_certification_pending,historical_industry;annual_financial_certification;annual_text_certification,
002795.SZ:2024,False,False,ST_history_label_and_input_certification_pending,annual_financial_certification;annual_text_certification,
002795.SZ:2025,False,False,ST_history_label_and_input_certification_pending,annual_financial_certification;annual_text_certification,
002796.SZ:2020,False,False,ST_history_label_and_input_certification_pending,annual_financial_certification;annual_text_certification,
002796.SZ:2021,False,False,ST_history_label_and_input_certification_pending,annual_financial_certification;annual_text_certification,
002796.SZ:2022,False,False,ST_history_label_and_input_certification_pending,annual_financial_certification;annual_text_certification,
002796.SZ:2023,False,False,ST_history_label_and_input_certification_pending,historical_industry;annual_financial_certification;annual_text_certification,
002796.SZ:2024,False,False,ST_history_label_and_input_certification_pending,annual_financial_certification;annual_text_certification,
002796.SZ:2025,False,False,ST_history_label_and_input_certification_pending,annual_financial_certification;annual_text_certification,
002801.SZ:2020,False,False,ST_history_label_and_input_certification_pending,annual_financial_certification;annual_text_certification,
002801.SZ:2021,False,False,ST_history_label_and_input_certification_pending,annual_financial_certification;annual_text_certification,
002801.SZ:2022,False,False,ST_history_label_and_input_certification_pending,annual_financial_certification;annual_text_certification,
002801.SZ:2023,False,False,ST_history_label_and_input_certification_pending,historical_industry;annual_financial_certification;annual_text_certification,
002801.SZ:2024,False,False,ST_history_label_and_input_certification_pending,annual_financial_certification;annual_text_certification,
002801.SZ:2025,False,False,ST_history_label_and_input_certification_pending,annual_financial_certification;annual_text_certification,
002811.SZ:2020,False,False,ST_history_label_and_input_certification_pending,annual_financial_certification;annual_text_certification,
002811.SZ:2021,False,False,ST_history_label_and_input_certification_pending,annual_financial_certification;annual_text_certification,
002811.SZ:2022,False,False,ST_history_label_and_input_certification_pending,annual_financial_certification;annual_text_certification,
002811.SZ:2023,False,False,ST_history_label_and_input_certification_pending,historical_industry;annual_financial_certification;annual_text_certification,
002811.SZ:2024,False,False,ST_history_label_and_input_certification_pending,annual_financial_certification;annual_text_certification,
002811.SZ:2025,False,False,ST_history_label_and_input_certification_pending,annual_financial_certification;annual_text_certification,
002813.SZ:2020,False,False,ST_history_label_and_input_certification_pending,annual_financial_certification;annual_text_certification,
002813.SZ:2021,False,False,ST_history_label_and_input_certification_pending,annual_financial_certification;annual_text_certification,
002813.SZ:2022,False,False,ST_history_label_and_input_certification_pending,annual_financial_certification;annual_text_certification,
002813.SZ:2023,False,False,ST_history_label_and_input_certification_pending,historical_industry;annual_financial_certification;annual_text_certification,
002813.SZ:2024,False,False,ST_history_label_and_input_certification_pending,annual_financial_certification;annual_text_certification,
002813.SZ:2025,False,False,ST_history_label_and_input_certification_pending,annual_financial_certification;annual_text_certification,
002822.SZ:2020,False,False,ST_history_label_and_input_certification_pending,annual_financial_certification;annual_text_certification,
002822.SZ:2021,False,False,ST_history_label_and_input_certification_pending,annual_financial_certification;annual_text_certification,
002822.SZ:2022,False,False,ST_history_label_and_input_certification_pending,annual_financial_certification;annual_text_certification,
002822.SZ:2023,False,False,ST_history_label_and_input_certification_pending,historical_industry;annual_financial_certification;annual_text_certification,
002822.SZ:2024,False,False,preorigin_financial_industry_or_confirmed_baseline_ST,,
002822.SZ:2025,False,False,preorigin_financial_industry_or_confirmed_baseline_ST,,
002830.SZ:2020,False,False,ST_history_label_and_input_certification_pending,annual_financial_certification;annual_text_certification,
002830.SZ:2021,False,False,ST_history_label_and_input_certification_pending,annual_financial_certification;annual_text_certification,
002830.SZ:2022,False,False,ST_history_label_and_input_certification_pending,annual_financial_certification;annual_text_certification,
002830.SZ:2023,False,False,ST_history_label_and_input_certification_pending,historical_industry;annual_financial_certification;annual_text_certification,
002830.SZ:2024,False,False,ST_history_label_and_input_certification_pending,annual_financial_certification;annual_text_certification,
002830.SZ:2025,False,False,ST_history_label_and_input_certification_pending,annual_financial_certification;annual_text_certification,
002832.SZ:2020,False,False,ST_history_label_and_input_certification_pending,annual_financial_certification;annual_text_certification,
002832.SZ:2021,False,False,ST_history_label_and_input_certification_pending,annual_financial_certification;annual_text_certification,
002832.SZ:2022,False,False,ST_history_label_and_input_certification_pending,annual_financial_certification;annual_text_certification,
002832.SZ:2023,False,False,ST_history_label_and_input_certification_pending,historical_industry;annual_financial_certification;annual_text_certification,
002832.SZ:2024,False,False,ST_history_label_and_input_certification_pending,annual_financial_certification;annual_text_certification,
002832.SZ:2025,False,False,ST_history_label_and_input_certification_pending,annual_financial_certification;annual_text_certification,
002833.SZ:2020,False,False,ST_history_label_and_input_certification_pending,annual_financial_certification;annual_text_certification,
002833.SZ:2021,False,False,ST_history_label_and_input_certification_pending,annual_financial_certification;annual_text_certification,
002833.SZ:2022,False,False,ST_history_label_and_input_certification_pending,annual_financial_certification;annual_text_certification,
002833.SZ:2023,False,False,ST_history_label_and_input_certification_pending,historical_industry;annual_financial_certification;annual_text_certification,
002833.SZ:2024,False,False,ST_history_label_and_input_certification_pending,annual_financial_certification;annual_text_certification,
002833.SZ:2025,False,False,ST_history_label_and_input_certification_pending,annual_financial_certification;annual_text_certification,
002835.SZ:2020,False,False,ST_history_label_and_input_certification_pending,annual_financial_certification;annual_text_certification,
002835.SZ:2021,False,False,ST_history_label_and_input_certification_pending,annual_financial_certification;annual_text_certification,
002835.SZ:2022,False,False,ST_history_label_and_input_certification_pending,annual_financial_certification;annual_text_certification,
002835.SZ:2023,False,False,ST_history_label_and_input_certification_pending,historical_industry;annual_financial_certification;annual_text_certification,
002835.SZ:2024,False,False,ST_history_label_and_input_certification_pending,annual_financial_certification;annual_text_certification,
002835.SZ:2025,False,False,ST_history_label_and_input_certification_pending,annual_financial_certification;annual_text_certification,
002851.SZ:2020,False,False,ST_history_label_and_input_certification_pending,annual_financial_certification;annual_text_certification,
002851.SZ:2021,False,False,ST_history_label_and_input_certification_pending,annual_financial_certification;annual_text_certification,
002851.SZ:2022,False,False,ST_history_label_and_input_certification_pending,annual_financial_certification;annual_text_certification,
002851.SZ:2023,False,False,ST_history_label_and_input_certification_pending,historical_industry;annual_financial_certification;annual_text_certification,
002851.SZ:2024,False,False,ST_history_label_and_input_certification_pending,annual_financial_certification;annual_text_certification,
002851.SZ:2025,False,False,ST_history_label_and_input_certification_pending,annual_financial_certification;annual_text_certification,
002862.SZ:2020,False,False,ST_history_label_and_input_certification_pending,annual_financial_certification;annual_text_certification,
002862.SZ:2021,False,False,ST_history_label_and_input_certification_pending,annual_financial_certification;annual_text_certification,
002862.SZ:2022,False,False,ST_history_label_and_input_certification_pending,annual_financial_certification;annual_text_certification,
002862.SZ:2023,False,False,ST_history_label_and_input_certification_pending,historical_industry;annual_financial_certification;annual_text_certification,
002862.SZ:2024,False,False,ST_history_label_and_input_certification_pending,annual_financial_certification;annual_text_certification,
002862.SZ:2025,False,False,ST_history_label_and_input_certification_pending,annual_financial_certification;annual_text_certification,
002864.SZ:2021,False,False,ST_history_label_and_input_certification_pending,annual_financial_certification;annual_text_certification,
002864.SZ:2022,False,False,ST_history_label_and_input_certification_pending,annual_financial_certification;annual_text_certification,
002864.SZ:2023,False,False,ST_history_label_and_input_certification_pending,historical_industry;annual_financial_certification;annual_text_certification,
002864.SZ:2024,False,False,ST_history_label_and_input_certification_pending,annual_financial_certification;annual_text_certification,
002864.SZ:2025,False,False,ST_history_label_and_input_certification_pending,annual_financial_certification;annual_text_certification,
002865.SZ:2020,False,False,ST_history_label_and_input_certification_pending,annual_financial_certification;annual_text_certification,
002865.SZ:2021,False,False,ST_history_label_and_input_certification_pending,annual_financial_certification;annual_text_certification,
002865.SZ:2022,False,False,ST_history_label_and_input_certification_pending,annual_financial_certification;annual_text_certification,
002865.SZ:2023,False,False,ST_history_label_and_input_certification_pending,historical_industry;annual_financial_certification;annual_text_certification,
002865.SZ:2024,False,False,ST_history_label_and_input_certification_pending,annual_financial_certification;annual_text_certification,
002865.SZ:2025,False,False,ST_history_label_and_input_certification_pending,annual_financial_certification;annual_text_certification,
002886.SZ:2021,False,False,ST_history_label_and_input_certification_pending,annual_financial_certification;annual_text_certification,
002886.SZ:2022,False,False,ST_history_label_and_input_certification_pending,annual_financial_certification;annual_text_certification,
002886.SZ:2023,False,False,ST_history_label_and_input_certification_pending,historical_industry;annual_financial_certification;annual_text_certification,
002886.SZ:2024,False,False,ST_history_label_and_input_certification_pending,annual_financial_certification;annual_text_certification,
002886.SZ:2025,False,False,ST_history_label_and_input_certification_pending,annual_financial_certification;annual_text_certification,
002892.SZ:2021,False,False,ST_history_label_and_input_certification_pending,annual_financial_certification;annual_text_certification,
002892.SZ:2022,False,False,ST_history_label_and_input_certification_pending,annual_financial_certification;annual_text_certification,
002892.SZ:2023,False,False,ST_history_label_and_input_certification_pending,historical_industry;annual_financial_certification;annual_text_certification,
002892.SZ:2024,False,False,ST_history_label_and_input_certification_pending,annual_financial_certification;annual_text_certification,
002892.SZ:2025,False,False,ST_history_label_and_input_certification_pending,annual_financial_certification;annual_text_certification,
002898.SZ:2021,False,False,ST_history_label_and_input_certification_pending,annual_financial_certification;annual_text_certification,
002898.SZ:2022,False,False,ST_history_label_and_input_certification_pending,annual_financial_certification;annual_text_certification,
002898.SZ:2023,False,False,ST_history_label_and_input_certification_pending,historical_industry;annual_financial_certification;annual_text_certification,
002898.SZ:2024,False,False,ST_history_label_and_input_certification_pending,annual_financial_certification;annual_text_certification,
002898.SZ:2025,False,False,preorigin_financial_industry_or_confirmed_baseline_ST,,
002899.SZ:2021,False,False,ST_history_label_and_input_certification_pending,annual_financial_certification;annual_text_certification,
002899.SZ:2022,False,False,ST_history_label_and_input_certification_pending,annual_financial_certification;annual_text_certification,
002899.SZ:2023,False,False,ST_history_label_and_input_certification_pending,historical_industry;annual_financial_certification;annual_text_certification,
002899.SZ:2024,False,False,ST_history_label_and_input_certification_pending,annual_financial_certification;annual_text_certification,
002899.SZ:2025,False,False,ST_history_label_and_input_certification_pending,annual_financial_certification;annual_text_certification,
002906.SZ:2021,False,False,ST_history_label_and_input_certification_pending,annual_financial_certification;annual_text_certification,
002906.SZ:2022,False,False,ST_history_label_and_input_certification_pending,annual_financial_certification;annual_text_certification,
002906.SZ:2023,False,False,ST_history_label_and_input_certification_pending,historical_industry;annual_financial_certification;annual_text_certification,
002906.SZ:2024,False,False,ST_history_label_and_input_certification_pending,annual_financial_certification;annual_text_certification,
002906.SZ:2025,False,False,ST_history_label_and_input_certification_pending,annual_financial_certification;annual_text_certification,
002917.SZ:2021,False,False,ST_history_label_and_input_certification_pending,annual_financial_certification;annual_text_certification,
002917.SZ:2022,False,False,ST_history_label_and_input_certification_pending,annual_financial_certification;annual_text_certification,
002917.SZ:2023,False,False,ST_history_label_and_input_certification_pending,historical_industry;annual_financial_certification;annual_text_certification,
002917.SZ:2024,False,False,ST_history_label_and_input_certification_pending,annual_financial_certification;annual_text_certification,
002917.SZ:2025,False,False,ST_history_label_and_input_certification_pending,annual_financial_certification;annual_text_certification,
002920.SZ:2021,False,False,ST_history_label_and_input_certification_pending,annual_financial_certification;annual_text_certification,
002920.SZ:2022,False,False,ST_history_label_and_input_certification_pending,annual_financial_certification;annual_text_certification,
002920.SZ:2023,False,False,ST_history_label_and_input_certification_pending,historical_industry;annual_financial_certification;annual_text_certification,
002920.SZ:2024,False,False,ST_history_label_and_input_certification_pending,annual_financial_certification;annual_text_certification,
002920.SZ:2025,False,False,ST_history_label_and_input_certification_pending,annual_financial_certification;annual_text_certification,
002928.SZ:2021,False,False,ST_history_label_and_input_certification_pending,annual_financial_certification;annual_text_certification,
002928.SZ:2022,False,False,ST_history_label_and_input_certification_pending,annual_financial_certification;annual_text_certification,
002928.SZ:2023,False,False,ST_history_label_and_input_certification_pending,historical_industry;annual_financial_certification;annual_text_certification,
002928.SZ:2024,False,False,ST_history_label_and_input_certification_pending,annual_financial_certification;annual_text_certification,
002928.SZ:2025,False,False,ST_history_label_and_input_certification_pending,annual_financial_certification;annual_text_certification,
002929.SZ:2021,False,False,ST_history_label_and_input_certification_pending,annual_financial_certification;annual_text_certification,
002929.SZ:2022,False,False,ST_history_label_and_input_certification_pending,annual_financial_certification;annual_text_certification,
002929.SZ:2023,False,False,ST_history_label_and_input_certification_pending,historical_industry;annual_financial_certification;annual_text_certification,
002929.SZ:2024,False,False,ST_history_label_and_input_certification_pending,annual_financial_certification;annual_text_certification,
002929.SZ:2025,False,False,ST_history_label_and_input_certification_pending,annual_financial_certification;annual_text_certification,
002930.SZ:2021,False,False,ST_history_label_and_input_certification_pending,annual_financial_certification;annual_text_certification,
002930.SZ:2022,False,False,ST_history_label_and_input_certification_pending,annual_financial_certification;annual_text_certification,
002930.SZ:2023,False,False,ST_history_label_and_input_certification_pending,historical_industry;annual_financial_certification;annual_text_certification,
002930.SZ:2024,False,False,ST_history_label_and_input_certification_pending,annual_financial_certification;annual_text_certification,
002930.SZ:2025,False,False,ST_history_label_and_input_certification_pending,annual_financial_certification;annual_text_certification,
002933.SZ:2022,False,False,ST_history_label_and_input_certification_pending,annual_financial_certification;annual_text_certification,
002933.SZ:2023,False,False,ST_history_label_and_input_certification_pending,historical_industry;annual_financial_certification;annual_text_certification,
002933.SZ:2024,False,False,ST_history_label_and_input_certification_pending,annual_financial_certification;annual_text_certification,
002933.SZ:2025,False,False,ST_history_label_and_input_certification_pending,annual_financial_certification;annual_text_certification,
002942.SZ:2022,False,False,ST_history_label_and_input_certification_pending,annual_financial_certification;annual_text_certification,
002942.SZ:2023,False,False,ST_history_label_and_input_certification_pending,historical_industry;annual_financial_certification;annual_text_certification,
002942.SZ:2024,False,False,ST_history_label_and_input_certification_pending,annual_financial_certification;annual_text_certification,
002942.SZ:2025,False,False,ST_history_label_and_input_certification_pending,annual_financial_certification;annual_text_certification,
002945.SZ:2022,False,False,preorigin_financial_industry_or_confirmed_baseline_ST,,
002945.SZ:2023,False,False,ST_history_label_and_input_certification_pending,historical_industry;annual_financial_certification;annual_text_certification,
002945.SZ:2024,False,False,preorigin_financial_industry_or_confirmed_baseline_ST,,
002945.SZ:2025,False,False,preorigin_financial_industry_or_confirmed_baseline_ST,,
002958.SZ:2022,False,False,preorigin_financial_industry_or_confirmed_baseline_ST,,
002958.SZ:2023,False,False,ST_history_label_and_input_certification_pending,historical_industry;annual_financial_certification;annual_text_certification,
002958.SZ:2024,False,False,preorigin_financial_industry_or_confirmed_baseline_ST,,
002958.SZ:2025,False,False,preorigin_financial_industry_or_confirmed_baseline_ST,,
002978.SZ:2023,False,False,ST_history_label_and_input_certification_pending,historical_industry;annual_financial_certification;annual_text_certification,
002978.SZ:2024,False,False,ST_history_label_and_input_certification_pending,annual_financial_certification;annual_text_certification,
002978.SZ:2025,False,False,ST_history_label_and_input_certification_pending,annual_financial_certification;annual_text_certification,
003005.SZ:2024,False,False,ST_history_label_and_input_certification_pending,annual_financial_certification;annual_text_certification,
003005.SZ:2025,False,False,ST_history_label_and_input_certification_pending,annual_financial_certification;annual_text_certification,
003012.SZ:2024,False,False,ST_history_label_and_input_certification_pending,annual_financial_certification;annual_text_certification,
003012.SZ:2025,False,False,ST_history_label_and_input_certification_pending,annual_financial_certification;annual_text_certification,
003020.SZ:2024,False,False,ST_history_label_and_input_certification_pending,annual_financial_certification;annual_text_certification,
003020.SZ:2025,False,False,ST_history_label_and_input_certification_pending,annual_financial_certification;annual_text_certification,
003021.SZ:2024,False,False,ST_history_label_and_input_certification_pending,annual_financial_certification;annual_text_certification,
003021.SZ:2025,False,False,ST_history_label_and_input_certification_pending,annual_financial_certification;annual_text_certification,
003027.SZ:2024,False,False,ST_history_label_and_input_certification_pending,annual_financial_certification;annual_text_certification,
003027.SZ:2025,False,False,ST_history_label_and_input_certification_pending,annual_financial_certification;annual_text_certification,
300003.SZ:2017,False,False,ST_history_label_and_input_certification_pending,annual_financial_certification;annual_text_certification,
300003.SZ:2018,False,False,ST_history_label_and_input_certification_pending,annual_financial_certification;annual_text_certification,
300003.SZ:2019,False,False,ST_history_label_and_input_certification_pending,annual_financial_certification;annual_text_certification,
300003.SZ:2020,False,False,ST_history_label_and_input_certification_pending,annual_financial_certification;annual_text_certification,
300003.SZ:2021,False,False,ST_history_label_and_input_certification_pending,annual_financial_certification;annual_text_certification,
300003.SZ:2022,False,False,ST_history_label_and_input_certification_pending,annual_financial_certification;annual_text_certification,
300003.SZ:2023,False,False,ST_history_label_and_input_certification_pending,historical_industry;annual_financial_certification;annual_text_certification,
300003.SZ:2024,False,False,ST_history_label_and_input_certification_pending,annual_financial_certification;annual_text_certification,
300003.SZ:2025,False,False,ST_history_label_and_input_certification_pending,annual_financial_certification;annual_text_certification,
300004.SZ:2017,False,False,ST_history_label_and_input_certification_pending,annual_financial_certification;annual_text_certification,
300004.SZ:2018,False,False,ST_history_label_and_input_certification_pending,annual_financial_certification;annual_text_certification,
300004.SZ:2019,False,False,ST_history_label_and_input_certification_pending,annual_financial_certification;annual_text_certification,
300004.SZ:2020,False,False,ST_history_label_and_input_certification_pending,annual_financial_certification;annual_text_certification,
300004.SZ:2021,False,False,ST_history_label_and_input_certification_pending,annual_financial_certification;annual_text_certification,
300004.SZ:2022,False,False,ST_history_label_and_input_certification_pending,annual_financial_certification;annual_text_certification,
300004.SZ:2023,False,False,ST_history_label_and_input_certification_pending,historical_industry;annual_financial_certification;annual_text_certification,
300004.SZ:2024,False,False,ST_history_label_and_input_certification_pending,annual_financial_certification;annual_text_certification,
300004.SZ:2025,False,False,ST_history_label_and_input_certification_pending,annual_financial_certification;annual_text_certification,
300009.SZ:2017,False,False,ST_history_label_and_input_certification_pending,annual_financial_certification;annual_text_certification,
300009.SZ:2018,False,False,ST_history_label_and_input_certification_pending,annual_financial_certification;annual_text_certification,
300009.SZ:2019,False,False,ST_history_label_and_input_certification_pending,annual_financial_certification;annual_text_certification,
300009.SZ:2020,False,False,ST_history_label_and_input_certification_pending,annual_financial_certification;annual_text_certification,
300009.SZ:2021,False,False,ST_history_label_and_input_certification_pending,annual_financial_certification;annual_text_certification,
300009.SZ:2022,False,False,ST_history_label_and_input_certification_pending,annual_financial_certification;annual_text_certification,
300009.SZ:2023,False,False,ST_history_label_and_input_certification_pending,historical_industry;annual_financial_certification;annual_text_certification,
300009.SZ:2024,False,False,ST_history_label_and_input_certification_pending,annual_financial_certification;annual_text_certification,
300009.SZ:2025,False,False,ST_history_label_and_input_certification_pending,annual_financial_certification;annual_text_certification,
300013.SZ:2017,False,False,ST_history_label_and_input_certification_pending,annual_financial_certification;annual_text_certification,
300013.SZ:2018,False,False,ST_history_label_and_input_certification_pending,annual_financial_certification;annual_text_certification,
300013.SZ:2019,False,False,ST_history_label_and_input_certification_pending,annual_financial_certification;annual_text_certification,
300013.SZ:2020,False,False,ST_history_label_and_input_certification_pending,annual_financial_certification;annual_text_certification,
300013.SZ:2021,False,False,ST_history_label_and_input_certification_pending,annual_financial_certification;annual_text_certification,
300013.SZ:2022,False,False,ST_history_label_and_input_certification_pending,annual_financial_certification;annual_text_certification,
300013.SZ:2023,False,False,ST_history_label_and_input_certification_pending,historical_industry;annual_financial_certification;annual_text_certification,
300013.SZ:2024,False,False,preorigin_financial_industry_or_confirmed_baseline_ST,,
300013.SZ:2025,False,False,preorigin_financial_industry_or_confirmed_baseline_ST,,
300018.SZ:2017,False,False,ST_history_label_and_input_certification_pending,annual_financial_certification;annual_text_certification,
300018.SZ:2018,False,False,ST_history_label_and_input_certification_pending,annual_financial_certification;annual_text_certification,
300018.SZ:2019,False,False,ST_history_label_and_input_certification_pending,annual_financial_certification;annual_text_certification,
300018.SZ:2020,False,False,ST_history_label_and_input_certification_pending,annual_financial_certification;annual_text_certification,
300018.SZ:2021,False,False,ST_history_label_and_input_certification_pending,annual_financial_certification;annual_text_certification,
300018.SZ:2022,False,False,ST_history_label_and_input_certification_pending,annual_financial_certification;annual_text_certification,
300018.SZ:2023,False,False,ST_history_label_and_input_certification_pending,historical_industry;annual_financial_certification;annual_text_certification,
300018.SZ:2024,False,False,ST_history_label_and_input_certification_pending,annual_financial_certification;annual_text_certification,
300018.SZ:2025,False,False,ST_history_label_and_input_certification_pending,annual_financial_certification;annual_text_certification,
300026.SZ:2017,False,False,ST_history_label_and_input_certification_pending,annual_financial_certification;annual_text_certification,
300026.SZ:2018,False,False,ST_history_label_and_input_certification_pending,annual_financial_certification;annual_text_certification,
300026.SZ:2019,False,False,ST_history_label_and_input_certification_pending,annual_financial_certification;annual_text_certification,
300026.SZ:2020,False,False,ST_history_label_and_input_certification_pending,annual_financial_certification;annual_text_certification,
300026.SZ:2021,False,False,ST_history_label_and_input_certification_pending,annual_financial_certification;annual_text_certification,
300026.SZ:2022,False,False,ST_history_label_and_input_certification_pending,annual_financial_certification;annual_text_certification,
300026.SZ:2023,False,False,ST_history_label_and_input_certification_pending,historical_industry;annual_financial_certification;annual_text_certification,
300026.SZ:2024,False,False,ST_history_label_and_input_certification_pending,annual_financial_certification;annual_text_certification,
300026.SZ:2025,False,False,ST_history_label_and_input_certification_pending,annual_financial_certification;annual_text_certification,
300027.SZ:2017,False,False,ST_history_label_and_input_certification_pending,annual_financial_certification;annual_text_certification,
300027.SZ:2018,False,False,ST_history_label_and_input_certification_pending,annual_financial_certification;annual_text_certification,
300027.SZ:2019,False,False,ST_history_label_and_input_certification_pending,annual_financial_certification;annual_text_certification,
300027.SZ:2020,False,False,ST_history_label_and_input_certification_pending,annual_financial_certification;annual_text_certification,
300027.SZ:2021,False,False,ST_history_label_and_input_certification_pending,annual_financial_certification;annual_text_certification,
300027.SZ:2022,False,False,ST_history_label_and_input_certification_pending,annual_financial_certification;annual_text_certification,
300027.SZ:2023,False,False,ST_history_label_and_input_certification_pending,historical_industry;annual_financial_certification;annual_text_certification,
300027.SZ:2024,False,False,ST_history_label_and_input_certification_pending,annual_financial_certification;annual_text_certification,
300027.SZ:2025,False,False,ST_history_label_and_input_certification_pending,annual_financial_certification;annual_text_certification,
300028.SZ:2017,False,False,ST_history_label_and_input_certification_pending,annual_financial_certification;annual_text_certification,
300028.SZ:2018,False,False,ST_history_label_and_input_certification_pending,annual_financial_certification;annual_text_certification,
300028.SZ:2019,False,False,ST_history_label_and_input_certification_pending,annual_financial_certification;annual_text_certification,
300028.SZ:2020,False,False,known_incomplete_followup_due_to_delisting,,
300034.SZ:2017,False,False,ST_history_label_and_input_certification_pending,annual_financial_certification;annual_text_certification,
300034.SZ:2018,False,False,ST_history_label_and_input_certification_pending,annual_financial_certification;annual_text_certification,
300034.SZ:2019,False,False,ST_history_label_and_input_certification_pending,annual_financial_certification;annual_text_certification,
300034.SZ:2020,False,False,ST_history_label_and_input_certification_pending,annual_financial_certification;annual_text_certification,
300034.SZ:2021,False,False,ST_history_label_and_input_certification_pending,annual_financial_certification;annual_text_certification,
300034.SZ:2022,False,False,ST_history_label_and_input_certification_pending,annual_financial_certification;annual_text_certification,
300034.SZ:2023,False,False,ST_history_label_and_input_certification_pending,historical_industry;annual_financial_certification;annual_text_certification,
300034.SZ:2024,False,False,ST_history_label_and_input_certification_pending,annual_financial_certification;annual_text_certification,
300034.SZ:2025,False,False,ST_history_label_and_input_certification_pending,annual_financial_certification;annual_text_certification,
300035.SZ:2017,False,False,ST_history_label_and_input_certification_pending,annual_financial_certification;annual_text_certification,
300035.SZ:2018,False,False,ST_history_label_and_input_certification_pending,annual_financial_certification;annual_text_certification,
300035.SZ:2019,False,False,ST_history_label_and_input_certification_pending,annual_financial_certification;annual_text_certification,
300035.SZ:2020,False,False,ST_history_label_and_input_certification_pending,annual_financial_certification;annual_text_certification,
300035.SZ:2021,False,False,ST_history_label_and_input_certification_pending,annual_financial_certification;annual_text_certification,
300035.SZ:2022,False,False,ST_history_label_and_input_certification_pending,annual_financial_certification;annual_text_certification,
300035.SZ:2023,False,False,ST_history_label_and_input_certification_pending,historical_industry;annual_financial_certification;annual_text_certification,
300035.SZ:2024,False,False,ST_history_label_and_input_certification_pending,annual_financial_certification;annual_text_certification,
300035.SZ:2025,False,False,ST_history_label_and_input_certification_pending,annual_financial_certification;annual_text_certification,
300042.SZ:2017,False,False,ST_history_label_and_input_certification_pending,annual_financial_certification;annual_text_certification,
300042.SZ:2018,False,False,ST_history_label_and_input_certification_pending,annual_financial_certification;annual_text_certification,
300042.SZ:2019,False,False,ST_history_label_and_input_certification_pending,annual_financial_certification;annual_text_certification,
300042.SZ:2020,False,False,ST_history_label_and_input_certification_pending,annual_financial_certification;annual_text_certification,
300042.SZ:2021,False,False,ST_history_label_and_input_certification_pending,annual_financial_certification;annual_text_certification,
300042.SZ:2022,False,False,ST_history_label_and_input_certification_pending,annual_financial_certification;annual_text_certification,
300042.SZ:2023,False,False,ST_history_label_and_input_certification_pending,historical_industry;annual_financial_certification;annual_text_certification,
300042.SZ:2024,False,False,ST_history_label_and_input_certification_pending,annual_financial_certification;annual_text_certification,
300042.SZ:2025,False,False,ST_history_label_and_input_certification_pending,annual_financial_certification;annual_text_certification,
300043.SZ:2017,False,False,ST_history_label_and_input_certification_pending,annual_financial_certification;annual_text_certification,
300043.SZ:2018,False,False,ST_history_label_and_input_certification_pending,annual_financial_certification;annual_text_certification,
300043.SZ:2019,False,False,ST_history_label_and_input_certification_pending,annual_financial_certification;annual_text_certification,
300043.SZ:2020,False,False,ST_history_label_and_input_certification_pending,annual_financial_certification;annual_text_certification,
300043.SZ:2021,False,False,ST_history_label_and_input_certification_pending,annual_financial_certification;annual_text_certification,
300043.SZ:2022,False,False,ST_history_label_and_input_certification_pending,annual_financial_certification;annual_text_certification,
300043.SZ:2023,False,False,ST_history_label_and_input_certification_pending,historical_industry;annual_financial_certification;annual_text_certification,
300043.SZ:2024,False,False,ST_history_label_and_input_certification_pending,annual_financial_certification;annual_text_certification,
300043.SZ:2025,False,False,ST_history_label_and_input_certification_pending,annual_financial_certification;annual_text_certification,
300045.SZ:2017,False,False,ST_history_label_and_input_certification_pending,annual_financial_certification;annual_text_certification,
300045.SZ:2018,False,False,ST_history_label_and_input_certification_pending,annual_financial_certification;annual_text_certification,
300045.SZ:2019,False,False,ST_history_label_and_input_certification_pending,annual_financial_certification;annual_text_certification,
300045.SZ:2020,False,False,ST_history_label_and_input_certification_pending,annual_financial_certification;annual_text_certification,
300045.SZ:2021,False,False,ST_history_label_and_input_certification_pending,annual_financial_certification;annual_text_certification,
300045.SZ:2022,False,False,ST_history_label_and_input_certification_pending,annual_financial_certification;annual_text_certification,
300045.SZ:2023,False,False,ST_history_label_and_input_certification_pending,historical_industry;annual_financial_certification;annual_text_certification,
300045.SZ:2024,False,False,ST_history_label_and_input_certification_pending,annual_financial_certification;annual_text_certification,
300045.SZ:2025,False,False,ST_history_label_and_input_certification_pending,annual_financial_certification;annual_text_certification,
300051.SZ:2017,False,False,ST_history_label_and_input_certification_pending,annual_financial_certification;annual_text_certification,
300051.SZ:2018,False,False,ST_history_label_and_input_certification_pending,annual_financial_certification;annual_text_certification,
300051.SZ:2019,False,False,ST_history_label_and_input_certification_pending,annual_financial_certification;annual_text_certification,
300051.SZ:2020,False,False,ST_history_label_and_input_certification_pending,annual_financial_certification;annual_text_certification,
300051.SZ:2021,False,False,preorigin_financial_industry_or_confirmed_baseline_ST,,
300051.SZ:2022,False,False,preorigin_financial_industry_or_confirmed_baseline_ST,,
300051.SZ:2023,False,False,ST_history_label_and_input_certification_pending,historical_industry;annual_financial_certification;annual_text_certification,
300051.SZ:2024,False,False,ST_history_label_and_input_certification_pending,annual_financial_certification;annual_text_certification,
300051.SZ:2025,False,False,ST_history_label_and_input_certification_pending,annual_financial_certification;annual_text_certification,
300054.SZ:2017,False,False,ST_history_label_and_input_certification_pending,annual_financial_certification;annual_text_certification,
300054.SZ:2018,False,False,ST_history_label_and_input_certification_pending,annual_financial_certification;annual_text_certification,
300054.SZ:2019,False,False,ST_history_label_and_input_certification_pending,annual_financial_certification;annual_text_certification,
300054.SZ:2020,False,False,ST_history_label_and_input_certification_pending,annual_financial_certification;annual_text_certification,
300054.SZ:2021,False,False,ST_history_label_and_input_certification_pending,annual_financial_certification;annual_text_certification,
300054.SZ:2022,False,False,ST_history_label_and_input_certification_pending,annual_financial_certification;annual_text_certification,
300054.SZ:2023,False,False,ST_history_label_and_input_certification_pending,historical_industry;annual_financial_certification;annual_text_certification,
300054.SZ:2024,False,False,ST_history_label_and_input_certification_pending,annual_financial_certification;annual_text_certification,
300054.SZ:2025,False,False,ST_history_label_and_input_certification_pending,annual_financial_certification;annual_text_certification,
300088.SZ:2017,False,False,ST_history_label_and_input_certification_pending,annual_financial_certification;annual_text_certification,
300088.SZ:2018,False,False,ST_history_label_and_input_certification_pending,annual_financial_certification;annual_text_certification,
300088.SZ:2019,False,False,ST_history_label_and_input_certification_pending,annual_financial_certification;annual_text_certification,
300088.SZ:2020,False,False,ST_history_label_and_input_certification_pending,annual_financial_certification;annual_text_certification,
300088.SZ:2021,False,False,ST_history_label_and_input_certification_pending,annual_financial_certification;annual_text_certification,
300088.SZ:2022,False,False,ST_history_label_and_input_certification_pending,annual_financial_certification;annual_text_certification,
300088.SZ:2023,False,False,ST_history_label_and_input_certification_pending,historical_industry;annual_financial_certification;annual_text_certification,
300088.SZ:2024,False,False,ST_history_label_and_input_certification_pending,annual_financial_certification;annual_text_certification,
300088.SZ:2025,False,False,ST_history_label_and_input_certification_pending,annual_financial_certification;annual_text_certification,
300090.SZ:2017,False,False,ST_history_label_and_input_certification_pending,annual_financial_certification;annual_text_certification,
300090.SZ:2018,False,False,ST_history_label_and_input_certification_pending,annual_financial_certification;annual_text_certification,
300090.SZ:2019,False,False,ST_history_label_and_input_certification_pending,annual_financial_certification;annual_text_certification,
300090.SZ:2020,False,False,known_incomplete_followup_due_to_delisting,,
300091.SZ:2017,False,False,ST_history_label_and_input_certification_pending,annual_financial_certification;annual_text_certification,
300091.SZ:2018,False,False,ST_history_label_and_input_certification_pending,annual_financial_certification;annual_text_certification,
300091.SZ:2019,False,False,ST_history_label_and_input_certification_pending,annual_financial_certification;annual_text_certification,
300091.SZ:2020,False,False,ST_history_label_and_input_certification_pending,annual_financial_certification;annual_text_certification,
300091.SZ:2021,False,False,ST_history_label_and_input_certification_pending,annual_financial_certification;annual_text_certification,
300091.SZ:2022,False,False,ST_history_label_and_input_certification_pending,annual_financial_certification;annual_text_certification,
300091.SZ:2023,False,False,ST_history_label_and_input_certification_pending,historical_industry;annual_financial_certification;annual_text_certification,
300091.SZ:2024,False,False,ST_history_label_and_input_certification_pending,annual_financial_certification;annual_text_certification,
300091.SZ:2025,False,False,ST_history_label_and_input_certification_pending,annual_financial_certification;annual_text_certification,
300094.SZ:2017,False,False,ST_history_label_and_input_certification_pending,annual_financial_certification;annual_text_certification,
300094.SZ:2018,False,False,ST_history_label_and_input_certification_pending,annual_financial_certification;annual_text_certification,
300094.SZ:2019,False,False,ST_history_label_and_input_certification_pending,annual_financial_certification;annual_text_certification,
300094.SZ:2020,False,False,ST_history_label_and_input_certification_pending,annual_financial_certification;annual_text_certification,
300094.SZ:2021,False,False,ST_history_label_and_input_certification_pending,annual_financial_certification;annual_text_certification,
300094.SZ:2022,False,False,ST_history_label_and_input_certification_pending,annual_financial_certification;annual_text_certification,
300094.SZ:2023,False,False,ST_history_label_and_input_certification_pending,historical_industry;annual_financial_certification;annual_text_certification,
300094.SZ:2024,False,False,ST_history_label_and_input_certification_pending,annual_financial_certification;annual_text_certification,
300094.SZ:2025,False,False,ST_history_label_and_input_certification_pending,annual_financial_certification;annual_text_certification,
300098.SZ:2017,False,False,ST_history_label_and_input_certification_pending,annual_financial_certification;annual_text_certification,
300098.SZ:2018,False,False,ST_history_label_and_input_certification_pending,annual_financial_certification;annual_text_certification,
300098.SZ:2019,False,False,ST_history_label_and_input_certification_pending,annual_financial_certification;annual_text_certification,
300098.SZ:2020,False,False,ST_history_label_and_input_certification_pending,annual_financial_certification;annual_text_certification,
300098.SZ:2021,False,False,ST_history_label_and_input_certification_pending,annual_financial_certification;annual_text_certification,
300098.SZ:2022,False,False,ST_history_label_and_input_certification_pending,annual_financial_certification;annual_text_certification,
300098.SZ:2023,False,False,ST_history_label_and_input_certification_pending,historical_industry;annual_financial_certification;annual_text_certification,
300098.SZ:2024,False,False,ST_history_label_and_input_certification_pending,annual_financial_certification;annual_text_certification,
300098.SZ:2025,False,False,ST_history_label_and_input_certification_pending,annual_financial_certification;annual_text_certification,
300099.SZ:2017,False,False,ST_history_label_and_input_certification_pending,annual_financial_certification;annual_text_certification,
300099.SZ:2018,False,False,ST_history_label_and_input_certification_pending,annual_financial_certification;annual_text_certification,
300099.SZ:2019,False,False,ST_history_label_and_input_certification_pending,annual_financial_certification;annual_text_certification,
300099.SZ:2020,False,False,ST_history_label_and_input_certification_pending,annual_financial_certification;annual_text_certification,
300099.SZ:2021,False,False,ST_history_label_and_input_certification_pending,annual_financial_certification;annual_text_certification,
300099.SZ:2022,False,False,ST_history_label_and_input_certification_pending,annual_financial_certification;annual_text_certification,
300099.SZ:2023,False,False,ST_history_label_and_input_certification_pending,historical_industry;annual_financial_certification;annual_text_certification,
300099.SZ:2024,False,False,ST_history_label_and_input_certification_pending,annual_financial_certification;annual_text_certification,
300099.SZ:2025,False,False,ST_history_label_and_input_certification_pending,annual_financial_certification;annual_text_certification,
300101.SZ:2017,False,False,ST_history_label_and_input_certification_pending,annual_financial_certification;annual_text_certification,
300101.SZ:2018,False,False,ST_history_label_and_input_certification_pending,annual_financial_certification;annual_text_certification,
300101.SZ:2019,False,False,ST_history_label_and_input_certification_pending,annual_financial_certification;annual_text_certification,
300101.SZ:2020,False,False,ST_history_label_and_input_certification_pending,annual_financial_certification;annual_text_certification,
300101.SZ:2021,False,False,ST_history_label_and_input_certification_pending,annual_financial_certification;annual_text_certification,
300101.SZ:2022,False,False,ST_history_label_and_input_certification_pending,annual_financial_certification;annual_text_certification,
300101.SZ:2023,False,False,ST_history_label_and_input_certification_pending,historical_industry;annual_financial_certification;annual_text_certification,
300101.SZ:2024,False,False,ST_history_label_and_input_certification_pending,annual_financial_certification;annual_text_certification,
300101.SZ:2025,False,False,ST_history_label_and_input_certification_pending,annual_financial_certification;annual_text_certification,
300106.SZ:2017,False,False,ST_history_label_and_input_certification_pending,annual_financial_certification;annual_text_certification,
300106.SZ:2018,False,False,ST_history_label_and_input_certification_pending,annual_financial_certification;annual_text_certification,
300106.SZ:2019,False,False,ST_history_label_and_input_certification_pending,annual_financial_certification;annual_text_certification,
300106.SZ:2020,False,False,ST_history_label_and_input_certification_pending,annual_financial_certification;annual_text_certification,
300106.SZ:2021,False,False,ST_history_label_and_input_certification_pending,annual_financial_certification;annual_text_certification,
300106.SZ:2022,False,False,ST_history_label_and_input_certification_pending,annual_financial_certification;annual_text_certification,
300106.SZ:2023,False,False,ST_history_label_and_input_certification_pending,historical_industry;annual_financial_certification;annual_text_certification,
300106.SZ:2024,False,False,ST_history_label_and_input_certification_pending,annual_financial_certification;annual_text_certification,
300106.SZ:2025,False,False,ST_history_label_and_input_certification_pending,annual_financial_certification;annual_text_certification,
300109.SZ:2017,False,False,ST_history_label_and_input_certification_pending,annual_financial_certification;annual_text_certification,
300109.SZ:2018,False,False,ST_history_label_and_input_certification_pending,annual_financial_certification;annual_text_certification,
300109.SZ:2019,False,False,ST_history_label_and_input_certification_pending,annual_financial_certification;annual_text_certification,
300109.SZ:2020,False,False,ST_history_label_and_input_certification_pending,annual_financial_certification;annual_text_certification,
300109.SZ:2021,False,False,ST_history_label_and_input_certification_pending,annual_financial_certification;annual_text_certification,
300109.SZ:2022,False,False,ST_history_label_and_input_certification_pending,annual_financial_certification;annual_text_certification,
300109.SZ:2023,False,False,ST_history_label_and_input_certification_pending,historical_industry;annual_financial_certification;annual_text_certification,
300109.SZ:2024,False,False,ST_history_label_and_input_certification_pending,annual_financial_certification;annual_text_certification,
300109.SZ:2025,False,False,ST_history_label_and_input_certification_pending,annual_financial_certification;annual_text_certification,
300111.SZ:2017,False,False,ST_history_label_and_input_certification_pending,annual_financial_certification;annual_text_certification,
300111.SZ:2018,False,False,ST_history_label_and_input_certification_pending,annual_financial_certification;annual_text_certification,
300111.SZ:2019,False,False,ST_history_label_and_input_certification_pending,annual_financial_certification;annual_text_certification,
300111.SZ:2020,False,False,ST_history_label_and_input_certification_pending,annual_financial_certification;annual_text_certification,
300111.SZ:2021,False,False,ST_history_label_and_input_certification_pending,annual_financial_certification;annual_text_certification,
300111.SZ:2022,False,False,ST_history_label_and_input_certification_pending,annual_financial_certification;annual_text_certification,
300111.SZ:2023,False,False,ST_history_label_and_input_certification_pending,historical_industry;annual_financial_certification;annual_text_certification,
300111.SZ:2024,False,False,ST_history_label_and_input_certification_pending,annual_financial_certification;annual_text_certification,
300111.SZ:2025,False,False,ST_history_label_and_input_certification_pending,annual_financial_certification;annual_text_certification,
300117.SZ:2017,False,False,ST_history_label_and_input_certification_pending,annual_financial_certification;annual_text_certification,
300117.SZ:2018,False,False,ST_history_label_and_input_certification_pending,annual_financial_certification;annual_text_certification,
300117.SZ:2019,False,False,ST_history_label_and_input_certification_pending,annual_financial_certification;annual_text_certification,
300117.SZ:2020,False,False,ST_history_label_and_input_certification_pending,annual_financial_certification;annual_text_certification,
300117.SZ:2021,False,False,ST_history_label_and_input_certification_pending,annual_financial_certification;annual_text_certification,
300117.SZ:2022,False,False,ST_history_label_and_input_certification_pending,annual_financial_certification;annual_text_certification,
300117.SZ:2023,False,False,ST_history_label_and_input_certification_pending,historical_industry;annual_financial_certification;annual_text_certification,
300117.SZ:2024,False,False,preorigin_financial_industry_or_confirmed_baseline_ST,,
300119.SZ:2017,False,False,ST_history_label_and_input_certification_pending,annual_financial_certification;annual_text_certification,
300119.SZ:2018,False,False,ST_history_label_and_input_certification_pending,annual_financial_certification;annual_text_certification,
300119.SZ:2019,False,False,ST_history_label_and_input_certification_pending,annual_financial_certification;annual_text_certification,
300119.SZ:2020,False,False,ST_history_label_and_input_certification_pending,annual_financial_certification;annual_text_certification,
300119.SZ:2021,False,False,ST_history_label_and_input_certification_pending,annual_financial_certification;annual_text_certification,
300119.SZ:2022,False,False,ST_history_label_and_input_certification_pending,annual_financial_certification;annual_text_certification,
300119.SZ:2023,False,False,ST_history_label_and_input_certification_pending,historical_industry;annual_financial_certification;annual_text_certification,
300119.SZ:2024,False,False,ST_history_label_and_input_certification_pending,annual_financial_certification;annual_text_certification,
300119.SZ:2025,False,False,ST_history_label_and_input_certification_pending,annual_financial_certification;annual_text_certification,
300132.SZ:2017,False,False,ST_history_label_and_input_certification_pending,annual_financial_certification;annual_text_certification,
300132.SZ:2018,False,False,ST_history_label_and_input_certification_pending,annual_financial_certification;annual_text_certification,
300132.SZ:2019,False,False,ST_history_label_and_input_certification_pending,annual_financial_certification;annual_text_certification,
300132.SZ:2020,False,False,ST_history_label_and_input_certification_pending,annual_financial_certification;annual_text_certification,
300132.SZ:2021,False,False,ST_history_label_and_input_certification_pending,annual_financial_certification;annual_text_certification,
300132.SZ:2022,False,False,ST_history_label_and_input_certification_pending,annual_financial_certification;annual_text_certification,
300132.SZ:2023,False,False,ST_history_label_and_input_certification_pending,historical_industry;annual_financial_certification;annual_text_certification,
300132.SZ:2024,False,False,ST_history_label_and_input_certification_pending,annual_financial_certification;annual_text_certification,
300132.SZ:2025,False,False,ST_history_label_and_input_certification_pending,annual_financial_certification;annual_text_certification,
300139.SZ:2017,False,False,ST_history_label_and_input_certification_pending,annual_financial_certification;annual_text_certification,
300139.SZ:2018,False,False,ST_history_label_and_input_certification_pending,annual_financial_certification;annual_text_certification,
300139.SZ:2019,False,False,ST_history_label_and_input_certification_pending,annual_financial_certification;annual_text_certification,
300139.SZ:2020,False,False,ST_history_label_and_input_certification_pending,annual_financial_certification;annual_text_certification,
300139.SZ:2021,False,False,ST_history_label_and_input_certification_pending,annual_financial_certification;annual_text_certification,
300139.SZ:2022,False,False,ST_history_label_and_input_certification_pending,annual_financial_certification;annual_text_certification,
300139.SZ:2023,False,False,ST_history_label_and_input_certification_pending,historical_industry;annual_financial_certification;annual_text_certification,
300139.SZ:2024,False,False,ST_history_label_and_input_certification_pending,annual_financial_certification;annual_text_certification,
300139.SZ:2025,False,False,ST_history_label_and_input_certification_pending,annual_financial_certification;annual_text_certification,
300140.SZ:2017,False,False,ST_history_label_and_input_certification_pending,annual_financial_certification;annual_text_certification,
300140.SZ:2018,False,False,ST_history_label_and_input_certification_pending,annual_financial_certification;annual_text_certification,
300140.SZ:2019,False,False,ST_history_label_and_input_certification_pending,annual_financial_certification;annual_text_certification,
300140.SZ:2020,False,False,ST_history_label_and_input_certification_pending,annual_financial_certification;annual_text_certification,
300140.SZ:2021,False,False,ST_history_label_and_input_certification_pending,annual_financial_certification;annual_text_certification,
300140.SZ:2022,False,False,ST_history_label_and_input_certification_pending,annual_financial_certification;annual_text_certification,
300140.SZ:2023,False,False,ST_history_label_and_input_certification_pending,historical_industry;annual_financial_certification;annual_text_certification,
300140.SZ:2024,False,False,ST_history_label_and_input_certification_pending,annual_financial_certification;annual_text_certification,
300140.SZ:2025,False,False,ST_history_label_and_input_certification_pending,annual_financial_certification;annual_text_certification,
300145.SZ:2017,False,False,ST_history_label_and_input_certification_pending,annual_financial_certification;annual_text_certification,
300145.SZ:2018,False,False,ST_history_label_and_input_certification_pending,annual_financial_certification;annual_text_certification,
300145.SZ:2019,False,False,ST_history_label_and_input_certification_pending,annual_financial_certification;annual_text_certification,
300145.SZ:2020,False,False,ST_history_label_and_input_certification_pending,annual_financial_certification;annual_text_certification,
300145.SZ:2021,False,False,ST_history_label_and_input_certification_pending,annual_financial_certification;annual_text_certification,
300145.SZ:2022,False,False,ST_history_label_and_input_certification_pending,annual_financial_certification;annual_text_certification,
300145.SZ:2023,False,False,ST_history_label_and_input_certification_pending,historical_industry;annual_financial_certification;annual_text_certification,
300145.SZ:2024,False,False,ST_history_label_and_input_certification_pending,annual_financial_certification;annual_text_certification,
300145.SZ:2025,False,False,ST_history_label_and_input_certification_pending,annual_financial_certification;annual_text_certification,
300147.SZ:2017,False,False,ST_history_label_and_input_certification_pending,annual_financial_certification;annual_text_certification,
300147.SZ:2018,False,False,ST_history_label_and_input_certification_pending,annual_financial_certification;annual_text_certification,
300147.SZ:2019,False,False,ST_history_label_and_input_certification_pending,annual_financial_certification;annual_text_certification,
300147.SZ:2020,False,False,ST_history_label_and_input_certification_pending,annual_financial_certification;annual_text_certification,
300147.SZ:2021,False,False,ST_history_label_and_input_certification_pending,annual_financial_certification;annual_text_certification,
300147.SZ:2022,False,False,ST_history_label_and_input_certification_pending,annual_financial_certification;annual_text_certification,
300147.SZ:2023,False,False,ST_history_label_and_input_certification_pending,historical_industry;annual_financial_certification;annual_text_certification,
300147.SZ:2024,False,False,ST_history_label_and_input_certification_pending,annual_financial_certification;annual_text_certification,
300147.SZ:2025,False,False,preorigin_financial_industry_or_confirmed_baseline_ST,,
300148.SZ:2017,False,False,ST_history_label_and_input_certification_pending,annual_financial_certification;annual_text_certification,
300148.SZ:2018,False,False,ST_history_label_and_input_certification_pending,annual_financial_certification;annual_text_certification,
300148.SZ:2019,False,False,ST_history_label_and_input_certification_pending,annual_financial_certification;annual_text_certification,
300148.SZ:2020,False,False,ST_history_label_and_input_certification_pending,annual_financial_certification;annual_text_certification,
300148.SZ:2021,False,False,ST_history_label_and_input_certification_pending,annual_financial_certification;annual_text_certification,
300148.SZ:2022,False,False,ST_history_label_and_input_certification_pending,annual_financial_certification;annual_text_certification,
300148.SZ:2023,False,False,ST_history_label_and_input_certification_pending,historical_industry;annual_financial_certification;annual_text_certification,
300148.SZ:2024,False,False,ST_history_label_and_input_certification_pending,annual_financial_certification;annual_text_certification,
300148.SZ:2025,False,False,ST_history_label_and_input_certification_pending,annual_financial_certification;annual_text_certification,
300154.SZ:2017,False,False,ST_history_label_and_input_certification_pending,annual_financial_certification;annual_text_certification,
300154.SZ:2018,False,False,ST_history_label_and_input_certification_pending,annual_financial_certification;annual_text_certification,
300154.SZ:2019,False,False,ST_history_label_and_input_certification_pending,annual_financial_certification;annual_text_certification,
300154.SZ:2020,False,False,ST_history_label_and_input_certification_pending,annual_financial_certification;annual_text_certification,
300154.SZ:2021,False,False,ST_history_label_and_input_certification_pending,annual_financial_certification;annual_text_certification,
300154.SZ:2022,False,False,ST_history_label_and_input_certification_pending,annual_financial_certification;annual_text_certification,
300154.SZ:2023,False,False,ST_history_label_and_input_certification_pending,historical_industry;annual_financial_certification;annual_text_certification,
300154.SZ:2024,False,False,ST_history_label_and_input_certification_pending,annual_financial_certification;annual_text_certification,
300154.SZ:2025,False,False,ST_history_label_and_input_certification_pending,annual_financial_certification;annual_text_certification,
300174.SZ:2017,False,False,ST_history_label_and_input_certification_pending,annual_financial_certification;annual_text_certification,
300174.SZ:2018,False,False,ST_history_label_and_input_certification_pending,annual_financial_certification;annual_text_certification,
300174.SZ:2019,False,False,ST_history_label_and_input_certification_pending,annual_financial_certification;annual_text_certification,
300174.SZ:2020,False,False,ST_history_label_and_input_certification_pending,annual_financial_certification;annual_text_certification,
300174.SZ:2021,False,False,ST_history_label_and_input_certification_pending,annual_financial_certification;annual_text_certification,
300174.SZ:2022,False,False,ST_history_label_and_input_certification_pending,annual_financial_certification;annual_text_certification,
300174.SZ:2023,False,False,ST_history_label_and_input_certification_pending,historical_industry;annual_financial_certification;annual_text_certification,
300174.SZ:2024,False,False,ST_history_label_and_input_certification_pending,annual_financial_certification;annual_text_certification,
300174.SZ:2025,False,False,ST_history_label_and_input_certification_pending,annual_financial_certification;annual_text_certification,
300183.SZ:2017,False,False,ST_history_label_and_input_certification_pending,annual_financial_certification;annual_text_certification,
300183.SZ:2018,False,False,ST_history_label_and_input_certification_pending,annual_financial_certification;annual_text_certification,
300183.SZ:2019,False,False,ST_history_label_and_input_certification_pending,annual_financial_certification;annual_text_certification,
300183.SZ:2020,False,False,ST_history_label_and_input_certification_pending,annual_financial_certification;annual_text_certification,
300183.SZ:2021,False,False,ST_history_label_and_input_certification_pending,annual_financial_certification;annual_text_certification,
300183.SZ:2022,False,False,ST_history_label_and_input_certification_pending,annual_financial_certification;annual_text_certification,
300183.SZ:2023,False,False,ST_history_label_and_input_certification_pending,historical_industry;annual_financial_certification;annual_text_certification,
300183.SZ:2024,False,False,ST_history_label_and_input_certification_pending,annual_financial_certification;annual_text_certification,
300183.SZ:2025,False,False,ST_history_label_and_input_certification_pending,annual_financial_certification;annual_text_certification,
300187.SZ:2017,False,False,ST_history_label_and_input_certification_pending,annual_financial_certification;annual_text_certification,
300187.SZ:2018,False,False,ST_history_label_and_input_certification_pending,annual_financial_certification;annual_text_certification,
300187.SZ:2019,False,False,ST_history_label_and_input_certification_pending,annual_financial_certification;annual_text_certification,
300187.SZ:2020,False,False,ST_history_label_and_input_certification_pending,annual_financial_certification;annual_text_certification,
300187.SZ:2021,False,False,ST_history_label_and_input_certification_pending,annual_financial_certification;annual_text_certification,
300187.SZ:2022,False,False,ST_history_label_and_input_certification_pending,annual_financial_certification;annual_text_certification,
300187.SZ:2023,False,False,ST_history_label_and_input_certification_pending,historical_industry;annual_financial_certification;annual_text_certification,
300187.SZ:2024,False,False,ST_history_label_and_input_certification_pending,annual_financial_certification;annual_text_certification,
300187.SZ:2025,False,False,ST_history_label_and_input_certification_pending,annual_financial_certification;annual_text_certification,
300189.SZ:2017,False,False,ST_history_label_and_input_certification_pending,annual_financial_certification;annual_text_certification,
300189.SZ:2018,False,False,ST_history_label_and_input_certification_pending,annual_financial_certification;annual_text_certification,
300189.SZ:2019,False,False,ST_history_label_and_input_certification_pending,annual_financial_certification;annual_text_certification,
300189.SZ:2020,False,False,ST_history_label_and_input_certification_pending,annual_financial_certification;annual_text_certification,
300189.SZ:2021,False,False,ST_history_label_and_input_certification_pending,annual_financial_certification;annual_text_certification,
300189.SZ:2022,False,False,ST_history_label_and_input_certification_pending,annual_financial_certification;annual_text_certification,
300189.SZ:2023,False,False,ST_history_label_and_input_certification_pending,historical_industry;annual_financial_certification;annual_text_certification,
300189.SZ:2024,False,False,ST_history_label_and_input_certification_pending,annual_financial_certification;annual_text_certification,
300189.SZ:2025,False,False,ST_history_label_and_input_certification_pending,annual_financial_certification;annual_text_certification,
300190.SZ:2017,False,False,ST_history_label_and_input_certification_pending,annual_financial_certification;annual_text_certification,
300190.SZ:2018,False,False,ST_history_label_and_input_certification_pending,annual_financial_certification;annual_text_certification,
300190.SZ:2019,False,False,ST_history_label_and_input_certification_pending,annual_financial_certification;annual_text_certification,
300190.SZ:2020,False,False,ST_history_label_and_input_certification_pending,annual_financial_certification;annual_text_certification,
300190.SZ:2021,False,False,ST_history_label_and_input_certification_pending,annual_financial_certification;annual_text_certification,
300190.SZ:2022,False,False,ST_history_label_and_input_certification_pending,annual_financial_certification;annual_text_certification,
300190.SZ:2023,False,False,ST_history_label_and_input_certification_pending,historical_industry;annual_financial_certification;annual_text_certification,
300190.SZ:2024,False,False,ST_history_label_and_input_certification_pending,annual_financial_certification;annual_text_certification,
300190.SZ:2025,False,False,ST_history_label_and_input_certification_pending,annual_financial_certification;annual_text_certification,
300191.SZ:2017,False,False,ST_history_label_and_input_certification_pending,annual_financial_certification;annual_text_certification,
300191.SZ:2018,False,False,ST_history_label_and_input_certification_pending,annual_financial_certification;annual_text_certification,
300191.SZ:2019,False,False,ST_history_label_and_input_certification_pending,annual_financial_certification;annual_text_certification,
300191.SZ:2020,False,False,ST_history_label_and_input_certification_pending,annual_financial_certification;annual_text_certification,
300191.SZ:2021,False,False,ST_history_label_and_input_certification_pending,annual_financial_certification;annual_text_certification,
300191.SZ:2022,False,False,ST_history_label_and_input_certification_pending,annual_financial_certification;annual_text_certification,
300191.SZ:2023,False,False,ST_history_label_and_input_certification_pending,historical_industry;annual_financial_certification;annual_text_certification,
300191.SZ:2024,False,False,ST_history_label_and_input_certification_pending,annual_financial_certification;annual_text_certification,
300191.SZ:2025,False,False,ST_history_label_and_input_certification_pending,annual_financial_certification;annual_text_certification,
300193.SZ:2017,False,False,ST_history_label_and_input_certification_pending,annual_financial_certification;annual_text_certification,
300193.SZ:2018,False,False,ST_history_label_and_input_certification_pending,annual_financial_certification;annual_text_certification,
300193.SZ:2019,False,False,ST_history_label_and_input_certification_pending,annual_financial_certification;annual_text_certification,
300193.SZ:2020,False,False,ST_history_label_and_input_certification_pending,annual_financial_certification;annual_text_certification,
300193.SZ:2021,False,False,ST_history_label_and_input_certification_pending,annual_financial_certification;annual_text_certification,
300193.SZ:2022,False,False,ST_history_label_and_input_certification_pending,annual_financial_certification;annual_text_certification,
300193.SZ:2023,False,False,ST_history_label_and_input_certification_pending,historical_industry;annual_financial_certification;annual_text_certification,
300193.SZ:2024,False,False,ST_history_label_and_input_certification_pending,annual_financial_certification;annual_text_certification,
300193.SZ:2025,False,False,ST_history_label_and_input_certification_pending,annual_financial_certification;annual_text_certification,
300200.SZ:2017,False,False,ST_history_label_and_input_certification_pending,annual_financial_certification;annual_text_certification,
300200.SZ:2018,False,False,ST_history_label_and_input_certification_pending,annual_financial_certification;annual_text_certification,
300200.SZ:2019,False,False,ST_history_label_and_input_certification_pending,annual_financial_certification;annual_text_certification,
300200.SZ:2020,False,False,ST_history_label_and_input_certification_pending,annual_financial_certification;annual_text_certification,
300200.SZ:2021,False,False,ST_history_label_and_input_certification_pending,annual_financial_certification;annual_text_certification,
300200.SZ:2022,False,False,ST_history_label_and_input_certification_pending,annual_financial_certification;annual_text_certification,
300200.SZ:2023,False,False,ST_history_label_and_input_certification_pending,historical_industry;annual_financial_certification;annual_text_certification,
300200.SZ:2024,False,False,ST_history_label_and_input_certification_pending,annual_financial_certification;annual_text_certification,
300200.SZ:2025,False,False,ST_history_label_and_input_certification_pending,annual_financial_certification;annual_text_certification,
300204.SZ:2017,False,False,ST_history_label_and_input_certification_pending,annual_financial_certification;annual_text_certification,
300204.SZ:2018,False,False,ST_history_label_and_input_certification_pending,annual_financial_certification;annual_text_certification,
300204.SZ:2019,False,False,ST_history_label_and_input_certification_pending,annual_financial_certification;annual_text_certification,
300204.SZ:2020,False,False,ST_history_label_and_input_certification_pending,annual_financial_certification;annual_text_certification,
300204.SZ:2021,False,False,ST_history_label_and_input_certification_pending,annual_financial_certification;annual_text_certification,
300204.SZ:2022,False,False,ST_history_label_and_input_certification_pending,annual_financial_certification;annual_text_certification,
300204.SZ:2023,False,False,ST_history_label_and_input_certification_pending,historical_industry;annual_financial_certification;annual_text_certification,
300204.SZ:2024,False,False,ST_history_label_and_input_certification_pending,annual_financial_certification;annual_text_certification,
300204.SZ:2025,False,False,ST_history_label_and_input_certification_pending,annual_financial_certification;annual_text_certification,
300207.SZ:2017,False,False,ST_history_label_and_input_certification_pending,annual_financial_certification;annual_text_certification,
300207.SZ:2018,False,False,ST_history_label_and_input_certification_pending,annual_financial_certification;annual_text_certification,
300207.SZ:2019,False,False,ST_history_label_and_input_certification_pending,annual_financial_certification;annual_text_certification,
300207.SZ:2020,False,False,ST_history_label_and_input_certification_pending,annual_financial_certification;annual_text_certification,
300207.SZ:2021,False,False,ST_history_label_and_input_certification_pending,annual_financial_certification;annual_text_certification,
300207.SZ:2022,False,False,ST_history_label_and_input_certification_pending,annual_financial_certification;annual_text_certification,
300207.SZ:2023,False,False,ST_history_label_and_input_certification_pending,historical_industry;annual_financial_certification;annual_text_certification,
300207.SZ:2024,False,False,ST_history_label_and_input_certification_pending,annual_financial_certification;annual_text_certification,
300207.SZ:2025,False,False,ST_history_label_and_input_certification_pending,annual_financial_certification;annual_text_certification,
300215.SZ:2017,False,False,ST_history_label_and_input_certification_pending,annual_financial_certification;annual_text_certification,
300215.SZ:2018,False,False,ST_history_label_and_input_certification_pending,annual_financial_certification;annual_text_certification,
300215.SZ:2019,False,False,ST_history_label_and_input_certification_pending,annual_financial_certification;annual_text_certification,
300215.SZ:2020,False,False,ST_history_label_and_input_certification_pending,annual_financial_certification;annual_text_certification,
300215.SZ:2021,False,False,ST_history_label_and_input_certification_pending,annual_financial_certification;annual_text_certification,
300215.SZ:2022,False,False,ST_history_label_and_input_certification_pending,annual_financial_certification;annual_text_certification,
300215.SZ:2023,False,False,ST_history_label_and_input_certification_pending,historical_industry;annual_financial_certification;annual_text_certification,
300215.SZ:2024,False,False,ST_history_label_and_input_certification_pending,annual_financial_certification;annual_text_certification,
300215.SZ:2025,False,False,ST_history_label_and_input_certification_pending,annual_financial_certification;annual_text_certification,
300218.SZ:2017,False,False,ST_history_label_and_input_certification_pending,annual_financial_certification;annual_text_certification,
300218.SZ:2018,False,False,ST_history_label_and_input_certification_pending,annual_financial_certification;annual_text_certification,
300218.SZ:2019,False,False,ST_history_label_and_input_certification_pending,annual_financial_certification;annual_text_certification,
300218.SZ:2020,False,False,ST_history_label_and_input_certification_pending,annual_financial_certification;annual_text_certification,
300218.SZ:2021,False,False,ST_history_label_and_input_certification_pending,annual_financial_certification;annual_text_certification,
300218.SZ:2022,False,False,ST_history_label_and_input_certification_pending,annual_financial_certification;annual_text_certification,
300218.SZ:2023,False,False,ST_history_label_and_input_certification_pending,historical_industry;annual_financial_certification;annual_text_certification,
300218.SZ:2024,False,False,ST_history_label_and_input_certification_pending,annual_financial_certification;annual_text_certification,
300218.SZ:2025,False,False,ST_history_label_and_input_certification_pending,annual_financial_certification;annual_text_certification,
300228.SZ:2017,False,False,ST_history_label_and_input_certification_pending,annual_financial_certification;annual_text_certification,
300228.SZ:2018,False,False,ST_history_label_and_input_certification_pending,annual_financial_certification;annual_text_certification,
300228.SZ:2019,False,False,ST_history_label_and_input_certification_pending,annual_financial_certification;annual_text_certification,
300228.SZ:2020,False,False,ST_history_label_and_input_certification_pending,annual_financial_certification;annual_text_certification,
300228.SZ:2021,False,False,ST_history_label_and_input_certification_pending,annual_financial_certification;annual_text_certification,
300228.SZ:2022,False,False,ST_history_label_and_input_certification_pending,annual_financial_certification;annual_text_certification,
300228.SZ:2023,False,False,ST_history_label_and_input_certification_pending,historical_industry;annual_financial_certification;annual_text_certification,
300228.SZ:2024,False,False,ST_history_label_and_input_certification_pending,annual_financial_certification;annual_text_certification,
300228.SZ:2025,False,False,ST_history_label_and_input_certification_pending,annual_financial_certification;annual_text_certification,
300238.SZ:2017,False,False,ST_history_label_and_input_certification_pending,annual_financial_certification;annual_text_certification,
300238.SZ:2018,False,False,ST_history_label_and_input_certification_pending,annual_financial_certification;annual_text_certification,
300238.SZ:2019,False,False,ST_history_label_and_input_certification_pending,annual_financial_certification;annual_text_certification,
300238.SZ:2020,False,False,ST_history_label_and_input_certification_pending,annual_financial_certification;annual_text_certification,
300238.SZ:2021,False,False,ST_history_label_and_input_certification_pending,annual_financial_certification;annual_text_certification,
300238.SZ:2022,False,False,ST_history_label_and_input_certification_pending,annual_financial_certification;annual_text_certification,
300238.SZ:2023,False,False,ST_history_label_and_input_certification_pending,historical_industry;annual_financial_certification;annual_text_certification,
300238.SZ:2024,False,False,ST_history_label_and_input_certification_pending,annual_financial_certification;annual_text_certification,
300238.SZ:2025,False,False,ST_history_label_and_input_certification_pending,annual_financial_certification;annual_text_certification,
300240.SZ:2017,False,False,ST_history_label_and_input_certification_pending,annual_financial_certification;annual_text_certification,
300240.SZ:2018,False,False,ST_history_label_and_input_certification_pending,annual_financial_certification;annual_text_certification,
300240.SZ:2019,False,False,ST_history_label_and_input_certification_pending,annual_financial_certification;annual_text_certification,
300240.SZ:2020,False,False,ST_history_label_and_input_certification_pending,annual_financial_certification;annual_text_certification,
300240.SZ:2021,False,False,ST_history_label_and_input_certification_pending,annual_financial_certification;annual_text_certification,
300240.SZ:2022,False,False,ST_history_label_and_input_certification_pending,annual_financial_certification;annual_text_certification,
300240.SZ:2023,False,False,ST_history_label_and_input_certification_pending,historical_industry;annual_financial_certification;annual_text_certification,
300240.SZ:2024,False,False,ST_history_label_and_input_certification_pending,annual_financial_certification;annual_text_certification,
300240.SZ:2025,False,False,ST_history_label_and_input_certification_pending,annual_financial_certification;annual_text_certification,
300250.SZ:2017,False,False,ST_history_label_and_input_certification_pending,annual_financial_certification;annual_text_certification,
300250.SZ:2018,False,False,ST_history_label_and_input_certification_pending,annual_financial_certification;annual_text_certification,
300250.SZ:2019,False,False,ST_history_label_and_input_certification_pending,annual_financial_certification;annual_text_certification,
300250.SZ:2020,False,False,ST_history_label_and_input_certification_pending,annual_financial_certification;annual_text_certification,
300250.SZ:2021,False,False,ST_history_label_and_input_certification_pending,annual_financial_certification;annual_text_certification,
300250.SZ:2022,False,False,ST_history_label_and_input_certification_pending,annual_financial_certification;annual_text_certification,
300250.SZ:2023,False,False,ST_history_label_and_input_certification_pending,historical_industry;annual_financial_certification;annual_text_certification,
300250.SZ:2024,False,False,ST_history_label_and_input_certification_pending,annual_financial_certification;annual_text_certification,
300250.SZ:2025,False,False,ST_history_label_and_input_certification_pending,annual_financial_certification;annual_text_certification,
300259.SZ:2017,False,False,ST_history_label_and_input_certification_pending,annual_financial_certification;annual_text_certification,
300259.SZ:2018,False,False,ST_history_label_and_input_certification_pending,annual_financial_certification;annual_text_certification,
300259.SZ:2019,False,False,ST_history_label_and_input_certification_pending,annual_financial_certification;annual_text_certification,
300259.SZ:2020,False,False,ST_history_label_and_input_certification_pending,annual_financial_certification;annual_text_certification,
300259.SZ:2021,False,False,ST_history_label_and_input_certification_pending,annual_financial_certification;annual_text_certification,
300259.SZ:2022,False,False,ST_history_label_and_input_certification_pending,annual_financial_certification;annual_text_certification,
300259.SZ:2023,False,False,ST_history_label_and_input_certification_pending,historical_industry;annual_financial_certification;annual_text_certification,
300259.SZ:2024,False,False,ST_history_label_and_input_certification_pending,annual_financial_certification;annual_text_certification,
300259.SZ:2025,False,False,ST_history_label_and_input_certification_pending,annual_financial_certification;annual_text_certification,
300266.SZ:2017,False,False,ST_history_label_and_input_certification_pending,annual_financial_certification;annual_text_certification,
300266.SZ:2018,False,False,ST_history_label_and_input_certification_pending,annual_financial_certification;annual_text_certification,
300266.SZ:2019,False,False,ST_history_label_and_input_certification_pending,annual_financial_certification;annual_text_certification,
300266.SZ:2020,False,False,ST_history_label_and_input_certification_pending,annual_financial_certification;annual_text_certification,
300266.SZ:2021,False,False,ST_history_label_and_input_certification_pending,annual_financial_certification;annual_text_certification,
300266.SZ:2022,False,False,ST_history_label_and_input_certification_pending,annual_financial_certification;annual_text_certification,
300266.SZ:2023,False,False,ST_history_label_and_input_certification_pending,historical_industry;annual_financial_certification;annual_text_certification,
300266.SZ:2024,False,False,ST_history_label_and_input_certification_pending,annual_financial_certification;annual_text_certification,
300266.SZ:2025,False,False,ST_history_label_and_input_certification_pending,annual_financial_certification;annual_text_certification,
300267.SZ:2017,False,False,ST_history_label_and_input_certification_pending,annual_financial_certification;annual_text_certification,
300267.SZ:2018,False,False,ST_history_label_and_input_certification_pending,annual_financial_certification;annual_text_certification,
300267.SZ:2019,False,False,ST_history_label_and_input_certification_pending,annual_financial_certification;annual_text_certification,
300267.SZ:2020,False,False,ST_history_label_and_input_certification_pending,annual_financial_certification;annual_text_certification,
300267.SZ:2021,False,False,ST_history_label_and_input_certification_pending,annual_financial_certification;annual_text_certification,
300267.SZ:2022,False,False,ST_history_label_and_input_certification_pending,annual_financial_certification;annual_text_certification,
300267.SZ:2023,False,False,ST_history_label_and_input_certification_pending,historical_industry;annual_financial_certification;annual_text_certification,
300267.SZ:2024,False,False,ST_history_label_and_input_certification_pending,annual_financial_certification;annual_text_certification,
300267.SZ:2025,False,False,ST_history_label_and_input_certification_pending,annual_financial_certification;annual_text_certification,
300277.SZ:2017,False,False,ST_history_label_and_input_certification_pending,annual_financial_certification;annual_text_certification,
300277.SZ:2018,False,False,ST_history_label_and_input_certification_pending,annual_financial_certification;annual_text_certification,
300277.SZ:2019,False,False,ST_history_label_and_input_certification_pending,annual_financial_certification;annual_text_certification,
300277.SZ:2020,False,False,ST_history_label_and_input_certification_pending,annual_financial_certification;annual_text_certification,
300277.SZ:2021,False,False,ST_history_label_and_input_certification_pending,annual_financial_certification;annual_text_certification,
300277.SZ:2022,False,False,ST_history_label_and_input_certification_pending,annual_financial_certification;annual_text_certification,
300277.SZ:2023,False,False,ST_history_label_and_input_certification_pending,historical_industry;annual_financial_certification;annual_text_certification,
300277.SZ:2024,False,False,ST_history_label_and_input_certification_pending,annual_financial_certification;annual_text_certification,
300277.SZ:2025,False,False,ST_history_label_and_input_certification_pending,annual_financial_certification;annual_text_certification,
300279.SZ:2017,False,False,ST_history_label_and_input_certification_pending,annual_financial_certification;annual_text_certification,
300279.SZ:2018,False,False,ST_history_label_and_input_certification_pending,annual_financial_certification;annual_text_certification,
300279.SZ:2019,False,False,ST_history_label_and_input_certification_pending,annual_financial_certification;annual_text_certification,
300279.SZ:2020,False,False,ST_history_label_and_input_certification_pending,annual_financial_certification;annual_text_certification,
300279.SZ:2021,False,False,ST_history_label_and_input_certification_pending,annual_financial_certification;annual_text_certification,
300279.SZ:2022,False,False,ST_history_label_and_input_certification_pending,annual_financial_certification;annual_text_certification,
300279.SZ:2023,False,False,ST_history_label_and_input_certification_pending,historical_industry;annual_financial_certification;annual_text_certification,
300279.SZ:2024,False,False,ST_history_label_and_input_certification_pending,annual_financial_certification;annual_text_certification,
300279.SZ:2025,False,False,ST_history_label_and_input_certification_pending,annual_financial_certification;annual_text_certification,
300288.SZ:2017,False,False,ST_history_label_and_input_certification_pending,annual_financial_certification;annual_text_certification,
300288.SZ:2018,False,False,ST_history_label_and_input_certification_pending,annual_financial_certification;annual_text_certification,
300288.SZ:2019,False,False,ST_history_label_and_input_certification_pending,annual_financial_certification;annual_text_certification,
300288.SZ:2020,False,False,ST_history_label_and_input_certification_pending,annual_financial_certification;annual_text_certification,
300288.SZ:2021,False,False,ST_history_label_and_input_certification_pending,annual_financial_certification;annual_text_certification,
300288.SZ:2022,False,False,ST_history_label_and_input_certification_pending,annual_financial_certification;annual_text_certification,
300288.SZ:2023,False,False,ST_history_label_and_input_certification_pending,historical_industry;annual_financial_certification;annual_text_certification,
300288.SZ:2024,False,False,ST_history_label_and_input_certification_pending,annual_financial_certification;annual_text_certification,
300288.SZ:2025,False,False,ST_history_label_and_input_certification_pending,annual_financial_certification;annual_text_certification,
300292.SZ:2017,False,False,ST_history_label_and_input_certification_pending,annual_financial_certification;annual_text_certification,
300292.SZ:2018,False,False,ST_history_label_and_input_certification_pending,annual_financial_certification;annual_text_certification,
300292.SZ:2019,False,False,ST_history_label_and_input_certification_pending,annual_financial_certification;annual_text_certification,
300292.SZ:2020,False,False,ST_history_label_and_input_certification_pending,annual_financial_certification;annual_text_certification,
300292.SZ:2021,False,False,ST_history_label_and_input_certification_pending,annual_financial_certification;annual_text_certification,
300292.SZ:2022,False,False,ST_history_label_and_input_certification_pending,annual_financial_certification;annual_text_certification,
300292.SZ:2023,False,False,ST_history_label_and_input_certification_pending,historical_industry;annual_financial_certification;annual_text_certification,
300292.SZ:2024,False,False,ST_history_label_and_input_certification_pending,annual_financial_certification;annual_text_certification,
300292.SZ:2025,False,False,ST_history_label_and_input_certification_pending,annual_financial_certification;annual_text_certification,
300293.SZ:2017,False,False,ST_history_label_and_input_certification_pending,annual_financial_certification;annual_text_certification,
300293.SZ:2018,False,False,ST_history_label_and_input_certification_pending,annual_financial_certification;annual_text_certification,
300293.SZ:2019,False,False,ST_history_label_and_input_certification_pending,annual_financial_certification;annual_text_certification,
300293.SZ:2020,False,False,ST_history_label_and_input_certification_pending,annual_financial_certification;annual_text_certification,
300293.SZ:2021,False,False,ST_history_label_and_input_certification_pending,annual_financial_certification;annual_text_certification,
300293.SZ:2022,False,False,ST_history_label_and_input_certification_pending,annual_financial_certification;annual_text_certification,
300293.SZ:2023,False,False,ST_history_label_and_input_certification_pending,historical_industry;annual_financial_certification;annual_text_certification,
300293.SZ:2024,False,False,ST_history_label_and_input_certification_pending,annual_financial_certification;annual_text_certification,
300293.SZ:2025,False,False,ST_history_label_and_input_certification_pending,annual_financial_certification;annual_text_certification,
300295.SZ:2017,False,False,ST_history_label_and_input_certification_pending,annual_financial_certification;annual_text_certification,
300295.SZ:2018,False,False,ST_history_label_and_input_certification_pending,annual_financial_certification;annual_text_certification,
300295.SZ:2019,False,False,ST_history_label_and_input_certification_pending,annual_financial_certification;annual_text_certification,
300295.SZ:2020,False,False,ST_history_label_and_input_certification_pending,annual_financial_certification;annual_text_certification,
300295.SZ:2021,False,False,ST_history_label_and_input_certification_pending,annual_financial_certification;annual_text_certification,
300295.SZ:2022,False,False,ST_history_label_and_input_certification_pending,annual_financial_certification;annual_text_certification,
300295.SZ:2023,False,False,ST_history_label_and_input_certification_pending,historical_industry;annual_financial_certification;annual_text_certification,
300295.SZ:2024,False,False,ST_history_label_and_input_certification_pending,annual_financial_certification;annual_text_certification,
300295.SZ:2025,False,False,ST_history_label_and_input_certification_pending,annual_financial_certification;annual_text_certification,
300300.SZ:2017,False,False,ST_history_label_and_input_certification_pending,annual_financial_certification;annual_text_certification,
300300.SZ:2018,False,False,ST_history_label_and_input_certification_pending,annual_financial_certification;annual_text_certification,
300300.SZ:2019,False,False,ST_history_label_and_input_certification_pending,annual_financial_certification;annual_text_certification,
300300.SZ:2020,False,False,ST_history_label_and_input_certification_pending,annual_financial_certification;annual_text_certification,
300300.SZ:2021,False,False,ST_history_label_and_input_certification_pending,annual_financial_certification;annual_text_certification,
300300.SZ:2022,False,False,ST_history_label_and_input_certification_pending,annual_financial_certification;annual_text_certification,
300300.SZ:2023,False,False,ST_history_label_and_input_certification_pending,historical_industry;annual_financial_certification;annual_text_certification,
300300.SZ:2024,False,False,ST_history_label_and_input_certification_pending,annual_financial_certification;annual_text_certification,
300300.SZ:2025,False,False,preorigin_financial_industry_or_confirmed_baseline_ST,,
300307.SZ:2017,False,False,ST_history_label_and_input_certification_pending,annual_financial_certification;annual_text_certification,
300307.SZ:2018,False,False,ST_history_label_and_input_certification_pending,annual_financial_certification;annual_text_certification,
300307.SZ:2019,False,False,ST_history_label_and_input_certification_pending,annual_financial_certification;annual_text_certification,
300307.SZ:2020,False,False,ST_history_label_and_input_certification_pending,annual_financial_certification;annual_text_certification,
300307.SZ:2021,False,False,ST_history_label_and_input_certification_pending,annual_financial_certification;annual_text_certification,
300307.SZ:2022,False,False,ST_history_label_and_input_certification_pending,annual_financial_certification;annual_text_certification,
300307.SZ:2023,False,False,ST_history_label_and_input_certification_pending,historical_industry;annual_financial_certification;annual_text_certification,
300307.SZ:2024,False,False,ST_history_label_and_input_certification_pending,annual_financial_certification;annual_text_certification,
300307.SZ:2025,False,False,ST_history_label_and_input_certification_pending,annual_financial_certification;annual_text_certification,
300309.SZ:2017,False,False,ST_history_label_and_input_certification_pending,annual_financial_certification;annual_text_certification,
300309.SZ:2018,False,False,ST_history_label_and_input_certification_pending,annual_financial_certification;annual_text_certification,
300309.SZ:2019,False,False,preorigin_financial_industry_or_confirmed_baseline_ST,,
300309.SZ:2020,False,False,preorigin_financial_industry_or_confirmed_baseline_ST,,
300309.SZ:2021,False,False,preorigin_financial_industry_or_confirmed_baseline_ST,,
300309.SZ:2022,False,False,preorigin_financial_industry_or_confirmed_baseline_ST,,
300309.SZ:2023,False,False,preorigin_financial_industry_or_confirmed_baseline_ST,,
300321.SZ:2017,False,False,ST_history_label_and_input_certification_pending,annual_financial_certification;annual_text_certification,
300321.SZ:2018,False,False,ST_history_label_and_input_certification_pending,annual_financial_certification;annual_text_certification,
300321.SZ:2019,False,False,ST_history_label_and_input_certification_pending,annual_financial_certification;annual_text_certification,
300321.SZ:2020,False,False,ST_history_label_and_input_certification_pending,annual_financial_certification;annual_text_certification,
300321.SZ:2021,False,False,ST_history_label_and_input_certification_pending,annual_financial_certification;annual_text_certification,
300321.SZ:2022,False,False,ST_history_label_and_input_certification_pending,annual_financial_certification;annual_text_certification,
300321.SZ:2023,False,False,ST_history_label_and_input_certification_pending,historical_industry;annual_financial_certification;annual_text_certification,
300321.SZ:2024,False,False,ST_history_label_and_input_certification_pending,annual_financial_certification;annual_text_certification,
300321.SZ:2025,False,False,ST_history_label_and_input_certification_pending,annual_financial_certification;annual_text_certification,
300332.SZ:2017,False,False,ST_history_label_and_input_certification_pending,annual_financial_certification;annual_text_certification,
300332.SZ:2018,False,False,ST_history_label_and_input_certification_pending,annual_financial_certification;annual_text_certification,
300332.SZ:2019,False,False,ST_history_label_and_input_certification_pending,annual_financial_certification;annual_text_certification,
300332.SZ:2020,False,False,ST_history_label_and_input_certification_pending,annual_financial_certification;annual_text_certification,
300332.SZ:2021,False,False,ST_history_label_and_input_certification_pending,annual_financial_certification;annual_text_certification,
300332.SZ:2022,False,False,ST_history_label_and_input_certification_pending,annual_financial_certification;annual_text_certification,
300332.SZ:2023,False,False,ST_history_label_and_input_certification_pending,historical_industry;annual_financial_certification;annual_text_certification,
300332.SZ:2024,False,False,ST_history_label_and_input_certification_pending,annual_financial_certification;annual_text_certification,
300332.SZ:2025,False,False,ST_history_label_and_input_certification_pending,annual_financial_certification;annual_text_certification,
300339.SZ:2017,False,False,ST_history_label_and_input_certification_pending,annual_financial_certification;annual_text_certification,
300339.SZ:2018,False,False,ST_history_label_and_input_certification_pending,annual_financial_certification;annual_text_certification,
300339.SZ:2019,False,False,ST_history_label_and_input_certification_pending,annual_financial_certification;annual_text_certification,
300339.SZ:2020,False,False,ST_history_label_and_input_certification_pending,annual_financial_certification;annual_text_certification,
300339.SZ:2021,False,False,ST_history_label_and_input_certification_pending,annual_financial_certification;annual_text_certification,
300339.SZ:2022,False,False,ST_history_label_and_input_certification_pending,annual_financial_certification;annual_text_certification,
300339.SZ:2023,False,False,ST_history_label_and_input_certification_pending,historical_industry;annual_financial_certification;annual_text_certification,
300339.SZ:2024,False,False,ST_history_label_and_input_certification_pending,annual_financial_certification;annual_text_certification,
300339.SZ:2025,False,False,ST_history_label_and_input_certification_pending,annual_financial_certification;annual_text_certification,
300345.SZ:2017,False,False,ST_history_label_and_input_certification_pending,annual_financial_certification;annual_text_certification,
300345.SZ:2018,False,False,ST_history_label_and_input_certification_pending,annual_financial_certification;annual_text_certification,
300345.SZ:2019,False,False,ST_history_label_and_input_certification_pending,annual_financial_certification;annual_text_certification,
300345.SZ:2020,False,False,ST_history_label_and_input_certification_pending,annual_financial_certification;annual_text_certification,
300345.SZ:2021,False,False,ST_history_label_and_input_certification_pending,annual_financial_certification;annual_text_certification,
300345.SZ:2022,False,False,ST_history_label_and_input_certification_pending,annual_financial_certification;annual_text_certification,
300345.SZ:2023,False,False,ST_history_label_and_input_certification_pending,historical_industry;annual_financial_certification;annual_text_certification,
300345.SZ:2024,False,False,ST_history_label_and_input_certification_pending,annual_financial_certification;annual_text_certification,
300345.SZ:2025,False,False,ST_history_label_and_input_certification_pending,annual_financial_certification;annual_text_certification,
300348.SZ:2017,False,False,ST_history_label_and_input_certification_pending,annual_financial_certification;annual_text_certification,
300348.SZ:2018,False,False,ST_history_label_and_input_certification_pending,annual_financial_certification;annual_text_certification,
300348.SZ:2019,False,False,ST_history_label_and_input_certification_pending,annual_financial_certification;annual_text_certification,
300348.SZ:2020,False,False,ST_history_label_and_input_certification_pending,annual_financial_certification;annual_text_certification,
300348.SZ:2021,False,False,ST_history_label_and_input_certification_pending,annual_financial_certification;annual_text_certification,
300348.SZ:2022,False,False,ST_history_label_and_input_certification_pending,annual_financial_certification;annual_text_certification,
300348.SZ:2023,False,False,ST_history_label_and_input_certification_pending,historical_industry;annual_financial_certification;annual_text_certification,
300348.SZ:2024,False,False,ST_history_label_and_input_certification_pending,annual_financial_certification;annual_text_certification,
300348.SZ:2025,False,False,ST_history_label_and_input_certification_pending,annual_financial_certification;annual_text_certification,
300349.SZ:2017,False,False,ST_history_label_and_input_certification_pending,annual_financial_certification;annual_text_certification,
300349.SZ:2018,False,False,ST_history_label_and_input_certification_pending,annual_financial_certification;annual_text_certification,
300349.SZ:2019,False,False,ST_history_label_and_input_certification_pending,annual_financial_certification;annual_text_certification,
300349.SZ:2020,False,False,ST_history_label_and_input_certification_pending,annual_financial_certification;annual_text_certification,
300349.SZ:2021,False,False,ST_history_label_and_input_certification_pending,annual_financial_certification;annual_text_certification,
300349.SZ:2022,False,False,ST_history_label_and_input_certification_pending,annual_financial_certification;annual_text_certification,
300349.SZ:2023,False,False,ST_history_label_and_input_certification_pending,historical_industry;annual_financial_certification;annual_text_certification,
300349.SZ:2024,False,False,ST_history_label_and_input_certification_pending,annual_financial_certification;annual_text_certification,
300349.SZ:2025,False,False,ST_history_label_and_input_certification_pending,annual_financial_certification;annual_text_certification,
300354.SZ:2017,False,False,ST_history_label_and_input_certification_pending,annual_financial_certification;annual_text_certification,
300354.SZ:2018,False,False,ST_history_label_and_input_certification_pending,annual_financial_certification;annual_text_certification,
300354.SZ:2019,False,False,ST_history_label_and_input_certification_pending,annual_financial_certification;annual_text_certification,
300354.SZ:2020,False,False,ST_history_label_and_input_certification_pending,annual_financial_certification;annual_text_certification,
300354.SZ:2021,False,False,ST_history_label_and_input_certification_pending,annual_financial_certification;annual_text_certification,
300354.SZ:2022,False,False,ST_history_label_and_input_certification_pending,annual_financial_certification;annual_text_certification,
300354.SZ:2023,False,False,ST_history_label_and_input_certification_pending,historical_industry;annual_financial_certification;annual_text_certification,
300354.SZ:2024,False,False,ST_history_label_and_input_certification_pending,annual_financial_certification;annual_text_certification,
300354.SZ:2025,False,False,ST_history_label_and_input_certification_pending,annual_financial_certification;annual_text_certification,
300357.SZ:2017,False,False,ST_history_label_and_input_certification_pending,annual_financial_certification;annual_text_certification,
300357.SZ:2018,False,False,ST_history_label_and_input_certification_pending,annual_financial_certification;annual_text_certification,
300357.SZ:2019,False,False,ST_history_label_and_input_certification_pending,annual_financial_certification;annual_text_certification,
300357.SZ:2020,False,False,ST_history_label_and_input_certification_pending,annual_financial_certification;annual_text_certification,
300357.SZ:2021,False,False,ST_history_label_and_input_certification_pending,annual_financial_certification;annual_text_certification,
300357.SZ:2022,False,False,ST_history_label_and_input_certification_pending,annual_financial_certification;annual_text_certification,
300357.SZ:2023,False,False,ST_history_label_and_input_certification_pending,historical_industry;annual_financial_certification;annual_text_certification,
300357.SZ:2024,False,False,ST_history_label_and_input_certification_pending,annual_financial_certification;annual_text_certification,
300357.SZ:2025,False,False,ST_history_label_and_input_certification_pending,annual_financial_certification;annual_text_certification,
300359.SZ:2017,False,False,ST_history_label_and_input_certification_pending,annual_financial_certification;annual_text_certification,
300359.SZ:2018,False,False,ST_history_label_and_input_certification_pending,annual_financial_certification;annual_text_certification,
300359.SZ:2019,False,False,ST_history_label_and_input_certification_pending,annual_financial_certification;annual_text_certification,
300359.SZ:2020,False,False,ST_history_label_and_input_certification_pending,annual_financial_certification;annual_text_certification,
300359.SZ:2021,False,False,ST_history_label_and_input_certification_pending,annual_financial_certification;annual_text_certification,
300359.SZ:2022,False,False,ST_history_label_and_input_certification_pending,annual_financial_certification;annual_text_certification,
300359.SZ:2023,False,False,ST_history_label_and_input_certification_pending,historical_industry;annual_financial_certification;annual_text_certification,
300359.SZ:2024,False,False,ST_history_label_and_input_certification_pending,annual_financial_certification;annual_text_certification,
300359.SZ:2025,False,False,ST_history_label_and_input_certification_pending,annual_financial_certification;annual_text_certification,
300360.SZ:2017,False,False,ST_history_label_and_input_certification_pending,annual_financial_certification;annual_text_certification,
300360.SZ:2018,False,False,ST_history_label_and_input_certification_pending,annual_financial_certification;annual_text_certification,
300360.SZ:2019,False,False,ST_history_label_and_input_certification_pending,annual_financial_certification;annual_text_certification,
300360.SZ:2020,False,False,ST_history_label_and_input_certification_pending,annual_financial_certification;annual_text_certification,
300360.SZ:2021,False,False,ST_history_label_and_input_certification_pending,annual_financial_certification;annual_text_certification,
300360.SZ:2022,False,False,ST_history_label_and_input_certification_pending,annual_financial_certification;annual_text_certification,
300360.SZ:2023,False,False,ST_history_label_and_input_certification_pending,historical_industry;annual_financial_certification;annual_text_certification,
300360.SZ:2024,False,False,ST_history_label_and_input_certification_pending,annual_financial_certification;annual_text_certification,
300360.SZ:2025,False,False,ST_history_label_and_input_certification_pending,annual_financial_certification;annual_text_certification,
300364.SZ:2018,False,False,ST_history_label_and_input_certification_pending,annual_financial_certification;annual_text_certification,
300364.SZ:2019,False,False,ST_history_label_and_input_certification_pending,annual_financial_certification;annual_text_certification,
300364.SZ:2020,False,False,ST_history_label_and_input_certification_pending,annual_financial_certification;annual_text_certification,
300364.SZ:2021,False,False,ST_history_label_and_input_certification_pending,annual_financial_certification;annual_text_certification,
300364.SZ:2022,False,False,ST_history_label_and_input_certification_pending,annual_financial_certification;annual_text_certification,
300364.SZ:2023,False,False,ST_history_label_and_input_certification_pending,historical_industry;annual_financial_certification;annual_text_certification,
300364.SZ:2024,False,False,ST_history_label_and_input_certification_pending,annual_financial_certification;annual_text_certification,
300364.SZ:2025,False,False,ST_history_label_and_input_certification_pending,annual_financial_certification;annual_text_certification,
300384.SZ:2018,False,False,ST_history_label_and_input_certification_pending,annual_financial_certification;annual_text_certification,
300384.SZ:2019,False,False,ST_history_label_and_input_certification_pending,annual_financial_certification;annual_text_certification,
300384.SZ:2020,False,False,ST_history_label_and_input_certification_pending,annual_financial_certification;annual_text_certification,
300384.SZ:2021,False,False,ST_history_label_and_input_certification_pending,annual_financial_certification;annual_text_certification,
300384.SZ:2022,False,False,ST_history_label_and_input_certification_pending,annual_financial_certification;annual_text_certification,
300384.SZ:2023,False,False,ST_history_label_and_input_certification_pending,historical_industry;annual_financial_certification;annual_text_certification,
300384.SZ:2024,False,False,ST_history_label_and_input_certification_pending,annual_financial_certification;annual_text_certification,
300384.SZ:2025,False,False,ST_history_label_and_input_certification_pending,annual_financial_certification;annual_text_certification,
300389.SZ:2018,False,False,ST_history_label_and_input_certification_pending,annual_financial_certification;annual_text_certification,
300389.SZ:2019,False,False,ST_history_label_and_input_certification_pending,annual_financial_certification;annual_text_certification,
300389.SZ:2020,False,False,ST_history_label_and_input_certification_pending,annual_financial_certification;annual_text_certification,
300389.SZ:2021,False,False,ST_history_label_and_input_certification_pending,annual_financial_certification;annual_text_certification,
300389.SZ:2022,False,False,ST_history_label_and_input_certification_pending,annual_financial_certification;annual_text_certification,
300389.SZ:2023,False,False,ST_history_label_and_input_certification_pending,historical_industry;annual_financial_certification;annual_text_certification,
300389.SZ:2024,False,False,ST_history_label_and_input_certification_pending,annual_financial_certification;annual_text_certification,
300389.SZ:2025,False,False,ST_history_label_and_input_certification_pending,annual_financial_certification;annual_text_certification,
300391.SZ:2018,False,False,ST_history_label_and_input_certification_pending,annual_financial_certification;annual_text_certification,
300391.SZ:2019,False,False,ST_history_label_and_input_certification_pending,annual_financial_certification;annual_text_certification,
300391.SZ:2020,False,False,ST_history_label_and_input_certification_pending,annual_financial_certification;annual_text_certification,
300391.SZ:2021,False,False,ST_history_label_and_input_certification_pending,annual_financial_certification;annual_text_certification,
300391.SZ:2022,False,False,ST_history_label_and_input_certification_pending,annual_financial_certification;annual_text_certification,
300391.SZ:2023,False,False,ST_history_label_and_input_certification_pending,historical_industry;annual_financial_certification;annual_text_certification,
300391.SZ:2024,False,False,ST_history_label_and_input_certification_pending,annual_financial_certification;annual_text_certification,
300391.SZ:2025,False,False,preorigin_financial_industry_or_confirmed_baseline_ST,,
300396.SZ:2018,False,False,ST_history_label_and_input_certification_pending,annual_financial_certification;annual_text_certification,
300396.SZ:2019,False,False,ST_history_label_and_input_certification_pending,annual_financial_certification;annual_text_certification,
300396.SZ:2020,False,False,ST_history_label_and_input_certification_pending,annual_financial_certification;annual_text_certification,
300396.SZ:2021,False,False,ST_history_label_and_input_certification_pending,annual_financial_certification;annual_text_certification,
300396.SZ:2022,False,False,ST_history_label_and_input_certification_pending,annual_financial_certification;annual_text_certification,
300396.SZ:2023,False,False,ST_history_label_and_input_certification_pending,historical_industry;annual_financial_certification;annual_text_certification,
300396.SZ:2024,False,False,ST_history_label_and_input_certification_pending,annual_financial_certification;annual_text_certification,
300396.SZ:2025,False,False,ST_history_label_and_input_certification_pending,annual_financial_certification;annual_text_certification,
300404.SZ:2018,False,False,ST_history_label_and_input_certification_pending,annual_financial_certification;annual_text_certification,
300404.SZ:2019,False,False,ST_history_label_and_input_certification_pending,annual_financial_certification;annual_text_certification,
300404.SZ:2020,False,False,ST_history_label_and_input_certification_pending,annual_financial_certification;annual_text_certification,
300404.SZ:2021,False,False,ST_history_label_and_input_certification_pending,annual_financial_certification;annual_text_certification,
300404.SZ:2022,False,False,ST_history_label_and_input_certification_pending,annual_financial_certification;annual_text_certification,
300404.SZ:2023,False,False,ST_history_label_and_input_certification_pending,historical_industry;annual_financial_certification;annual_text_certification,
300404.SZ:2024,False,False,ST_history_label_and_input_certification_pending,annual_financial_certification;annual_text_certification,
300404.SZ:2025,False,False,ST_history_label_and_input_certification_pending,annual_financial_certification;annual_text_certification,
300407.SZ:2018,False,False,ST_history_label_and_input_certification_pending,annual_financial_certification;annual_text_certification,
300407.SZ:2019,False,False,ST_history_label_and_input_certification_pending,annual_financial_certification;annual_text_certification,
300407.SZ:2020,False,False,ST_history_label_and_input_certification_pending,annual_financial_certification;annual_text_certification,
300407.SZ:2021,False,False,ST_history_label_and_input_certification_pending,annual_financial_certification;annual_text_certification,
300407.SZ:2022,False,False,ST_history_label_and_input_certification_pending,annual_financial_certification;annual_text_certification,
300407.SZ:2023,False,False,ST_history_label_and_input_certification_pending,historical_industry;annual_financial_certification;annual_text_certification,
300407.SZ:2024,False,False,ST_history_label_and_input_certification_pending,annual_financial_certification;annual_text_certification,
300407.SZ:2025,False,False,ST_history_label_and_input_certification_pending,annual_financial_certification;annual_text_certification,
300411.SZ:2018,False,False,ST_history_label_and_input_certification_pending,annual_financial_certification;annual_text_certification,
300411.SZ:2019,False,False,ST_history_label_and_input_certification_pending,annual_financial_certification;annual_text_certification,
300411.SZ:2020,False,False,ST_history_label_and_input_certification_pending,annual_financial_certification;annual_text_certification,
300411.SZ:2021,False,False,ST_history_label_and_input_certification_pending,annual_financial_certification;annual_text_certification,
300411.SZ:2022,False,False,ST_history_label_and_input_certification_pending,annual_financial_certification;annual_text_certification,
300411.SZ:2023,False,False,ST_history_label_and_input_certification_pending,historical_industry;annual_financial_certification;annual_text_certification,
300411.SZ:2024,False,False,ST_history_label_and_input_certification_pending,annual_financial_certification;annual_text_certification,
300411.SZ:2025,False,False,ST_history_label_and_input_certification_pending,annual_financial_certification;annual_text_certification,
300416.SZ:2018,False,False,ST_history_label_and_input_certification_pending,annual_financial_certification;annual_text_certification,
300416.SZ:2019,False,False,ST_history_label_and_input_certification_pending,annual_financial_certification;annual_text_certification,
300416.SZ:2020,False,False,ST_history_label_and_input_certification_pending,annual_financial_certification;annual_text_certification,
300416.SZ:2021,False,False,ST_history_label_and_input_certification_pending,annual_financial_certification;annual_text_certification,
300416.SZ:2022,False,False,ST_history_label_and_input_certification_pending,annual_financial_certification;annual_text_certification,
300416.SZ:2023,False,False,ST_history_label_and_input_certification_pending,historical_industry;annual_financial_certification;annual_text_certification,
300416.SZ:2024,False,False,ST_history_label_and_input_certification_pending,annual_financial_certification;annual_text_certification,
300416.SZ:2025,False,False,ST_history_label_and_input_certification_pending,annual_financial_certification;annual_text_certification,
300425.SZ:2018,False,False,ST_history_label_and_input_certification_pending,annual_financial_certification;annual_text_certification,
300425.SZ:2019,False,False,ST_history_label_and_input_certification_pending,annual_financial_certification;annual_text_certification,
300425.SZ:2020,False,False,ST_history_label_and_input_certification_pending,annual_financial_certification;annual_text_certification,
300425.SZ:2021,False,False,ST_history_label_and_input_certification_pending,annual_financial_certification;annual_text_certification,
300425.SZ:2022,False,False,ST_history_label_and_input_certification_pending,annual_financial_certification;annual_text_certification,
300425.SZ:2023,False,False,ST_history_label_and_input_certification_pending,historical_industry;annual_financial_certification;annual_text_certification,
300425.SZ:2024,False,False,ST_history_label_and_input_certification_pending,annual_financial_certification;annual_text_certification,
300425.SZ:2025,False,False,ST_history_label_and_input_certification_pending,annual_financial_certification;annual_text_certification,
300430.SZ:2018,False,False,ST_history_label_and_input_certification_pending,annual_financial_certification;annual_text_certification,
300430.SZ:2019,False,False,ST_history_label_and_input_certification_pending,annual_financial_certification;annual_text_certification,
300430.SZ:2020,False,False,ST_history_label_and_input_certification_pending,annual_financial_certification;annual_text_certification,
300430.SZ:2021,False,False,ST_history_label_and_input_certification_pending,annual_financial_certification;annual_text_certification,
300430.SZ:2022,False,False,ST_history_label_and_input_certification_pending,annual_financial_certification;annual_text_certification,
300430.SZ:2023,False,False,ST_history_label_and_input_certification_pending,historical_industry;annual_financial_certification;annual_text_certification,
300430.SZ:2024,False,False,ST_history_label_and_input_certification_pending,annual_financial_certification;annual_text_certification,
300430.SZ:2025,False,False,ST_history_label_and_input_certification_pending,annual_financial_certification;annual_text_certification,
300439.SZ:2018,False,False,ST_history_label_and_input_certification_pending,annual_financial_certification;annual_text_certification,
300439.SZ:2019,False,False,ST_history_label_and_input_certification_pending,annual_financial_certification;annual_text_certification,
300439.SZ:2020,False,False,ST_history_label_and_input_certification_pending,annual_financial_certification;annual_text_certification,
300439.SZ:2021,False,False,ST_history_label_and_input_certification_pending,annual_financial_certification;annual_text_certification,
300439.SZ:2022,False,False,ST_history_label_and_input_certification_pending,annual_financial_certification;annual_text_certification,
300439.SZ:2023,False,False,ST_history_label_and_input_certification_pending,historical_industry;annual_financial_certification;annual_text_certification,
300439.SZ:2024,False,False,ST_history_label_and_input_certification_pending,annual_financial_certification;annual_text_certification,
300439.SZ:2025,False,False,ST_history_label_and_input_certification_pending,annual_financial_certification;annual_text_certification,
300440.SZ:2018,False,False,ST_history_label_and_input_certification_pending,annual_financial_certification;annual_text_certification,
300440.SZ:2019,False,False,ST_history_label_and_input_certification_pending,annual_financial_certification;annual_text_certification,
300440.SZ:2020,False,False,ST_history_label_and_input_certification_pending,annual_financial_certification;annual_text_certification,
300440.SZ:2021,False,False,ST_history_label_and_input_certification_pending,annual_financial_certification;annual_text_certification,
300440.SZ:2022,False,False,ST_history_label_and_input_certification_pending,annual_financial_certification;annual_text_certification,
300440.SZ:2023,False,False,ST_history_label_and_input_certification_pending,historical_industry;annual_financial_certification;annual_text_certification,
300440.SZ:2024,False,False,ST_history_label_and_input_certification_pending,annual_financial_certification;annual_text_certification,
300440.SZ:2025,False,False,ST_history_label_and_input_certification_pending,annual_financial_certification;annual_text_certification,
300445.SZ:2018,False,False,ST_history_label_and_input_certification_pending,annual_financial_certification;annual_text_certification,
300445.SZ:2019,False,False,ST_history_label_and_input_certification_pending,annual_financial_certification;annual_text_certification,
300445.SZ:2020,False,False,ST_history_label_and_input_certification_pending,annual_financial_certification;annual_text_certification,
300445.SZ:2021,False,False,ST_history_label_and_input_certification_pending,annual_financial_certification;annual_text_certification,
300445.SZ:2022,False,False,ST_history_label_and_input_certification_pending,annual_financial_certification;annual_text_certification,
300445.SZ:2023,False,False,ST_history_label_and_input_certification_pending,historical_industry;annual_financial_certification;annual_text_certification,
300445.SZ:2024,False,False,ST_history_label_and_input_certification_pending,annual_financial_certification;annual_text_certification,
300445.SZ:2025,False,False,ST_history_label_and_input_certification_pending,annual_financial_certification;annual_text_certification,
300447.SZ:2018,False,False,ST_history_label_and_input_certification_pending,annual_financial_certification;annual_text_certification,
300447.SZ:2019,False,False,ST_history_label_and_input_certification_pending,annual_financial_certification;annual_text_certification,
300447.SZ:2020,False,False,ST_history_label_and_input_certification_pending,annual_financial_certification;annual_text_certification,
300447.SZ:2021,False,False,ST_history_label_and_input_certification_pending,annual_financial_certification;annual_text_certification,
300447.SZ:2022,False,False,ST_history_label_and_input_certification_pending,annual_financial_certification;annual_text_certification,
300447.SZ:2023,False,False,ST_history_label_and_input_certification_pending,historical_industry;annual_financial_certification;annual_text_certification,
300447.SZ:2024,False,False,ST_history_label_and_input_certification_pending,annual_financial_certification;annual_text_certification,
300447.SZ:2025,False,False,ST_history_label_and_input_certification_pending,annual_financial_certification;annual_text_certification,
300451.SZ:2019,False,False,ST_history_label_and_input_certification_pending,annual_financial_certification;annual_text_certification,
300451.SZ:2020,False,False,ST_history_label_and_input_certification_pending,annual_financial_certification;annual_text_certification,
300451.SZ:2021,False,False,ST_history_label_and_input_certification_pending,annual_financial_certification;annual_text_certification,
300451.SZ:2022,False,False,ST_history_label_and_input_certification_pending,annual_financial_certification;annual_text_certification,
300451.SZ:2023,False,False,ST_history_label_and_input_certification_pending,historical_industry;annual_financial_certification;annual_text_certification,
300451.SZ:2024,False,False,ST_history_label_and_input_certification_pending,annual_financial_certification;annual_text_certification,
300451.SZ:2025,False,False,ST_history_label_and_input_certification_pending,annual_financial_certification;annual_text_certification,
300452.SZ:2019,False,False,ST_history_label_and_input_certification_pending,annual_financial_certification;annual_text_certification,
300452.SZ:2020,False,False,ST_history_label_and_input_certification_pending,annual_financial_certification;annual_text_certification,
300452.SZ:2021,False,False,ST_history_label_and_input_certification_pending,annual_financial_certification;annual_text_certification,
300452.SZ:2022,False,False,ST_history_label_and_input_certification_pending,annual_financial_certification;annual_text_certification,
300452.SZ:2023,False,False,ST_history_label_and_input_certification_pending,historical_industry;annual_financial_certification;annual_text_certification,
300452.SZ:2024,False,False,ST_history_label_and_input_certification_pending,annual_financial_certification;annual_text_certification,
300452.SZ:2025,False,False,ST_history_label_and_input_certification_pending,annual_financial_certification;annual_text_certification,
300469.SZ:2019,False,False,ST_history_label_and_input_certification_pending,annual_financial_certification;annual_text_certification,
300469.SZ:2020,False,False,ST_history_label_and_input_certification_pending,annual_financial_certification;annual_text_certification,
300469.SZ:2021,False,False,ST_history_label_and_input_certification_pending,annual_financial_certification;annual_text_certification,
300469.SZ:2022,False,False,ST_history_label_and_input_certification_pending,annual_financial_certification;annual_text_certification,
300469.SZ:2023,False,False,ST_history_label_and_input_certification_pending,historical_industry;annual_financial_certification;annual_text_certification,
300469.SZ:2024,False,False,ST_history_label_and_input_certification_pending,annual_financial_certification;annual_text_certification,
300469.SZ:2025,False,False,ST_history_label_and_input_certification_pending,annual_financial_certification;annual_text_certification,
300472.SZ:2019,False,False,ST_history_label_and_input_certification_pending,annual_financial_certification;annual_text_certification,
300472.SZ:2020,False,False,ST_history_label_and_input_certification_pending,annual_financial_certification;annual_text_certification,
300472.SZ:2021,False,False,ST_history_label_and_input_certification_pending,annual_financial_certification;annual_text_certification,
300472.SZ:2022,False,False,ST_history_label_and_input_certification_pending,annual_financial_certification;annual_text_certification,
300472.SZ:2023,False,False,ST_history_label_and_input_certification_pending,historical_industry;annual_financial_certification;annual_text_certification,
300472.SZ:2024,False,False,ST_history_label_and_input_certification_pending,annual_financial_certification;annual_text_certification,
300472.SZ:2025,False,False,ST_history_label_and_input_certification_pending,annual_financial_certification;annual_text_certification,
300476.SZ:2019,False,False,ST_history_label_and_input_certification_pending,annual_financial_certification;annual_text_certification,
300476.SZ:2020,False,False,ST_history_label_and_input_certification_pending,annual_financial_certification;annual_text_certification,
300476.SZ:2021,False,False,ST_history_label_and_input_certification_pending,annual_financial_certification;annual_text_certification,
300476.SZ:2022,False,False,ST_history_label_and_input_certification_pending,annual_financial_certification;annual_text_certification,
300476.SZ:2023,False,False,ST_history_label_and_input_certification_pending,historical_industry;annual_financial_certification;annual_text_certification,
300476.SZ:2024,False,False,ST_history_label_and_input_certification_pending,annual_financial_certification;annual_text_certification,
300476.SZ:2025,False,False,ST_history_label_and_input_certification_pending,annual_financial_certification;annual_text_certification,
300490.SZ:2019,False,False,ST_history_label_and_input_certification_pending,annual_financial_certification;annual_text_certification,
300490.SZ:2020,False,False,ST_history_label_and_input_certification_pending,annual_financial_certification;annual_text_certification,
300490.SZ:2021,False,False,ST_history_label_and_input_certification_pending,annual_financial_certification;annual_text_certification,
300490.SZ:2022,False,False,ST_history_label_and_input_certification_pending,annual_financial_certification;annual_text_certification,
300490.SZ:2023,False,False,ST_history_label_and_input_certification_pending,historical_industry;annual_financial_certification;annual_text_certification,
300490.SZ:2024,False,False,ST_history_label_and_input_certification_pending,annual_financial_certification;annual_text_certification,
300490.SZ:2025,False,False,ST_history_label_and_input_certification_pending,annual_financial_certification;annual_text_certification,
300496.SZ:2019,False,False,ST_history_label_and_input_certification_pending,annual_financial_certification;annual_text_certification,
300496.SZ:2020,False,False,ST_history_label_and_input_certification_pending,annual_financial_certification;annual_text_certification,
300496.SZ:2021,False,False,ST_history_label_and_input_certification_pending,annual_financial_certification;annual_text_certification,
300496.SZ:2022,False,False,ST_history_label_and_input_certification_pending,annual_financial_certification;annual_text_certification,
300496.SZ:2023,False,False,ST_history_label_and_input_certification_pending,historical_industry;annual_financial_certification;annual_text_certification,
300496.SZ:2024,False,False,ST_history_label_and_input_certification_pending,annual_financial_certification;annual_text_certification,
300496.SZ:2025,False,False,ST_history_label_and_input_certification_pending,annual_financial_certification;annual_text_certification,
300497.SZ:2019,False,False,ST_history_label_and_input_certification_pending,annual_financial_certification;annual_text_certification,
300497.SZ:2020,False,False,ST_history_label_and_input_certification_pending,annual_financial_certification;annual_text_certification,
300497.SZ:2021,False,False,ST_history_label_and_input_certification_pending,annual_financial_certification;annual_text_certification,
300497.SZ:2022,False,False,ST_history_label_and_input_certification_pending,annual_financial_certification;annual_text_certification,
300497.SZ:2023,False,False,ST_history_label_and_input_certification_pending,historical_industry;annual_financial_certification;annual_text_certification,
300497.SZ:2024,False,False,ST_history_label_and_input_certification_pending,annual_financial_certification;annual_text_certification,
300497.SZ:2025,False,False,ST_history_label_and_input_certification_pending,annual_financial_certification;annual_text_certification,
300498.SZ:2019,False,False,ST_history_label_and_input_certification_pending,annual_financial_certification;annual_text_certification,
300498.SZ:2020,False,False,ST_history_label_and_input_certification_pending,annual_financial_certification;annual_text_certification,
300498.SZ:2021,False,False,ST_history_label_and_input_certification_pending,annual_financial_certification;annual_text_certification,
300498.SZ:2022,False,False,ST_history_label_and_input_certification_pending,annual_financial_certification;annual_text_certification,
300498.SZ:2023,False,False,ST_history_label_and_input_certification_pending,historical_industry;annual_financial_certification;annual_text_certification,
300498.SZ:2024,False,False,ST_history_label_and_input_certification_pending,annual_financial_certification;annual_text_certification,
300498.SZ:2025,False,False,ST_history_label_and_input_certification_pending,annual_financial_certification;annual_text_certification,
300501.SZ:2019,False,False,ST_history_label_and_input_certification_pending,annual_financial_certification;annual_text_certification,
300501.SZ:2020,False,False,ST_history_label_and_input_certification_pending,annual_financial_certification;annual_text_certification,
300501.SZ:2021,False,False,ST_history_label_and_input_certification_pending,annual_financial_certification;annual_text_certification,
300501.SZ:2022,False,False,ST_history_label_and_input_certification_pending,annual_financial_certification;annual_text_certification,
300501.SZ:2023,False,False,ST_history_label_and_input_certification_pending,historical_industry;annual_financial_certification;annual_text_certification,
300501.SZ:2024,False,False,ST_history_label_and_input_certification_pending,annual_financial_certification;annual_text_certification,
300501.SZ:2025,False,False,ST_history_label_and_input_certification_pending,annual_financial_certification;annual_text_certification,
300503.SZ:2019,False,False,ST_history_label_and_input_certification_pending,annual_financial_certification;annual_text_certification,
300503.SZ:2020,False,False,ST_history_label_and_input_certification_pending,annual_financial_certification;annual_text_certification,
300503.SZ:2021,False,False,ST_history_label_and_input_certification_pending,annual_financial_certification;annual_text_certification,
300503.SZ:2022,False,False,ST_history_label_and_input_certification_pending,annual_financial_certification;annual_text_certification,
300503.SZ:2023,False,False,ST_history_label_and_input_certification_pending,historical_industry;annual_financial_certification;annual_text_certification,
300503.SZ:2024,False,False,ST_history_label_and_input_certification_pending,annual_financial_certification;annual_text_certification,
300503.SZ:2025,False,False,ST_history_label_and_input_certification_pending,annual_financial_certification;annual_text_certification,
300519.SZ:2020,False,False,ST_history_label_and_input_certification_pending,annual_financial_certification;annual_text_certification,
300519.SZ:2021,False,False,ST_history_label_and_input_certification_pending,annual_financial_certification;annual_text_certification,
300519.SZ:2022,False,False,ST_history_label_and_input_certification_pending,annual_financial_certification;annual_text_certification,
300519.SZ:2023,False,False,ST_history_label_and_input_certification_pending,historical_industry;annual_financial_certification;annual_text_certification,
300519.SZ:2024,False,False,ST_history_label_and_input_certification_pending,annual_financial_certification;annual_text_certification,
300519.SZ:2025,False,False,ST_history_label_and_input_certification_pending,annual_financial_certification;annual_text_certification,
300520.SZ:2020,False,False,ST_history_label_and_input_certification_pending,annual_financial_certification;annual_text_certification,
300520.SZ:2021,False,False,ST_history_label_and_input_certification_pending,annual_financial_certification;annual_text_certification,
300520.SZ:2022,False,False,ST_history_label_and_input_certification_pending,annual_financial_certification;annual_text_certification,
300520.SZ:2023,False,False,ST_history_label_and_input_certification_pending,historical_industry;annual_financial_certification;annual_text_certification,
300520.SZ:2024,False,False,ST_history_label_and_input_certification_pending,annual_financial_certification;annual_text_certification,
300520.SZ:2025,False,False,ST_history_label_and_input_certification_pending,annual_financial_certification;annual_text_certification,
300522.SZ:2020,False,False,ST_history_label_and_input_certification_pending,annual_financial_certification;annual_text_certification,
300522.SZ:2021,False,False,ST_history_label_and_input_certification_pending,annual_financial_certification;annual_text_certification,
300522.SZ:2022,False,False,ST_history_label_and_input_certification_pending,annual_financial_certification;annual_text_certification,
300522.SZ:2023,False,False,ST_history_label_and_input_certification_pending,historical_industry;annual_financial_certification;annual_text_certification,
300522.SZ:2024,False,False,ST_history_label_and_input_certification_pending,annual_financial_certification;annual_text_certification,
300522.SZ:2025,False,False,ST_history_label_and_input_certification_pending,annual_financial_certification;annual_text_certification,
300525.SZ:2020,False,False,ST_history_label_and_input_certification_pending,annual_financial_certification;annual_text_certification,
300525.SZ:2021,False,False,ST_history_label_and_input_certification_pending,annual_financial_certification;annual_text_certification,
300525.SZ:2022,False,False,ST_history_label_and_input_certification_pending,annual_financial_certification;annual_text_certification,
300525.SZ:2023,False,False,ST_history_label_and_input_certification_pending,historical_industry;annual_financial_certification;annual_text_certification,
300525.SZ:2024,False,False,ST_history_label_and_input_certification_pending,annual_financial_certification;annual_text_certification,
300525.SZ:2025,False,False,ST_history_label_and_input_certification_pending,annual_financial_certification;annual_text_certification,
300526.SZ:2020,False,False,ST_history_label_and_input_certification_pending,annual_financial_certification;annual_text_certification,
300526.SZ:2021,False,False,ST_history_label_and_input_certification_pending,annual_financial_certification;annual_text_certification,
300526.SZ:2022,False,False,preorigin_financial_industry_or_confirmed_baseline_ST,,
300526.SZ:2023,False,False,preorigin_financial_industry_or_confirmed_baseline_ST,,
300528.SZ:2020,False,False,ST_history_label_and_input_certification_pending,annual_financial_certification;annual_text_certification,
300528.SZ:2021,False,False,ST_history_label_and_input_certification_pending,annual_financial_certification;annual_text_certification,
300528.SZ:2022,False,False,ST_history_label_and_input_certification_pending,annual_financial_certification;annual_text_certification,
300528.SZ:2023,False,False,ST_history_label_and_input_certification_pending,historical_industry;annual_financial_certification;annual_text_certification,
300528.SZ:2024,False,False,ST_history_label_and_input_certification_pending,annual_financial_certification;annual_text_certification,
300528.SZ:2025,False,False,ST_history_label_and_input_certification_pending,annual_financial_certification;annual_text_certification,
300532.SZ:2020,False,False,ST_history_label_and_input_certification_pending,annual_financial_certification;annual_text_certification,
300532.SZ:2021,False,False,ST_history_label_and_input_certification_pending,annual_financial_certification;annual_text_certification,
300532.SZ:2022,False,False,ST_history_label_and_input_certification_pending,annual_financial_certification;annual_text_certification,
300532.SZ:2023,False,False,ST_history_label_and_input_certification_pending,historical_industry;annual_financial_certification;annual_text_certification,
300532.SZ:2024,False,False,ST_history_label_and_input_certification_pending,annual_financial_certification;annual_text_certification,
300532.SZ:2025,False,False,ST_history_label_and_input_certification_pending,annual_financial_certification;annual_text_certification,
300549.SZ:2020,False,False,ST_history_label_and_input_certification_pending,annual_financial_certification;annual_text_certification,
300549.SZ:2021,False,False,ST_history_label_and_input_certification_pending,annual_financial_certification;annual_text_certification,
300549.SZ:2022,False,False,ST_history_label_and_input_certification_pending,annual_financial_certification;annual_text_certification,
300549.SZ:2023,False,False,ST_history_label_and_input_certification_pending,historical_industry;annual_financial_certification;annual_text_certification,
300549.SZ:2024,False,False,ST_history_label_and_input_certification_pending,annual_financial_certification;annual_text_certification,
300549.SZ:2025,False,False,ST_history_label_and_input_certification_pending,annual_financial_certification;annual_text_certification,
300552.SZ:2020,False,False,ST_history_label_and_input_certification_pending,annual_financial_certification;annual_text_certification,
300552.SZ:2021,False,False,ST_history_label_and_input_certification_pending,annual_financial_certification;annual_text_certification,
300552.SZ:2022,False,False,ST_history_label_and_input_certification_pending,annual_financial_certification;annual_text_certification,
300552.SZ:2023,False,False,ST_history_label_and_input_certification_pending,historical_industry;annual_financial_certification;annual_text_certification,
300552.SZ:2024,False,False,ST_history_label_and_input_certification_pending,annual_financial_certification;annual_text_certification,
300552.SZ:2025,False,False,ST_history_label_and_input_certification_pending,annual_financial_certification;annual_text_certification,
300553.SZ:2020,False,False,ST_history_label_and_input_certification_pending,annual_financial_certification;annual_text_certification,
300553.SZ:2021,False,False,ST_history_label_and_input_certification_pending,annual_financial_certification;annual_text_certification,
300553.SZ:2022,False,False,ST_history_label_and_input_certification_pending,annual_financial_certification;annual_text_certification,
300553.SZ:2023,False,False,ST_history_label_and_input_certification_pending,historical_industry;annual_financial_certification;annual_text_certification,
300553.SZ:2024,False,False,ST_history_label_and_input_certification_pending,annual_financial_certification;annual_text_certification,
300553.SZ:2025,False,False,ST_history_label_and_input_certification_pending,annual_financial_certification;annual_text_certification,
300565.SZ:2020,False,False,ST_history_label_and_input_certification_pending,annual_financial_certification;annual_text_certification,
300565.SZ:2021,False,False,ST_history_label_and_input_certification_pending,annual_financial_certification;annual_text_certification,
300565.SZ:2022,False,False,ST_history_label_and_input_certification_pending,annual_financial_certification;annual_text_certification,
300565.SZ:2023,False,False,ST_history_label_and_input_certification_pending,historical_industry;annual_financial_certification;annual_text_certification,
300565.SZ:2024,False,False,ST_history_label_and_input_certification_pending,annual_financial_certification;annual_text_certification,
300565.SZ:2025,False,False,ST_history_label_and_input_certification_pending,annual_financial_certification;annual_text_certification,
300566.SZ:2020,False,False,ST_history_label_and_input_certification_pending,annual_financial_certification;annual_text_certification,
300566.SZ:2021,False,False,ST_history_label_and_input_certification_pending,annual_financial_certification;annual_text_certification,
300566.SZ:2022,False,False,ST_history_label_and_input_certification_pending,annual_financial_certification;annual_text_certification,
300566.SZ:2023,False,False,ST_history_label_and_input_certification_pending,historical_industry;annual_financial_certification;annual_text_certification,
300566.SZ:2024,False,False,ST_history_label_and_input_certification_pending,annual_financial_certification;annual_text_certification,
300566.SZ:2025,False,False,ST_history_label_and_input_certification_pending,annual_financial_certification;annual_text_certification,
300573.SZ:2020,False,False,ST_history_label_and_input_certification_pending,annual_financial_certification;annual_text_certification,
300573.SZ:2021,False,False,ST_history_label_and_input_certification_pending,annual_financial_certification;annual_text_certification,
300573.SZ:2022,False,False,ST_history_label_and_input_certification_pending,annual_financial_certification;annual_text_certification,
300573.SZ:2023,False,False,ST_history_label_and_input_certification_pending,historical_industry;annual_financial_certification;annual_text_certification,
300573.SZ:2024,False,False,ST_history_label_and_input_certification_pending,annual_financial_certification;annual_text_certification,
300573.SZ:2025,False,False,ST_history_label_and_input_certification_pending,annual_financial_certification;annual_text_certification,
300581.SZ:2020,False,False,ST_history_label_and_input_certification_pending,annual_financial_certification;annual_text_certification,
300581.SZ:2021,False,False,ST_history_label_and_input_certification_pending,annual_financial_certification;annual_text_certification,
300581.SZ:2022,False,False,ST_history_label_and_input_certification_pending,annual_financial_certification;annual_text_certification,
300581.SZ:2023,False,False,ST_history_label_and_input_certification_pending,historical_industry;annual_financial_certification;annual_text_certification,
300581.SZ:2024,False,False,ST_history_label_and_input_certification_pending,annual_financial_certification;annual_text_certification,
300581.SZ:2025,False,False,ST_history_label_and_input_certification_pending,annual_financial_certification;annual_text_certification,
300584.SZ:2020,False,False,ST_history_label_and_input_certification_pending,annual_financial_certification;annual_text_certification,
300584.SZ:2021,False,False,ST_history_label_and_input_certification_pending,annual_financial_certification;annual_text_certification,
300584.SZ:2022,False,False,ST_history_label_and_input_certification_pending,annual_financial_certification;annual_text_certification,
300584.SZ:2023,False,False,ST_history_label_and_input_certification_pending,historical_industry;annual_financial_certification;annual_text_certification,
300584.SZ:2024,False,False,ST_history_label_and_input_certification_pending,annual_financial_certification;annual_text_certification,
300584.SZ:2025,False,False,ST_history_label_and_input_certification_pending,annual_financial_certification;annual_text_certification,
300585.SZ:2020,False,False,ST_history_label_and_input_certification_pending,annual_financial_certification;annual_text_certification,
300585.SZ:2021,False,False,ST_history_label_and_input_certification_pending,annual_financial_certification;annual_text_certification,
300585.SZ:2022,False,False,ST_history_label_and_input_certification_pending,annual_financial_certification;annual_text_certification,
300585.SZ:2023,False,False,ST_history_label_and_input_certification_pending,historical_industry;annual_financial_certification;annual_text_certification,
300585.SZ:2024,False,False,ST_history_label_and_input_certification_pending,annual_financial_certification;annual_text_certification,
300585.SZ:2025,False,False,ST_history_label_and_input_certification_pending,annual_financial_certification;annual_text_certification,
300601.SZ:2020,False,False,ST_history_label_and_input_certification_pending,annual_financial_certification;annual_text_certification,
300601.SZ:2021,False,False,ST_history_label_and_input_certification_pending,annual_financial_certification;annual_text_certification,
300601.SZ:2022,False,False,ST_history_label_and_input_certification_pending,annual_financial_certification;annual_text_certification,
300601.SZ:2023,False,False,ST_history_label_and_input_certification_pending,historical_industry;annual_financial_certification;annual_text_certification,
300601.SZ:2024,False,False,ST_history_label_and_input_certification_pending,annual_financial_certification;annual_text_certification,
300601.SZ:2025,False,False,ST_history_label_and_input_certification_pending,annual_financial_certification;annual_text_certification,
300604.SZ:2020,False,False,ST_history_label_and_input_certification_pending,annual_financial_certification;annual_text_certification,
300604.SZ:2021,False,False,ST_history_label_and_input_certification_pending,annual_financial_certification;annual_text_certification,
300604.SZ:2022,False,False,ST_history_label_and_input_certification_pending,annual_financial_certification;annual_text_certification,
300604.SZ:2023,False,False,ST_history_label_and_input_certification_pending,historical_industry;annual_financial_certification;annual_text_certification,
300604.SZ:2024,False,False,ST_history_label_and_input_certification_pending,annual_financial_certification;annual_text_certification,
300604.SZ:2025,False,False,ST_history_label_and_input_certification_pending,annual_financial_certification;annual_text_certification,
300609.SZ:2020,False,False,ST_history_label_and_input_certification_pending,annual_financial_certification;annual_text_certification,
300609.SZ:2021,False,False,ST_history_label_and_input_certification_pending,annual_financial_certification;annual_text_certification,
300609.SZ:2022,False,False,ST_history_label_and_input_certification_pending,annual_financial_certification;annual_text_certification,
300609.SZ:2023,False,False,ST_history_label_and_input_certification_pending,historical_industry;annual_financial_certification;annual_text_certification,
300609.SZ:2024,False,False,ST_history_label_and_input_certification_pending,annual_financial_certification;annual_text_certification,
300609.SZ:2025,False,False,ST_history_label_and_input_certification_pending,annual_financial_certification;annual_text_certification,
300610.SZ:2020,False,False,ST_history_label_and_input_certification_pending,annual_financial_certification;annual_text_certification,
300610.SZ:2021,False,False,ST_history_label_and_input_certification_pending,annual_financial_certification;annual_text_certification,
300610.SZ:2022,False,False,ST_history_label_and_input_certification_pending,annual_financial_certification;annual_text_certification,
300610.SZ:2023,False,False,ST_history_label_and_input_certification_pending,historical_industry;annual_financial_certification;annual_text_certification,
300610.SZ:2024,False,False,ST_history_label_and_input_certification_pending,annual_financial_certification;annual_text_certification,
300610.SZ:2025,False,False,ST_history_label_and_input_certification_pending,annual_financial_certification;annual_text_certification,
300634.SZ:2021,False,False,ST_history_label_and_input_certification_pending,annual_financial_certification;annual_text_certification,
300634.SZ:2022,False,False,ST_history_label_and_input_certification_pending,annual_financial_certification;annual_text_certification,
300634.SZ:2023,False,False,ST_history_label_and_input_certification_pending,historical_industry;annual_financial_certification;annual_text_certification,
300634.SZ:2024,False,False,ST_history_label_and_input_certification_pending,annual_financial_certification;annual_text_certification,
300634.SZ:2025,False,False,ST_history_label_and_input_certification_pending,annual_financial_certification;annual_text_certification,
300639.SZ:2020,False,False,ST_history_label_and_input_certification_pending,annual_financial_certification;annual_text_certification,
300639.SZ:2021,False,False,ST_history_label_and_input_certification_pending,annual_financial_certification;annual_text_certification,
300639.SZ:2022,False,False,ST_history_label_and_input_certification_pending,annual_financial_certification;annual_text_certification,
300639.SZ:2023,False,False,ST_history_label_and_input_certification_pending,historical_industry;annual_financial_certification;annual_text_certification,
300639.SZ:2024,False,False,ST_history_label_and_input_certification_pending,annual_financial_certification;annual_text_certification,
300639.SZ:2025,False,False,ST_history_label_and_input_certification_pending,annual_financial_certification;annual_text_certification,
300640.SZ:2020,False,False,ST_history_label_and_input_certification_pending,annual_financial_certification;annual_text_certification,
300640.SZ:2021,False,False,ST_history_label_and_input_certification_pending,annual_financial_certification;annual_text_certification,
300640.SZ:2022,False,False,ST_history_label_and_input_certification_pending,annual_financial_certification;annual_text_certification,
300640.SZ:2023,False,False,ST_history_label_and_input_certification_pending,historical_industry;annual_financial_certification;annual_text_certification,
300640.SZ:2024,False,False,ST_history_label_and_input_certification_pending,annual_financial_certification;annual_text_certification,
300640.SZ:2025,False,False,ST_history_label_and_input_certification_pending,annual_financial_certification;annual_text_certification,
300643.SZ:2021,False,False,ST_history_label_and_input_certification_pending,annual_financial_certification;annual_text_certification,
300643.SZ:2022,False,False,ST_history_label_and_input_certification_pending,annual_financial_certification;annual_text_certification,
300643.SZ:2023,False,False,ST_history_label_and_input_certification_pending,historical_industry;annual_financial_certification;annual_text_certification,
300643.SZ:2024,False,False,ST_history_label_and_input_certification_pending,annual_financial_certification;annual_text_certification,
300643.SZ:2025,False,False,ST_history_label_and_input_certification_pending,annual_financial_certification;annual_text_certification,
300652.SZ:2021,False,False,ST_history_label_and_input_certification_pending,annual_financial_certification;annual_text_certification,
300652.SZ:2022,False,False,ST_history_label_and_input_certification_pending,annual_financial_certification;annual_text_certification,
300652.SZ:2023,False,False,ST_history_label_and_input_certification_pending,historical_industry;annual_financial_certification;annual_text_certification,
300652.SZ:2024,False,False,ST_history_label_and_input_certification_pending,annual_financial_certification;annual_text_certification,
300652.SZ:2025,False,False,ST_history_label_and_input_certification_pending,annual_financial_certification;annual_text_certification,
300653.SZ:2021,False,False,ST_history_label_and_input_certification_pending,annual_financial_certification;annual_text_certification,
300653.SZ:2022,False,False,ST_history_label_and_input_certification_pending,annual_financial_certification;annual_text_certification,
300653.SZ:2023,False,False,ST_history_label_and_input_certification_pending,historical_industry;annual_financial_certification;annual_text_certification,
300653.SZ:2024,False,False,ST_history_label_and_input_certification_pending,annual_financial_certification;annual_text_certification,
300653.SZ:2025,False,False,ST_history_label_and_input_certification_pending,annual_financial_certification;annual_text_certification,
300654.SZ:2021,False,False,ST_history_label_and_input_certification_pending,annual_financial_certification;annual_text_certification,
300654.SZ:2022,False,False,ST_history_label_and_input_certification_pending,annual_financial_certification;annual_text_certification,
300654.SZ:2023,False,False,ST_history_label_and_input_certification_pending,historical_industry;annual_financial_certification;annual_text_certification,
300654.SZ:2024,False,False,ST_history_label_and_input_certification_pending,annual_financial_certification;annual_text_certification,
300654.SZ:2025,False,False,ST_history_label_and_input_certification_pending,annual_financial_certification;annual_text_certification,
300655.SZ:2021,False,False,ST_history_label_and_input_certification_pending,annual_financial_certification;annual_text_certification,
300655.SZ:2022,False,False,ST_history_label_and_input_certification_pending,annual_financial_certification;annual_text_certification,
300655.SZ:2023,False,False,ST_history_label_and_input_certification_pending,historical_industry;annual_financial_certification;annual_text_certification,
300655.SZ:2024,False,False,ST_history_label_and_input_certification_pending,annual_financial_certification;annual_text_certification,
300655.SZ:2025,False,False,ST_history_label_and_input_certification_pending,annual_financial_certification;annual_text_certification,
300662.SZ:2021,False,False,ST_history_label_and_input_certification_pending,annual_financial_certification;annual_text_certification,
300662.SZ:2022,False,False,ST_history_label_and_input_certification_pending,annual_financial_certification;annual_text_certification,
300662.SZ:2023,False,False,ST_history_label_and_input_certification_pending,historical_industry;annual_financial_certification;annual_text_certification,
300662.SZ:2024,False,False,ST_history_label_and_input_certification_pending,annual_financial_certification;annual_text_certification,
300662.SZ:2025,False,False,ST_history_label_and_input_certification_pending,annual_financial_certification;annual_text_certification,
300673.SZ:2021,False,False,ST_history_label_and_input_certification_pending,annual_financial_certification;annual_text_certification,
300673.SZ:2022,False,False,ST_history_label_and_input_certification_pending,annual_financial_certification;annual_text_certification,
300673.SZ:2023,False,False,ST_history_label_and_input_certification_pending,historical_industry;annual_financial_certification;annual_text_certification,
300673.SZ:2024,False,False,ST_history_label_and_input_certification_pending,annual_financial_certification;annual_text_certification,
300673.SZ:2025,False,False,ST_history_label_and_input_certification_pending,annual_financial_certification;annual_text_certification,
300680.SZ:2021,False,False,ST_history_label_and_input_certification_pending,annual_financial_certification;annual_text_certification,
300680.SZ:2022,False,False,ST_history_label_and_input_certification_pending,annual_financial_certification;annual_text_certification,
300680.SZ:2023,False,False,ST_history_label_and_input_certification_pending,historical_industry;annual_financial_certification;annual_text_certification,
300680.SZ:2024,False,False,ST_history_label_and_input_certification_pending,annual_financial_certification;annual_text_certification,
300680.SZ:2025,False,False,ST_history_label_and_input_certification_pending,annual_financial_certification;annual_text_certification,
300690.SZ:2021,False,False,ST_history_label_and_input_certification_pending,annual_financial_certification;annual_text_certification,
300690.SZ:2022,False,False,ST_history_label_and_input_certification_pending,annual_financial_certification;annual_text_certification,
300690.SZ:2023,False,False,ST_history_label_and_input_certification_pending,historical_industry;annual_financial_certification;annual_text_certification,
300690.SZ:2024,False,False,ST_history_label_and_input_certification_pending,annual_financial_certification;annual_text_certification,
300690.SZ:2025,False,False,ST_history_label_and_input_certification_pending,annual_financial_certification;annual_text_certification,
300692.SZ:2021,False,False,ST_history_label_and_input_certification_pending,annual_financial_certification;annual_text_certification,
300692.SZ:2022,False,False,ST_history_label_and_input_certification_pending,annual_financial_certification;annual_text_certification,
300692.SZ:2023,False,False,ST_history_label_and_input_certification_pending,historical_industry;annual_financial_certification;annual_text_certification,
300692.SZ:2024,False,False,ST_history_label_and_input_certification_pending,annual_financial_certification;annual_text_certification,
300692.SZ:2025,False,False,ST_history_label_and_input_certification_pending,annual_financial_certification;annual_text_certification,
300700.SZ:2021,False,False,ST_history_label_and_input_certification_pending,annual_financial_certification;annual_text_certification,
300700.SZ:2022,False,False,ST_history_label_and_input_certification_pending,annual_financial_certification;annual_text_certification,
300700.SZ:2023,False,False,ST_history_label_and_input_certification_pending,historical_industry;annual_financial_certification;annual_text_certification,
300700.SZ:2024,False,False,ST_history_label_and_input_certification_pending,annual_financial_certification;annual_text_certification,
300700.SZ:2025,False,False,ST_history_label_and_input_certification_pending,annual_financial_certification;annual_text_certification,
300703.SZ:2021,False,False,ST_history_label_and_input_certification_pending,annual_financial_certification;annual_text_certification,
300703.SZ:2022,False,False,ST_history_label_and_input_certification_pending,annual_financial_certification;annual_text_certification,
300703.SZ:2023,False,False,ST_history_label_and_input_certification_pending,historical_industry;annual_financial_certification;annual_text_certification,
300703.SZ:2024,False,False,ST_history_label_and_input_certification_pending,annual_financial_certification;annual_text_certification,
300703.SZ:2025,False,False,ST_history_label_and_input_certification_pending,annual_financial_certification;annual_text_certification,
300710.SZ:2021,False,False,ST_history_label_and_input_certification_pending,annual_financial_certification;annual_text_certification,
300710.SZ:2022,False,False,ST_history_label_and_input_certification_pending,annual_financial_certification;annual_text_certification,
300710.SZ:2023,False,False,ST_history_label_and_input_certification_pending,historical_industry;annual_financial_certification;annual_text_certification,
300710.SZ:2024,False,False,ST_history_label_and_input_certification_pending,annual_financial_certification;annual_text_certification,
300710.SZ:2025,False,False,ST_history_label_and_input_certification_pending,annual_financial_certification;annual_text_certification,
300720.SZ:2021,False,False,ST_history_label_and_input_certification_pending,annual_financial_certification;annual_text_certification,
300720.SZ:2022,False,False,ST_history_label_and_input_certification_pending,annual_financial_certification;annual_text_certification,
300720.SZ:2023,False,False,ST_history_label_and_input_certification_pending,historical_industry;annual_financial_certification;annual_text_certification,
300720.SZ:2024,False,False,ST_history_label_and_input_certification_pending,annual_financial_certification;annual_text_certification,
300720.SZ:2025,False,False,ST_history_label_and_input_certification_pending,annual_financial_certification;annual_text_certification,
300729.SZ:2021,False,False,ST_history_label_and_input_certification_pending,annual_financial_certification;annual_text_certification,
300729.SZ:2022,False,False,ST_history_label_and_input_certification_pending,annual_financial_certification;annual_text_certification,
300729.SZ:2023,False,False,ST_history_label_and_input_certification_pending,historical_industry;annual_financial_certification;annual_text_certification,
300729.SZ:2024,False,False,ST_history_label_and_input_certification_pending,annual_financial_certification;annual_text_certification,
300729.SZ:2025,False,False,ST_history_label_and_input_certification_pending,annual_financial_certification;annual_text_certification,
300732.SZ:2021,False,False,ST_history_label_and_input_certification_pending,annual_financial_certification;annual_text_certification,
300732.SZ:2022,False,False,ST_history_label_and_input_certification_pending,annual_financial_certification;annual_text_certification,
300732.SZ:2023,False,False,ST_history_label_and_input_certification_pending,historical_industry;annual_financial_certification;annual_text_certification,
300732.SZ:2024,False,False,ST_history_label_and_input_certification_pending,annual_financial_certification;annual_text_certification,
300732.SZ:2025,False,False,ST_history_label_and_input_certification_pending,annual_financial_certification;annual_text_certification,
300733.SZ:2021,False,False,ST_history_label_and_input_certification_pending,annual_financial_certification;annual_text_certification,
300733.SZ:2022,False,False,ST_history_label_and_input_certification_pending,annual_financial_certification;annual_text_certification,
300733.SZ:2023,False,False,ST_history_label_and_input_certification_pending,historical_industry;annual_financial_certification;annual_text_certification,
300733.SZ:2024,False,False,ST_history_label_and_input_certification_pending,annual_financial_certification;annual_text_certification,
300733.SZ:2025,False,False,ST_history_label_and_input_certification_pending,annual_financial_certification;annual_text_certification,
300740.SZ:2021,False,False,ST_history_label_and_input_certification_pending,annual_financial_certification;annual_text_certification,
300740.SZ:2022,False,False,ST_history_label_and_input_certification_pending,annual_financial_certification;annual_text_certification,
300740.SZ:2023,False,False,ST_history_label_and_input_certification_pending,historical_industry;annual_financial_certification;annual_text_certification,
300740.SZ:2024,False,False,ST_history_label_and_input_certification_pending,annual_financial_certification;annual_text_certification,
300740.SZ:2025,False,False,ST_history_label_and_input_certification_pending,annual_financial_certification;annual_text_certification,
300745.SZ:2022,False,False,ST_history_label_and_input_certification_pending,annual_financial_certification;annual_text_certification,
300745.SZ:2023,False,False,ST_history_label_and_input_certification_pending,historical_industry;annual_financial_certification;annual_text_certification,
300745.SZ:2024,False,False,ST_history_label_and_input_certification_pending,annual_financial_certification;annual_text_certification,
300745.SZ:2025,False,False,ST_history_label_and_input_certification_pending,annual_financial_certification;annual_text_certification,
300748.SZ:2022,False,False,ST_history_label_and_input_certification_pending,annual_financial_certification;annual_text_certification,
300748.SZ:2023,False,False,ST_history_label_and_input_certification_pending,historical_industry;annual_financial_certification;annual_text_certification,
300748.SZ:2024,False,False,ST_history_label_and_input_certification_pending,annual_financial_certification;annual_text_certification,
300748.SZ:2025,False,False,ST_history_label_and_input_certification_pending,annual_financial_certification;annual_text_certification,
300751.SZ:2022,False,False,ST_history_label_and_input_certification_pending,annual_financial_certification;annual_text_certification,
300751.SZ:2023,False,False,ST_history_label_and_input_certification_pending,historical_industry;annual_financial_certification;annual_text_certification,
300751.SZ:2024,False,False,ST_history_label_and_input_certification_pending,annual_financial_certification;annual_text_certification,
300751.SZ:2025,False,False,ST_history_label_and_input_certification_pending,annual_financial_certification;annual_text_certification,
300774.SZ:2025,False,False,ST_history_label_and_input_certification_pending,annual_financial_certification;annual_text_certification,
300780.SZ:2023,False,False,ST_history_label_and_input_certification_pending,historical_industry;annual_financial_certification;annual_text_certification,
300780.SZ:2024,False,False,ST_history_label_and_input_certification_pending,annual_financial_certification;annual_text_certification,
300780.SZ:2025,False,False,ST_history_label_and_input_certification_pending,annual_financial_certification;annual_text_certification,
300781.SZ:2023,False,False,ST_history_label_and_input_certification_pending,historical_industry;annual_financial_certification;annual_text_certification,
300781.SZ:2024,False,False,ST_history_label_and_input_certification_pending,annual_financial_certification;annual_text_certification,
300781.SZ:2025,False,False,ST_history_label_and_input_certification_pending,annual_financial_certification;annual_text_certification,
300785.SZ:2023,False,False,ST_history_label_and_input_certification_pending,historical_industry;annual_financial_certification;annual_text_certification,
300785.SZ:2024,False,False,ST_history_label_and_input_certification_pending,annual_financial_certification;annual_text_certification,
300785.SZ:2025,False,False,ST_history_label_and_input_certification_pending,annual_financial_certification;annual_text_certification,
300792.SZ:2023,False,False,ST_history_label_and_input_certification_pending,historical_industry;annual_financial_certification;annual_text_certification,
300792.SZ:2024,False,False,ST_history_label_and_input_certification_pending,annual_financial_certification;annual_text_certification,
300792.SZ:2025,False,False,ST_history_label_and_input_certification_pending,annual_financial_certification;annual_text_certification,
300797.SZ:2023,False,False,ST_history_label_and_input_certification_pending,historical_industry;annual_financial_certification;annual_text_certification,
300797.SZ:2024,False,False,ST_history_label_and_input_certification_pending,annual_financial_certification;annual_text_certification,
300797.SZ:2025,False,False,ST_history_label_and_input_certification_pending,annual_financial_certification;annual_text_certification,
300802.SZ:2023,False,False,ST_history_label_and_input_certification_pending,historical_industry;annual_financial_certification;annual_text_certification,
300802.SZ:2024,False,False,ST_history_label_and_input_certification_pending,annual_financial_certification;annual_text_certification,
300802.SZ:2025,False,False,ST_history_label_and_input_certification_pending,annual_financial_certification;annual_text_certification,
300805.SZ:2023,False,False,ST_history_label_and_input_certification_pending,historical_industry;annual_financial_certification;annual_text_certification,
300805.SZ:2024,False,False,ST_history_label_and_input_certification_pending,annual_financial_certification;annual_text_certification,
300805.SZ:2025,False,False,ST_history_label_and_input_certification_pending,annual_financial_certification;annual_text_certification,
300818.SZ:2023,False,False,ST_history_label_and_input_certification_pending,historical_industry;annual_financial_certification;annual_text_certification,
300818.SZ:2024,False,False,ST_history_label_and_input_certification_pending,annual_financial_certification;annual_text_certification,
300818.SZ:2025,False,False,ST_history_label_and_input_certification_pending,annual_financial_certification;annual_text_certification,
300828.SZ:2023,False,False,ST_history_label_and_input_certification_pending,historical_industry;annual_financial_certification;annual_text_certification,
300828.SZ:2024,False,False,ST_history_label_and_input_certification_pending,annual_financial_certification;annual_text_certification,
300828.SZ:2025,False,False,ST_history_label_and_input_certification_pending,annual_financial_certification;annual_text_certification,
300848.SZ:2024,False,False,ST_history_label_and_input_certification_pending,annual_financial_certification;annual_text_certification,
300848.SZ:2025,False,False,ST_history_label_and_input_certification_pending,annual_financial_certification;annual_text_certification,
300849.SZ:2024,False,False,ST_history_label_and_input_certification_pending,annual_financial_certification;annual_text_certification,
300849.SZ:2025,False,False,ST_history_label_and_input_certification_pending,annual_financial_certification;annual_text_certification,
300853.SZ:2024,False,False,ST_history_label_and_input_certification_pending,annual_financial_certification;annual_text_certification,
300853.SZ:2025,False,False,ST_history_label_and_input_certification_pending,annual_financial_certification;annual_text_certification,
300858.SZ:2024,False,False,ST_history_label_and_input_certification_pending,annual_financial_certification;annual_text_certification,
300858.SZ:2025,False,False,ST_history_label_and_input_certification_pending,annual_financial_certification;annual_text_certification,
300863.SZ:2024,False,False,ST_history_label_and_input_certification_pending,annual_financial_certification;annual_text_certification,
300863.SZ:2025,False,False,ST_history_label_and_input_certification_pending,annual_financial_certification;annual_text_certification,
300864.SZ:2024,False,False,ST_history_label_and_input_certification_pending,annual_financial_certification;annual_text_certification,
300864.SZ:2025,False,False,ST_history_label_and_input_certification_pending,annual_financial_certification;annual_text_certification,
300872.SZ:2024,False,False,ST_history_label_and_input_certification_pending,annual_financial_certification;annual_text_certification,
300872.SZ:2025,False,False,ST_history_label_and_input_certification_pending,annual_financial_certification;annual_text_certification,
300879.SZ:2024,False,False,ST_history_label_and_input_certification_pending,annual_financial_certification;annual_text_certification,
300879.SZ:2025,False,False,ST_history_label_and_input_certification_pending,annual_financial_certification;annual_text_certification,
300889.SZ:2024,False,False,ST_history_label_and_input_certification_pending,annual_financial_certification;annual_text_certification,
300889.SZ:2025,False,False,ST_history_label_and_input_certification_pending,annual_financial_certification;annual_text_certification,
300894.SZ:2024,False,False,ST_history_label_and_input_certification_pending,annual_financial_certification;annual_text_certification,
300894.SZ:2025,False,False,ST_history_label_and_input_certification_pending,annual_financial_certification;annual_text_certification,
300898.SZ:2024,False,False,ST_history_label_and_input_certification_pending,annual_financial_certification;annual_text_certification,
300898.SZ:2025,False,False,ST_history_label_and_input_certification_pending,annual_financial_certification;annual_text_certification,
300912.SZ:2024,False,False,ST_history_label_and_input_certification_pending,annual_financial_certification;annual_text_certification,
300912.SZ:2025,False,False,ST_history_label_and_input_certification_pending,annual_financial_certification;annual_text_certification,
300922.SZ:2024,False,False,ST_history_label_and_input_certification_pending,annual_financial_certification;annual_text_certification,
300922.SZ:2025,False,False,ST_history_label_and_input_certification_pending,annual_financial_certification;annual_text_certification,
300938.SZ:2024,False,False,ST_history_label_and_input_certification_pending,annual_financial_certification;annual_text_certification,
300938.SZ:2025,False,False,ST_history_label_and_input_certification_pending,annual_financial_certification;annual_text_certification,
300945.SZ:2024,False,False,ST_history_label_and_input_certification_pending,annual_financial_certification;annual_text_certification,
300945.SZ:2025,False,False,ST_history_label_and_input_certification_pending,annual_financial_certification;annual_text_certification,
300946.SZ:2024,False,False,ST_history_label_and_input_certification_pending,annual_financial_certification;annual_text_certification,
300946.SZ:2025,False,False,ST_history_label_and_input_certification_pending,annual_financial_certification;annual_text_certification,
300958.SZ:2024,False,False,ST_history_label_and_input_certification_pending,annual_financial_certification;annual_text_certification,
300958.SZ:2025,False,False,ST_history_label_and_input_certification_pending,annual_financial_certification;annual_text_certification,
300973.SZ:2024,False,False,ST_history_label_and_input_certification_pending,annual_financial_certification;annual_text_certification,
300973.SZ:2025,False,False,ST_history_label_and_input_certification_pending,annual_financial_certification;annual_text_certification,
300992.SZ:2025,False,False,ST_history_label_and_input_certification_pending,annual_financial_certification;annual_text_certification,
300993.SZ:2025,False,False,ST_history_label_and_input_certification_pending,annual_financial_certification;annual_text_certification,
300994.SZ:2025,False,False,ST_history_label_and_input_certification_pending,annual_financial_certification;annual_text_certification,
300995.SZ:2025,False,False,ST_history_label_and_input_certification_pending,annual_financial_certification;annual_text_certification,
301000.SZ:2025,False,False,ST_history_label_and_input_certification_pending,annual_financial_certification;annual_text_certification,
301001.SZ:2025,False,False,ST_history_label_and_input_certification_pending,annual_financial_certification;annual_text_certification,
301004.SZ:2025,False,False,ST_history_label_and_input_certification_pending,annual_financial_certification;annual_text_certification,
301011.SZ:2025,False,False,ST_history_label_and_input_certification_pending,annual_financial_certification;annual_text_certification,
301015.SZ:2025,False,False,ST_history_label_and_input_certification_pending,annual_financial_certification;annual_text_certification,
301021.SZ:2025,False,False,ST_history_label_and_input_certification_pending,annual_financial_certification;annual_text_certification,
301024.SZ:2025,False,False,ST_history_label_and_input_certification_pending,annual_financial_certification;annual_text_certification,
301030.SZ:2025,False,False,ST_history_label_and_input_certification_pending,annual_financial_certification;annual_text_certification,
301033.SZ:2025,False,False,ST_history_label_and_input_certification_pending,annual_financial_certification;annual_text_certification,
301066.SZ:2025,False,False,ST_history_label_and_input_certification_pending,annual_financial_certification;annual_text_certification,
301071.SZ:2025,False,False,ST_history_label_and_input_certification_pending,annual_financial_certification;annual_text_certification,
301078.SZ:2025,False,False,ST_history_label_and_input_certification_pending,annual_financial_certification;annual_text_certification,
301091.SZ:2025,False,False,ST_history_label_and_input_certification_pending,annual_financial_certification;annual_text_certification,
301097.SZ:2025,False,False,ST_history_label_and_input_certification_pending,annual_financial_certification;annual_text_certification,
301103.SZ:2025,False,False,ST_history_label_and_input_certification_pending,annual_financial_certification;annual_text_certification,
301110.SZ:2025,False,False,ST_history_label_and_input_certification_pending,annual_financial_certification;annual_text_certification,
301116.SZ:2025,False,False,ST_history_label_and_input_certification_pending,annual_financial_certification;annual_text_certification,
301127.SZ:2025,False,False,ST_history_label_and_input_certification_pending,annual_financial_certification;annual_text_certification,
301129.SZ:2025,False,False,ST_history_label_and_input_certification_pending,annual_financial_certification;annual_text_certification,
301135.SZ:2025,False,False,ST_history_label_and_input_certification_pending,annual_financial_certification;annual_text_certification,
301138.SZ:2025,False,False,ST_history_label_and_input_certification_pending,annual_financial_certification;annual_text_certification,
301149.SZ:2025,False,False,ST_history_label_and_input_certification_pending,annual_financial_certification;annual_text_certification,
301163.SZ:2025,False,False,ST_history_label_and_input_certification_pending,annual_financial_certification;annual_text_certification,
301166.SZ:2025,False,False,ST_history_label_and_input_certification_pending,annual_financial_certification;annual_text_certification,
301187.SZ:2025,False,False,ST_history_label_and_input_certification_pending,annual_financial_certification;annual_text_certification,
301193.SZ:2025,False,False,ST_history_label_and_input_certification_pending,annual_financial_certification;annual_text_certification,
301200.SZ:2025,False,False,ST_history_label_and_input_certification_pending,annual_financial_certification;annual_text_certification,
301235.SZ:2025,False,False,ST_history_label_and_input_certification_pending,annual_financial_certification;annual_text_certification,
301248.SZ:2025,False,False,ST_history_label_and_input_certification_pending,annual_financial_certification;annual_text_certification,
