sample_id,firm_id,split,label,probability,threshold,variant,seed
000012.SZ:2017,000012.SZ,train,0,0.44876423478126526,0.7468543648719788,financial_only,17
000012.SZ:2019,000012.SZ,train,0,0.4675518572330475,0.7468543648719788,financial_only,17
000012.SZ:2020,000012.SZ,train,0,0.4646294116973877,0.7468543648719788,financial_only,17
000012.SZ:2021,000012.SZ,train,0,0.4464292824268341,0.7468543648719788,financial_only,17
000012.SZ:2022,000012.SZ,validation,0,0.4007923901081085,0.7468543648719788,financial_only,17
000012.SZ:2024,000012.SZ,test,0,0.4608023464679718,0.7468543648719788,financial_only,17
000018.SZ:2017,000018.SZ,train,0,0.5094083547592163,0.7468543648719788,financial_only,17
000019.SZ:2017,000019.SZ,train,0,0.2774657607078552,0.7468543648719788,financial_only,17
000019.SZ:2018,000019.SZ,train,0,0.4673475921154022,0.7468543648719788,financial_only,17
000019.SZ:2020,000019.SZ,train,0,0.38991862535476685,0.7468543648719788,financial_only,17
000019.SZ:2021,000019.SZ,train,0,0.40108227729797363,0.7468543648719788,financial_only,17
000019.SZ:2022,000019.SZ,validation,0,0.4132102131843567,0.7468543648719788,financial_only,17
000019.SZ:2024,000019.SZ,test,0,0.41578662395477295,0.7468543648719788,financial_only,17
000040.SZ:2017,000040.SZ,train,0,0.42822888493537903,0.7468543648719788,financial_only,17
000040.SZ:2022,000040.SZ,validation,0,0.5958605408668518,0.7468543648719788,financial_only,17
000048.SZ:2020,000048.SZ,train,0,0.3268243670463562,0.7468543648719788,financial_only,17
000048.SZ:2021,000048.SZ,train,0,0.3741288483142853,0.7468543648719788,financial_only,17
000048.SZ:2022,000048.SZ,validation,0,0.41337284445762634,0.7468543648719788,financial_only,17
000048.SZ:2025,000048.SZ,test,0,0.43646061420440674,0.7468543648719788,financial_only,17
000055.SZ:2017,000055.SZ,train,0,0.4006623327732086,0.7468543648719788,financial_only,17
000055.SZ:2019,000055.SZ,train,0,0.2934068739414215,0.7468543648719788,financial_only,17
000055.SZ:2020,000055.SZ,train,0,0.49940037727355957,0.7468543648719788,financial_only,17
000055.SZ:2021,000055.SZ,train,0,0.46244195103645325,0.7468543648719788,financial_only,17
000055.SZ:2022,000055.SZ,validation,0,0.4876399040222168,0.7468543648719788,financial_only,17
000055.SZ:2024,000055.SZ,test,0,0.48978090286254883,0.7468543648719788,financial_only,17
000055.SZ:2025,000055.SZ,test,0,0.5114232897758484,0.7468543648719788,financial_only,17
000068.SZ:2019,000068.SZ,train,0,0.7209888696670532,0.7468543648719788,financial_only,17
000068.SZ:2020,000068.SZ,train,0,0.5460880994796753,0.7468543648719788,financial_only,17
000068.SZ:2021,000068.SZ,train,0,0.7317550182342529,0.7468543648719788,financial_only,17
000068.SZ:2022,000068.SZ,validation,0,0.6235705018043518,0.7468543648719788,financial_only,17
000068.SZ:2024,000068.SZ,test,0,0.3077521026134491,0.7468543648719788,financial_only,17
000068.SZ:2025,000068.SZ,test,0,0.5475187301635742,0.7468543648719788,financial_only,17
000099.SZ:2017,000099.SZ,train,0,0.49344056844711304,0.7468543648719788,financial_only,17
000099.SZ:2018,000099.SZ,train,0,0.47488823533058167,0.7468543648719788,financial_only,17
000099.SZ:2019,000099.SZ,train,0,0.4635714292526245,0.7468543648719788,financial_only,17
000099.SZ:2020,000099.SZ,train,0,0.4439070224761963,0.7468543648719788,financial_only,17
000099.SZ:2021,000099.SZ,train,0,0.4066086411476135,0.7468543648719788,financial_only,17
000099.SZ:2022,000099.SZ,validation,0,0.35062646865844727,0.7468543648719788,financial_only,17
000419.SZ:2017,000419.SZ,train,0,0.484605073928833,0.7468543648719788,financial_only,17
000419.SZ:2018,000419.SZ,train,0,0.47433361411094666,0.7468543648719788,financial_only,17
000419.SZ:2019,000419.SZ,train,0,0.4717407822608948,0.7468543648719788,financial_only,17
000419.SZ:2020,000419.SZ,train,0,0.461857408285141,0.7468543648719788,financial_only,17
000419.SZ:2021,000419.SZ,train,0,0.44672873616218567,0.7468543648719788,financial_only,17
000419.SZ:2022,000419.SZ,validation,0,0.4589882493019104,0.7468543648719788,financial_only,17
000419.SZ:2024,000419.SZ,test,0,0.4590913951396942,0.7468543648719788,financial_only,17
000501.SZ:2017,000501.SZ,train,0,0.4488062858581543,0.7468543648719788,financial_only,17
000501.SZ:2018,000501.SZ,train,0,0.44918450713157654,0.7468543648719788,financial_only,17
000501.SZ:2019,000501.SZ,train,0,0.4569430351257324,0.7468543648719788,financial_only,17
000501.SZ:2020,000501.SZ,train,0,0.4598913788795471,0.7468543648719788,financial_only,17
000501.SZ:2021,000501.SZ,train,0,0.47466692328453064,0.7468543648719788,financial_only,17
000501.SZ:2022,000501.SZ,validation,0,0.4564533233642578,0.7468543648719788,financial_only,17
000501.SZ:2024,000501.SZ,test,0,0.4857245683670044,0.7468543648719788,financial_only,17
000501.SZ:2025,000501.SZ,test,0,0.4915446639060974,0.7468543648719788,financial_only,17
000504.SZ:2018,000504.SZ,train,0,0.7368095517158508,0.7468543648719788,financial_only,17
000504.SZ:2019,000504.SZ,train,1,0.7298882603645325,0.7468543648719788,financial_only,17
000504.SZ:2021,000504.SZ,train,0,0.5469139218330383,0.7468543648719788,financial_only,17
000504.SZ:2022,000504.SZ,validation,0,0.6429126262664795,0.7468543648719788,financial_only,17
000504.SZ:2024,000504.SZ,test,1,0.6646946668624878,0.7468543648719788,financial_only,17
000533.SZ:2019,000533.SZ,train,0,0.7233191132545471,0.7468543648719788,financial_only,17
000533.SZ:2020,000533.SZ,train,0,0.5648801326751709,0.7468543648719788,financial_only,17
000533.SZ:2021,000533.SZ,train,0,0.5292500853538513,0.7468543648719788,financial_only,17
000533.SZ:2022,000533.SZ,validation,0,0.572883665561676,0.7468543648719788,financial_only,17
000533.SZ:2024,000533.SZ,test,0,0.5274948477745056,0.7468543648719788,financial_only,17
000533.SZ:2025,000533.SZ,test,0,0.5197024345397949,0.7468543648719788,financial_only,17
000534.SZ:2020,000534.SZ,train,0,0.4477735757827759,0.7468543648719788,financial_only,17
000534.SZ:2021,000534.SZ,train,0,0.4423500597476959,0.7468543648719788,financial_only,17
000534.SZ:2022,000534.SZ,validation,0,0.43531695008277893,0.7468543648719788,financial_only,17
000534.SZ:2024,000534.SZ,test,0,0.42163121700286865,0.7468543648719788,financial_only,17
000545.SZ:2017,000545.SZ,train,0,0.4250042140483856,0.7468543648719788,financial_only,17
000545.SZ:2018,000545.SZ,train,0,0.4347659945487976,0.7468543648719788,financial_only,17
000545.SZ:2019,000545.SZ,train,0,0.4552938938140869,0.7468543648719788,financial_only,17
000545.SZ:2021,000545.SZ,train,0,0.5891866683959961,0.7468543648719788,financial_only,17
000545.SZ:2022,000545.SZ,validation,0,0.48153895139694214,0.7468543648719788,financial_only,17
000545.SZ:2024,000545.SZ,test,0,0.5644718408584595,0.7468543648719788,financial_only,17
000545.SZ:2025,000545.SZ,test,0,0.61451655626297,0.7468543648719788,financial_only,17
000553.SZ:2017,000553.SZ,train,0,0.5273093581199646,0.7468543648719788,financial_only,17
000555.SZ:2017,000555.SZ,train,0,0.5190199017524719,0.7468543648719788,financial_only,17
000555.SZ:2022,000555.SZ,validation,0,0.4784289002418518,0.7468543648719788,financial_only,17
000555.SZ:2024,000555.SZ,test,0,0.517201840877533,0.7468543648719788,financial_only,17
000555.SZ:2025,000555.SZ,test,0,0.556329607963562,0.7468543648719788,financial_only,17
000557.SZ:2020,000557.SZ,train,0,0.37377557158470154,0.7468543648719788,financial_only,17
000557.SZ:2021,000557.SZ,train,0,0.33122891187667847,0.7468543648719788,financial_only,17
000557.SZ:2022,000557.SZ,validation,0,0.32275232672691345,0.7468543648719788,financial_only,17
000557.SZ:2024,000557.SZ,test,0,0.27397656440734863,0.7468543648719788,financial_only,17
000557.SZ:2025,000557.SZ,test,0,0.34716731309890747,0.7468543648719788,financial_only,17
000576.SZ:2017,000576.SZ,train,0,0.41276124119758606,0.7468543648719788,financial_only,17
000576.SZ:2021,000576.SZ,train,0,0.20911431312561035,0.7468543648719788,financial_only,17
000576.SZ:2022,000576.SZ,validation,0,0.35516974329948425,0.7468543648719788,financial_only,17
000576.SZ:2024,000576.SZ,test,0,0.5968274474143982,0.7468543648719788,financial_only,17
000576.SZ:2025,000576.SZ,test,0,0.3384271562099457,0.7468543648719788,financial_only,17
000581.SZ:2017,000581.SZ,train,0,0.3448669910430908,0.7468543648719788,financial_only,17
000581.SZ:2018,000581.SZ,train,0,0.3309266269207001,0.7468543648719788,financial_only,17
000581.SZ:2019,000581.SZ,train,0,0.3387083113193512,0.7468543648719788,financial_only,17
000581.SZ:2020,000581.SZ,train,0,0.37540966272354126,0.7468543648719788,financial_only,17
000581.SZ:2021,000581.SZ,train,0,0.3824358582496643,0.7468543648719788,financial_only,17
000581.SZ:2022,000581.SZ,validation,0,0.3885243833065033,0.7468543648719788,financial_only,17
000581.SZ:2024,000581.SZ,test,0,0.42458856105804443,0.7468543648719788,financial_only,17
000581.SZ:2025,000581.SZ,test,0,0.43345221877098083,0.7468543648719788,financial_only,17
000585.SZ:2017,000585.SZ,train,1,0.8314947485923767,0.7468543648719788,financial_only,17
000589.SZ:2020,000589.SZ,train,0,0.47696346044540405,0.7468543648719788,financial_only,17
000589.SZ:2021,000589.SZ,train,0,0.40532076358795166,0.7468543648719788,financial_only,17
000589.SZ:2022,000589.SZ,validation,0,0.4929561913013458,0.7468543648719788,financial_only,17
000589.SZ:2024,000589.SZ,test,0,0.4602068066596985,0.7468543648719788,financial_only,17
000589.SZ:2025,000589.SZ,test,0,0.4923047423362732,0.7468543648719788,financial_only,17
000593.SZ:2017,000593.SZ,train,0,0.5762973427772522,0.7468543648719788,financial_only,17
000593.SZ:2018,000593.SZ,train,0,0.4821321666240692,0.7468543648719788,financial_only,17
000593.SZ:2019,000593.SZ,train,0,0.6490827798843384,0.7468543648719788,financial_only,17
000593.SZ:2020,000593.SZ,train,0,0.5087373852729797,0.7468543648719788,financial_only,17
000593.SZ:2021,000593.SZ,train,0,0.499306321144104,0.7468543648719788,financial_only,17
000593.SZ:2022,000593.SZ,validation,0,0.4753689765930176,0.7468543648719788,financial_only,17
000593.SZ:2025,000593.SZ,test,0,0.5083777904510498,0.7468543648719788,financial_only,17
000598.SZ:2017,000598.SZ,train,0,0.4169888198375702,0.7468543648719788,financial_only,17
000598.SZ:2019,000598.SZ,train,0,0.4241020977497101,0.7468543648719788,financial_only,17
000598.SZ:2020,000598.SZ,train,0,0.4298127293586731,0.7468543648719788,financial_only,17
000598.SZ:2021,000598.SZ,train,0,0.4186716079711914,0.7468543648719788,financial_only,17
000598.SZ:2022,000598.SZ,validation,0,0.42296895384788513,0.7468543648719788,financial_only,17
000598.SZ:2024,000598.SZ,test,0,0.42255526781082153,0.7468543648719788,financial_only,17
000598.SZ:2025,000598.SZ,test,0,0.4262177050113678,0.7468543648719788,financial_only,17
000599.SZ:2017,000599.SZ,train,0,0.5354421734809875,0.7468543648719788,financial_only,17
000599.SZ:2018,000599.SZ,train,0,0.5325778126716614,0.7468543648719788,financial_only,17
000599.SZ:2019,000599.SZ,train,0,0.5380347967147827,0.7468543648719788,financial_only,17
000599.SZ:2020,000599.SZ,train,0,0.5897548198699951,0.7468543648719788,financial_only,17
000599.SZ:2021,000599.SZ,train,0,0.5551859140396118,0.7468543648719788,financial_only,17
000599.SZ:2022,000599.SZ,validation,0,0.5970309376716614,0.7468543648719788,financial_only,17
000599.SZ:2024,000599.SZ,test,0,0.5736921429634094,0.7468543648719788,financial_only,17
000599.SZ:2025,000599.SZ,test,0,0.6062121987342834,0.7468543648719788,financial_only,17
000610.SZ:2020,000610.SZ,train,0,0.5176941752433777,0.7468543648719788,financial_only,17
000610.SZ:2021,000610.SZ,train,0,0.44663456082344055,0.7468543648719788,financial_only,17
000610.SZ:2022,000610.SZ,validation,0,0.5977211594581604,0.7468543648719788,financial_only,17
000610.SZ:2024,000610.SZ,test,0,0.6716960668563843,0.7468543648719788,financial_only,17
000610.SZ:2025,000610.SZ,test,1,0.7485482692718506,0.7468543648719788,financial_only,17
000612.SZ:2020,000612.SZ,train,0,0.48560237884521484,0.7468543648719788,financial_only,17
000612.SZ:2021,000612.SZ,train,0,0.4431051015853882,0.7468543648719788,financial_only,17
000612.SZ:2022,000612.SZ,validation,0,0.44328686594963074,0.7468543648719788,financial_only,17
000612.SZ:2024,000612.SZ,test,0,0.4373108148574829,0.7468543648719788,financial_only,17
000612.SZ:2025,000612.SZ,test,0,0.4318746030330658,0.7468543648719788,financial_only,17
000626.SZ:2017,000626.SZ,train,0,0.4727367162704468,0.7468543648719788,financial_only,17
000626.SZ:2018,000626.SZ,train,0,0.555099368095398,0.7468543648719788,financial_only,17
000626.SZ:2020,000626.SZ,train,0,0.49205875396728516,0.7468543648719788,financial_only,17
000626.SZ:2021,000626.SZ,train,0,0.503212571144104,0.7468543648719788,financial_only,17
000626.SZ:2022,000626.SZ,validation,0,0.48825207352638245,0.7468543648719788,financial_only,17
000626.SZ:2024,000626.SZ,test,0,0.5473349690437317,0.7468543648719788,financial_only,17
000626.SZ:2025,000626.SZ,test,0,0.5038103461265564,0.7468543648719788,financial_only,17
000629.SZ:2019,000629.SZ,train,0,0.319499671459198,0.7468543648719788,financial_only,17
000629.SZ:2020,000629.SZ,train,0,0.3596779704093933,0.7468543648719788,financial_only,17
000629.SZ:2021,000629.SZ,train,0,0.41239485144615173,0.7468543648719788,financial_only,17
000629.SZ:2022,000629.SZ,validation,0,0.3891329765319824,0.7468543648719788,financial_only,17
000629.SZ:2024,000629.SZ,test,0,0.39908769726753235,0.7468543648719788,financial_only,17
000629.SZ:2025,000629.SZ,test,0,0.4045768082141876,0.7468543648719788,financial_only,17
000633.SZ:2018,000633.SZ,train,0,0.6195345520973206,0.7468543648719788,financial_only,17
000633.SZ:2019,000633.SZ,train,0,0.5515395402908325,0.7468543648719788,financial_only,17
000633.SZ:2022,000633.SZ,validation,0,0.44604796171188354,0.7468543648719788,financial_only,17
000633.SZ:2024,000633.SZ,test,0,0.37665826082229614,0.7468543648719788,financial_only,17
000633.SZ:2025,000633.SZ,test,0,0.49189794063568115,0.7468543648719788,financial_only,17
000635.SZ:2018,000635.SZ,train,0,0.421029269695282,0.7468543648719788,financial_only,17
000635.SZ:2019,000635.SZ,train,0,0.4615250825881958,0.7468543648719788,financial_only,17
000635.SZ:2021,000635.SZ,train,0,0.410383939743042,0.7468543648719788,financial_only,17
000635.SZ:2022,000635.SZ,validation,0,0.4222773015499115,0.7468543648719788,financial_only,17
000650.SZ:2017,000650.SZ,train,0,0.36513182520866394,0.7468543648719788,financial_only,17
000650.SZ:2019,000650.SZ,train,0,0.32288020849227905,0.7468543648719788,financial_only,17
000650.SZ:2020,000650.SZ,train,0,0.2862299084663391,0.7468543648719788,financial_only,17
000650.SZ:2021,000650.SZ,train,0,0.2800099849700928,0.7468543648719788,financial_only,17
000650.SZ:2022,000650.SZ,validation,0,0.32272887229919434,0.7468543648719788,financial_only,17
000650.SZ:2024,000650.SZ,test,0,0.29358986020088196,0.7468543648719788,financial_only,17
000650.SZ:2025,000650.SZ,test,0,0.25262150168418884,0.7468543648719788,financial_only,17
000652.SZ:2017,000652.SZ,train,0,0.44671764969825745,0.7468543648719788,financial_only,17
000652.SZ:2018,000652.SZ,train,0,0.4493888020515442,0.7468543648719788,financial_only,17
000652.SZ:2019,000652.SZ,train,0,0.4665137231349945,0.7468543648719788,financial_only,17
000652.SZ:2020,000652.SZ,train,0,0.47123274207115173,0.7468543648719788,financial_only,17
000655.SZ:2017,000655.SZ,train,1,0.729638934135437,0.7468543648719788,financial_only,17
000655.SZ:2019,000655.SZ,train,0,0.3676074147224426,0.7468543648719788,financial_only,17
000655.SZ:2020,000655.SZ,train,0,0.30941763520240784,0.7468543648719788,financial_only,17
000655.SZ:2021,000655.SZ,train,0,0.2867356836795807,0.7468543648719788,financial_only,17
000655.SZ:2022,000655.SZ,validation,0,0.2464670091867447,0.7468543648719788,financial_only,17
000655.SZ:2024,000655.SZ,test,0,0.2355194091796875,0.7468543648719788,financial_only,17
000655.SZ:2025,000655.SZ,test,0,0.27364107966423035,0.7468543648719788,financial_only,17
000656.SZ:2020,000656.SZ,train,0,0.3689199388027191,0.7468543648719788,financial_only,17
000656.SZ:2021,000656.SZ,train,0,0.37507835030555725,0.7468543648719788,financial_only,17
000656.SZ:2022,000656.SZ,validation,0,0.39317694306373596,0.7468543648719788,financial_only,17
000662.SZ:2018,000662.SZ,train,0,0.36969679594039917,0.7468543648719788,financial_only,17
000665.SZ:2024,000665.SZ,test,0,0.6630406975746155,0.7468543648719788,financial_only,17
000668.SZ:2017,000668.SZ,train,0,0.6085983514785767,0.7468543648719788,financial_only,17
000668.SZ:2019,000668.SZ,train,0,0.3845962882041931,0.7468543648719788,financial_only,17
000668.SZ:2021,000668.SZ,train,0,0.4458141326904297,0.7468543648719788,financial_only,17
000668.SZ:2024,000668.SZ,test,1,0.5684078335762024,0.7468543648719788,financial_only,17
000670.SZ:2017,000670.SZ,train,0,0.39176666736602783,0.7468543648719788,financial_only,17
000670.SZ:2024,000670.SZ,test,0,0.5926991701126099,0.7468543648719788,financial_only,17
000670.SZ:2025,000670.SZ,test,0,0.5741777420043945,0.7468543648719788,financial_only,17
000695.SZ:2017,000695.SZ,train,0,0.5527893304824829,0.7468543648719788,financial_only,17
000695.SZ:2018,000695.SZ,train,0,0.5534220933914185,0.7468543648719788,financial_only,17
000695.SZ:2019,000695.SZ,train,0,0.43963801860809326,0.7468543648719788,financial_only,17
000695.SZ:2020,000695.SZ,train,0,0.495192289352417,0.7468543648719788,financial_only,17
000695.SZ:2021,000695.SZ,train,0,0.5850576162338257,0.7468543648719788,financial_only,17
000695.SZ:2024,000695.SZ,test,0,0.6284366846084595,0.7468543648719788,financial_only,17
000695.SZ:2025,000695.SZ,test,0,0.5878640413284302,0.7468543648719788,financial_only,17
000709.SZ:2017,000709.SZ,train,0,0.5001672506332397,0.7468543648719788,financial_only,17
000709.SZ:2020,000709.SZ,train,0,0.4921162724494934,0.7468543648719788,financial_only,17
000709.SZ:2021,000709.SZ,train,0,0.4954019784927368,0.7468543648719788,financial_only,17
000709.SZ:2022,000709.SZ,validation,0,0.4879090189933777,0.7468543648719788,financial_only,17
000709.SZ:2024,000709.SZ,test,0,0.5017511248588562,0.7468543648719788,financial_only,17
000709.SZ:2025,000709.SZ,test,0,0.5064050555229187,0.7468543648719788,financial_only,17
000715.SZ:2017,000715.SZ,train,0,0.4661611020565033,0.7468543648719788,financial_only,17
000715.SZ:2018,000715.SZ,train,0,0.4697529077529907,0.7468543648719788,financial_only,17
000715.SZ:2019,000715.SZ,train,0,0.46705693006515503,0.7468543648719788,financial_only,17
000715.SZ:2020,000715.SZ,train,0,0.44333288073539734,0.7468543648719788,financial_only,17
000715.SZ:2021,000715.SZ,train,0,0.4068893790245056,0.7468543648719788,financial_only,17
000715.SZ:2022,000715.SZ,validation,0,0.38845065236091614,0.7468543648719788,financial_only,17
000715.SZ:2024,000715.SZ,test,0,0.37201011180877686,0.7468543648719788,financial_only,17
000715.SZ:2025,000715.SZ,test,0,0.41265517473220825,0.7468543648719788,financial_only,17
000718.SZ:2018,000718.SZ,train,0,0.34566807746887207,0.7468543648719788,financial_only,17
000718.SZ:2019,000718.SZ,train,0,0.3083963990211487,0.7468543648719788,financial_only,17
000718.SZ:2020,000718.SZ,train,0,0.2834852933883667,0.7468543648719788,financial_only,17
000718.SZ:2021,000718.SZ,train,0,0.3067253828048706,0.7468543648719788,financial_only,17
000718.SZ:2022,000718.SZ,validation,0,0.31716635823249817,0.7468543648719788,financial_only,17
000718.SZ:2024,000718.SZ,test,0,0.3596273362636566,0.7468543648719788,financial_only,17
000718.SZ:2025,000718.SZ,test,0,0.3736461102962494,0.7468543648719788,financial_only,17
000727.SZ:2017,000727.SZ,train,0,0.5402843356132507,0.7468543648719788,financial_only,17
000727.SZ:2021,000727.SZ,train,0,0.4824086129665375,0.7468543648719788,financial_only,17
000739.SZ:2018,000739.SZ,train,0,0.4915294051170349,0.7468543648719788,financial_only,17
000739.SZ:2019,000739.SZ,train,0,0.4585372507572174,0.7468543648719788,financial_only,17
000739.SZ:2020,000739.SZ,train,0,0.4269776940345764,0.7468543648719788,financial_only,17
000739.SZ:2021,000739.SZ,train,0,0.41612040996551514,0.7468543648719788,financial_only,17
000739.SZ:2022,000739.SZ,validation,0,0.41895171999931335,0.7468543648719788,financial_only,17
000739.SZ:2024,000739.SZ,test,0,0.4415142238140106,0.7468543648719788,financial_only,17
000739.SZ:2025,000739.SZ,test,0,0.44428786635398865,0.7468543648719788,financial_only,17
000786.SZ:2020,000786.SZ,train,0,0.47369635105133057,0.7468543648719788,financial_only,17
000786.SZ:2021,000786.SZ,train,0,0.38844987750053406,0.7468543648719788,financial_only,17
000786.SZ:2022,000786.SZ,validation,0,0.383882075548172,0.7468543648719788,financial_only,17
000786.SZ:2024,000786.SZ,test,0,0.38107654452323914,0.7468543648719788,financial_only,17
000786.SZ:2025,000786.SZ,test,0,0.4042368233203888,0.7468543648719788,financial_only,17
000797.SZ:2017,000797.SZ,train,0,0.3844074308872223,0.7468543648719788,financial_only,17
000797.SZ:2018,000797.SZ,train,0,0.38420262932777405,0.7468543648719788,financial_only,17
000797.SZ:2019,000797.SZ,train,0,0.3475450575351715,0.7468543648719788,financial_only,17
000797.SZ:2020,000797.SZ,train,0,0.36137112975120544,0.7468543648719788,financial_only,17
000797.SZ:2021,000797.SZ,train,0,0.37873706221580505,0.7468543648719788,financial_only,17
000797.SZ:2022,000797.SZ,validation,0,0.398587167263031,0.7468543648719788,financial_only,17
000797.SZ:2024,000797.SZ,test,0,0.38457223773002625,0.7468543648719788,financial_only,17
000797.SZ:2025,000797.SZ,test,0,0.38220375776290894,0.7468543648719788,financial_only,17
000800.SZ:2017,000800.SZ,train,0,0.5609111785888672,0.7468543648719788,financial_only,17
000800.SZ:2019,000800.SZ,train,0,0.5224035382270813,0.7468543648719788,financial_only,17
000800.SZ:2020,000800.SZ,train,0,0.5057359933853149,0.7468543648719788,financial_only,17
000800.SZ:2021,000800.SZ,train,0,0.4519590735435486,0.7468543648719788,financial_only,17
000800.SZ:2022,000800.SZ,validation,0,0.4406701624393463,0.7468543648719788,financial_only,17
000800.SZ:2024,000800.SZ,test,0,0.5001559853553772,0.7468543648719788,financial_only,17
000800.SZ:2025,000800.SZ,test,0,0.5186781883239746,0.7468543648719788,financial_only,17
000807.SZ:2017,000807.SZ,train,0,0.5029125213623047,0.7468543648719788,financial_only,17
000807.SZ:2019,000807.SZ,train,0,0.5901296734809875,0.7468543648719788,financial_only,17
000807.SZ:2020,000807.SZ,train,0,0.4836048185825348,0.7468543648719788,financial_only,17
000807.SZ:2021,000807.SZ,train,0,0.4615273177623749,0.7468543648719788,financial_only,17
000807.SZ:2022,000807.SZ,validation,0,0.41020825505256653,0.7468543648719788,financial_only,17
000807.SZ:2024,000807.SZ,test,0,0.3985338509082794,0.7468543648719788,financial_only,17
000821.SZ:2022,000821.SZ,validation,0,0.4806652367115021,0.7468543648719788,financial_only,17
000821.SZ:2024,000821.SZ,test,0,0.4432816505432129,0.7468543648719788,financial_only,17
000821.SZ:2025,000821.SZ,test,1,0.4489854872226715,0.7468543648719788,financial_only,17
000822.SZ:2020,000822.SZ,train,0,0.45173025131225586,0.7468543648719788,financial_only,17
000823.SZ:2017,000823.SZ,train,0,0.4510858952999115,0.7468543648719788,financial_only,17
000823.SZ:2018,000823.SZ,train,0,0.4614783823490143,0.7468543648719788,financial_only,17
000823.SZ:2019,000823.SZ,train,0,0.45451319217681885,0.7468543648719788,financial_only,17
000823.SZ:2020,000823.SZ,train,0,0.44549134373664856,0.7468543648719788,financial_only,17
000823.SZ:2021,000823.SZ,train,0,0.457314670085907,0.7468543648719788,financial_only,17
000823.SZ:2022,000823.SZ,validation,0,0.4679790139198303,0.7468543648719788,financial_only,17
000823.SZ:2024,000823.SZ,test,0,0.47589534521102905,0.7468543648719788,financial_only,17
000823.SZ:2025,000823.SZ,test,0,0.47366899251937866,0.7468543648719788,financial_only,17
000830.SZ:2017,000830.SZ,train,0,0.49531620740890503,0.7468543648719788,financial_only,17
000830.SZ:2018,000830.SZ,train,0,0.42781466245651245,0.7468543648719788,financial_only,17
000830.SZ:2019,000830.SZ,train,0,0.3953845500946045,0.7468543648719788,financial_only,17
000830.SZ:2020,000830.SZ,train,0,0.44609662890434265,0.7468543648719788,financial_only,17
000830.SZ:2021,000830.SZ,train,0,0.4722502827644348,0.7468543648719788,financial_only,17
000830.SZ:2022,000830.SZ,validation,0,0.3636319637298584,0.7468543648719788,financial_only,17
000830.SZ:2024,000830.SZ,test,0,0.4729554355144501,0.7468543648719788,financial_only,17
000830.SZ:2025,000830.SZ,test,0,0.4544159770011902,0.7468543648719788,financial_only,17
000835.SZ:2018,000835.SZ,train,0,0.3583489656448364,0.7468543648719788,financial_only,17
000835.SZ:2019,000835.SZ,train,0,0.8574507832527161,0.7468543648719788,financial_only,17
000850.SZ:2017,000850.SZ,train,0,0.5075279474258423,0.7468543648719788,financial_only,17
000850.SZ:2018,000850.SZ,train,0,0.5076406598091125,0.7468543648719788,financial_only,17
000850.SZ:2019,000850.SZ,train,0,0.5059266090393066,0.7468543648719788,financial_only,17
000850.SZ:2021,000850.SZ,train,0,0.46736234426498413,0.7468543648719788,financial_only,17
000850.SZ:2022,000850.SZ,validation,0,0.4268442690372467,0.7468543648719788,financial_only,17
000850.SZ:2024,000850.SZ,test,0,0.49058768153190613,0.7468543648719788,financial_only,17
000850.SZ:2025,000850.SZ,test,0,0.45543569326400757,0.7468543648719788,financial_only,17
000861.SZ:2017,000861.SZ,train,0,0.41697028279304504,0.7468543648719788,financial_only,17
000861.SZ:2019,000861.SZ,train,0,0.42684581875801086,0.7468543648719788,financial_only,17
000861.SZ:2020,000861.SZ,train,0,0.4307173788547516,0.7468543648719788,financial_only,17
000861.SZ:2021,000861.SZ,train,0,0.4559539556503296,0.7468543648719788,financial_only,17
000861.SZ:2022,000861.SZ,validation,0,0.6653648614883423,0.7468543648719788,financial_only,17
000868.SZ:2021,000868.SZ,train,0,0.5053900480270386,0.7468543648719788,financial_only,17
000868.SZ:2022,000868.SZ,validation,0,0.7190591096878052,0.7468543648719788,financial_only,17
000883.SZ:2017,000883.SZ,train,0,0.44109413027763367,0.7468543648719788,financial_only,17
000883.SZ:2018,000883.SZ,train,0,0.4480990469455719,0.7468543648719788,financial_only,17
000883.SZ:2019,000883.SZ,train,0,0.45780104398727417,0.7468543648719788,financial_only,17
000883.SZ:2020,000883.SZ,train,0,0.4691241979598999,0.7468543648719788,financial_only,17
000883.SZ:2021,000883.SZ,train,0,0.4468774199485779,0.7468543648719788,financial_only,17
000883.SZ:2022,000883.SZ,validation,0,0.4706050157546997,0.7468543648719788,financial_only,17
000883.SZ:2024,000883.SZ,test,0,0.4805462658405304,0.7468543648719788,financial_only,17
000890.SZ:2017,000890.SZ,train,0,0.48273995518684387,0.7468543648719788,financial_only,17
000890.SZ:2019,000890.SZ,train,1,0.5354123115539551,0.7468543648719788,financial_only,17
000890.SZ:2022,000890.SZ,validation,0,0.47506675124168396,0.7468543648719788,financial_only,17
000890.SZ:2024,000890.SZ,test,0,0.6619749069213867,0.7468543648719788,financial_only,17
000890.SZ:2025,000890.SZ,test,0,0.7865220308303833,0.7468543648719788,financial_only,17
000897.SZ:2021,000897.SZ,train,0,0.3793926537036896,0.7468543648719788,financial_only,17
000897.SZ:2024,000897.SZ,test,0,0.31072676181793213,0.7468543648719788,financial_only,17
000903.SZ:2017,000903.SZ,train,0,0.48023077845573425,0.7468543648719788,financial_only,17
000903.SZ:2018,000903.SZ,train,0,0.4927299916744232,0.7468543648719788,financial_only,17
000903.SZ:2019,000903.SZ,train,0,0.5052799582481384,0.7468543648719788,financial_only,17
000903.SZ:2020,000903.SZ,train,0,0.5089855790138245,0.7468543648719788,financial_only,17
000903.SZ:2021,000903.SZ,train,0,0.48484623432159424,0.7468543648719788,financial_only,17
000903.SZ:2022,000903.SZ,validation,0,0.5378199219703674,0.7468543648719788,financial_only,17
000903.SZ:2024,000903.SZ,test,0,0.6742963194847107,0.7468543648719788,financial_only,17
000903.SZ:2025,000903.SZ,test,1,0.7002318501472473,0.7468543648719788,financial_only,17
000920.SZ:2017,000920.SZ,train,0,0.40574321150779724,0.7468543648719788,financial_only,17
000920.SZ:2018,000920.SZ,train,0,0.43029358983039856,0.7468543648719788,financial_only,17
000920.SZ:2019,000920.SZ,train,0,0.46048441529273987,0.7468543648719788,financial_only,17
000920.SZ:2020,000920.SZ,train,0,0.4470864534378052,0.7468543648719788,financial_only,17
000920.SZ:2021,000920.SZ,train,0,0.45605596899986267,0.7468543648719788,financial_only,17
000920.SZ:2022,000920.SZ,validation,0,0.4475656747817993,0.7468543648719788,financial_only,17
000920.SZ:2024,000920.SZ,test,0,0.4181436002254486,0.7468543648719788,financial_only,17
000920.SZ:2025,000920.SZ,test,0,0.4189292788505554,0.7468543648719788,financial_only,17
000925.SZ:2017,000925.SZ,train,0,0.646414041519165,0.7468543648719788,financial_only,17
000925.SZ:2018,000925.SZ,train,0,0.5328860878944397,0.7468543648719788,financial_only,17
000925.SZ:2019,000925.SZ,train,0,0.5550090670585632,0.7468543648719788,financial_only,17
000925.SZ:2020,000925.SZ,train,0,0.5378183722496033,0.7468543648719788,financial_only,17
000925.SZ:2021,000925.SZ,train,0,0.5605747699737549,0.7468543648719788,financial_only,17
000925.SZ:2022,000925.SZ,validation,0,0.5031185746192932,0.7468543648719788,financial_only,17
000925.SZ:2024,000925.SZ,test,0,0.5339386463165283,0.7468543648719788,financial_only,17
000925.SZ:2025,000925.SZ,test,0,0.5298509001731873,0.7468543648719788,financial_only,17
000933.SZ:2018,000933.SZ,train,0,0.48542124032974243,0.7468543648719788,financial_only,17
000933.SZ:2019,000933.SZ,train,0,0.5098651051521301,0.7468543648719788,financial_only,17
000933.SZ:2020,000933.SZ,train,0,0.48619765043258667,0.7468543648719788,financial_only,17
000933.SZ:2021,000933.SZ,train,0,0.5009679794311523,0.7468543648719788,financial_only,17
000933.SZ:2022,000933.SZ,validation,0,0.4162120819091797,0.7468543648719788,financial_only,17
000933.SZ:2024,000933.SZ,test,0,0.38834646344184875,0.7468543648719788,financial_only,17
000933.SZ:2025,000933.SZ,test,0,0.42181268334388733,0.7468543648719788,financial_only,17
000937.SZ:2017,000937.SZ,train,0,0.5387387871742249,0.7468543648719788,financial_only,17
000937.SZ:2018,000937.SZ,train,0,0.4730626046657562,0.7468543648719788,financial_only,17
000937.SZ:2019,000937.SZ,train,0,0.4752478301525116,0.7468543648719788,financial_only,17
000937.SZ:2020,000937.SZ,train,0,0.46833449602127075,0.7468543648719788,financial_only,17
000937.SZ:2024,000937.SZ,test,0,0.3906119763851166,0.7468543648719788,financial_only,17
000982.SZ:2022,000982.SZ,validation,0,0.2751176059246063,0.7468543648719788,financial_only,17
000989.SZ:2017,000989.SZ,train,0,0.28293195366859436,0.7468543648719788,financial_only,17
000989.SZ:2020,000989.SZ,train,0,0.4125368297100067,0.7468543648719788,financial_only,17
000989.SZ:2021,000989.SZ,train,0,0.4283020794391632,0.7468543648719788,financial_only,17
000989.SZ:2022,000989.SZ,validation,0,0.4396720230579376,0.7468543648719788,financial_only,17
000990.SZ:2020,000990.SZ,train,0,0.48886770009994507,0.7468543648719788,financial_only,17
000990.SZ:2021,000990.SZ,train,0,0.49671244621276855,0.7468543648719788,financial_only,17
000990.SZ:2022,000990.SZ,validation,0,0.45818525552749634,0.7468543648719788,financial_only,17
000990.SZ:2024,000990.SZ,test,0,0.49471068382263184,0.7468543648719788,financial_only,17
000990.SZ:2025,000990.SZ,test,0,0.49363383650779724,0.7468543648719788,financial_only,17
001201.SZ:2024,001201.SZ,test,0,0.6769853830337524,0.7468543648719788,financial_only,17
001201.SZ:2025,001201.SZ,test,0,0.5402892827987671,0.7468543648719788,financial_only,17
001215.SZ:2025,001215.SZ,test,0,0.45404618978500366,0.7468543648719788,financial_only,17
001216.SZ:2025,001216.SZ,test,0,0.3322513699531555,0.7468543648719788,financial_only,17
001296.SZ:2025,001296.SZ,test,0,0.3702031075954437,0.7468543648719788,financial_only,17
002002.SZ:2022,002002.SZ,validation,0,0.4793037176132202,0.7468543648719788,financial_only,17
002014.SZ:2017,002014.SZ,train,0,0.3892627954483032,0.7468543648719788,financial_only,17
002014.SZ:2018,002014.SZ,train,0,0.39884501695632935,0.7468543648719788,financial_only,17
002014.SZ:2019,002014.SZ,train,0,0.403237521648407,0.7468543648719788,financial_only,17
002014.SZ:2020,002014.SZ,train,0,0.38734468817710876,0.7468543648719788,financial_only,17
002014.SZ:2021,002014.SZ,train,0,0.39900094270706177,0.7468543648719788,financial_only,17
002014.SZ:2022,002014.SZ,validation,0,0.404477059841156,0.7468543648719788,financial_only,17
002014.SZ:2024,002014.SZ,test,0,0.40805041790008545,0.7468543648719788,financial_only,17
002016.SZ:2017,002016.SZ,train,0,0.42713993787765503,0.7468543648719788,financial_only,17
002016.SZ:2018,002016.SZ,train,0,0.29279831051826477,0.7468543648719788,financial_only,17
002016.SZ:2019,002016.SZ,train,0,0.2851100265979767,0.7468543648719788,financial_only,17
002016.SZ:2020,002016.SZ,train,0,0.32004791498184204,0.7468543648719788,financial_only,17
002016.SZ:2021,002016.SZ,train,0,0.32083866000175476,0.7468543648719788,financial_only,17
002016.SZ:2022,002016.SZ,validation,0,0.29229703545570374,0.7468543648719788,financial_only,17
002016.SZ:2024,002016.SZ,test,0,0.35201501846313477,0.7468543648719788,financial_only,17
002016.SZ:2025,002016.SZ,test,0,0.3930024802684784,0.7468543648719788,financial_only,17
002021.SZ:2017,002021.SZ,train,0,0.5046976208686829,0.7468543648719788,financial_only,17
002021.SZ:2018,002021.SZ,train,1,0.5950714945793152,0.7468543648719788,financial_only,17
002021.SZ:2025,002021.SZ,test,0,0.43179142475128174,0.7468543648719788,financial_only,17
002027.SZ:2019,002027.SZ,train,0,0.2503126561641693,0.7468543648719788,financial_only,17
002027.SZ:2020,002027.SZ,train,0,0.36464473605155945,0.7468543648719788,financial_only,17
002027.SZ:2021,002027.SZ,train,0,0.27875271439552307,0.7468543648719788,financial_only,17
002027.SZ:2022,002027.SZ,validation,0,0.25795429944992065,0.7468543648719788,financial_only,17
002027.SZ:2024,002027.SZ,test,0,0.26814475655555725,0.7468543648719788,financial_only,17
002027.SZ:2025,002027.SZ,test,0,0.255240797996521,0.7468543648719788,financial_only,17
002033.SZ:2019,002033.SZ,train,0,0.1949484795331955,0.7468543648719788,financial_only,17
002033.SZ:2020,002033.SZ,train,0,0.19245755672454834,0.7468543648719788,financial_only,17
002033.SZ:2021,002033.SZ,train,0,0.27121442556381226,0.7468543648719788,financial_only,17
002033.SZ:2022,002033.SZ,validation,0,0.4151870310306549,0.7468543648719788,financial_only,17
002033.SZ:2024,002033.SZ,test,0,0.29328054189682007,0.7468543648719788,financial_only,17
002033.SZ:2025,002033.SZ,test,0,0.3342493176460266,0.7468543648719788,financial_only,17
002039.SZ:2017,002039.SZ,train,0,0.4018721878528595,0.7468543648719788,financial_only,17
002039.SZ:2019,002039.SZ,train,0,0.41308337450027466,0.7468543648719788,financial_only,17
002039.SZ:2020,002039.SZ,train,0,0.4163152873516083,0.7468543648719788,financial_only,17
002039.SZ:2021,002039.SZ,train,0,0.4028862714767456,0.7468543648719788,financial_only,17
002039.SZ:2022,002039.SZ,validation,0,0.42533078789711,0.7468543648719788,financial_only,17
002039.SZ:2024,002039.SZ,test,0,0.4148431122303009,0.7468543648719788,financial_only,17
002040.SZ:2017,002040.SZ,train,0,0.3808319866657257,0.7468543648719788,financial_only,17
002040.SZ:2018,002040.SZ,train,0,0.43059805035591125,0.7468543648719788,financial_only,17
002040.SZ:2019,002040.SZ,train,0,0.4086959958076477,0.7468543648719788,financial_only,17
002040.SZ:2020,002040.SZ,train,0,0.412771612405777,0.7468543648719788,financial_only,17
002040.SZ:2021,002040.SZ,train,0,0.4111900329589844,0.7468543648719788,financial_only,17
002040.SZ:2024,002040.SZ,test,0,0.4171620309352875,0.7468543648719788,financial_only,17
002041.SZ:2017,002041.SZ,train,0,0.27335768938064575,0.7468543648719788,financial_only,17
002041.SZ:2018,002041.SZ,train,0,0.3284481465816498,0.7468543648719788,financial_only,17
002041.SZ:2019,002041.SZ,train,0,0.3604879379272461,0.7468543648719788,financial_only,17
002041.SZ:2020,002041.SZ,train,0,0.39838707447052,0.7468543648719788,financial_only,17
002041.SZ:2021,002041.SZ,train,0,0.3743031322956085,0.7468543648719788,financial_only,17
002041.SZ:2022,002041.SZ,validation,0,0.3534793555736542,0.7468543648719788,financial_only,17
002041.SZ:2024,002041.SZ,test,0,0.3381102383136749,0.7468543648719788,financial_only,17
002041.SZ:2025,002041.SZ,test,0,0.3867385983467102,0.7468543648719788,financial_only,17
002046.SZ:2018,002046.SZ,train,0,0.5028377771377563,0.7468543648719788,financial_only,17
002046.SZ:2019,002046.SZ,train,0,0.49854275584220886,0.7468543648719788,financial_only,17
002046.SZ:2020,002046.SZ,train,0,0.503825306892395,0.7468543648719788,financial_only,17
002046.SZ:2021,002046.SZ,train,0,0.4889417886734009,0.7468543648719788,financial_only,17
002046.SZ:2022,002046.SZ,validation,0,0.4824408292770386,0.7468543648719788,financial_only,17
002046.SZ:2024,002046.SZ,test,0,0.442391961812973,0.7468543648719788,financial_only,17
002046.SZ:2025,002046.SZ,test,0,0.4534497559070587,0.7468543648719788,financial_only,17
002050.SZ:2017,002050.SZ,train,0,0.4046266973018646,0.7468543648719788,financial_only,17
002050.SZ:2018,002050.SZ,train,0,0.3956030607223511,0.7468543648719788,financial_only,17
002050.SZ:2019,002050.SZ,train,0,0.4172716438770294,0.7468543648719788,financial_only,17
002050.SZ:2020,002050.SZ,train,0,0.4119262993335724,0.7468543648719788,financial_only,17
002050.SZ:2021,002050.SZ,train,0,0.41335010528564453,0.7468543648719788,financial_only,17
002050.SZ:2022,002050.SZ,validation,0,0.4352475106716156,0.7468543648719788,financial_only,17
002050.SZ:2024,002050.SZ,test,0,0.42355188727378845,0.7468543648719788,financial_only,17
002050.SZ:2025,002050.SZ,test,0,0.4294511377811432,0.7468543648719788,financial_only,17
002053.SZ:2018,002053.SZ,train,0,0.44209855794906616,0.7468543648719788,financial_only,17
002053.SZ:2019,002053.SZ,train,0,0.4733615219593048,0.7468543648719788,financial_only,17
002053.SZ:2020,002053.SZ,train,0,0.4405194818973541,0.7468543648719788,financial_only,17
002053.SZ:2021,002053.SZ,train,0,0.46427983045578003,0.7468543648719788,financial_only,17
002053.SZ:2022,002053.SZ,validation,0,0.4675447642803192,0.7468543648719788,financial_only,17
002053.SZ:2024,002053.SZ,test,0,0.4545074701309204,0.7468543648719788,financial_only,17
002056.SZ:2020,002056.SZ,train,0,0.43406805396080017,0.7468543648719788,financial_only,17
002056.SZ:2021,002056.SZ,train,0,0.4191233515739441,0.7468543648719788,financial_only,17
002056.SZ:2022,002056.SZ,validation,0,0.44217923283576965,0.7468543648719788,financial_only,17
002056.SZ:2024,002056.SZ,test,0,0.42922067642211914,0.7468543648719788,financial_only,17
002056.SZ:2025,002056.SZ,test,0,0.44265294075012207,0.7468543648719788,financial_only,17
002064.SZ:2017,002064.SZ,train,0,0.5558792352676392,0.7468543648719788,financial_only,17
002064.SZ:2018,002064.SZ,train,0,0.4499873220920563,0.7468543648719788,financial_only,17
002064.SZ:2019,002064.SZ,train,0,0.43040579557418823,0.7468543648719788,financial_only,17
002064.SZ:2020,002064.SZ,train,0,0.4116767644882202,0.7468543648719788,financial_only,17
002064.SZ:2022,002064.SZ,validation,0,0.29673734307289124,0.7468543648719788,financial_only,17
002064.SZ:2024,002064.SZ,test,0,0.4293765127658844,0.7468543648719788,financial_only,17
002064.SZ:2025,002064.SZ,test,0,0.43203189969062805,0.7468543648719788,financial_only,17
002069.SZ:2017,002069.SZ,train,0,0.4719584286212921,0.7468543648719788,financial_only,17
002069.SZ:2018,002069.SZ,train,0,0.6589498519897461,0.7468543648719788,financial_only,17
002069.SZ:2019,002069.SZ,train,0,0.48822513222694397,0.7468543648719788,financial_only,17
002069.SZ:2020,002069.SZ,train,0,0.6473350524902344,0.7468543648719788,financial_only,17
002069.SZ:2021,002069.SZ,train,0,0.4404269754886627,0.7468543648719788,financial_only,17
002069.SZ:2022,002069.SZ,validation,1,0.4829384982585907,0.7468543648719788,financial_only,17
002069.SZ:2024,002069.SZ,test,0,0.4868547022342682,0.7468543648719788,financial_only,17
002071.SZ:2017,002071.SZ,train,0,0.4118054211139679,0.7468543648719788,financial_only,17
002092.SZ:2020,002092.SZ,train,0,0.4935465157032013,0.7468543648719788,financial_only,17
002092.SZ:2021,002092.SZ,train,0,0.504184365272522,0.7468543648719788,financial_only,17
002092.SZ:2022,002092.SZ,validation,0,0.4715295732021332,0.7468543648719788,financial_only,17
002092.SZ:2024,002092.SZ,test,1,0.5727424621582031,0.7468543648719788,financial_only,17
002102.SZ:2025,002102.SZ,test,1,0.5438604950904846,0.7468543648719788,financial_only,17
002106.SZ:2017,002106.SZ,train,0,0.40165257453918457,0.7468543648719788,financial_only,17
002110.SZ:2019,002110.SZ,train,0,0.3115317225456238,0.7468543648719788,financial_only,17
002110.SZ:2020,002110.SZ,train,0,0.401975154876709,0.7468543648719788,financial_only,17
002110.SZ:2021,002110.SZ,train,0,0.45503294467926025,0.7468543648719788,financial_only,17
002110.SZ:2022,002110.SZ,validation,0,0.436911940574646,0.7468543648719788,financial_only,17
002110.SZ:2024,002110.SZ,test,0,0.5266170501708984,0.7468543648719788,financial_only,17
002110.SZ:2025,002110.SZ,test,0,0.5376151204109192,0.7468543648719788,financial_only,17
002112.SZ:2017,002112.SZ,train,0,0.557620108127594,0.7468543648719788,financial_only,17
002112.SZ:2018,002112.SZ,train,0,0.6547009944915771,0.7468543648719788,financial_only,17
002112.SZ:2021,002112.SZ,train,0,0.5138108134269714,0.7468543648719788,financial_only,17
002112.SZ:2022,002112.SZ,validation,0,0.5427892804145813,0.7468543648719788,financial_only,17
002112.SZ:2024,002112.SZ,test,0,0.4723774790763855,0.7468543648719788,financial_only,17
002112.SZ:2025,002112.SZ,test,0,0.4803590476512909,0.7468543648719788,financial_only,17
002117.SZ:2019,002117.SZ,train,0,0.3893190622329712,0.7468543648719788,financial_only,17
002117.SZ:2020,002117.SZ,train,0,0.38128358125686646,0.7468543648719788,financial_only,17
002117.SZ:2021,002117.SZ,train,0,0.4225214719772339,0.7468543648719788,financial_only,17
002117.SZ:2022,002117.SZ,validation,0,0.405790239572525,0.7468543648719788,financial_only,17
002117.SZ:2024,002117.SZ,test,0,0.418812096118927,0.7468543648719788,financial_only,17
002120.SZ:2017,002120.SZ,train,0,0.3368808925151825,0.7468543648719788,financial_only,17
002120.SZ:2018,002120.SZ,train,0,0.34028804302215576,0.7468543648719788,financial_only,17
002120.SZ:2019,002120.SZ,train,0,0.3579398989677429,0.7468543648719788,financial_only,17
002120.SZ:2020,002120.SZ,train,0,0.39680367708206177,0.7468543648719788,financial_only,17
002120.SZ:2021,002120.SZ,train,0,0.4569106996059418,0.7468543648719788,financial_only,17
002120.SZ:2022,002120.SZ,validation,0,0.4655419588088989,0.7468543648719788,financial_only,17
002120.SZ:2024,002120.SZ,test,0,0.46167582273483276,0.7468543648719788,financial_only,17
002120.SZ:2025,002120.SZ,test,0,0.4513329565525055,0.7468543648719788,financial_only,17
002121.SZ:2017,002121.SZ,train,0,0.5091908574104309,0.7468543648719788,financial_only,17
002121.SZ:2018,002121.SZ,train,0,0.4962366223335266,0.7468543648719788,financial_only,17
002121.SZ:2022,002121.SZ,validation,0,0.6925409436225891,0.7468543648719788,financial_only,17
002121.SZ:2024,002121.SZ,test,0,0.6505501866340637,0.7468543648719788,financial_only,17
002121.SZ:2025,002121.SZ,test,0,0.6641945242881775,0.7468543648719788,financial_only,17
002125.SZ:2017,002125.SZ,train,0,0.5196337699890137,0.7468543648719788,financial_only,17
002125.SZ:2018,002125.SZ,train,0,0.49948394298553467,0.7468543648719788,financial_only,17
002125.SZ:2019,002125.SZ,train,0,0.48960626125335693,0.7468543648719788,financial_only,17
002125.SZ:2020,002125.SZ,train,0,0.4945697486400604,0.7468543648719788,financial_only,17
002125.SZ:2021,002125.SZ,train,0,0.5242553353309631,0.7468543648719788,financial_only,17
002125.SZ:2022,002125.SZ,validation,0,0.4485522508621216,0.7468543648719788,financial_only,17
002125.SZ:2024,002125.SZ,test,0,0.44168156385421753,0.7468543648719788,financial_only,17
002125.SZ:2025,002125.SZ,test,0,0.44134363532066345,0.7468543648719788,financial_only,17
002140.SZ:2017,002140.SZ,train,0,0.46935388445854187,0.7468543648719788,financial_only,17
002140.SZ:2018,002140.SZ,train,0,0.5332741141319275,0.7468543648719788,financial_only,17
002140.SZ:2019,002140.SZ,train,0,0.46639496088027954,0.7468543648719788,financial_only,17
002140.SZ:2020,002140.SZ,train,0,0.4851943254470825,0.7468543648719788,financial_only,17
002140.SZ:2021,002140.SZ,train,0,0.48904183506965637,0.7468543648719788,financial_only,17
002140.SZ:2022,002140.SZ,validation,0,0.4783167839050293,0.7468543648719788,financial_only,17
002140.SZ:2024,002140.SZ,test,0,0.48504316806793213,0.7468543648719788,financial_only,17
002140.SZ:2025,002140.SZ,test,0,0.4844970405101776,0.7468543648719788,financial_only,17
002141.SZ:2017,002141.SZ,train,0,0.300523579120636,0.7468543648719788,financial_only,17
002141.SZ:2018,002141.SZ,train,0,0.459773451089859,0.7468543648719788,financial_only,17
002141.SZ:2019,002141.SZ,train,0,0.5153331756591797,0.7468543648719788,financial_only,17
002141.SZ:2020,002141.SZ,train,0,0.5047145485877991,0.7468543648719788,financial_only,17
002141.SZ:2021,002141.SZ,train,0,0.7868455648422241,0.7468543648719788,financial_only,17
002141.SZ:2022,002141.SZ,validation,0,0.4989483952522278,0.7468543648719788,financial_only,17
002145.SZ:2017,002145.SZ,train,0,0.49020692706108093,0.7468543648719788,financial_only,17
002145.SZ:2018,002145.SZ,train,0,0.4436165392398834,0.7468543648719788,financial_only,17
002145.SZ:2019,002145.SZ,train,0,0.44253385066986084,0.7468543648719788,financial_only,17
002145.SZ:2020,002145.SZ,train,0,0.4414108395576477,0.7468543648719788,financial_only,17
002154.SZ:2018,002154.SZ,train,0,0.4959181845188141,0.7468543648719788,financial_only,17
002154.SZ:2020,002154.SZ,train,0,0.45669737458229065,0.7468543648719788,financial_only,17
002154.SZ:2021,002154.SZ,train,0,0.41775187849998474,0.7468543648719788,financial_only,17
002154.SZ:2022,002154.SZ,validation,0,0.42066800594329834,0.7468543648719788,financial_only,17
002154.SZ:2024,002154.SZ,test,0,0.4036812484264374,0.7468543648719788,financial_only,17
002154.SZ:2025,002154.SZ,test,0,0.42585259675979614,0.7468543648719788,financial_only,17
002160.SZ:2022,002160.SZ,validation,0,0.5067757368087769,0.7468543648719788,financial_only,17
002160.SZ:2024,002160.SZ,test,0,0.4851042926311493,0.7468543648719788,financial_only,17
002160.SZ:2025,002160.SZ,test,0,0.5007919669151306,0.7468543648719788,financial_only,17
002169.SZ:2020,002169.SZ,train,0,0.5209736824035645,0.7468543648719788,financial_only,17
002169.SZ:2021,002169.SZ,train,0,0.4653589129447937,0.7468543648719788,financial_only,17
002169.SZ:2022,002169.SZ,validation,0,0.46191492676734924,0.7468543648719788,financial_only,17
002169.SZ:2024,002169.SZ,test,0,0.5900385975837708,0.7468543648719788,financial_only,17
002181.SZ:2017,002181.SZ,train,0,0.433689147233963,0.7468543648719788,financial_only,17
002181.SZ:2018,002181.SZ,train,0,0.31111395359039307,0.7468543648719788,financial_only,17
002181.SZ:2019,002181.SZ,train,0,0.3433879315853119,0.7468543648719788,financial_only,17
002181.SZ:2020,002181.SZ,train,0,0.2874653935432434,0.7468543648719788,financial_only,17
002181.SZ:2021,002181.SZ,train,0,0.3059002161026001,0.7468543648719788,financial_only,17
002181.SZ:2022,002181.SZ,validation,0,0.34589946269989014,0.7468543648719788,financial_only,17
002181.SZ:2024,002181.SZ,test,0,0.48657548427581787,0.7468543648719788,financial_only,17
002181.SZ:2025,002181.SZ,test,0,0.4659824073314667,0.7468543648719788,financial_only,17
002185.SZ:2017,002185.SZ,train,0,0.4547547996044159,0.7468543648719788,financial_only,17
002185.SZ:2018,002185.SZ,train,0,0.45894449949264526,0.7468543648719788,financial_only,17
002185.SZ:2020,002185.SZ,train,0,0.4856433570384979,0.7468543648719788,financial_only,17
002185.SZ:2021,002185.SZ,train,0,0.4645327627658844,0.7468543648719788,financial_only,17
002185.SZ:2022,002185.SZ,validation,0,0.4466838240623474,0.7468543648719788,financial_only,17
002185.SZ:2024,002185.SZ,test,0,0.5048069357872009,0.7468543648719788,financial_only,17
002198.SZ:2018,002198.SZ,train,0,0.651096761226654,0.7468543648719788,financial_only,17
002198.SZ:2019,002198.SZ,train,0,0.33433014154434204,0.7468543648719788,financial_only,17
002198.SZ:2020,002198.SZ,train,0,0.6223676800727844,0.7468543648719788,financial_only,17
002198.SZ:2021,002198.SZ,train,0,0.38289156556129456,0.7468543648719788,financial_only,17
002198.SZ:2022,002198.SZ,validation,0,0.3834109306335449,0.7468543648719788,financial_only,17
002198.SZ:2024,002198.SZ,test,0,0.24685066938400269,0.7468543648719788,financial_only,17
002198.SZ:2025,002198.SZ,test,0,0.2608208954334259,0.7468543648719788,financial_only,17
002212.SZ:2017,002212.SZ,train,0,0.5178254246711731,0.7468543648719788,financial_only,17
002212.SZ:2018,002212.SZ,train,0,0.4005233347415924,0.7468543648719788,financial_only,17
002212.SZ:2019,002212.SZ,train,0,0.4417172372341156,0.7468543648719788,financial_only,17
002212.SZ:2020,002212.SZ,train,0,0.456528902053833,0.7468543648719788,financial_only,17
002212.SZ:2021,002212.SZ,train,0,0.41992923617362976,0.7468543648719788,financial_only,17
002212.SZ:2022,002212.SZ,validation,0,0.46004602313041687,0.7468543648719788,financial_only,17
002212.SZ:2025,002212.SZ,test,0,0.4755479097366333,0.7468543648719788,financial_only,17
002223.SZ:2018,002223.SZ,train,0,0.32638517022132874,0.7468543648719788,financial_only,17
002223.SZ:2019,002223.SZ,train,0,0.35435035824775696,0.7468543648719788,financial_only,17
002223.SZ:2020,002223.SZ,train,0,0.39143994450569153,0.7468543648719788,financial_only,17
002223.SZ:2021,002223.SZ,train,0,0.30547505617141724,0.7468543648719788,financial_only,17
002223.SZ:2022,002223.SZ,validation,0,0.33026018738746643,0.7468543648719788,financial_only,17
002223.SZ:2024,002223.SZ,test,0,0.30354171991348267,0.7468543648719788,financial_only,17
002224.SZ:2017,002224.SZ,train,0,0.2091244012117386,0.7468543648719788,financial_only,17
002224.SZ:2019,002224.SZ,train,0,0.28961288928985596,0.7468543648719788,financial_only,17
002224.SZ:2021,002224.SZ,train,0,0.2831006348133087,0.7468543648719788,financial_only,17
002224.SZ:2024,002224.SZ,test,0,0.44721245765686035,0.7468543648719788,financial_only,17
002224.SZ:2025,002224.SZ,test,0,0.43154197931289673,0.7468543648719788,financial_only,17
002227.SZ:2021,002227.SZ,train,0,0.5028864741325378,0.7468543648719788,financial_only,17
002227.SZ:2022,002227.SZ,validation,0,0.5455830097198486,0.7468543648719788,financial_only,17
002227.SZ:2024,002227.SZ,test,0,0.5625443458557129,0.7468543648719788,financial_only,17
002227.SZ:2025,002227.SZ,test,1,0.5971291065216064,0.7468543648719788,financial_only,17
002246.SZ:2017,002246.SZ,train,0,0.4265933334827423,0.7468543648719788,financial_only,17
002246.SZ:2018,002246.SZ,train,0,0.4632449448108673,0.7468543648719788,financial_only,17
002246.SZ:2019,002246.SZ,train,0,0.4568369388580322,0.7468543648719788,financial_only,17
002246.SZ:2020,002246.SZ,train,0,0.4589488208293915,0.7468543648719788,financial_only,17
002246.SZ:2021,002246.SZ,train,0,0.47158655524253845,0.7468543648719788,financial_only,17
002246.SZ:2022,002246.SZ,validation,0,0.47822728753089905,0.7468543648719788,financial_only,17
002246.SZ:2024,002246.SZ,test,0,0.4918329417705536,0.7468543648719788,financial_only,17
002246.SZ:2025,002246.SZ,test,0,0.5334379076957703,0.7468543648719788,financial_only,17
002249.SZ:2017,002249.SZ,train,0,0.48090803623199463,0.7468543648719788,financial_only,17
002249.SZ:2020,002249.SZ,train,0,0.5260993838310242,0.7468543648719788,financial_only,17
002249.SZ:2021,002249.SZ,train,0,0.5023345351219177,0.7468543648719788,financial_only,17
002249.SZ:2022,002249.SZ,validation,0,0.4946976602077484,0.7468543648719788,financial_only,17
002249.SZ:2024,002249.SZ,test,0,0.4777911603450775,0.7468543648719788,financial_only,17
002254.SZ:2017,002254.SZ,train,0,0.4069373309612274,0.7468543648719788,financial_only,17
002254.SZ:2018,002254.SZ,train,0,0.3798508644104004,0.7468543648719788,financial_only,17
002254.SZ:2019,002254.SZ,train,0,0.45467960834503174,0.7468543648719788,financial_only,17
002254.SZ:2020,002254.SZ,train,0,0.4305655062198639,0.7468543648719788,financial_only,17
002254.SZ:2021,002254.SZ,train,0,0.4367993175983429,0.7468543648719788,financial_only,17
002254.SZ:2022,002254.SZ,validation,0,0.3485935926437378,0.7468543648719788,financial_only,17
002254.SZ:2024,002254.SZ,test,0,0.46668922901153564,0.7468543648719788,financial_only,17
002254.SZ:2025,002254.SZ,test,0,0.517558753490448,0.7468543648719788,financial_only,17
002255.SZ:2017,002255.SZ,train,0,0.4629235565662384,0.7468543648719788,financial_only,17
002255.SZ:2018,002255.SZ,train,0,0.5021320581436157,0.7468543648719788,financial_only,17
002255.SZ:2022,002255.SZ,validation,0,0.414084255695343,0.7468543648719788,financial_only,17
002255.SZ:2024,002255.SZ,test,0,0.4307626485824585,0.7468543648719788,financial_only,17
002255.SZ:2025,002255.SZ,test,0,0.42695480585098267,0.7468543648719788,financial_only,17
002256.SZ:2017,002256.SZ,train,0,0.4503530263900757,0.7468543648719788,financial_only,17
002256.SZ:2018,002256.SZ,train,0,0.4480821490287781,0.7468543648719788,financial_only,17
002256.SZ:2019,002256.SZ,train,1,0.6382752656936646,0.7468543648719788,financial_only,17
002256.SZ:2022,002256.SZ,validation,0,0.7856364250183105,0.7468543648719788,financial_only,17
002256.SZ:2024,002256.SZ,test,0,0.6053740978240967,0.7468543648719788,financial_only,17
002256.SZ:2025,002256.SZ,test,0,0.6499956846237183,0.7468543648719788,financial_only,17
002260.SZ:2017,002260.SZ,train,0,0.5134701728820801,0.7468543648719788,financial_only,17
002260.SZ:2018,002260.SZ,train,1,0.7224476337432861,0.7468543648719788,financial_only,17
002265.SZ:2017,002265.SZ,train,0,0.4870598316192627,0.7468543648719788,financial_only,17
002265.SZ:2018,002265.SZ,train,0,0.487869530916214,0.7468543648719788,financial_only,17
002265.SZ:2019,002265.SZ,train,0,0.564232587814331,0.7468543648719788,financial_only,17
002265.SZ:2020,002265.SZ,train,0,0.5180783867835999,0.7468543648719788,financial_only,17
002265.SZ:2021,002265.SZ,train,0,0.5728023648262024,0.7468543648719788,financial_only,17
002265.SZ:2022,002265.SZ,validation,0,0.5190342664718628,0.7468543648719788,financial_only,17
002265.SZ:2024,002265.SZ,test,0,0.47969111800193787,0.7468543648719788,financial_only,17
002265.SZ:2025,002265.SZ,test,0,0.5036496520042419,0.7468543648719788,financial_only,17
002267.SZ:2017,002267.SZ,train,0,0.4587388038635254,0.7468543648719788,financial_only,17
002267.SZ:2018,002267.SZ,train,0,0.4678778350353241,0.7468543648719788,financial_only,17
002267.SZ:2019,002267.SZ,train,0,0.4787367284297943,0.7468543648719788,financial_only,17
002267.SZ:2020,002267.SZ,train,0,0.4561918377876282,0.7468543648719788,financial_only,17
002267.SZ:2021,002267.SZ,train,0,0.4804539680480957,0.7468543648719788,financial_only,17
002267.SZ:2022,002267.SZ,validation,0,0.47578245401382446,0.7468543648719788,financial_only,17
002267.SZ:2024,002267.SZ,test,0,0.4642147123813629,0.7468543648719788,financial_only,17
002267.SZ:2025,002267.SZ,test,0,0.4528970420360565,0.7468543648719788,financial_only,17
002271.SZ:2017,002271.SZ,train,0,0.4086785614490509,0.7468543648719788,financial_only,17
002271.SZ:2018,002271.SZ,train,0,0.42336568236351013,0.7468543648719788,financial_only,17
002271.SZ:2019,002271.SZ,train,0,0.4467971622943878,0.7468543648719788,financial_only,17
002271.SZ:2020,002271.SZ,train,0,0.43439680337905884,0.7468543648719788,financial_only,17
002271.SZ:2021,002271.SZ,train,0,0.3941342234611511,0.7468543648719788,financial_only,17
002271.SZ:2022,002271.SZ,validation,0,0.43045574426651,0.7468543648719788,financial_only,17
002271.SZ:2024,002271.SZ,test,0,0.48727428913116455,0.7468543648719788,financial_only,17
002271.SZ:2025,002271.SZ,test,0,0.5243602395057678,0.7468543648719788,financial_only,17
002272.SZ:2017,002272.SZ,train,0,0.4987018406391144,0.7468543648719788,financial_only,17
002272.SZ:2019,002272.SZ,train,0,0.44708749651908875,0.7468543648719788,financial_only,17
002272.SZ:2020,002272.SZ,train,0,0.4384945333003998,0.7468543648719788,financial_only,17
002272.SZ:2021,002272.SZ,train,0,0.4578664004802704,0.7468543648719788,financial_only,17
002272.SZ:2022,002272.SZ,validation,0,0.5260381698608398,0.7468543648719788,financial_only,17
002272.SZ:2024,002272.SZ,test,0,0.5750283002853394,0.7468543648719788,financial_only,17
002272.SZ:2025,002272.SZ,test,0,0.6026318073272705,0.7468543648719788,financial_only,17
002275.SZ:2017,002275.SZ,train,0,0.2618870437145233,0.7468543648719788,financial_only,17
002275.SZ:2019,002275.SZ,train,0,0.2849584221839905,0.7468543648719788,financial_only,17
002275.SZ:2020,002275.SZ,train,0,0.28130826354026794,0.7468543648719788,financial_only,17
002275.SZ:2021,002275.SZ,train,0,0.3379395306110382,0.7468543648719788,financial_only,17
002275.SZ:2022,002275.SZ,validation,0,0.3732757568359375,0.7468543648719788,financial_only,17
002275.SZ:2024,002275.SZ,test,0,0.3697374165058136,0.7468543648719788,financial_only,17
002275.SZ:2025,002275.SZ,test,0,0.34841811656951904,0.7468543648719788,financial_only,17
002286.SZ:2017,002286.SZ,train,0,0.4726299047470093,0.7468543648719788,financial_only,17
002286.SZ:2018,002286.SZ,train,0,0.4770219326019287,0.7468543648719788,financial_only,17
002286.SZ:2019,002286.SZ,train,0,0.5060383081436157,0.7468543648719788,financial_only,17
002286.SZ:2020,002286.SZ,train,0,0.5075547099113464,0.7468543648719788,financial_only,17
002286.SZ:2021,002286.SZ,train,0,0.4840114712715149,0.7468543648719788,financial_only,17
002286.SZ:2022,002286.SZ,validation,0,0.4583180546760559,0.7468543648719788,financial_only,17
002286.SZ:2024,002286.SZ,test,0,0.48468971252441406,0.7468543648719788,financial_only,17
002286.SZ:2025,002286.SZ,test,0,0.46689048409461975,0.7468543648719788,financial_only,17
002290.SZ:2017,002290.SZ,train,0,0.49277278780937195,0.7468543648719788,financial_only,17
002290.SZ:2019,002290.SZ,train,1,0.552932620048523,0.7468543648719788,financial_only,17
002290.SZ:2021,002290.SZ,train,0,0.4946172833442688,0.7468543648719788,financial_only,17
002290.SZ:2022,002290.SZ,validation,0,0.4628108739852905,0.7468543648719788,financial_only,17
002290.SZ:2024,002290.SZ,test,0,0.4782477915287018,0.7468543648719788,financial_only,17
002290.SZ:2025,002290.SZ,test,0,0.4796689450740814,0.7468543648719788,financial_only,17
002293.SZ:2017,002293.SZ,train,0,0.4131748378276825,0.7468543648719788,financial_only,17
002293.SZ:2018,002293.SZ,train,0,0.4045098125934601,0.7468543648719788,financial_only,17
002293.SZ:2019,002293.SZ,train,0,0.36261725425720215,0.7468543648719788,financial_only,17
002293.SZ:2020,002293.SZ,train,0,0.3706856667995453,0.7468543648719788,financial_only,17
002293.SZ:2021,002293.SZ,train,0,0.38717949390411377,0.7468543648719788,financial_only,17
002293.SZ:2022,002293.SZ,validation,0,0.3965095281600952,0.7468543648719788,financial_only,17
002293.SZ:2024,002293.SZ,test,0,0.4200291037559509,0.7468543648719788,financial_only,17
002293.SZ:2025,002293.SZ,test,0,0.4283410608768463,0.7468543648719788,financial_only,17
002294.SZ:2017,002294.SZ,train,0,0.23305799067020416,0.7468543648719788,financial_only,17
002294.SZ:2018,002294.SZ,train,0,0.17876610159873962,0.7468543648719788,financial_only,17
002294.SZ:2019,002294.SZ,train,0,0.2242540568113327,0.7468543648719788,financial_only,17
002294.SZ:2020,002294.SZ,train,0,0.3208998143672943,0.7468543648719788,financial_only,17
002294.SZ:2021,002294.SZ,train,0,0.44360989332199097,0.7468543648719788,financial_only,17
002294.SZ:2022,002294.SZ,validation,0,0.3368908166885376,0.7468543648719788,financial_only,17
002294.SZ:2024,002294.SZ,test,0,0.35129767656326294,0.7468543648719788,financial_only,17
002294.SZ:2025,002294.SZ,test,0,0.37067657709121704,0.7468543648719788,financial_only,17
002297.SZ:2019,002297.SZ,train,0,0.4653986692428589,0.7468543648719788,financial_only,17
002297.SZ:2020,002297.SZ,train,0,0.6421310901641846,0.7468543648719788,financial_only,17
002297.SZ:2021,002297.SZ,train,0,0.45020681619644165,0.7468543648719788,financial_only,17
002297.SZ:2022,002297.SZ,validation,0,0.4268350601196289,0.7468543648719788,financial_only,17
002297.SZ:2024,002297.SZ,test,0,0.45578181743621826,0.7468543648719788,financial_only,17
002308.SZ:2017,002308.SZ,train,0,0.4101578891277313,0.7468543648719788,financial_only,17
002308.SZ:2018,002308.SZ,train,0,0.3943064212799072,0.7468543648719788,financial_only,17
002308.SZ:2019,002308.SZ,train,0,0.39486584067344666,0.7468543648719788,financial_only,17
002308.SZ:2020,002308.SZ,train,0,0.7111000418663025,0.7468543648719788,financial_only,17
002308.SZ:2021,002308.SZ,train,0,0.30280736088752747,0.7468543648719788,financial_only,17
002308.SZ:2022,002308.SZ,validation,0,0.5524898171424866,0.7468543648719788,financial_only,17
002309.SZ:2017,002309.SZ,train,0,0.5388676524162292,0.7468543648719788,financial_only,17
002309.SZ:2018,002309.SZ,train,0,0.5377395153045654,0.7468543648719788,financial_only,17
002309.SZ:2019,002309.SZ,train,0,0.5495994687080383,0.7468543648719788,financial_only,17
002309.SZ:2020,002309.SZ,train,0,0.5031861662864685,0.7468543648719788,financial_only,17
002309.SZ:2021,002309.SZ,train,0,0.6954979300498962,0.7468543648719788,financial_only,17
002309.SZ:2022,002309.SZ,validation,1,0.7468543648719788,0.7468543648719788,financial_only,17
002310.SZ:2018,002310.SZ,train,0,0.4157523214817047,0.7468543648719788,financial_only,17
002310.SZ:2019,002310.SZ,train,0,0.4297962188720703,0.7468543648719788,financial_only,17
002310.SZ:2022,002310.SZ,validation,0,0.6066338419914246,0.7468543648719788,financial_only,17
002316.SZ:2017,002316.SZ,train,0,0.5663333535194397,0.7468543648719788,financial_only,17
002316.SZ:2019,002316.SZ,train,0,0.38415512442588806,0.7468543648719788,financial_only,17
002316.SZ:2021,002316.SZ,train,0,0.7296746373176575,0.7468543648719788,financial_only,17
002316.SZ:2024,002316.SZ,test,1,0.5892593860626221,0.7468543648719788,financial_only,17
002320.SZ:2019,002320.SZ,train,0,0.2349211871623993,0.7468543648719788,financial_only,17
002320.SZ:2020,002320.SZ,train,0,0.23141968250274658,0.7468543648719788,financial_only,17
002320.SZ:2021,002320.SZ,train,0,0.21712790429592133,0.7468543648719788,financial_only,17
002320.SZ:2022,002320.SZ,validation,0,0.39580458402633667,0.7468543648719788,financial_only,17
002320.SZ:2024,002320.SZ,test,0,0.271957665681839,0.7468543648719788,financial_only,17
002325.SZ:2017,002325.SZ,train,0,0.5785272717475891,0.7468543648719788,financial_only,17
002325.SZ:2018,002325.SZ,train,0,0.5727493762969971,0.7468543648719788,financial_only,17
002325.SZ:2021,002325.SZ,train,0,0.610150933265686,0.7468543648719788,financial_only,17
002325.SZ:2022,002325.SZ,validation,0,0.6120814681053162,0.7468543648719788,financial_only,17
002325.SZ:2024,002325.SZ,test,1,0.8321571350097656,0.7468543648719788,financial_only,17
002332.SZ:2018,002332.SZ,train,0,0.46781229972839355,0.7468543648719788,financial_only,17
002332.SZ:2019,002332.SZ,train,0,0.4489955008029938,0.7468543648719788,financial_only,17
002332.SZ:2020,002332.SZ,train,0,0.4338240623474121,0.7468543648719788,financial_only,17
002332.SZ:2021,002332.SZ,train,0,0.41802820563316345,0.7468543648719788,financial_only,17
002332.SZ:2022,002332.SZ,validation,0,0.39730381965637207,0.7468543648719788,financial_only,17
002332.SZ:2025,002332.SZ,test,0,0.3775235414505005,0.7468543648719788,financial_only,17
002340.SZ:2017,002340.SZ,train,0,0.5040420889854431,0.7468543648719788,financial_only,17
002340.SZ:2018,002340.SZ,train,0,0.48504191637039185,0.7468543648719788,financial_only,17
002340.SZ:2020,002340.SZ,train,0,0.4886629581451416,0.7468543648719788,financial_only,17
002340.SZ:2021,002340.SZ,train,0,0.5021268129348755,0.7468543648719788,financial_only,17
002340.SZ:2022,002340.SZ,validation,0,0.4934435784816742,0.7468543648719788,financial_only,17
002340.SZ:2024,002340.SZ,test,0,0.5099917650222778,0.7468543648719788,financial_only,17
002340.SZ:2025,002340.SZ,test,0,0.50459223985672,0.7468543648719788,financial_only,17
002346.SZ:2017,002346.SZ,train,0,0.4042903482913971,0.7468543648719788,financial_only,17
002346.SZ:2018,002346.SZ,train,0,0.30437806248664856,0.7468543648719788,financial_only,17
002346.SZ:2021,002346.SZ,train,0,0.4114183187484741,0.7468543648719788,financial_only,17
002346.SZ:2022,002346.SZ,validation,0,0.36374515295028687,0.7468543648719788,financial_only,17
002346.SZ:2024,002346.SZ,test,0,0.4200073778629303,0.7468543648719788,financial_only,17
002350.SZ:2017,002350.SZ,train,0,0.5039101839065552,0.7468543648719788,financial_only,17
002350.SZ:2018,002350.SZ,train,0,0.5210919380187988,0.7468543648719788,financial_only,17
002350.SZ:2019,002350.SZ,train,0,0.5071975588798523,0.7468543648719788,financial_only,17
002350.SZ:2020,002350.SZ,train,0,0.5099494457244873,0.7468543648719788,financial_only,17
002350.SZ:2021,002350.SZ,train,0,0.5133240222930908,0.7468543648719788,financial_only,17
002350.SZ:2024,002350.SZ,test,0,0.5970796346664429,0.7468543648719788,financial_only,17
002350.SZ:2025,002350.SZ,test,0,0.5168465971946716,0.7468543648719788,financial_only,17
002360.SZ:2018,002360.SZ,train,0,0.40991485118865967,0.7468543648719788,financial_only,17
002360.SZ:2019,002360.SZ,train,0,0.3365974724292755,0.7468543648719788,financial_only,17
002360.SZ:2020,002360.SZ,train,0,0.3473547697067261,0.7468543648719788,financial_only,17
002360.SZ:2021,002360.SZ,train,0,0.3273109495639801,0.7468543648719788,financial_only,17
002360.SZ:2022,002360.SZ,validation,0,0.4111088216304779,0.7468543648719788,financial_only,17
002360.SZ:2024,002360.SZ,test,0,0.35111409425735474,0.7468543648719788,financial_only,17
002360.SZ:2025,002360.SZ,test,1,0.6186471581459045,0.7468543648719788,financial_only,17
002364.SZ:2017,002364.SZ,train,0,0.2698267996311188,0.7468543648719788,financial_only,17
002364.SZ:2018,002364.SZ,train,0,0.3270514905452728,0.7468543648719788,financial_only,17
002364.SZ:2019,002364.SZ,train,0,0.3321812152862549,0.7468543648719788,financial_only,17
002364.SZ:2020,002364.SZ,train,0,0.41093891859054565,0.7468543648719788,financial_only,17
002364.SZ:2021,002364.SZ,train,0,0.4762841463088989,0.7468543648719788,financial_only,17
002364.SZ:2022,002364.SZ,validation,0,0.4579125940799713,0.7468543648719788,financial_only,17
002364.SZ:2024,002364.SZ,test,0,0.4750843048095703,0.7468543648719788,financial_only,17
002364.SZ:2025,002364.SZ,test,0,0.4653434157371521,0.7468543648719788,financial_only,17
002365.SZ:2017,002365.SZ,train,0,0.25270625948905945,0.7468543648719788,financial_only,17
002365.SZ:2018,002365.SZ,train,0,0.3637295663356781,0.7468543648719788,financial_only,17
002365.SZ:2019,002365.SZ,train,0,0.35987427830696106,0.7468543648719788,financial_only,17
002365.SZ:2020,002365.SZ,train,0,0.3837437927722931,0.7468543648719788,financial_only,17
002365.SZ:2021,002365.SZ,train,0,0.3958663046360016,0.7468543648719788,financial_only,17
002365.SZ:2022,002365.SZ,validation,0,0.4040285050868988,0.7468543648719788,financial_only,17
002365.SZ:2024,002365.SZ,test,0,0.40898624062538147,0.7468543648719788,financial_only,17
002365.SZ:2025,002365.SZ,test,0,0.3736931383609772,0.7468543648719788,financial_only,17
002374.SZ:2017,002374.SZ,train,0,0.4448184072971344,0.7468543648719788,financial_only,17
002374.SZ:2019,002374.SZ,train,0,0.7299925088882446,0.7468543648719788,financial_only,17
002374.SZ:2020,002374.SZ,train,0,0.5453757643699646,0.7468543648719788,financial_only,17
002374.SZ:2021,002374.SZ,train,0,0.6418286561965942,0.7468543648719788,financial_only,17
002374.SZ:2022,002374.SZ,validation,0,0.743560254573822,0.7468543648719788,financial_only,17
002374.SZ:2024,002374.SZ,test,0,0.6631850600242615,0.7468543648719788,financial_only,17
002374.SZ:2025,002374.SZ,test,0,0.712526798248291,0.7468543648719788,financial_only,17
002378.SZ:2019,002378.SZ,train,0,0.4832080602645874,0.7468543648719788,financial_only,17
002378.SZ:2020,002378.SZ,train,0,0.5931035280227661,0.7468543648719788,financial_only,17
002378.SZ:2021,002378.SZ,train,0,0.47730886936187744,0.7468543648719788,financial_only,17
002378.SZ:2022,002378.SZ,validation,0,0.4667774438858032,0.7468543648719788,financial_only,17
002378.SZ:2024,002378.SZ,test,0,0.46503978967666626,0.7468543648719788,financial_only,17
002378.SZ:2025,002378.SZ,test,0,0.4654599130153656,0.7468543648719788,financial_only,17
002380.SZ:2017,002380.SZ,train,0,0.30017775297164917,0.7468543648719788,financial_only,17
002380.SZ:2018,002380.SZ,train,0,0.30787569284439087,0.7468543648719788,financial_only,17
002380.SZ:2019,002380.SZ,train,0,0.32664963603019714,0.7468543648719788,financial_only,17
002380.SZ:2020,002380.SZ,train,0,0.3729751706123352,0.7468543648719788,financial_only,17
002380.SZ:2022,002380.SZ,validation,0,0.4686708450317383,0.7468543648719788,financial_only,17
002380.SZ:2024,002380.SZ,test,0,0.44119980931282043,0.7468543648719788,financial_only,17
002380.SZ:2025,002380.SZ,test,0,0.42227670550346375,0.7468543648719788,financial_only,17
002382.SZ:2017,002382.SZ,train,0,0.3683600425720215,0.7468543648719788,financial_only,17
002382.SZ:2018,002382.SZ,train,0,0.3991902470588684,0.7468543648719788,financial_only,17
002382.SZ:2019,002382.SZ,train,0,0.4676850140094757,0.7468543648719788,financial_only,17
002382.SZ:2020,002382.SZ,train,0,0.4583888649940491,0.7468543648719788,financial_only,17
002382.SZ:2021,002382.SZ,train,0,0.3659456968307495,0.7468543648719788,financial_only,17
002382.SZ:2022,002382.SZ,validation,0,0.4197194278240204,0.7468543648719788,financial_only,17
002382.SZ:2024,002382.SZ,test,0,0.5814428329467773,0.7468543648719788,financial_only,17
002384.SZ:2017,002384.SZ,train,0,0.5401859283447266,0.7468543648719788,financial_only,17
002384.SZ:2018,002384.SZ,train,0,0.5349524021148682,0.7468543648719788,financial_only,17
002384.SZ:2019,002384.SZ,train,0,0.5178289413452148,0.7468543648719788,financial_only,17
002384.SZ:2020,002384.SZ,train,0,0.5095812082290649,0.7468543648719788,financial_only,17
002384.SZ:2021,002384.SZ,train,0,0.49146339297294617,0.7468543648719788,financial_only,17
002384.SZ:2022,002384.SZ,validation,0,0.4865070879459381,0.7468543648719788,financial_only,17
002384.SZ:2024,002384.SZ,test,0,0.48317790031433105,0.7468543648719788,financial_only,17
002384.SZ:2025,002384.SZ,test,0,0.5013843178749084,0.7468543648719788,financial_only,17
002391.SZ:2017,002391.SZ,train,0,0.45730558037757874,0.7468543648719788,financial_only,17
002391.SZ:2018,002391.SZ,train,0,0.42396754026412964,0.7468543648719788,financial_only,17
002391.SZ:2019,002391.SZ,train,0,0.4109721779823303,0.7468543648719788,financial_only,17
002391.SZ:2020,002391.SZ,train,0,0.40678927302360535,0.7468543648719788,financial_only,17
002391.SZ:2021,002391.SZ,train,0,0.4437210261821747,0.7468543648719788,financial_only,17
002391.SZ:2022,002391.SZ,validation,0,0.46540898084640503,0.7468543648719788,financial_only,17
002391.SZ:2024,002391.SZ,test,0,0.49884504079818726,0.7468543648719788,financial_only,17
002391.SZ:2025,002391.SZ,test,0,0.544730007648468,0.7468543648719788,financial_only,17
002396.SZ:2017,002396.SZ,train,0,0.40853163599967957,0.7468543648719788,financial_only,17
002396.SZ:2021,002396.SZ,train,0,0.445965439081192,0.7468543648719788,financial_only,17
002396.SZ:2022,002396.SZ,validation,0,0.4265572428703308,0.7468543648719788,financial_only,17
002396.SZ:2024,002396.SZ,test,0,0.45893988013267517,0.7468543648719788,financial_only,17
002396.SZ:2025,002396.SZ,test,0,0.4561581611633301,0.7468543648719788,financial_only,17
002402.SZ:2017,002402.SZ,train,0,0.4269106090068817,0.7468543648719788,financial_only,17
002402.SZ:2018,002402.SZ,train,0,0.4251515865325928,0.7468543648719788,financial_only,17
002402.SZ:2019,002402.SZ,train,0,0.4605828821659088,0.7468543648719788,financial_only,17
002402.SZ:2020,002402.SZ,train,0,0.4512476325035095,0.7468543648719788,financial_only,17
002402.SZ:2021,002402.SZ,train,0,0.45258644223213196,0.7468543648719788,financial_only,17
002402.SZ:2022,002402.SZ,validation,0,0.4294470250606537,0.7468543648719788,financial_only,17
002402.SZ:2024,002402.SZ,test,0,0.48544275760650635,0.7468543648719788,financial_only,17
002402.SZ:2025,002402.SZ,test,0,0.5079532861709595,0.7468543648719788,financial_only,17
002405.SZ:2017,002405.SZ,train,0,0.3827304542064667,0.7468543648719788,financial_only,17
002405.SZ:2018,002405.SZ,train,0,0.40563833713531494,0.7468543648719788,financial_only,17
002405.SZ:2019,002405.SZ,train,0,0.40755149722099304,0.7468543648719788,financial_only,17
002405.SZ:2020,002405.SZ,train,0,0.4227921962738037,0.7468543648719788,financial_only,17
002405.SZ:2021,002405.SZ,train,0,0.5651621222496033,0.7468543648719788,financial_only,17
002405.SZ:2022,002405.SZ,validation,0,0.3843352794647217,0.7468543648719788,financial_only,17
002405.SZ:2024,002405.SZ,test,0,0.6568382978439331,0.7468543648719788,financial_only,17
002405.SZ:2025,002405.SZ,test,0,0.6275026798248291,0.7468543648719788,financial_only,17
002410.SZ:2017,002410.SZ,train,0,0.2671496272087097,0.7468543648719788,financial_only,17
002410.SZ:2018,002410.SZ,train,0,0.2861937880516052,0.7468543648719788,financial_only,17
002410.SZ:2019,002410.SZ,train,0,0.3872298300266266,0.7468543648719788,financial_only,17
002410.SZ:2020,002410.SZ,train,0,0.4492512345314026,0.7468543648719788,financial_only,17
002410.SZ:2021,002410.SZ,train,0,0.4083254635334015,0.7468543648719788,financial_only,17
002410.SZ:2022,002410.SZ,validation,0,0.4039314389228821,0.7468543648719788,financial_only,17
002410.SZ:2025,002410.SZ,test,0,0.46621260046958923,0.7468543648719788,financial_only,17
002413.SZ:2017,002413.SZ,train,0,0.2558189034461975,0.7468543648719788,financial_only,17
002413.SZ:2018,002413.SZ,train,0,0.33093973994255066,0.7468543648719788,financial_only,17
002413.SZ:2020,002413.SZ,train,0,0.4213990867137909,0.7468543648719788,financial_only,17
002413.SZ:2021,002413.SZ,train,0,0.4256475865840912,0.7468543648719788,financial_only,17
002413.SZ:2022,002413.SZ,validation,0,0.5627171993255615,0.7468543648719788,financial_only,17
002413.SZ:2024,002413.SZ,test,0,0.6247180700302124,0.7468543648719788,financial_only,17
002413.SZ:2025,002413.SZ,test,0,0.6215364336967468,0.7468543648719788,financial_only,17
002418.SZ:2019,002418.SZ,train,1,0.8045932650566101,0.7468543648719788,financial_only,17
002418.SZ:2022,002418.SZ,validation,0,0.5325269103050232,0.7468543648719788,financial_only,17
002418.SZ:2024,002418.SZ,test,0,0.5189107656478882,0.7468543648719788,financial_only,17
002418.SZ:2025,002418.SZ,test,0,0.5767900943756104,0.7468543648719788,financial_only,17
002426.SZ:2022,002426.SZ,validation,0,0.5498810410499573,0.7468543648719788,financial_only,17
002426.SZ:2024,002426.SZ,test,0,0.6537872552871704,0.7468543648719788,financial_only,17
002426.SZ:2025,002426.SZ,test,0,0.6603566408157349,0.7468543648719788,financial_only,17
002429.SZ:2017,002429.SZ,train,0,0.4845010042190552,0.7468543648719788,financial_only,17
002429.SZ:2018,002429.SZ,train,0,0.4631502628326416,0.7468543648719788,financial_only,17
002429.SZ:2019,002429.SZ,train,0,0.5080347657203674,0.7468543648719788,financial_only,17
002429.SZ:2020,002429.SZ,train,0,0.46640846133232117,0.7468543648719788,financial_only,17
002429.SZ:2022,002429.SZ,validation,0,0.5131964087486267,0.7468543648719788,financial_only,17
002429.SZ:2024,002429.SZ,test,0,0.4579997956752777,0.7468543648719788,financial_only,17
002429.SZ:2025,002429.SZ,test,0,0.4523414671421051,0.7468543648719788,financial_only,17
002433.SZ:2017,002433.SZ,train,0,0.37549009919166565,0.7468543648719788,financial_only,17
002433.SZ:2018,002433.SZ,train,0,0.4136424958705902,0.7468543648719788,financial_only,17
002433.SZ:2019,002433.SZ,train,0,0.433413028717041,0.7468543648719788,financial_only,17
002434.SZ:2017,002434.SZ,train,0,0.49260222911834717,0.7468543648719788,financial_only,17
002434.SZ:2018,002434.SZ,train,0,0.42975103855133057,0.7468543648719788,financial_only,17
000012.SZ:2017,000012.SZ,train,0,0.433290034532547,0.6570177674293518,financial_only,42
000012.SZ:2019,000012.SZ,train,0,0.46104922890663147,0.6570177674293518,financial_only,42
000012.SZ:2020,000012.SZ,train,0,0.44385603070259094,0.6570177674293518,financial_only,42
000012.SZ:2021,000012.SZ,train,0,0.40965819358825684,0.6570177674293518,financial_only,42
000012.SZ:2022,000012.SZ,validation,0,0.3447591960430145,0.6570177674293518,financial_only,42
000012.SZ:2024,000012.SZ,test,0,0.4388503134250641,0.6570177674293518,financial_only,42
000018.SZ:2017,000018.SZ,train,0,0.5023634433746338,0.6570177674293518,financial_only,42
000019.SZ:2017,000019.SZ,train,0,0.31694963574409485,0.6570177674293518,financial_only,42
000019.SZ:2018,000019.SZ,train,0,0.49314698576927185,0.6570177674293518,financial_only,42
000019.SZ:2020,000019.SZ,train,0,0.4180081784725189,0.6570177674293518,financial_only,42
000019.SZ:2021,000019.SZ,train,0,0.41840556263923645,0.6570177674293518,financial_only,42
000019.SZ:2022,000019.SZ,validation,0,0.4196208715438843,0.6570177674293518,financial_only,42
000019.SZ:2024,000019.SZ,test,0,0.4156420826911926,0.6570177674293518,financial_only,42
000040.SZ:2017,000040.SZ,train,0,0.4741469621658325,0.6570177674293518,financial_only,42
000040.SZ:2022,000040.SZ,validation,0,0.5362177491188049,0.6570177674293518,financial_only,42
000048.SZ:2020,000048.SZ,train,0,0.31282922625541687,0.6570177674293518,financial_only,42
000048.SZ:2021,000048.SZ,train,0,0.3584141135215759,0.6570177674293518,financial_only,42
000048.SZ:2022,000048.SZ,validation,0,0.4319647252559662,0.6570177674293518,financial_only,42
000048.SZ:2025,000048.SZ,test,0,0.41939640045166016,0.6570177674293518,financial_only,42
000055.SZ:2017,000055.SZ,train,0,0.4192662239074707,0.6570177674293518,financial_only,42
000055.SZ:2019,000055.SZ,train,0,0.3014868199825287,0.6570177674293518,financial_only,42
000055.SZ:2020,000055.SZ,train,0,0.4822941720485687,0.6570177674293518,financial_only,42
000055.SZ:2021,000055.SZ,train,0,0.46216636896133423,0.6570177674293518,financial_only,42
000055.SZ:2022,000055.SZ,validation,0,0.4832151234149933,0.6570177674293518,financial_only,42
000055.SZ:2024,000055.SZ,test,0,0.4849368929862976,0.6570177674293518,financial_only,42
000055.SZ:2025,000055.SZ,test,0,0.49768123030662537,0.6570177674293518,financial_only,42
000068.SZ:2019,000068.SZ,train,0,0.585035502910614,0.6570177674293518,financial_only,42
000068.SZ:2020,000068.SZ,train,0,0.516623318195343,0.6570177674293518,financial_only,42
000068.SZ:2021,000068.SZ,train,0,0.5882194638252258,0.6570177674293518,financial_only,42
000068.SZ:2022,000068.SZ,validation,0,0.5538407564163208,0.6570177674293518,financial_only,42
000068.SZ:2024,000068.SZ,test,0,0.3157235383987427,0.6570177674293518,financial_only,42
000068.SZ:2025,000068.SZ,test,0,0.5222364664077759,0.6570177674293518,financial_only,42
000099.SZ:2017,000099.SZ,train,0,0.4865085482597351,0.6570177674293518,financial_only,42
000099.SZ:2018,000099.SZ,train,0,0.48322799801826477,0.6570177674293518,financial_only,42
000099.SZ:2019,000099.SZ,train,0,0.4743812084197998,0.6570177674293518,financial_only,42
000099.SZ:2020,000099.SZ,train,0,0.4328910708427429,0.6570177674293518,financial_only,42
000099.SZ:2021,000099.SZ,train,0,0.42283642292022705,0.6570177674293518,financial_only,42
000099.SZ:2022,000099.SZ,validation,0,0.3559505045413971,0.6570177674293518,financial_only,42
000419.SZ:2017,000419.SZ,train,0,0.48195260763168335,0.6570177674293518,financial_only,42
000419.SZ:2018,000419.SZ,train,0,0.4697025716304779,0.6570177674293518,financial_only,42
000419.SZ:2019,000419.SZ,train,0,0.46983158588409424,0.6570177674293518,financial_only,42
000419.SZ:2020,000419.SZ,train,0,0.4641975164413452,0.6570177674293518,financial_only,42
000419.SZ:2021,000419.SZ,train,0,0.4451178312301636,0.6570177674293518,financial_only,42
000419.SZ:2022,000419.SZ,validation,0,0.459169864654541,0.6570177674293518,financial_only,42
000419.SZ:2024,000419.SZ,test,0,0.45343145728111267,0.6570177674293518,financial_only,42
000501.SZ:2017,000501.SZ,train,0,0.43494606018066406,0.6570177674293518,financial_only,42
000501.SZ:2018,000501.SZ,train,0,0.4423987567424774,0.6570177674293518,financial_only,42
000501.SZ:2019,000501.SZ,train,0,0.4380219876766205,0.6570177674293518,financial_only,42
000501.SZ:2020,000501.SZ,train,0,0.44521787762641907,0.6570177674293518,financial_only,42
000501.SZ:2021,000501.SZ,train,0,0.46415215730667114,0.6570177674293518,financial_only,42
000501.SZ:2022,000501.SZ,validation,0,0.45447003841400146,0.6570177674293518,financial_only,42
000501.SZ:2024,000501.SZ,test,0,0.4832783341407776,0.6570177674293518,financial_only,42
000501.SZ:2025,000501.SZ,test,0,0.4854932129383087,0.6570177674293518,financial_only,42
000504.SZ:2018,000504.SZ,train,0,0.5805323123931885,0.6570177674293518,financial_only,42
000504.SZ:2019,000504.SZ,train,1,0.5921128392219543,0.6570177674293518,financial_only,42
000504.SZ:2021,000504.SZ,train,0,0.5144594311714172,0.6570177674293518,financial_only,42
000504.SZ:2022,000504.SZ,validation,0,0.5996870994567871,0.6570177674293518,financial_only,42
000504.SZ:2024,000504.SZ,test,1,0.5852454304695129,0.6570177674293518,financial_only,42
000533.SZ:2019,000533.SZ,train,0,0.6354766488075256,0.6570177674293518,financial_only,42
000533.SZ:2020,000533.SZ,train,0,0.5277138948440552,0.6570177674293518,financial_only,42
000533.SZ:2021,000533.SZ,train,0,0.5102179050445557,0.6570177674293518,financial_only,42
000533.SZ:2022,000533.SZ,validation,0,0.5274824500083923,0.6570177674293518,financial_only,42
000533.SZ:2024,000533.SZ,test,0,0.5001705288887024,0.6570177674293518,financial_only,42
000533.SZ:2025,000533.SZ,test,0,0.4981396496295929,0.6570177674293518,financial_only,42
000534.SZ:2020,000534.SZ,train,0,0.4684520959854126,0.6570177674293518,financial_only,42
000534.SZ:2021,000534.SZ,train,0,0.4539283514022827,0.6570177674293518,financial_only,42
000534.SZ:2022,000534.SZ,validation,0,0.4458950161933899,0.6570177674293518,financial_only,42
000534.SZ:2024,000534.SZ,test,0,0.4347882568836212,0.6570177674293518,financial_only,42
000545.SZ:2017,000545.SZ,train,0,0.4462783634662628,0.6570177674293518,financial_only,42
000545.SZ:2018,000545.SZ,train,0,0.41001132130622864,0.6570177674293518,financial_only,42
000545.SZ:2019,000545.SZ,train,0,0.467743843793869,0.6570177674293518,financial_only,42
000545.SZ:2021,000545.SZ,train,0,0.5403072834014893,0.6570177674293518,financial_only,42
000545.SZ:2022,000545.SZ,validation,0,0.4699857234954834,0.6570177674293518,financial_only,42
000545.SZ:2024,000545.SZ,test,0,0.5279057621955872,0.6570177674293518,financial_only,42
000545.SZ:2025,000545.SZ,test,0,0.5471882224082947,0.6570177674293518,financial_only,42
000553.SZ:2017,000553.SZ,train,0,0.5149748921394348,0.6570177674293518,financial_only,42
000555.SZ:2017,000555.SZ,train,0,0.49962642788887024,0.6570177674293518,financial_only,42
000555.SZ:2022,000555.SZ,validation,0,0.48627299070358276,0.6570177674293518,financial_only,42
000555.SZ:2024,000555.SZ,test,0,0.49712613224983215,0.6570177674293518,financial_only,42
000555.SZ:2025,000555.SZ,test,0,0.5211231708526611,0.6570177674293518,financial_only,42
000557.SZ:2020,000557.SZ,train,0,0.37914949655532837,0.6570177674293518,financial_only,42
000557.SZ:2021,000557.SZ,train,0,0.34147006273269653,0.6570177674293518,financial_only,42
000557.SZ:2022,000557.SZ,validation,0,0.3346893787384033,0.6570177674293518,financial_only,42
000557.SZ:2024,000557.SZ,test,0,0.2728695869445801,0.6570177674293518,financial_only,42
000557.SZ:2025,000557.SZ,test,0,0.3232508897781372,0.6570177674293518,financial_only,42
000576.SZ:2017,000576.SZ,train,0,0.43088841438293457,0.6570177674293518,financial_only,42
000576.SZ:2021,000576.SZ,train,0,0.2385932356119156,0.6570177674293518,financial_only,42
000576.SZ:2022,000576.SZ,validation,0,0.3895677626132965,0.6570177674293518,financial_only,42
000576.SZ:2024,000576.SZ,test,0,0.5241522789001465,0.6570177674293518,financial_only,42
000576.SZ:2025,000576.SZ,test,0,0.41216224431991577,0.6570177674293518,financial_only,42
000581.SZ:2017,000581.SZ,train,0,0.3696240484714508,0.6570177674293518,financial_only,42
000581.SZ:2018,000581.SZ,train,0,0.3445044159889221,0.6570177674293518,financial_only,42
000581.SZ:2019,000581.SZ,train,0,0.3471585512161255,0.6570177674293518,financial_only,42
000581.SZ:2020,000581.SZ,train,0,0.38040676712989807,0.6570177674293518,financial_only,42
000581.SZ:2021,000581.SZ,train,0,0.4008283317089081,0.6570177674293518,financial_only,42
000581.SZ:2022,000581.SZ,validation,0,0.406505286693573,0.6570177674293518,financial_only,42
000581.SZ:2024,000581.SZ,test,0,0.41868630051612854,0.6570177674293518,financial_only,42
000581.SZ:2025,000581.SZ,test,0,0.43021759390830994,0.6570177674293518,financial_only,42
000585.SZ:2017,000585.SZ,train,1,0.6665136218070984,0.6570177674293518,financial_only,42
000589.SZ:2020,000589.SZ,train,0,0.4772055447101593,0.6570177674293518,financial_only,42
000589.SZ:2021,000589.SZ,train,0,0.38528895378112793,0.6570177674293518,financial_only,42
000589.SZ:2022,000589.SZ,validation,0,0.48466336727142334,0.6570177674293518,financial_only,42
000589.SZ:2024,000589.SZ,test,0,0.44794657826423645,0.6570177674293518,financial_only,42
000589.SZ:2025,000589.SZ,test,0,0.47909146547317505,0.6570177674293518,financial_only,42
000593.SZ:2017,000593.SZ,train,0,0.5204086303710938,0.6570177674293518,financial_only,42
000593.SZ:2018,000593.SZ,train,0,0.4764707088470459,0.6570177674293518,financial_only,42
000593.SZ:2019,000593.SZ,train,0,0.5644813179969788,0.6570177674293518,financial_only,42
000593.SZ:2020,000593.SZ,train,0,0.4882652461528778,0.6570177674293518,financial_only,42
000593.SZ:2021,000593.SZ,train,0,0.48352357745170593,0.6570177674293518,financial_only,42
000593.SZ:2022,000593.SZ,validation,0,0.4654019773006439,0.6570177674293518,financial_only,42
000593.SZ:2025,000593.SZ,test,0,0.48797479271888733,0.6570177674293518,financial_only,42
000598.SZ:2017,000598.SZ,train,0,0.38712748885154724,0.6570177674293518,financial_only,42
000598.SZ:2019,000598.SZ,train,0,0.3985592722892761,0.6570177674293518,financial_only,42
000598.SZ:2020,000598.SZ,train,0,0.41470253467559814,0.6570177674293518,financial_only,42
000598.SZ:2021,000598.SZ,train,0,0.4086267948150635,0.6570177674293518,financial_only,42
000598.SZ:2022,000598.SZ,validation,0,0.4178745746612549,0.6570177674293518,financial_only,42
000598.SZ:2024,000598.SZ,test,0,0.41797417402267456,0.6570177674293518,financial_only,42
000598.SZ:2025,000598.SZ,test,0,0.42144566774368286,0.6570177674293518,financial_only,42
000599.SZ:2017,000599.SZ,train,0,0.5095593333244324,0.6570177674293518,financial_only,42
000599.SZ:2018,000599.SZ,train,0,0.5079472661018372,0.6570177674293518,financial_only,42
000599.SZ:2019,000599.SZ,train,0,0.5081136226654053,0.6570177674293518,financial_only,42
000599.SZ:2020,000599.SZ,train,0,0.5268475413322449,0.6570177674293518,financial_only,42
000599.SZ:2021,000599.SZ,train,0,0.5147724151611328,0.6570177674293518,financial_only,42
000599.SZ:2022,000599.SZ,validation,0,0.5329970121383667,0.6570177674293518,financial_only,42
000599.SZ:2024,000599.SZ,test,0,0.5273685455322266,0.6570177674293518,financial_only,42
000599.SZ:2025,000599.SZ,test,0,0.5420569181442261,0.6570177674293518,financial_only,42
000610.SZ:2020,000610.SZ,train,0,0.4968733787536621,0.6570177674293518,financial_only,42
000610.SZ:2021,000610.SZ,train,0,0.45350831747055054,0.6570177674293518,financial_only,42
000610.SZ:2022,000610.SZ,validation,0,0.525109052658081,0.6570177674293518,financial_only,42
000610.SZ:2024,000610.SZ,test,0,0.5698883533477783,0.6570177674293518,financial_only,42
000610.SZ:2025,000610.SZ,test,1,0.6409389972686768,0.6570177674293518,financial_only,42
000612.SZ:2020,000612.SZ,train,0,0.4438384473323822,0.6570177674293518,financial_only,42
000612.SZ:2021,000612.SZ,train,0,0.3790828585624695,0.6570177674293518,financial_only,42
000612.SZ:2022,000612.SZ,validation,0,0.4385007619857788,0.6570177674293518,financial_only,42
000612.SZ:2024,000612.SZ,test,0,0.3755604028701782,0.6570177674293518,financial_only,42
000612.SZ:2025,000612.SZ,test,0,0.36106565594673157,0.6570177674293518,financial_only,42
000626.SZ:2017,000626.SZ,train,0,0.48225557804107666,0.6570177674293518,financial_only,42
000626.SZ:2018,000626.SZ,train,0,0.5203132033348083,0.6570177674293518,financial_only,42
000626.SZ:2020,000626.SZ,train,0,0.48588961362838745,0.6570177674293518,financial_only,42
000626.SZ:2021,000626.SZ,train,0,0.49816757440567017,0.6570177674293518,financial_only,42
000626.SZ:2022,000626.SZ,validation,0,0.4729454517364502,0.6570177674293518,financial_only,42
000626.SZ:2024,000626.SZ,test,0,0.5164931416511536,0.6570177674293518,financial_only,42
000626.SZ:2025,000626.SZ,test,0,0.49340853095054626,0.6570177674293518,financial_only,42
000629.SZ:2019,000629.SZ,train,0,0.26918742060661316,0.6570177674293518,financial_only,42
000629.SZ:2020,000629.SZ,train,0,0.27367183566093445,0.6570177674293518,financial_only,42
000629.SZ:2021,000629.SZ,train,0,0.41377556324005127,0.6570177674293518,financial_only,42
000629.SZ:2022,000629.SZ,validation,0,0.2844327986240387,0.6570177674293518,financial_only,42
000629.SZ:2024,000629.SZ,test,0,0.40906181931495667,0.6570177674293518,financial_only,42
000629.SZ:2025,000629.SZ,test,0,0.4078430235385895,0.6570177674293518,financial_only,42
000633.SZ:2018,000633.SZ,train,0,0.5376695394515991,0.6570177674293518,financial_only,42
000633.SZ:2019,000633.SZ,train,0,0.4982612133026123,0.6570177674293518,financial_only,42
000633.SZ:2022,000633.SZ,validation,0,0.4854649305343628,0.6570177674293518,financial_only,42
000633.SZ:2024,000633.SZ,test,0,0.46491044759750366,0.6570177674293518,financial_only,42
000633.SZ:2025,000633.SZ,test,0,0.4842703640460968,0.6570177674293518,financial_only,42
000635.SZ:2018,000635.SZ,train,0,0.3879350423812866,0.6570177674293518,financial_only,42
000635.SZ:2019,000635.SZ,train,0,0.4434766471385956,0.6570177674293518,financial_only,42
000635.SZ:2021,000635.SZ,train,0,0.42449572682380676,0.6570177674293518,financial_only,42
000635.SZ:2022,000635.SZ,validation,0,0.4343814551830292,0.6570177674293518,financial_only,42
000650.SZ:2017,000650.SZ,train,0,0.3260815143585205,0.6570177674293518,financial_only,42
000650.SZ:2019,000650.SZ,train,0,0.3066421449184418,0.6570177674293518,financial_only,42
000650.SZ:2020,000650.SZ,train,0,0.2746041417121887,0.6570177674293518,financial_only,42
000650.SZ:2021,000650.SZ,train,0,0.2655860483646393,0.6570177674293518,financial_only,42
000650.SZ:2022,000650.SZ,validation,0,0.30506590008735657,0.6570177674293518,financial_only,42
000650.SZ:2024,000650.SZ,test,0,0.3188571333885193,0.6570177674293518,financial_only,42
000650.SZ:2025,000650.SZ,test,0,0.2895525097846985,0.6570177674293518,financial_only,42
000652.SZ:2017,000652.SZ,train,0,0.48469245433807373,0.6570177674293518,financial_only,42
000652.SZ:2018,000652.SZ,train,0,0.46893659234046936,0.6570177674293518,financial_only,42
000652.SZ:2019,000652.SZ,train,0,0.4767361283302307,0.6570177674293518,financial_only,42
000652.SZ:2020,000652.SZ,train,0,0.48000678420066833,0.6570177674293518,financial_only,42
000655.SZ:2017,000655.SZ,train,1,0.6076464653015137,0.6570177674293518,financial_only,42
000655.SZ:2019,000655.SZ,train,0,0.35399362444877625,0.6570177674293518,financial_only,42
000655.SZ:2020,000655.SZ,train,0,0.2843407094478607,0.6570177674293518,financial_only,42
000655.SZ:2021,000655.SZ,train,0,0.32177799940109253,0.6570177674293518,financial_only,42
000655.SZ:2022,000655.SZ,validation,0,0.2985665500164032,0.6570177674293518,financial_only,42
000655.SZ:2024,000655.SZ,test,0,0.26744166016578674,0.6570177674293518,financial_only,42
000655.SZ:2025,000655.SZ,test,0,0.3318139314651489,0.6570177674293518,financial_only,42
000656.SZ:2020,000656.SZ,train,0,0.42922818660736084,0.6570177674293518,financial_only,42
000656.SZ:2021,000656.SZ,train,0,0.42048755288124084,0.6570177674293518,financial_only,42
000656.SZ:2022,000656.SZ,validation,0,0.43222859501838684,0.6570177674293518,financial_only,42
000662.SZ:2018,000662.SZ,train,0,0.33346837759017944,0.6570177674293518,financial_only,42
000665.SZ:2024,000665.SZ,test,0,0.562322199344635,0.6570177674293518,financial_only,42
000668.SZ:2017,000668.SZ,train,0,0.5128018856048584,0.6570177674293518,financial_only,42
000668.SZ:2019,000668.SZ,train,0,0.44828319549560547,0.6570177674293518,financial_only,42
000668.SZ:2021,000668.SZ,train,0,0.48181089758872986,0.6570177674293518,financial_only,42
000668.SZ:2024,000668.SZ,test,1,0.5224761962890625,0.6570177674293518,financial_only,42
000670.SZ:2017,000670.SZ,train,0,0.4500223398208618,0.6570177674293518,financial_only,42
000670.SZ:2024,000670.SZ,test,0,0.526077389717102,0.6570177674293518,financial_only,42
000670.SZ:2025,000670.SZ,test,0,0.5187938213348389,0.6570177674293518,financial_only,42
000695.SZ:2017,000695.SZ,train,0,0.5185605883598328,0.6570177674293518,financial_only,42
000695.SZ:2018,000695.SZ,train,0,0.5143136978149414,0.6570177674293518,financial_only,42
000695.SZ:2019,000695.SZ,train,0,0.42048901319503784,0.6570177674293518,financial_only,42
000695.SZ:2020,000695.SZ,train,0,0.4959866404533386,0.6570177674293518,financial_only,42
000695.SZ:2021,000695.SZ,train,0,0.5262055993080139,0.6570177674293518,financial_only,42
000695.SZ:2024,000695.SZ,test,0,0.5488988161087036,0.6570177674293518,financial_only,42
000695.SZ:2025,000695.SZ,test,0,0.529796838760376,0.6570177674293518,financial_only,42
000709.SZ:2017,000709.SZ,train,0,0.4984959363937378,0.6570177674293518,financial_only,42
000709.SZ:2020,000709.SZ,train,0,0.488359272480011,0.6570177674293518,financial_only,42
000709.SZ:2021,000709.SZ,train,0,0.4910948872566223,0.6570177674293518,financial_only,42
000709.SZ:2022,000709.SZ,validation,0,0.4867200255393982,0.6570177674293518,financial_only,42
000709.SZ:2024,000709.SZ,test,0,0.49556049704551697,0.6570177674293518,financial_only,42
000709.SZ:2025,000709.SZ,test,0,0.4968719184398651,0.6570177674293518,financial_only,42
000715.SZ:2017,000715.SZ,train,0,0.4610269367694855,0.6570177674293518,financial_only,42
000715.SZ:2018,000715.SZ,train,0,0.4605303406715393,0.6570177674293518,financial_only,42
000715.SZ:2019,000715.SZ,train,0,0.4564182758331299,0.6570177674293518,financial_only,42
000715.SZ:2020,000715.SZ,train,0,0.4247671663761139,0.6570177674293518,financial_only,42
000715.SZ:2021,000715.SZ,train,0,0.420250803232193,0.6570177674293518,financial_only,42
000715.SZ:2022,000715.SZ,validation,0,0.40066030621528625,0.6570177674293518,financial_only,42
000715.SZ:2024,000715.SZ,test,0,0.392737478017807,0.6570177674293518,financial_only,42
000715.SZ:2025,000715.SZ,test,0,0.41898101568222046,0.6570177674293518,financial_only,42
000718.SZ:2018,000718.SZ,train,0,0.379738450050354,0.6570177674293518,financial_only,42
000718.SZ:2019,000718.SZ,train,0,0.38034239411354065,0.6570177674293518,financial_only,42
000718.SZ:2020,000718.SZ,train,0,0.384335994720459,0.6570177674293518,financial_only,42
000718.SZ:2021,000718.SZ,train,0,0.38748419284820557,0.6570177674293518,financial_only,42
000718.SZ:2022,000718.SZ,validation,0,0.39449021220207214,0.6570177674293518,financial_only,42
000718.SZ:2024,000718.SZ,test,0,0.42916831374168396,0.6570177674293518,financial_only,42
000718.SZ:2025,000718.SZ,test,0,0.42787179350852966,0.6570177674293518,financial_only,42
000727.SZ:2017,000727.SZ,train,0,0.4982248544692993,0.6570177674293518,financial_only,42
000727.SZ:2021,000727.SZ,train,0,0.45584622025489807,0.6570177674293518,financial_only,42
000739.SZ:2018,000739.SZ,train,0,0.4949326813220978,0.6570177674293518,financial_only,42
000739.SZ:2019,000739.SZ,train,0,0.4287048280239105,0.6570177674293518,financial_only,42
000739.SZ:2020,000739.SZ,train,0,0.38246703147888184,0.6570177674293518,financial_only,42
000739.SZ:2021,000739.SZ,train,0,0.3881909251213074,0.6570177674293518,financial_only,42
000739.SZ:2022,000739.SZ,validation,0,0.4263010621070862,0.6570177674293518,financial_only,42
000739.SZ:2024,000739.SZ,test,0,0.4355217218399048,0.6570177674293518,financial_only,42
000739.SZ:2025,000739.SZ,test,0,0.430631160736084,0.6570177674293518,financial_only,42
000786.SZ:2020,000786.SZ,train,0,0.44836458563804626,0.6570177674293518,financial_only,42
000786.SZ:2021,000786.SZ,train,0,0.35523051023483276,0.6570177674293518,financial_only,42
000786.SZ:2022,000786.SZ,validation,0,0.3223704993724823,0.6570177674293518,financial_only,42
000786.SZ:2024,000786.SZ,test,0,0.3173910081386566,0.6570177674293518,financial_only,42
000786.SZ:2025,000786.SZ,test,0,0.3412603437900543,0.6570177674293518,financial_only,42
000797.SZ:2017,000797.SZ,train,0,0.405547559261322,0.6570177674293518,financial_only,42
000797.SZ:2018,000797.SZ,train,0,0.47790759801864624,0.6570177674293518,financial_only,42
000797.SZ:2019,000797.SZ,train,0,0.4513314962387085,0.6570177674293518,financial_only,42
000797.SZ:2020,000797.SZ,train,0,0.45980000495910645,0.6570177674293518,financial_only,42
000797.SZ:2021,000797.SZ,train,0,0.41447898745536804,0.6570177674293518,financial_only,42
000797.SZ:2022,000797.SZ,validation,0,0.44145628809928894,0.6570177674293518,financial_only,42
000797.SZ:2024,000797.SZ,test,0,0.4236796498298645,0.6570177674293518,financial_only,42
000797.SZ:2025,000797.SZ,test,0,0.4504759907722473,0.6570177674293518,financial_only,42
000800.SZ:2017,000800.SZ,train,0,0.52378910779953,0.6570177674293518,financial_only,42
000800.SZ:2019,000800.SZ,train,0,0.49950915575027466,0.6570177674293518,financial_only,42
000800.SZ:2020,000800.SZ,train,0,0.4960182011127472,0.6570177674293518,financial_only,42
000800.SZ:2021,000800.SZ,train,0,0.47842565178871155,0.6570177674293518,financial_only,42
000800.SZ:2022,000800.SZ,validation,0,0.4063774049282074,0.6570177674293518,financial_only,42
000800.SZ:2024,000800.SZ,test,0,0.4928608536720276,0.6570177674293518,financial_only,42
000800.SZ:2025,000800.SZ,test,0,0.5006111860275269,0.6570177674293518,financial_only,42
000807.SZ:2017,000807.SZ,train,0,0.49533867835998535,0.6570177674293518,financial_only,42
000807.SZ:2019,000807.SZ,train,0,0.5345590710639954,0.6570177674293518,financial_only,42
000807.SZ:2020,000807.SZ,train,0,0.47912725806236267,0.6570177674293518,financial_only,42
000807.SZ:2021,000807.SZ,train,0,0.4509493112564087,0.6570177674293518,financial_only,42
000807.SZ:2022,000807.SZ,validation,0,0.33639460802078247,0.6570177674293518,financial_only,42
000807.SZ:2024,000807.SZ,test,0,0.3058035373687744,0.6570177674293518,financial_only,42
000821.SZ:2022,000821.SZ,validation,0,0.48198190331459045,0.6570177674293518,financial_only,42
000821.SZ:2024,000821.SZ,test,0,0.45699411630630493,0.6570177674293518,financial_only,42
000821.SZ:2025,000821.SZ,test,1,0.4861838221549988,0.6570177674293518,financial_only,42
000822.SZ:2020,000822.SZ,train,0,0.40377968549728394,0.6570177674293518,financial_only,42
000823.SZ:2017,000823.SZ,train,0,0.4556832015514374,0.6570177674293518,financial_only,42
000823.SZ:2018,000823.SZ,train,0,0.47940245270729065,0.6570177674293518,financial_only,42
000823.SZ:2019,000823.SZ,train,0,0.4517510235309601,0.6570177674293518,financial_only,42
000823.SZ:2020,000823.SZ,train,0,0.4310294985771179,0.6570177674293518,financial_only,42
000823.SZ:2021,000823.SZ,train,0,0.46933451294898987,0.6570177674293518,financial_only,42
000823.SZ:2022,000823.SZ,validation,0,0.46361371874809265,0.6570177674293518,financial_only,42
000823.SZ:2024,000823.SZ,test,0,0.47858569025993347,0.6570177674293518,financial_only,42
000823.SZ:2025,000823.SZ,test,0,0.4808923900127411,0.6570177674293518,financial_only,42
000830.SZ:2017,000830.SZ,train,0,0.4873558580875397,0.6570177674293518,financial_only,42
000830.SZ:2018,000830.SZ,train,0,0.4002513587474823,0.6570177674293518,financial_only,42
000830.SZ:2019,000830.SZ,train,0,0.34939464926719666,0.6570177674293518,financial_only,42
000830.SZ:2020,000830.SZ,train,0,0.4210963547229767,0.6570177674293518,financial_only,42
000830.SZ:2021,000830.SZ,train,0,0.45130017399787903,0.6570177674293518,financial_only,42
000830.SZ:2022,000830.SZ,validation,0,0.2708684206008911,0.6570177674293518,financial_only,42
000830.SZ:2024,000830.SZ,test,0,0.44552117586135864,0.6570177674293518,financial_only,42
000830.SZ:2025,000830.SZ,test,0,0.4112215042114258,0.6570177674293518,financial_only,42
000835.SZ:2018,000835.SZ,train,0,0.36750471591949463,0.6570177674293518,financial_only,42
000835.SZ:2019,000835.SZ,train,0,0.6901644468307495,0.6570177674293518,financial_only,42
000850.SZ:2017,000850.SZ,train,0,0.48267361521720886,0.6570177674293518,financial_only,42
000850.SZ:2018,000850.SZ,train,0,0.48374542593955994,0.6570177674293518,financial_only,42
000850.SZ:2019,000850.SZ,train,0,0.48431673645973206,0.6570177674293518,financial_only,42
000850.SZ:2021,000850.SZ,train,0,0.46029844880104065,0.6570177674293518,financial_only,42
000850.SZ:2022,000850.SZ,validation,0,0.43475261330604553,0.6570177674293518,financial_only,42
000850.SZ:2024,000850.SZ,test,0,0.47926566004753113,0.6570177674293518,financial_only,42
000850.SZ:2025,000850.SZ,test,0,0.45671147108078003,0.6570177674293518,financial_only,42
000861.SZ:2017,000861.SZ,train,0,0.46042922139167786,0.6570177674293518,financial_only,42
000861.SZ:2019,000861.SZ,train,0,0.4687734842300415,0.6570177674293518,financial_only,42
000861.SZ:2020,000861.SZ,train,0,0.4463598132133484,0.6570177674293518,financial_only,42
000861.SZ:2021,000861.SZ,train,0,0.46731868386268616,0.6570177674293518,financial_only,42
000861.SZ:2022,000861.SZ,validation,0,0.5560566782951355,0.6570177674293518,financial_only,42
000868.SZ:2021,000868.SZ,train,0,0.49787232279777527,0.6570177674293518,financial_only,42
000868.SZ:2022,000868.SZ,validation,0,0.6230549812316895,0.6570177674293518,financial_only,42
000883.SZ:2017,000883.SZ,train,0,0.3928024172782898,0.6570177674293518,financial_only,42
000883.SZ:2018,000883.SZ,train,0,0.40997737646102905,0.6570177674293518,financial_only,42
000883.SZ:2019,000883.SZ,train,0,0.4256758689880371,0.6570177674293518,financial_only,42
000883.SZ:2020,000883.SZ,train,0,0.44502320885658264,0.6570177674293518,financial_only,42
000883.SZ:2021,000883.SZ,train,0,0.4109528958797455,0.6570177674293518,financial_only,42
000883.SZ:2022,000883.SZ,validation,0,0.45784586668014526,0.6570177674293518,financial_only,42
000883.SZ:2024,000883.SZ,test,0,0.47134479880332947,0.6570177674293518,financial_only,42
000890.SZ:2017,000890.SZ,train,0,0.4831889271736145,0.6570177674293518,financial_only,42
000890.SZ:2019,000890.SZ,train,1,0.538421630859375,0.6570177674293518,financial_only,42
000890.SZ:2022,000890.SZ,validation,0,0.481420636177063,0.6570177674293518,financial_only,42
000890.SZ:2024,000890.SZ,test,0,0.5841942429542542,0.6570177674293518,financial_only,42
000890.SZ:2025,000890.SZ,test,0,0.6638883352279663,0.6570177674293518,financial_only,42
000897.SZ:2021,000897.SZ,train,0,0.3941618800163269,0.6570177674293518,financial_only,42
000897.SZ:2024,000897.SZ,test,0,0.39613091945648193,0.6570177674293518,financial_only,42
000903.SZ:2017,000903.SZ,train,0,0.48294001817703247,0.6570177674293518,financial_only,42
000903.SZ:2018,000903.SZ,train,0,0.49082595109939575,0.6570177674293518,financial_only,42
000903.SZ:2019,000903.SZ,train,0,0.4900519847869873,0.6570177674293518,financial_only,42
000903.SZ:2020,000903.SZ,train,0,0.4910685122013092,0.6570177674293518,financial_only,42
000903.SZ:2021,000903.SZ,train,0,0.4708789587020874,0.6570177674293518,financial_only,42
000903.SZ:2022,000903.SZ,validation,0,0.5073918700218201,0.6570177674293518,financial_only,42
000903.SZ:2024,000903.SZ,test,0,0.567557692527771,0.6570177674293518,financial_only,42
000903.SZ:2025,000903.SZ,test,1,0.6017439365386963,0.6570177674293518,financial_only,42
000920.SZ:2017,000920.SZ,train,0,0.41381093859672546,0.6570177674293518,financial_only,42
000920.SZ:2018,000920.SZ,train,0,0.4270979166030884,0.6570177674293518,financial_only,42
000920.SZ:2019,000920.SZ,train,0,0.46135634183883667,0.6570177674293518,financial_only,42
000920.SZ:2020,000920.SZ,train,0,0.4603070318698883,0.6570177674293518,financial_only,42
000920.SZ:2021,000920.SZ,train,0,0.4439029395580292,0.6570177674293518,financial_only,42
000920.SZ:2022,000920.SZ,validation,0,0.4238673150539398,0.6570177674293518,financial_only,42
000920.SZ:2024,000920.SZ,test,0,0.40812334418296814,0.6570177674293518,financial_only,42
000920.SZ:2025,000920.SZ,test,0,0.3962975740432739,0.6570177674293518,financial_only,42
000925.SZ:2017,000925.SZ,train,0,0.5611506104469299,0.6570177674293518,financial_only,42
000925.SZ:2018,000925.SZ,train,0,0.5113807916641235,0.6570177674293518,financial_only,42
000925.SZ:2019,000925.SZ,train,0,0.5198272466659546,0.6570177674293518,financial_only,42
000925.SZ:2020,000925.SZ,train,0,0.5151957869529724,0.6570177674293518,financial_only,42
000925.SZ:2021,000925.SZ,train,0,0.5224354863166809,0.6570177674293518,financial_only,42
000925.SZ:2022,000925.SZ,validation,0,0.5014438629150391,0.6570177674293518,financial_only,42
000925.SZ:2024,000925.SZ,test,0,0.518500566482544,0.6570177674293518,financial_only,42
000925.SZ:2025,000925.SZ,test,0,0.516748309135437,0.6570177674293518,financial_only,42
000933.SZ:2018,000933.SZ,train,0,0.49484601616859436,0.6570177674293518,financial_only,42
000933.SZ:2019,000933.SZ,train,0,0.5038481950759888,0.6570177674293518,financial_only,42
000933.SZ:2020,000933.SZ,train,0,0.4916380047798157,0.6570177674293518,financial_only,42
000933.SZ:2021,000933.SZ,train,0,0.49760156869888306,0.6570177674293518,financial_only,42
000933.SZ:2022,000933.SZ,validation,0,0.3982333838939667,0.6570177674293518,financial_only,42
000933.SZ:2024,000933.SZ,test,0,0.34056347608566284,0.6570177674293518,financial_only,42
000933.SZ:2025,000933.SZ,test,0,0.3715159595012665,0.6570177674293518,financial_only,42
000937.SZ:2017,000937.SZ,train,0,0.5145933628082275,0.6570177674293518,financial_only,42
000937.SZ:2018,000937.SZ,train,0,0.48419204354286194,0.6570177674293518,financial_only,42
000937.SZ:2019,000937.SZ,train,0,0.4809669554233551,0.6570177674293518,financial_only,42
000937.SZ:2020,000937.SZ,train,0,0.47307416796684265,0.6570177674293518,financial_only,42
000937.SZ:2024,000937.SZ,test,0,0.36971500515937805,0.6570177674293518,financial_only,42
000982.SZ:2022,000982.SZ,validation,0,0.3501701056957245,0.6570177674293518,financial_only,42
000989.SZ:2017,000989.SZ,train,0,0.2619231939315796,0.6570177674293518,financial_only,42
000989.SZ:2020,000989.SZ,train,0,0.37113693356513977,0.6570177674293518,financial_only,42
000989.SZ:2021,000989.SZ,train,0,0.398108571767807,0.6570177674293518,financial_only,42
000989.SZ:2022,000989.SZ,validation,0,0.4362151324748993,0.6570177674293518,financial_only,42
000990.SZ:2020,000990.SZ,train,0,0.46587249636650085,0.6570177674293518,financial_only,42
000990.SZ:2021,000990.SZ,train,0,0.4693682789802551,0.6570177674293518,financial_only,42
000990.SZ:2022,000990.SZ,validation,0,0.4194731116294861,0.6570177674293518,financial_only,42
000990.SZ:2024,000990.SZ,test,0,0.4621001183986664,0.6570177674293518,financial_only,42
000990.SZ:2025,000990.SZ,test,0,0.4657582938671112,0.6570177674293518,financial_only,42
001201.SZ:2024,001201.SZ,test,0,0.5670465230941772,0.6570177674293518,financial_only,42
001201.SZ:2025,001201.SZ,test,0,0.5072632431983948,0.6570177674293518,financial_only,42
001215.SZ:2025,001215.SZ,test,0,0.4426741898059845,0.6570177674293518,financial_only,42
001216.SZ:2025,001216.SZ,test,0,0.3252595365047455,0.6570177674293518,financial_only,42
001296.SZ:2025,001296.SZ,test,0,0.389347106218338,0.6570177674293518,financial_only,42
002002.SZ:2022,002002.SZ,validation,0,0.4633568227291107,0.6570177674293518,financial_only,42
002014.SZ:2017,002014.SZ,train,0,0.3734821677207947,0.6570177674293518,financial_only,42
002014.SZ:2018,002014.SZ,train,0,0.3877328634262085,0.6570177674293518,financial_only,42
002014.SZ:2019,002014.SZ,train,0,0.38018476963043213,0.6570177674293518,financial_only,42
002014.SZ:2020,002014.SZ,train,0,0.34857991337776184,0.6570177674293518,financial_only,42
002014.SZ:2021,002014.SZ,train,0,0.3577483594417572,0.6570177674293518,financial_only,42
002014.SZ:2022,002014.SZ,validation,0,0.39470645785331726,0.6570177674293518,financial_only,42
002014.SZ:2024,002014.SZ,test,0,0.3811977803707123,0.6570177674293518,financial_only,42
002016.SZ:2017,002016.SZ,train,0,0.38603246212005615,0.6570177674293518,financial_only,42
002016.SZ:2018,002016.SZ,train,0,0.3481484651565552,0.6570177674293518,financial_only,42
002016.SZ:2019,002016.SZ,train,0,0.35029852390289307,0.6570177674293518,financial_only,42
002016.SZ:2020,002016.SZ,train,0,0.29043877124786377,0.6570177674293518,financial_only,42
002016.SZ:2021,002016.SZ,train,0,0.3491719365119934,0.6570177674293518,financial_only,42
002016.SZ:2022,002016.SZ,validation,0,0.3778724670410156,0.6570177674293518,financial_only,42
002016.SZ:2024,002016.SZ,test,0,0.44302549958229065,0.6570177674293518,financial_only,42
002016.SZ:2025,002016.SZ,test,0,0.4799107611179352,0.6570177674293518,financial_only,42
002021.SZ:2017,002021.SZ,train,0,0.498559832572937,0.6570177674293518,financial_only,42
002021.SZ:2018,002021.SZ,train,1,0.5388487577438354,0.6570177674293518,financial_only,42
002021.SZ:2025,002021.SZ,test,0,0.4943249821662903,0.6570177674293518,financial_only,42
002027.SZ:2019,002027.SZ,train,0,0.21321937441825867,0.6570177674293518,financial_only,42
002027.SZ:2020,002027.SZ,train,0,0.33748748898506165,0.6570177674293518,financial_only,42
002027.SZ:2021,002027.SZ,train,0,0.22301745414733887,0.6570177674293518,financial_only,42
002027.SZ:2022,002027.SZ,validation,0,0.18121522665023804,0.6570177674293518,financial_only,42
002027.SZ:2024,002027.SZ,test,0,0.19089414179325104,0.6570177674293518,financial_only,42
002027.SZ:2025,002027.SZ,test,0,0.1851959228515625,0.6570177674293518,financial_only,42
002033.SZ:2019,002033.SZ,train,0,0.2281789630651474,0.6570177674293518,financial_only,42
002033.SZ:2020,002033.SZ,train,0,0.21869948506355286,0.6570177674293518,financial_only,42
002033.SZ:2021,002033.SZ,train,0,0.32686668634414673,0.6570177674293518,financial_only,42
002033.SZ:2022,002033.SZ,validation,0,0.4396839141845703,0.6570177674293518,financial_only,42
002033.SZ:2024,002033.SZ,test,0,0.26508551836013794,0.6570177674293518,financial_only,42
002033.SZ:2025,002033.SZ,test,0,0.30045372247695923,0.6570177674293518,financial_only,42
002039.SZ:2017,002039.SZ,train,0,0.40570294857025146,0.6570177674293518,financial_only,42
002039.SZ:2019,002039.SZ,train,0,0.4061683416366577,0.6570177674293518,financial_only,42
002039.SZ:2020,002039.SZ,train,0,0.4080931544303894,0.6570177674293518,financial_only,42
002039.SZ:2021,002039.SZ,train,0,0.3823226988315582,0.6570177674293518,financial_only,42
002039.SZ:2022,002039.SZ,validation,0,0.4262799620628357,0.6570177674293518,financial_only,42
002039.SZ:2024,002039.SZ,test,0,0.4098316431045532,0.6570177674293518,financial_only,42
002040.SZ:2017,002040.SZ,train,0,0.3714977502822876,0.6570177674293518,financial_only,42
002040.SZ:2018,002040.SZ,train,0,0.41784948110580444,0.6570177674293518,financial_only,42
002040.SZ:2019,002040.SZ,train,0,0.3793274462223053,0.6570177674293518,financial_only,42
002040.SZ:2020,002040.SZ,train,0,0.3957752585411072,0.6570177674293518,financial_only,42
002040.SZ:2021,002040.SZ,train,0,0.38829943537712097,0.6570177674293518,financial_only,42
002040.SZ:2024,002040.SZ,test,0,0.38842999935150146,0.6570177674293518,financial_only,42
002041.SZ:2017,002041.SZ,train,0,0.32301366329193115,0.6570177674293518,financial_only,42
002041.SZ:2018,002041.SZ,train,0,0.3936392664909363,0.6570177674293518,financial_only,42
002041.SZ:2019,002041.SZ,train,0,0.4262705147266388,0.6570177674293518,financial_only,42
002041.SZ:2020,002041.SZ,train,0,0.42912065982818604,0.6570177674293518,financial_only,42
002041.SZ:2021,002041.SZ,train,0,0.40420961380004883,0.6570177674293518,financial_only,42
002041.SZ:2022,002041.SZ,validation,0,0.36286991834640503,0.6570177674293518,financial_only,42
002041.SZ:2024,002041.SZ,test,0,0.37816911935806274,0.6570177674293518,financial_only,42
002041.SZ:2025,002041.SZ,test,0,0.4324013292789459,0.6570177674293518,financial_only,42
002046.SZ:2018,002046.SZ,train,0,0.49739378690719604,0.6570177674293518,financial_only,42
002046.SZ:2019,002046.SZ,train,0,0.4950486421585083,0.6570177674293518,financial_only,42
002046.SZ:2020,002046.SZ,train,0,0.49699312448501587,0.6570177674293518,financial_only,42
002046.SZ:2021,002046.SZ,train,0,0.4870027005672455,0.6570177674293518,financial_only,42
002046.SZ:2022,002046.SZ,validation,0,0.485624223947525,0.6570177674293518,financial_only,42
002046.SZ:2024,002046.SZ,test,0,0.4533407390117645,0.6570177674293518,financial_only,42
002046.SZ:2025,002046.SZ,test,0,0.47146210074424744,0.6570177674293518,financial_only,42
002050.SZ:2017,002050.SZ,train,0,0.37931567430496216,0.6570177674293518,financial_only,42
002050.SZ:2018,002050.SZ,train,0,0.42702731490135193,0.6570177674293518,financial_only,42
002050.SZ:2019,002050.SZ,train,0,0.41258829832077026,0.6570177674293518,financial_only,42
002050.SZ:2020,002050.SZ,train,0,0.3888980746269226,0.6570177674293518,financial_only,42
002050.SZ:2021,002050.SZ,train,0,0.39888235926628113,0.6570177674293518,financial_only,42
002050.SZ:2022,002050.SZ,validation,0,0.44631388783454895,0.6570177674293518,financial_only,42
002050.SZ:2024,002050.SZ,test,0,0.4117545485496521,0.6570177674293518,financial_only,42
002050.SZ:2025,002050.SZ,test,0,0.41852259635925293,0.6570177674293518,financial_only,42
002053.SZ:2018,002053.SZ,train,0,0.4481547474861145,0.6570177674293518,financial_only,42
002053.SZ:2019,002053.SZ,train,0,0.46563100814819336,0.6570177674293518,financial_only,42
002053.SZ:2020,002053.SZ,train,0,0.4438364803791046,0.6570177674293518,financial_only,42
002053.SZ:2021,002053.SZ,train,0,0.4626173973083496,0.6570177674293518,financial_only,42
002053.SZ:2022,002053.SZ,validation,0,0.4678856134414673,0.6570177674293518,financial_only,42
002053.SZ:2024,002053.SZ,test,0,0.46511802077293396,0.6570177674293518,financial_only,42
002056.SZ:2020,002056.SZ,train,0,0.42632657289505005,0.6570177674293518,financial_only,42
002056.SZ:2021,002056.SZ,train,0,0.40235501527786255,0.6570177674293518,financial_only,42
002056.SZ:2022,002056.SZ,validation,0,0.42738696932792664,0.6570177674293518,financial_only,42
002056.SZ:2024,002056.SZ,test,0,0.39546218514442444,0.6570177674293518,financial_only,42
002056.SZ:2025,002056.SZ,test,0,0.4174576699733734,0.6570177674293518,financial_only,42
002064.SZ:2017,002064.SZ,train,0,0.5322310328483582,0.6570177674293518,financial_only,42
002064.SZ:2018,002064.SZ,train,0,0.4354514479637146,0.6570177674293518,financial_only,42
002064.SZ:2019,002064.SZ,train,0,0.3847312331199646,0.6570177674293518,financial_only,42
002064.SZ:2020,002064.SZ,train,0,0.3738642632961273,0.6570177674293518,financial_only,42
002064.SZ:2022,002064.SZ,validation,0,0.23970720171928406,0.6570177674293518,financial_only,42
002064.SZ:2024,002064.SZ,test,0,0.4156813621520996,0.6570177674293518,financial_only,42
002064.SZ:2025,002064.SZ,test,0,0.4072614014148712,0.6570177674293518,financial_only,42
002069.SZ:2017,002069.SZ,train,0,0.46971118450164795,0.6570177674293518,financial_only,42
002069.SZ:2018,002069.SZ,train,0,0.617915689945221,0.6570177674293518,financial_only,42
002069.SZ:2019,002069.SZ,train,0,0.48886287212371826,0.6570177674293518,financial_only,42
002069.SZ:2020,002069.SZ,train,0,0.6137312054634094,0.6570177674293518,financial_only,42
002069.SZ:2021,002069.SZ,train,0,0.46939176321029663,0.6570177674293518,financial_only,42
002069.SZ:2022,002069.SZ,validation,1,0.4888295829296112,0.6570177674293518,financial_only,42
002069.SZ:2024,002069.SZ,test,0,0.49209386110305786,0.6570177674293518,financial_only,42
002071.SZ:2017,002071.SZ,train,0,0.4050692617893219,0.6570177674293518,financial_only,42
002092.SZ:2020,002092.SZ,train,0,0.48256629705429077,0.6570177674293518,financial_only,42
002092.SZ:2021,002092.SZ,train,0,0.4941408932209015,0.6570177674293518,financial_only,42
002092.SZ:2022,002092.SZ,validation,0,0.4570057690143585,0.6570177674293518,financial_only,42
002092.SZ:2024,002092.SZ,test,1,0.5278382301330566,0.6570177674293518,financial_only,42
002102.SZ:2025,002102.SZ,test,1,0.5149950385093689,0.6570177674293518,financial_only,42
002106.SZ:2017,002106.SZ,train,0,0.43774083256721497,0.6570177674293518,financial_only,42
002110.SZ:2019,002110.SZ,train,0,0.236209899187088,0.6570177674293518,financial_only,42
002110.SZ:2020,002110.SZ,train,0,0.379549115896225,0.6570177674293518,financial_only,42
002110.SZ:2021,002110.SZ,train,0,0.42337411642074585,0.6570177674293518,financial_only,42
002110.SZ:2022,002110.SZ,validation,0,0.42682400345802307,0.6570177674293518,financial_only,42
002110.SZ:2024,002110.SZ,test,0,0.5017606019973755,0.6570177674293518,financial_only,42
002110.SZ:2025,002110.SZ,test,0,0.5108491778373718,0.6570177674293518,financial_only,42
002112.SZ:2017,002112.SZ,train,0,0.5243908762931824,0.6570177674293518,financial_only,42
002112.SZ:2018,002112.SZ,train,0,0.5735903978347778,0.6570177674293518,financial_only,42
002112.SZ:2021,002112.SZ,train,0,0.49845436215400696,0.6570177674293518,financial_only,42
002112.SZ:2022,002112.SZ,validation,0,0.5033377408981323,0.6570177674293518,financial_only,42
002112.SZ:2024,002112.SZ,test,0,0.488925039768219,0.6570177674293518,financial_only,42
002112.SZ:2025,002112.SZ,test,0,0.46624016761779785,0.6570177674293518,financial_only,42
002117.SZ:2019,002117.SZ,train,0,0.3627393841743469,0.6570177674293518,financial_only,42
002117.SZ:2020,002117.SZ,train,0,0.3369563817977905,0.6570177674293518,financial_only,42
002117.SZ:2021,002117.SZ,train,0,0.4008248746395111,0.6570177674293518,financial_only,42
002117.SZ:2022,002117.SZ,validation,0,0.3914092481136322,0.6570177674293518,financial_only,42
002117.SZ:2024,002117.SZ,test,0,0.407345175743103,0.6570177674293518,financial_only,42
002120.SZ:2017,002120.SZ,train,0,0.27864328026771545,0.6570177674293518,financial_only,42
002120.SZ:2018,002120.SZ,train,0,0.27948614954948425,0.6570177674293518,financial_only,42
002120.SZ:2019,002120.SZ,train,0,0.30557525157928467,0.6570177674293518,financial_only,42
002120.SZ:2020,002120.SZ,train,0,0.3341922461986542,0.6570177674293518,financial_only,42
002120.SZ:2021,002120.SZ,train,0,0.4474860727787018,0.6570177674293518,financial_only,42
002120.SZ:2022,002120.SZ,validation,0,0.4540073275566101,0.6570177674293518,financial_only,42
002120.SZ:2024,002120.SZ,test,0,0.4449053108692169,0.6570177674293518,financial_only,42
002120.SZ:2025,002120.SZ,test,0,0.42468157410621643,0.6570177674293518,financial_only,42
002121.SZ:2017,002121.SZ,train,0,0.5094666481018066,0.6570177674293518,financial_only,42
002121.SZ:2018,002121.SZ,train,0,0.499202698469162,0.6570177674293518,financial_only,42
002121.SZ:2022,002121.SZ,validation,0,0.6077285408973694,0.6570177674293518,financial_only,42
002121.SZ:2024,002121.SZ,test,0,0.5856056809425354,0.6570177674293518,financial_only,42
002121.SZ:2025,002121.SZ,test,0,0.6134757399559021,0.6570177674293518,financial_only,42
002125.SZ:2017,002125.SZ,train,0,0.5020232796669006,0.6570177674293518,financial_only,42
002125.SZ:2018,002125.SZ,train,0,0.49235427379608154,0.6570177674293518,financial_only,42
002125.SZ:2019,002125.SZ,train,0,0.48915132880210876,0.6570177674293518,financial_only,42
002125.SZ:2020,002125.SZ,train,0,0.4959346652030945,0.6570177674293518,financial_only,42
002125.SZ:2021,002125.SZ,train,0,0.5020338296890259,0.6570177674293518,financial_only,42
002125.SZ:2022,002125.SZ,validation,0,0.45317673683166504,0.6570177674293518,financial_only,42
002125.SZ:2024,002125.SZ,test,0,0.4132850170135498,0.6570177674293518,financial_only,42
002125.SZ:2025,002125.SZ,test,0,0.4149101972579956,0.6570177674293518,financial_only,42
002140.SZ:2017,002140.SZ,train,0,0.4975089728832245,0.6570177674293518,financial_only,42
002140.SZ:2018,002140.SZ,train,0,0.5176968574523926,0.6570177674293518,financial_only,42
002140.SZ:2019,002140.SZ,train,0,0.4919428825378418,0.6570177674293518,financial_only,42
002140.SZ:2020,002140.SZ,train,0,0.4860612750053406,0.6570177674293518,financial_only,42
002140.SZ:2021,002140.SZ,train,0,0.487321674823761,0.6570177674293518,financial_only,42
002140.SZ:2022,002140.SZ,validation,0,0.4762956202030182,0.6570177674293518,financial_only,42
002140.SZ:2024,002140.SZ,test,0,0.4809982180595398,0.6570177674293518,financial_only,42
002140.SZ:2025,002140.SZ,test,0,0.4807250499725342,0.6570177674293518,financial_only,42
002141.SZ:2017,002141.SZ,train,0,0.3901762068271637,0.6570177674293518,financial_only,42
002141.SZ:2018,002141.SZ,train,0,0.47209101915359497,0.6570177674293518,financial_only,42
002141.SZ:2019,002141.SZ,train,0,0.49486440420150757,0.6570177674293518,financial_only,42
002141.SZ:2020,002141.SZ,train,0,0.481793075799942,0.6570177674293518,financial_only,42
002141.SZ:2021,002141.SZ,train,0,0.6447639465332031,0.6570177674293518,financial_only,42
002141.SZ:2022,002141.SZ,validation,0,0.4933374226093292,0.6570177674293518,financial_only,42
002145.SZ:2017,002145.SZ,train,0,0.48852846026420593,0.6570177674293518,financial_only,42
002145.SZ:2018,002145.SZ,train,0,0.43019813299179077,0.6570177674293518,financial_only,42
002145.SZ:2019,002145.SZ,train,0,0.4095037877559662,0.6570177674293518,financial_only,42
002145.SZ:2020,002145.SZ,train,0,0.41552409529685974,0.6570177674293518,financial_only,42
002154.SZ:2018,002154.SZ,train,0,0.49358096718788147,0.6570177674293518,financial_only,42
002154.SZ:2020,002154.SZ,train,0,0.44945189356803894,0.6570177674293518,financial_only,42
002154.SZ:2021,002154.SZ,train,0,0.3854258954524994,0.6570177674293518,financial_only,42
002154.SZ:2022,002154.SZ,validation,0,0.40953290462493896,0.6570177674293518,financial_only,42
002154.SZ:2024,002154.SZ,test,0,0.36852240562438965,0.6570177674293518,financial_only,42
002154.SZ:2025,002154.SZ,test,0,0.41410893201828003,0.6570177674293518,financial_only,42
002160.SZ:2022,002160.SZ,validation,0,0.5010679364204407,0.6570177674293518,financial_only,42
002160.SZ:2024,002160.SZ,test,0,0.5052730441093445,0.6570177674293518,financial_only,42
002160.SZ:2025,002160.SZ,test,0,0.5003705024719238,0.6570177674293518,financial_only,42
002169.SZ:2020,002169.SZ,train,0,0.5015779137611389,0.6570177674293518,financial_only,42
002169.SZ:2021,002169.SZ,train,0,0.4634198844432831,0.6570177674293518,financial_only,42
002169.SZ:2022,002169.SZ,validation,0,0.4628191292285919,0.6570177674293518,financial_only,42
002169.SZ:2024,002169.SZ,test,0,0.5327737331390381,0.6570177674293518,financial_only,42
002181.SZ:2017,002181.SZ,train,0,0.4275197684764862,0.6570177674293518,financial_only,42
002181.SZ:2018,002181.SZ,train,0,0.3717922568321228,0.6570177674293518,financial_only,42
002181.SZ:2019,002181.SZ,train,0,0.39675262570381165,0.6570177674293518,financial_only,42
002181.SZ:2020,002181.SZ,train,0,0.3428722023963928,0.6570177674293518,financial_only,42
002181.SZ:2021,002181.SZ,train,0,0.32613253593444824,0.6570177674293518,financial_only,42
002181.SZ:2022,002181.SZ,validation,0,0.3976520299911499,0.6570177674293518,financial_only,42
002181.SZ:2024,002181.SZ,test,0,0.47490811347961426,0.6570177674293518,financial_only,42
002181.SZ:2025,002181.SZ,test,0,0.4576539695262909,0.6570177674293518,financial_only,42
002185.SZ:2017,002185.SZ,train,0,0.4264836609363556,0.6570177674293518,financial_only,42
002185.SZ:2018,002185.SZ,train,0,0.4327525198459625,0.6570177674293518,financial_only,42
002185.SZ:2020,002185.SZ,train,0,0.4605589210987091,0.6570177674293518,financial_only,42
002185.SZ:2021,002185.SZ,train,0,0.43299564719200134,0.6570177674293518,financial_only,42
002185.SZ:2022,002185.SZ,validation,0,0.4095442593097687,0.6570177674293518,financial_only,42
002185.SZ:2024,002185.SZ,test,0,0.4872344434261322,0.6570177674293518,financial_only,42
002198.SZ:2018,002198.SZ,train,0,0.5693184733390808,0.6570177674293518,financial_only,42
002198.SZ:2019,002198.SZ,train,0,0.3665412664413452,0.6570177674293518,financial_only,42
002198.SZ:2020,002198.SZ,train,0,0.5520944595336914,0.6570177674293518,financial_only,42
002198.SZ:2021,002198.SZ,train,0,0.3838636577129364,0.6570177674293518,financial_only,42
002198.SZ:2022,002198.SZ,validation,0,0.4221348464488983,0.6570177674293518,financial_only,42
002198.SZ:2024,002198.SZ,test,0,0.2808534502983093,0.6570177674293518,financial_only,42
002198.SZ:2025,002198.SZ,test,0,0.32473957538604736,0.6570177674293518,financial_only,42
002212.SZ:2017,002212.SZ,train,0,0.4959070086479187,0.6570177674293518,financial_only,42
002212.SZ:2018,002212.SZ,train,0,0.43325385451316833,0.6570177674293518,financial_only,42
002212.SZ:2019,002212.SZ,train,0,0.4278344511985779,0.6570177674293518,financial_only,42
002212.SZ:2020,002212.SZ,train,0,0.44779345393180847,0.6570177674293518,financial_only,42
002212.SZ:2021,002212.SZ,train,0,0.43392544984817505,0.6570177674293518,financial_only,42
002212.SZ:2022,002212.SZ,validation,0,0.4682497978210449,0.6570177674293518,financial_only,42
002212.SZ:2025,002212.SZ,test,0,0.4689689576625824,0.6570177674293518,financial_only,42
002223.SZ:2018,002223.SZ,train,0,0.3661660850048065,0.6570177674293518,financial_only,42
002223.SZ:2019,002223.SZ,train,0,0.3369698226451874,0.6570177674293518,financial_only,42
002223.SZ:2020,002223.SZ,train,0,0.3827694058418274,0.6570177674293518,financial_only,42
002223.SZ:2021,002223.SZ,train,0,0.2299913763999939,0.6570177674293518,financial_only,42
002223.SZ:2022,002223.SZ,validation,0,0.3189622163772583,0.6570177674293518,financial_only,42
002223.SZ:2024,002223.SZ,test,0,0.2724262475967407,0.6570177674293518,financial_only,42
002224.SZ:2017,002224.SZ,train,0,0.21614009141921997,0.6570177674293518,financial_only,42
002224.SZ:2019,002224.SZ,train,0,0.3392261564731598,0.6570177674293518,financial_only,42
002224.SZ:2021,002224.SZ,train,0,0.30484527349472046,0.6570177674293518,financial_only,42
002224.SZ:2024,002224.SZ,test,0,0.4303085207939148,0.6570177674293518,financial_only,42
002224.SZ:2025,002224.SZ,test,0,0.4486769735813141,0.6570177674293518,financial_only,42
002227.SZ:2021,002227.SZ,train,0,0.5029935240745544,0.6570177674293518,financial_only,42
002227.SZ:2022,002227.SZ,validation,0,0.5159607529640198,0.6570177674293518,financial_only,42
002227.SZ:2024,002227.SZ,test,0,0.5193967223167419,0.6570177674293518,financial_only,42
002227.SZ:2025,002227.SZ,test,1,0.5302830934524536,0.6570177674293518,financial_only,42
002246.SZ:2017,002246.SZ,train,0,0.4579733908176422,0.6570177674293518,financial_only,42
002246.SZ:2018,002246.SZ,train,0,0.4798220098018646,0.6570177674293518,financial_only,42
002246.SZ:2019,002246.SZ,train,0,0.48132240772247314,0.6570177674293518,financial_only,42
002246.SZ:2020,002246.SZ,train,0,0.4551844000816345,0.6570177674293518,financial_only,42
002246.SZ:2021,002246.SZ,train,0,0.47137096524238586,0.6570177674293518,financial_only,42
002246.SZ:2022,002246.SZ,validation,0,0.48253118991851807,0.6570177674293518,financial_only,42
002246.SZ:2024,002246.SZ,test,0,0.4990489184856415,0.6570177674293518,financial_only,42
002246.SZ:2025,002246.SZ,test,0,0.5121192336082458,0.6570177674293518,financial_only,42
002249.SZ:2017,002249.SZ,train,0,0.4770435094833374,0.6570177674293518,financial_only,42
002249.SZ:2020,002249.SZ,train,0,0.5079225897789001,0.6570177674293518,financial_only,42
002249.SZ:2021,002249.SZ,train,0,0.5009179711341858,0.6570177674293518,financial_only,42
002249.SZ:2022,002249.SZ,validation,0,0.4965185821056366,0.6570177674293518,financial_only,42
002249.SZ:2024,002249.SZ,test,0,0.45993080735206604,0.6570177674293518,financial_only,42
002254.SZ:2017,002254.SZ,train,0,0.38901427388191223,0.6570177674293518,financial_only,42
002254.SZ:2018,002254.SZ,train,0,0.3720833659172058,0.6570177674293518,financial_only,42
002254.SZ:2019,002254.SZ,train,0,0.4565913677215576,0.6570177674293518,financial_only,42
002254.SZ:2020,002254.SZ,train,0,0.41972142457962036,0.6570177674293518,financial_only,42
002254.SZ:2021,002254.SZ,train,0,0.4173351228237152,0.6570177674293518,financial_only,42
002254.SZ:2022,002254.SZ,validation,0,0.3260527551174164,0.6570177674293518,financial_only,42
002254.SZ:2024,002254.SZ,test,0,0.46633753180503845,0.6570177674293518,financial_only,42
002254.SZ:2025,002254.SZ,test,0,0.4963504672050476,0.6570177674293518,financial_only,42
002255.SZ:2017,002255.SZ,train,0,0.491189569234848,0.6570177674293518,financial_only,42
002255.SZ:2018,002255.SZ,train,0,0.50067138671875,0.6570177674293518,financial_only,42
002255.SZ:2022,002255.SZ,validation,0,0.4343929886817932,0.6570177674293518,financial_only,42
002255.SZ:2024,002255.SZ,test,0,0.4452243745326996,0.6570177674293518,financial_only,42
002255.SZ:2025,002255.SZ,test,0,0.42785677313804626,0.6570177674293518,financial_only,42
002256.SZ:2017,002256.SZ,train,0,0.43442779779434204,0.6570177674293518,financial_only,42
002256.SZ:2018,002256.SZ,train,0,0.42694154381752014,0.6570177674293518,financial_only,42
002256.SZ:2019,002256.SZ,train,1,0.5585666298866272,0.6570177674293518,financial_only,42
002256.SZ:2022,002256.SZ,validation,0,0.6389245390892029,0.6570177674293518,financial_only,42
002256.SZ:2024,002256.SZ,test,0,0.5381446480751038,0.6570177674293518,financial_only,42
002256.SZ:2025,002256.SZ,test,0,0.5659180879592896,0.6570177674293518,financial_only,42
002260.SZ:2017,002260.SZ,train,0,0.5123715400695801,0.6570177674293518,financial_only,42
002260.SZ:2018,002260.SZ,train,1,0.5824794173240662,0.6570177674293518,financial_only,42
002265.SZ:2017,002265.SZ,train,0,0.50043123960495,0.6570177674293518,financial_only,42
002265.SZ:2018,002265.SZ,train,0,0.4899606704711914,0.6570177674293518,financial_only,42
002265.SZ:2019,002265.SZ,train,0,0.5339585542678833,0.6570177674293518,financial_only,42
002265.SZ:2020,002265.SZ,train,0,0.5080905556678772,0.6570177674293518,financial_only,42
002265.SZ:2021,002265.SZ,train,0,0.5307881832122803,0.6570177674293518,financial_only,42
002265.SZ:2022,002265.SZ,validation,0,0.504187822341919,0.6570177674293518,financial_only,42
002265.SZ:2024,002265.SZ,test,0,0.47400790452957153,0.6570177674293518,financial_only,42
002265.SZ:2025,002265.SZ,test,0,0.4941675066947937,0.6570177674293518,financial_only,42
002267.SZ:2017,002267.SZ,train,0,0.4270170331001282,0.6570177674293518,financial_only,42
002267.SZ:2018,002267.SZ,train,0,0.4376085698604584,0.6570177674293518,financial_only,42
002267.SZ:2019,002267.SZ,train,0,0.45265695452690125,0.6570177674293518,financial_only,42
002267.SZ:2020,002267.SZ,train,0,0.4221090078353882,0.6570177674293518,financial_only,42
002267.SZ:2021,002267.SZ,train,0,0.4547361135482788,0.6570177674293518,financial_only,42
002267.SZ:2022,002267.SZ,validation,0,0.44937220215797424,0.6570177674293518,financial_only,42
002267.SZ:2024,002267.SZ,test,0,0.43358129262924194,0.6570177674293518,financial_only,42
002267.SZ:2025,002267.SZ,test,0,0.42589518427848816,0.6570177674293518,financial_only,42
002271.SZ:2017,002271.SZ,train,0,0.43228739500045776,0.6570177674293518,financial_only,42
002271.SZ:2018,002271.SZ,train,0,0.46926000714302063,0.6570177674293518,financial_only,42
002271.SZ:2019,002271.SZ,train,0,0.4603593349456787,0.6570177674293518,financial_only,42
002271.SZ:2020,002271.SZ,train,0,0.4414145350456238,0.6570177674293518,financial_only,42
002271.SZ:2021,002271.SZ,train,0,0.3820304274559021,0.6570177674293518,financial_only,42
002271.SZ:2022,002271.SZ,validation,0,0.4266928732395172,0.6570177674293518,financial_only,42
002271.SZ:2024,002271.SZ,test,0,0.47885140776634216,0.6570177674293518,financial_only,42
002271.SZ:2025,002271.SZ,test,0,0.5070329904556274,0.6570177674293518,financial_only,42
002272.SZ:2017,002272.SZ,train,0,0.5037621259689331,0.6570177674293518,financial_only,42
002272.SZ:2019,002272.SZ,train,0,0.4860306978225708,0.6570177674293518,financial_only,42
002272.SZ:2020,002272.SZ,train,0,0.4781075417995453,0.6570177674293518,financial_only,42
002272.SZ:2021,002272.SZ,train,0,0.4961664080619812,0.6570177674293518,financial_only,42
002272.SZ:2022,002272.SZ,validation,0,0.5083907246589661,0.6570177674293518,financial_only,42
002272.SZ:2024,002272.SZ,test,0,0.5288064479827881,0.6570177674293518,financial_only,42
002272.SZ:2025,002272.SZ,test,0,0.5391861200332642,0.6570177674293518,financial_only,42
002275.SZ:2017,002275.SZ,train,0,0.23104649782180786,0.6570177674293518,financial_only,42
002275.SZ:2019,002275.SZ,train,0,0.25872060656547546,0.6570177674293518,financial_only,42
002275.SZ:2020,002275.SZ,train,0,0.2651403844356537,0.6570177674293518,financial_only,42
002275.SZ:2021,002275.SZ,train,0,0.3176270127296448,0.6570177674293518,financial_only,42
002275.SZ:2022,002275.SZ,validation,0,0.35809943079948425,0.6570177674293518,financial_only,42
002275.SZ:2024,002275.SZ,test,0,0.33444318175315857,0.6570177674293518,financial_only,42
002275.SZ:2025,002275.SZ,test,0,0.31229865550994873,0.6570177674293518,financial_only,42
002286.SZ:2017,002286.SZ,train,0,0.44820401072502136,0.6570177674293518,financial_only,42
002286.SZ:2018,002286.SZ,train,0,0.473442941904068,0.6570177674293518,financial_only,42
002286.SZ:2019,002286.SZ,train,0,0.4774664342403412,0.6570177674293518,financial_only,42
002286.SZ:2020,002286.SZ,train,0,0.47826796770095825,0.6570177674293518,financial_only,42
002286.SZ:2021,002286.SZ,train,0,0.4475398361682892,0.6570177674293518,financial_only,42
002286.SZ:2022,002286.SZ,validation,0,0.437875360250473,0.6570177674293518,financial_only,42
002286.SZ:2024,002286.SZ,test,0,0.4390851557254791,0.6570177674293518,financial_only,42
002286.SZ:2025,002286.SZ,test,0,0.4257638156414032,0.6570177674293518,financial_only,42
002290.SZ:2017,002290.SZ,train,0,0.5002517700195312,0.6570177674293518,financial_only,42
002290.SZ:2019,002290.SZ,train,1,0.5051615834236145,0.6570177674293518,financial_only,42
002290.SZ:2021,002290.SZ,train,0,0.477439284324646,0.6570177674293518,financial_only,42
002290.SZ:2022,002290.SZ,validation,0,0.4614621698856354,0.6570177674293518,financial_only,42
002290.SZ:2024,002290.SZ,test,0,0.44935882091522217,0.6570177674293518,financial_only,42
002290.SZ:2025,002290.SZ,test,0,0.4561793804168701,0.6570177674293518,financial_only,42
002293.SZ:2017,002293.SZ,train,0,0.3984472453594208,0.6570177674293518,financial_only,42
002293.SZ:2018,002293.SZ,train,0,0.4092804193496704,0.6570177674293518,financial_only,42
002293.SZ:2019,002293.SZ,train,0,0.4100854694843292,0.6570177674293518,financial_only,42
002293.SZ:2020,002293.SZ,train,0,0.34414902329444885,0.6570177674293518,financial_only,42
002293.SZ:2021,002293.SZ,train,0,0.3553999364376068,0.6570177674293518,financial_only,42
002293.SZ:2022,002293.SZ,validation,0,0.3742510974407196,0.6570177674293518,financial_only,42
002293.SZ:2024,002293.SZ,test,0,0.39228710532188416,0.6570177674293518,financial_only,42
002293.SZ:2025,002293.SZ,test,0,0.3928942382335663,0.6570177674293518,financial_only,42
002294.SZ:2017,002294.SZ,train,0,0.19626203179359436,0.6570177674293518,financial_only,42
002294.SZ:2018,002294.SZ,train,0,0.16717195510864258,0.6570177674293518,financial_only,42
002294.SZ:2019,002294.SZ,train,0,0.19118225574493408,0.6570177674293518,financial_only,42
002294.SZ:2020,002294.SZ,train,0,0.2653700113296509,0.6570177674293518,financial_only,42
002294.SZ:2021,002294.SZ,train,0,0.3902856707572937,0.6570177674293518,financial_only,42
002294.SZ:2022,002294.SZ,validation,0,0.3180905282497406,0.6570177674293518,financial_only,42
002294.SZ:2024,002294.SZ,test,0,0.3322485685348511,0.6570177674293518,financial_only,42
002294.SZ:2025,002294.SZ,test,0,0.33744704723358154,0.6570177674293518,financial_only,42
002297.SZ:2019,002297.SZ,train,0,0.47858738899230957,0.6570177674293518,financial_only,42
002297.SZ:2020,002297.SZ,train,0,0.5530397295951843,0.6570177674293518,financial_only,42
002297.SZ:2021,002297.SZ,train,0,0.47028684616088867,0.6570177674293518,financial_only,42
002297.SZ:2022,002297.SZ,validation,0,0.45383763313293457,0.6570177674293518,financial_only,42
002297.SZ:2024,002297.SZ,test,0,0.47968465089797974,0.6570177674293518,financial_only,42
002308.SZ:2017,002308.SZ,train,0,0.412458598613739,0.6570177674293518,financial_only,42
002308.SZ:2018,002308.SZ,train,0,0.411918580532074,0.6570177674293518,financial_only,42
002308.SZ:2019,002308.SZ,train,0,0.41627541184425354,0.6570177674293518,financial_only,42
002308.SZ:2020,002308.SZ,train,0,0.6116346120834351,0.6570177674293518,financial_only,42
002308.SZ:2021,002308.SZ,train,0,0.3770643472671509,0.6570177674293518,financial_only,42
002308.SZ:2022,002308.SZ,validation,0,0.527076780796051,0.6570177674293518,financial_only,42
002309.SZ:2017,002309.SZ,train,0,0.5196081399917603,0.6570177674293518,financial_only,42
002309.SZ:2018,002309.SZ,train,0,0.5141854286193848,0.6570177674293518,financial_only,42
002309.SZ:2019,002309.SZ,train,0,0.5036903619766235,0.6570177674293518,financial_only,42
002309.SZ:2020,002309.SZ,train,0,0.4760916829109192,0.6570177674293518,financial_only,42
002309.SZ:2021,002309.SZ,train,0,0.6003087162971497,0.6570177674293518,financial_only,42
002309.SZ:2022,002309.SZ,validation,1,0.6570177674293518,0.6570177674293518,financial_only,42
002310.SZ:2018,002310.SZ,train,0,0.43857526779174805,0.6570177674293518,financial_only,42
002310.SZ:2019,002310.SZ,train,0,0.47757768630981445,0.6570177674293518,financial_only,42
002310.SZ:2022,002310.SZ,validation,0,0.5448472499847412,0.6570177674293518,financial_only,42
002316.SZ:2017,002316.SZ,train,0,0.5322707891464233,0.6570177674293518,financial_only,42
002316.SZ:2019,002316.SZ,train,0,0.3722290098667145,0.6570177674293518,financial_only,42
002316.SZ:2021,002316.SZ,train,0,0.6560041904449463,0.6570177674293518,financial_only,42
002316.SZ:2024,002316.SZ,test,1,0.5378711819648743,0.6570177674293518,financial_only,42
002320.SZ:2019,002320.SZ,train,0,0.25772079825401306,0.6570177674293518,financial_only,42
002320.SZ:2020,002320.SZ,train,0,0.2479652762413025,0.6570177674293518,financial_only,42
002320.SZ:2021,002320.SZ,train,0,0.22897891700267792,0.6570177674293518,financial_only,42
002320.SZ:2022,002320.SZ,validation,0,0.3514062762260437,0.6570177674293518,financial_only,42
002320.SZ:2024,002320.SZ,test,0,0.20712336897850037,0.6570177674293518,financial_only,42
002325.SZ:2017,002325.SZ,train,0,0.5192965865135193,0.6570177674293518,financial_only,42
002325.SZ:2018,002325.SZ,train,0,0.5244237780570984,0.6570177674293518,financial_only,42
002325.SZ:2021,002325.SZ,train,0,0.5486443638801575,0.6570177674293518,financial_only,42
002325.SZ:2022,002325.SZ,validation,0,0.5520586371421814,0.6570177674293518,financial_only,42
002325.SZ:2024,002325.SZ,test,1,0.6916666626930237,0.6570177674293518,financial_only,42
002332.SZ:2018,002332.SZ,train,0,0.47919589281082153,0.6570177674293518,financial_only,42
002332.SZ:2019,002332.SZ,train,0,0.46209853887557983,0.6570177674293518,financial_only,42
002332.SZ:2020,002332.SZ,train,0,0.4295754134654999,0.6570177674293518,financial_only,42
002332.SZ:2021,002332.SZ,train,0,0.39284905791282654,0.6570177674293518,financial_only,42
002332.SZ:2022,002332.SZ,validation,0,0.3753681182861328,0.6570177674293518,financial_only,42
002332.SZ:2025,002332.SZ,test,0,0.3855138123035431,0.6570177674293518,financial_only,42
002340.SZ:2017,002340.SZ,train,0,0.49960336089134216,0.6570177674293518,financial_only,42
002340.SZ:2018,002340.SZ,train,0,0.4916645884513855,0.6570177674293518,financial_only,42
002340.SZ:2020,002340.SZ,train,0,0.48698726296424866,0.6570177674293518,financial_only,42
002340.SZ:2021,002340.SZ,train,0,0.49419650435447693,0.6570177674293518,financial_only,42
002340.SZ:2022,002340.SZ,validation,0,0.4877064824104309,0.6570177674293518,financial_only,42
002340.SZ:2024,002340.SZ,test,0,0.4912136495113373,0.6570177674293518,financial_only,42
002340.SZ:2025,002340.SZ,test,0,0.4912881851196289,0.6570177674293518,financial_only,42
002346.SZ:2017,002346.SZ,train,0,0.4490639567375183,0.6570177674293518,financial_only,42
002346.SZ:2018,002346.SZ,train,0,0.32384246587753296,0.6570177674293518,financial_only,42
002346.SZ:2021,002346.SZ,train,0,0.4055257737636566,0.6570177674293518,financial_only,42
002346.SZ:2022,002346.SZ,validation,0,0.34158992767333984,0.6570177674293518,financial_only,42
002346.SZ:2024,002346.SZ,test,0,0.40309593081474304,0.6570177674293518,financial_only,42
002350.SZ:2017,002350.SZ,train,0,0.50103360414505,0.6570177674293518,financial_only,42
002350.SZ:2018,002350.SZ,train,0,0.5084615349769592,0.6570177674293518,financial_only,42
002350.SZ:2019,002350.SZ,train,0,0.4977991282939911,0.6570177674293518,financial_only,42
002350.SZ:2020,002350.SZ,train,0,0.487232506275177,0.6570177674293518,financial_only,42
002350.SZ:2021,002350.SZ,train,0,0.5002860426902771,0.6570177674293518,financial_only,42
002350.SZ:2024,002350.SZ,test,0,0.5317699909210205,0.6570177674293518,financial_only,42
002350.SZ:2025,002350.SZ,test,0,0.5010270476341248,0.6570177674293518,financial_only,42
002360.SZ:2018,002360.SZ,train,0,0.39203932881355286,0.6570177674293518,financial_only,42
002360.SZ:2019,002360.SZ,train,0,0.30342772603034973,0.6570177674293518,financial_only,42
002360.SZ:2020,002360.SZ,train,0,0.34320059418678284,0.6570177674293518,financial_only,42
002360.SZ:2021,002360.SZ,train,0,0.33440887928009033,0.6570177674293518,financial_only,42
002360.SZ:2022,002360.SZ,validation,0,0.4154485762119293,0.6570177674293518,financial_only,42
002360.SZ:2024,002360.SZ,test,0,0.3221149742603302,0.6570177674293518,financial_only,42
002360.SZ:2025,002360.SZ,test,1,0.5376315712928772,0.6570177674293518,financial_only,42
002364.SZ:2017,002364.SZ,train,0,0.3411169946193695,0.6570177674293518,financial_only,42
002364.SZ:2018,002364.SZ,train,0,0.40246906876564026,0.6570177674293518,financial_only,42
002364.SZ:2019,002364.SZ,train,0,0.3972434103488922,0.6570177674293518,financial_only,42
002364.SZ:2020,002364.SZ,train,0,0.45188719034194946,0.6570177674293518,financial_only,42
002364.SZ:2021,002364.SZ,train,0,0.4934729039669037,0.6570177674293518,financial_only,42
002364.SZ:2022,002364.SZ,validation,0,0.4828163683414459,0.6570177674293518,financial_only,42
002364.SZ:2024,002364.SZ,test,0,0.4825369119644165,0.6570177674293518,financial_only,42
002364.SZ:2025,002364.SZ,test,0,0.45673415064811707,0.6570177674293518,financial_only,42
002365.SZ:2017,002365.SZ,train,0,0.29881522059440613,0.6570177674293518,financial_only,42
002365.SZ:2018,002365.SZ,train,0,0.3424685299396515,0.6570177674293518,financial_only,42
002365.SZ:2019,002365.SZ,train,0,0.3070165514945984,0.6570177674293518,financial_only,42
002365.SZ:2020,002365.SZ,train,0,0.33880484104156494,0.6570177674293518,financial_only,42
002365.SZ:2021,002365.SZ,train,0,0.3772162199020386,0.6570177674293518,financial_only,42
002365.SZ:2022,002365.SZ,validation,0,0.414899080991745,0.6570177674293518,financial_only,42
002365.SZ:2024,002365.SZ,test,0,0.4343856871128082,0.6570177674293518,financial_only,42
002365.SZ:2025,002365.SZ,test,0,0.40560832619667053,0.6570177674293518,financial_only,42
002374.SZ:2017,002374.SZ,train,0,0.4796992242336273,0.6570177674293518,financial_only,42
002374.SZ:2019,002374.SZ,train,0,0.5937579870223999,0.6570177674293518,financial_only,42
002374.SZ:2020,002374.SZ,train,0,0.515367329120636,0.6570177674293518,financial_only,42
002374.SZ:2021,002374.SZ,train,0,0.5640053749084473,0.6570177674293518,financial_only,42
002374.SZ:2022,002374.SZ,validation,0,0.6232581734657288,0.6570177674293518,financial_only,42
002374.SZ:2024,002374.SZ,test,0,0.5785121917724609,0.6570177674293518,financial_only,42
002374.SZ:2025,002374.SZ,test,0,0.6014899611473083,0.6570177674293518,financial_only,42
002378.SZ:2019,002378.SZ,train,0,0.48989367485046387,0.6570177674293518,financial_only,42
002378.SZ:2020,002378.SZ,train,0,0.5350618362426758,0.6570177674293518,financial_only,42
002378.SZ:2021,002378.SZ,train,0,0.4546797275543213,0.6570177674293518,financial_only,42
002378.SZ:2022,002378.SZ,validation,0,0.4742944538593292,0.6570177674293518,financial_only,42
002378.SZ:2024,002378.SZ,test,0,0.481894314289093,0.6570177674293518,financial_only,42
002378.SZ:2025,002378.SZ,test,0,0.4593580663204193,0.6570177674293518,financial_only,42
002380.SZ:2017,002380.SZ,train,0,0.36999329924583435,0.6570177674293518,financial_only,42
002380.SZ:2018,002380.SZ,train,0,0.36823078989982605,0.6570177674293518,financial_only,42
002380.SZ:2019,002380.SZ,train,0,0.37423378229141235,0.6570177674293518,financial_only,42
002380.SZ:2020,002380.SZ,train,0,0.40479809045791626,0.6570177674293518,financial_only,42
002380.SZ:2022,002380.SZ,validation,0,0.49282413721084595,0.6570177674293518,financial_only,42
002380.SZ:2024,002380.SZ,test,0,0.4615442752838135,0.6570177674293518,financial_only,42
002380.SZ:2025,002380.SZ,test,0,0.4419947564601898,0.6570177674293518,financial_only,42
002382.SZ:2017,002382.SZ,train,0,0.35179710388183594,0.6570177674293518,financial_only,42
002382.SZ:2018,002382.SZ,train,0,0.35925644636154175,0.6570177674293518,financial_only,42
002382.SZ:2019,002382.SZ,train,0,0.4518466591835022,0.6570177674293518,financial_only,42
002382.SZ:2020,002382.SZ,train,0,0.4331519305706024,0.6570177674293518,financial_only,42
002382.SZ:2021,002382.SZ,train,0,0.30636459589004517,0.6570177674293518,financial_only,42
002382.SZ:2022,002382.SZ,validation,0,0.3764248788356781,0.6570177674293518,financial_only,42
002382.SZ:2024,002382.SZ,test,0,0.5235044360160828,0.6570177674293518,financial_only,42
002384.SZ:2017,002384.SZ,train,0,0.5171614289283752,0.6570177674293518,financial_only,42
002384.SZ:2018,002384.SZ,train,0,0.5044259428977966,0.6570177674293518,financial_only,42
002384.SZ:2019,002384.SZ,train,0,0.4954075813293457,0.6570177674293518,financial_only,42
002384.SZ:2020,002384.SZ,train,0,0.49295586347579956,0.6570177674293518,financial_only,42
002384.SZ:2021,002384.SZ,train,0,0.4753183424472809,0.6570177674293518,financial_only,42
002384.SZ:2022,002384.SZ,validation,0,0.46639424562454224,0.6570177674293518,financial_only,42
002384.SZ:2024,002384.SZ,test,0,0.4548253118991852,0.6570177674293518,financial_only,42
002384.SZ:2025,002384.SZ,test,0,0.48161521553993225,0.6570177674293518,financial_only,42
002391.SZ:2017,002391.SZ,train,0,0.4576175808906555,0.6570177674293518,financial_only,42
002391.SZ:2018,002391.SZ,train,0,0.379208505153656,0.6570177674293518,financial_only,42
002391.SZ:2019,002391.SZ,train,0,0.3462403118610382,0.6570177674293518,financial_only,42
002391.SZ:2020,002391.SZ,train,0,0.4039793312549591,0.6570177674293518,financial_only,42
002391.SZ:2021,002391.SZ,train,0,0.44302934408187866,0.6570177674293518,financial_only,42
002391.SZ:2022,002391.SZ,validation,0,0.45486995577812195,0.6570177674293518,financial_only,42
002391.SZ:2024,002391.SZ,test,0,0.4929197132587433,0.6570177674293518,financial_only,42
002391.SZ:2025,002391.SZ,test,0,0.5087376832962036,0.6570177674293518,financial_only,42
002396.SZ:2017,002396.SZ,train,0,0.4384039640426636,0.6570177674293518,financial_only,42
002396.SZ:2021,002396.SZ,train,0,0.4434085190296173,0.6570177674293518,financial_only,42
002396.SZ:2022,002396.SZ,validation,0,0.44446244835853577,0.6570177674293518,financial_only,42
002396.SZ:2024,002396.SZ,test,0,0.4545504152774811,0.6570177674293518,financial_only,42
002396.SZ:2025,002396.SZ,test,0,0.4773038327693939,0.6570177674293518,financial_only,42
002402.SZ:2017,002402.SZ,train,0,0.44393423199653625,0.6570177674293518,financial_only,42
002402.SZ:2018,002402.SZ,train,0,0.43326541781425476,0.6570177674293518,financial_only,42
002402.SZ:2019,002402.SZ,train,0,0.45246779918670654,0.6570177674293518,financial_only,42
002402.SZ:2020,002402.SZ,train,0,0.4358454644680023,0.6570177674293518,financial_only,42
002402.SZ:2021,002402.SZ,train,0,0.441922128200531,0.6570177674293518,financial_only,42
002402.SZ:2022,002402.SZ,validation,0,0.44838857650756836,0.6570177674293518,financial_only,42
002402.SZ:2024,002402.SZ,test,0,0.48520419001579285,0.6570177674293518,financial_only,42
002402.SZ:2025,002402.SZ,test,0,0.487522691488266,0.6570177674293518,financial_only,42
002405.SZ:2017,002405.SZ,train,0,0.41463154554367065,0.6570177674293518,financial_only,42
002405.SZ:2018,002405.SZ,train,0,0.4212595820426941,0.6570177674293518,financial_only,42
002405.SZ:2019,002405.SZ,train,0,0.40160733461380005,0.6570177674293518,financial_only,42
002405.SZ:2020,002405.SZ,train,0,0.42550456523895264,0.6570177674293518,financial_only,42
002405.SZ:2021,002405.SZ,train,0,0.5252029299736023,0.6570177674293518,financial_only,42
002405.SZ:2022,002405.SZ,validation,0,0.42841222882270813,0.6570177674293518,financial_only,42
002405.SZ:2024,002405.SZ,test,0,0.5638940930366516,0.6570177674293518,financial_only,42
002405.SZ:2025,002405.SZ,test,0,0.5528854727745056,0.6570177674293518,financial_only,42
002410.SZ:2017,002410.SZ,train,0,0.31917324662208557,0.6570177674293518,financial_only,42
002410.SZ:2018,002410.SZ,train,0,0.33769431710243225,0.6570177674293518,financial_only,42
002410.SZ:2019,002410.SZ,train,0,0.4104854166507721,0.6570177674293518,financial_only,42
002410.SZ:2020,002410.SZ,train,0,0.4656655788421631,0.6570177674293518,financial_only,42
002410.SZ:2021,002410.SZ,train,0,0.4101860225200653,0.6570177674293518,financial_only,42
002410.SZ:2022,002410.SZ,validation,0,0.40207090973854065,0.6570177674293518,financial_only,42
002410.SZ:2025,002410.SZ,test,0,0.4777291715145111,0.6570177674293518,financial_only,42
002413.SZ:2017,002413.SZ,train,0,0.33633095026016235,0.6570177674293518,financial_only,42
002413.SZ:2018,002413.SZ,train,0,0.39548206329345703,0.6570177674293518,financial_only,42
002413.SZ:2020,002413.SZ,train,0,0.4531387686729431,0.6570177674293518,financial_only,42
002413.SZ:2021,002413.SZ,train,0,0.4541304111480713,0.6570177674293518,financial_only,42
002413.SZ:2022,002413.SZ,validation,0,0.5223830938339233,0.6570177674293518,financial_only,42
002413.SZ:2024,002413.SZ,test,0,0.5470678210258484,0.6570177674293518,financial_only,42
002413.SZ:2025,002413.SZ,test,0,0.5527545213699341,0.6570177674293518,financial_only,42
002418.SZ:2019,002418.SZ,train,1,0.6711739301681519,0.6570177674293518,financial_only,42
002418.SZ:2022,002418.SZ,validation,0,0.4957597553730011,0.6570177674293518,financial_only,42
002418.SZ:2024,002418.SZ,test,0,0.49847379326820374,0.6570177674293518,financial_only,42
002418.SZ:2025,002418.SZ,test,0,0.5259934067726135,0.6570177674293518,financial_only,42
002426.SZ:2022,002426.SZ,validation,0,0.5098022818565369,0.6570177674293518,financial_only,42
002426.SZ:2024,002426.SZ,test,0,0.5704601407051086,0.6570177674293518,financial_only,42
002426.SZ:2025,002426.SZ,test,0,0.56967693567276,0.6570177674293518,financial_only,42
002429.SZ:2017,002429.SZ,train,0,0.48629510402679443,0.6570177674293518,financial_only,42
002429.SZ:2018,002429.SZ,train,0,0.4889344274997711,0.6570177674293518,financial_only,42
002429.SZ:2019,002429.SZ,train,0,0.4926546514034271,0.6570177674293518,financial_only,42
002429.SZ:2020,002429.SZ,train,0,0.47734859585762024,0.6570177674293518,financial_only,42
002429.SZ:2022,002429.SZ,validation,0,0.4850282371044159,0.6570177674293518,financial_only,42
002429.SZ:2024,002429.SZ,test,0,0.4359048902988434,0.6570177674293518,financial_only,42
002429.SZ:2025,002429.SZ,test,0,0.462307870388031,0.6570177674293518,financial_only,42
002433.SZ:2017,002433.SZ,train,0,0.4420076310634613,0.6570177674293518,financial_only,42
002433.SZ:2018,002433.SZ,train,0,0.45434650778770447,0.6570177674293518,financial_only,42
002433.SZ:2019,002433.SZ,train,0,0.46490541100502014,0.6570177674293518,financial_only,42
002434.SZ:2017,002434.SZ,train,0,0.485678493976593,0.6570177674293518,financial_only,42
002434.SZ:2018,002434.SZ,train,0,0.444917768239975,0.6570177674293518,financial_only,42
000012.SZ:2017,000012.SZ,train,0,0.463215172290802,0.5270125269889832,financial_only,2026
000012.SZ:2019,000012.SZ,train,0,0.4722660183906555,0.5270125269889832,financial_only,2026
000012.SZ:2020,000012.SZ,train,0,0.4676060676574707,0.5270125269889832,financial_only,2026
000012.SZ:2021,000012.SZ,train,0,0.45140036940574646,0.5270125269889832,financial_only,2026
000012.SZ:2022,000012.SZ,validation,0,0.4251154661178589,0.5270125269889832,financial_only,2026
000012.SZ:2024,000012.SZ,test,0,0.46843236684799194,0.5270125269889832,financial_only,2026
000018.SZ:2017,000018.SZ,train,0,0.5145460963249207,0.5270125269889832,financial_only,2026
000019.SZ:2017,000019.SZ,train,0,0.40349170565605164,0.5270125269889832,financial_only,2026
000019.SZ:2018,000019.SZ,train,0,0.4988064169883728,0.5270125269889832,financial_only,2026
000019.SZ:2020,000019.SZ,train,0,0.46359485387802124,0.5270125269889832,financial_only,2026
000019.SZ:2021,000019.SZ,train,0,0.4618545472621918,0.5270125269889832,financial_only,2026
000019.SZ:2022,000019.SZ,validation,0,0.4595114588737488,0.5270125269889832,financial_only,2026
000019.SZ:2024,000019.SZ,test,0,0.4543845057487488,0.5270125269889832,financial_only,2026
000040.SZ:2017,000040.SZ,train,0,0.48047879338264465,0.5270125269889832,financial_only,2026
000040.SZ:2022,000040.SZ,validation,0,0.5008928775787354,0.5270125269889832,financial_only,2026
000048.SZ:2020,000048.SZ,train,0,0.3986552059650421,0.5270125269889832,financial_only,2026
000048.SZ:2021,000048.SZ,train,0,0.4142368733882904,0.5270125269889832,financial_only,2026
000048.SZ:2022,000048.SZ,validation,0,0.4425757825374603,0.5270125269889832,financial_only,2026
000048.SZ:2025,000048.SZ,test,0,0.4601937532424927,0.5270125269889832,financial_only,2026
000055.SZ:2017,000055.SZ,train,0,0.4604635536670685,0.5270125269889832,financial_only,2026
000055.SZ:2019,000055.SZ,train,0,0.4298040270805359,0.5270125269889832,financial_only,2026
000055.SZ:2020,000055.SZ,train,0,0.4827432334423065,0.5270125269889832,financial_only,2026
000055.SZ:2021,000055.SZ,train,0,0.4719334840774536,0.5270125269889832,financial_only,2026
000055.SZ:2022,000055.SZ,validation,0,0.48420971632003784,0.5270125269889832,financial_only,2026
000055.SZ:2024,000055.SZ,test,0,0.48296791315078735,0.5270125269889832,financial_only,2026
000055.SZ:2025,000055.SZ,test,0,0.48710203170776367,0.5270125269889832,financial_only,2026
000068.SZ:2019,000068.SZ,train,0,0.5131899118423462,0.5270125269889832,financial_only,2026
000068.SZ:2020,000068.SZ,train,0,0.4947075843811035,0.5270125269889832,financial_only,2026
000068.SZ:2021,000068.SZ,train,0,0.5138198733329773,0.5270125269889832,financial_only,2026
000068.SZ:2022,000068.SZ,validation,0,0.509295642375946,0.5270125269889832,financial_only,2026
000068.SZ:2024,000068.SZ,test,0,0.414171427488327,0.5270125269889832,financial_only,2026
000068.SZ:2025,000068.SZ,test,0,0.4959440529346466,0.5270125269889832,financial_only,2026
000099.SZ:2017,000099.SZ,train,0,0.4783842861652374,0.5270125269889832,financial_only,2026
000099.SZ:2018,000099.SZ,train,0,0.4846618175506592,0.5270125269889832,financial_only,2026
000099.SZ:2019,000099.SZ,train,0,0.4747576117515564,0.5270125269889832,financial_only,2026
000099.SZ:2020,000099.SZ,train,0,0.4538176655769348,0.5270125269889832,financial_only,2026
000099.SZ:2021,000099.SZ,train,0,0.45117536187171936,0.5270125269889832,financial_only,2026
000099.SZ:2022,000099.SZ,validation,0,0.4250025153160095,0.5270125269889832,financial_only,2026
000419.SZ:2017,000419.SZ,train,0,0.4819566607475281,0.5270125269889832,financial_only,2026
000419.SZ:2018,000419.SZ,train,0,0.479513555765152,0.5270125269889832,financial_only,2026
000419.SZ:2019,000419.SZ,train,0,0.48087838292121887,0.5270125269889832,financial_only,2026
000419.SZ:2020,000419.SZ,train,0,0.48005884885787964,0.5270125269889832,financial_only,2026
000419.SZ:2021,000419.SZ,train,0,0.4752877354621887,0.5270125269889832,financial_only,2026
000419.SZ:2022,000419.SZ,validation,0,0.4734680652618408,0.5270125269889832,financial_only,2026
000419.SZ:2024,000419.SZ,test,0,0.4744291603565216,0.5270125269889832,financial_only,2026
000501.SZ:2017,000501.SZ,train,0,0.47315341234207153,0.5270125269889832,financial_only,2026
000501.SZ:2018,000501.SZ,train,0,0.4774843156337738,0.5270125269889832,financial_only,2026
000501.SZ:2019,000501.SZ,train,0,0.4678266942501068,0.5270125269889832,financial_only,2026
000501.SZ:2020,000501.SZ,train,0,0.4737837314605713,0.5270125269889832,financial_only,2026
000501.SZ:2021,000501.SZ,train,0,0.47725847363471985,0.5270125269889832,financial_only,2026
000501.SZ:2022,000501.SZ,validation,0,0.47114866971969604,0.5270125269889832,financial_only,2026
000501.SZ:2024,000501.SZ,test,0,0.4798930883407593,0.5270125269889832,financial_only,2026
000501.SZ:2025,000501.SZ,test,0,0.4834577441215515,0.5270125269889832,financial_only,2026
000504.SZ:2018,000504.SZ,train,0,0.5146041512489319,0.5270125269889832,financial_only,2026
000504.SZ:2019,000504.SZ,train,1,0.5200774073600769,0.5270125269889832,financial_only,2026
000504.SZ:2021,000504.SZ,train,0,0.5112313032150269,0.5270125269889832,financial_only,2026
000504.SZ:2022,000504.SZ,validation,0,0.5138664841651917,0.5270125269889832,financial_only,2026
000504.SZ:2024,000504.SZ,test,1,0.5154392719268799,0.5270125269889832,financial_only,2026
000533.SZ:2019,000533.SZ,train,0,0.5243989825248718,0.5270125269889832,financial_only,2026
000533.SZ:2020,000533.SZ,train,0,0.49699774384498596,0.5270125269889832,financial_only,2026
000533.SZ:2021,000533.SZ,train,0,0.4938502907752991,0.5270125269889832,financial_only,2026
000533.SZ:2022,000533.SZ,validation,0,0.5004845857620239,0.5270125269889832,financial_only,2026
000533.SZ:2024,000533.SZ,test,0,0.48415377736091614,0.5270125269889832,financial_only,2026
000533.SZ:2025,000533.SZ,test,0,0.4873202443122864,0.5270125269889832,financial_only,2026
000534.SZ:2020,000534.SZ,train,0,0.4707268178462982,0.5270125269889832,financial_only,2026
000534.SZ:2021,000534.SZ,train,0,0.46736055612564087,0.5270125269889832,financial_only,2026
000534.SZ:2022,000534.SZ,validation,0,0.46527549624443054,0.5270125269889832,financial_only,2026
000534.SZ:2024,000534.SZ,test,0,0.46321505308151245,0.5270125269889832,financial_only,2026
000545.SZ:2017,000545.SZ,train,0,0.47687238454818726,0.5270125269889832,financial_only,2026
000545.SZ:2018,000545.SZ,train,0,0.4625420868396759,0.5270125269889832,financial_only,2026
000545.SZ:2019,000545.SZ,train,0,0.4838593602180481,0.5270125269889832,financial_only,2026
000545.SZ:2021,000545.SZ,train,0,0.49527889490127563,0.5270125269889832,financial_only,2026
000545.SZ:2022,000545.SZ,validation,0,0.47991734743118286,0.5270125269889832,financial_only,2026
000545.SZ:2024,000545.SZ,test,0,0.4930455982685089,0.5270125269889832,financial_only,2026
000545.SZ:2025,000545.SZ,test,0,0.4998987019062042,0.5270125269889832,financial_only,2026
000553.SZ:2017,000553.SZ,train,0,0.4820933938026428,0.5270125269889832,financial_only,2026
000555.SZ:2017,000555.SZ,train,0,0.4890623092651367,0.5270125269889832,financial_only,2026
000555.SZ:2022,000555.SZ,validation,0,0.48301559686660767,0.5270125269889832,financial_only,2026
000555.SZ:2024,000555.SZ,test,0,0.4912633001804352,0.5270125269889832,financial_only,2026
000555.SZ:2025,000555.SZ,test,0,0.49868452548980713,0.5270125269889832,financial_only,2026
000557.SZ:2020,000557.SZ,train,0,0.4458398222923279,0.5270125269889832,financial_only,2026
000557.SZ:2021,000557.SZ,train,0,0.4318854510784149,0.5270125269889832,financial_only,2026
000557.SZ:2022,000557.SZ,validation,0,0.43140310049057007,0.5270125269889832,financial_only,2026
000557.SZ:2024,000557.SZ,test,0,0.3912317752838135,0.5270125269889832,financial_only,2026
000557.SZ:2025,000557.SZ,test,0,0.4221052825450897,0.5270125269889832,financial_only,2026
000576.SZ:2017,000576.SZ,train,0,0.4680441915988922,0.5270125269889832,financial_only,2026
000576.SZ:2021,000576.SZ,train,0,0.4054790139198303,0.5270125269889832,financial_only,2026
000576.SZ:2022,000576.SZ,validation,0,0.4411908984184265,0.5270125269889832,financial_only,2026
000576.SZ:2024,000576.SZ,test,0,0.4997972548007965,0.5270125269889832,financial_only,2026
000576.SZ:2025,000576.SZ,test,0,0.46117499470710754,0.5270125269889832,financial_only,2026
000581.SZ:2017,000581.SZ,train,0,0.44906625151634216,0.5270125269889832,financial_only,2026
000581.SZ:2018,000581.SZ,train,0,0.4387032091617584,0.5270125269889832,financial_only,2026
000581.SZ:2019,000581.SZ,train,0,0.44128870964050293,0.5270125269889832,financial_only,2026
000581.SZ:2020,000581.SZ,train,0,0.4504207372665405,0.5270125269889832,financial_only,2026
000581.SZ:2021,000581.SZ,train,0,0.4607982933521271,0.5270125269889832,financial_only,2026
000581.SZ:2022,000581.SZ,validation,0,0.46333885192871094,0.5270125269889832,financial_only,2026
000581.SZ:2024,000581.SZ,test,0,0.4649403393268585,0.5270125269889832,financial_only,2026
000581.SZ:2025,000581.SZ,test,0,0.4683835506439209,0.5270125269889832,financial_only,2026
000585.SZ:2017,000585.SZ,train,1,0.5527673959732056,0.5270125269889832,financial_only,2026
000589.SZ:2020,000589.SZ,train,0,0.4713508188724518,0.5270125269889832,financial_only,2026
000589.SZ:2021,000589.SZ,train,0,0.4449792504310608,0.5270125269889832,financial_only,2026
000589.SZ:2022,000589.SZ,validation,0,0.4837639331817627,0.5270125269889832,financial_only,2026
000589.SZ:2024,000589.SZ,test,0,0.4676769971847534,0.5270125269889832,financial_only,2026
000589.SZ:2025,000589.SZ,test,0,0.48215898871421814,0.5270125269889832,financial_only,2026
000593.SZ:2017,000593.SZ,train,0,0.49287307262420654,0.5270125269889832,financial_only,2026
000593.SZ:2018,000593.SZ,train,0,0.47567442059516907,0.5270125269889832,financial_only,2026
000593.SZ:2019,000593.SZ,train,0,0.5075088143348694,0.5270125269889832,financial_only,2026
000593.SZ:2020,000593.SZ,train,0,0.4832971394062042,0.5270125269889832,financial_only,2026
000593.SZ:2021,000593.SZ,train,0,0.4821774959564209,0.5270125269889832,financial_only,2026
000593.SZ:2022,000593.SZ,validation,0,0.4754839539527893,0.5270125269889832,financial_only,2026
000593.SZ:2025,000593.SZ,test,0,0.48264291882514954,0.5270125269889832,financial_only,2026
000598.SZ:2017,000598.SZ,train,0,0.44268789887428284,0.5270125269889832,financial_only,2026
000598.SZ:2019,000598.SZ,train,0,0.445723295211792,0.5270125269889832,financial_only,2026
000598.SZ:2020,000598.SZ,train,0,0.45049750804901123,0.5270125269889832,financial_only,2026
000598.SZ:2021,000598.SZ,train,0,0.4450955390930176,0.5270125269889832,financial_only,2026
000598.SZ:2022,000598.SZ,validation,0,0.45005160570144653,0.5270125269889832,financial_only,2026
000598.SZ:2024,000598.SZ,test,0,0.4489958882331848,0.5270125269889832,financial_only,2026
000598.SZ:2025,000598.SZ,test,0,0.4505060315132141,0.5270125269889832,financial_only,2026
000599.SZ:2017,000599.SZ,train,0,0.4956818222999573,0.5270125269889832,financial_only,2026
000599.SZ:2018,000599.SZ,train,0,0.4974668323993683,0.5270125269889832,financial_only,2026
000599.SZ:2019,000599.SZ,train,0,0.4945637881755829,0.5270125269889832,financial_only,2026
000599.SZ:2020,000599.SZ,train,0,0.4984082877635956,0.5270125269889832,financial_only,2026
000599.SZ:2021,000599.SZ,train,0,0.49435681104660034,0.5270125269889832,financial_only,2026
000599.SZ:2022,000599.SZ,validation,0,0.5009645223617554,0.5270125269889832,financial_only,2026
000599.SZ:2024,000599.SZ,test,0,0.49842172861099243,0.5270125269889832,financial_only,2026
000599.SZ:2025,000599.SZ,test,0,0.5016218423843384,0.5270125269889832,financial_only,2026
000610.SZ:2020,000610.SZ,train,0,0.48613440990448,0.5270125269889832,financial_only,2026
000610.SZ:2021,000610.SZ,train,0,0.4805895686149597,0.5270125269889832,financial_only,2026
000610.SZ:2022,000610.SZ,validation,0,0.49848029017448425,0.5270125269889832,financial_only,2026
000610.SZ:2024,000610.SZ,test,0,0.5138657093048096,0.5270125269889832,financial_only,2026
000610.SZ:2025,000610.SZ,test,1,0.5175198912620544,0.5270125269889832,financial_only,2026
000612.SZ:2020,000612.SZ,train,0,0.4731222987174988,0.5270125269889832,financial_only,2026
000612.SZ:2021,000612.SZ,train,0,0.4560360610485077,0.5270125269889832,financial_only,2026
000612.SZ:2022,000612.SZ,validation,0,0.4725087285041809,0.5270125269889832,financial_only,2026
000612.SZ:2024,000612.SZ,test,0,0.4578750431537628,0.5270125269889832,financial_only,2026
000612.SZ:2025,000612.SZ,test,0,0.4531213343143463,0.5270125269889832,financial_only,2026
000626.SZ:2017,000626.SZ,train,0,0.48873206973075867,0.5270125269889832,financial_only,2026
000626.SZ:2018,000626.SZ,train,0,0.4979560971260071,0.5270125269889832,financial_only,2026
000626.SZ:2020,000626.SZ,train,0,0.4850604832172394,0.5270125269889832,financial_only,2026
000626.SZ:2021,000626.SZ,train,0,0.4944622218608856,0.5270125269889832,financial_only,2026
000626.SZ:2022,000626.SZ,validation,0,0.47743862867355347,0.5270125269889832,financial_only,2026
000626.SZ:2024,000626.SZ,test,0,0.49558866024017334,0.5270125269889832,financial_only,2026
000626.SZ:2025,000626.SZ,test,0,0.46679043769836426,0.5270125269889832,financial_only,2026
000629.SZ:2019,000629.SZ,train,0,0.4129476249217987,0.5270125269889832,financial_only,2026
000629.SZ:2020,000629.SZ,train,0,0.397310733795166,0.5270125269889832,financial_only,2026
000629.SZ:2021,000629.SZ,train,0,0.46386176347732544,0.5270125269889832,financial_only,2026
000629.SZ:2022,000629.SZ,validation,0,0.41969314217567444,0.5270125269889832,financial_only,2026
000629.SZ:2024,000629.SZ,test,0,0.46797436475753784,0.5270125269889832,financial_only,2026
000629.SZ:2025,000629.SZ,test,0,0.4615561068058014,0.5270125269889832,financial_only,2026
000633.SZ:2018,000633.SZ,train,0,0.5113510489463806,0.5270125269889832,financial_only,2026
000633.SZ:2019,000633.SZ,train,0,0.49429306387901306,0.5270125269889832,financial_only,2026
000633.SZ:2022,000633.SZ,validation,0,0.485958069562912,0.5270125269889832,financial_only,2026
000633.SZ:2024,000633.SZ,test,0,0.47478577494621277,0.5270125269889832,financial_only,2026
000633.SZ:2025,000633.SZ,test,0,0.4824279546737671,0.5270125269889832,financial_only,2026
000635.SZ:2018,000635.SZ,train,0,0.45159104466438293,0.5270125269889832,financial_only,2026
000635.SZ:2019,000635.SZ,train,0,0.47294434905052185,0.5270125269889832,financial_only,2026
000635.SZ:2021,000635.SZ,train,0,0.46524739265441895,0.5270125269889832,financial_only,2026
000635.SZ:2022,000635.SZ,validation,0,0.46379154920578003,0.5270125269889832,financial_only,2026
000650.SZ:2017,000650.SZ,train,0,0.42448389530181885,0.5270125269889832,financial_only,2026
000650.SZ:2019,000650.SZ,train,0,0.4154670238494873,0.5270125269889832,financial_only,2026
000650.SZ:2020,000650.SZ,train,0,0.3955722749233246,0.5270125269889832,financial_only,2026
000650.SZ:2021,000650.SZ,train,0,0.38978397846221924,0.5270125269889832,financial_only,2026
000650.SZ:2022,000650.SZ,validation,0,0.41718176007270813,0.5270125269889832,financial_only,2026
000650.SZ:2024,000650.SZ,test,0,0.42338934540748596,0.5270125269889832,financial_only,2026
000650.SZ:2025,000650.SZ,test,0,0.40183544158935547,0.5270125269889832,financial_only,2026
000652.SZ:2017,000652.SZ,train,0,0.48870161175727844,0.5270125269889832,financial_only,2026
000652.SZ:2018,000652.SZ,train,0,0.47830408811569214,0.5270125269889832,financial_only,2026
000652.SZ:2019,000652.SZ,train,0,0.4781295955181122,0.5270125269889832,financial_only,2026
000652.SZ:2020,000652.SZ,train,0,0.4801173806190491,0.5270125269889832,financial_only,2026
000655.SZ:2017,000655.SZ,train,1,0.5224553346633911,0.5270125269889832,financial_only,2026
000655.SZ:2019,000655.SZ,train,0,0.4273054599761963,0.5270125269889832,financial_only,2026
000655.SZ:2020,000655.SZ,train,0,0.3944213390350342,0.5270125269889832,financial_only,2026
000655.SZ:2021,000655.SZ,train,0,0.4213072955608368,0.5270125269889832,financial_only,2026
000655.SZ:2022,000655.SZ,validation,0,0.3814210891723633,0.5270125269889832,financial_only,2026
000655.SZ:2024,000655.SZ,test,0,0.3872065246105194,0.5270125269889832,financial_only,2026
000655.SZ:2025,000655.SZ,test,0,0.42489415407180786,0.5270125269889832,financial_only,2026
000656.SZ:2020,000656.SZ,train,0,0.46458354592323303,0.5270125269889832,financial_only,2026
000656.SZ:2021,000656.SZ,train,0,0.45783907175064087,0.5270125269889832,financial_only,2026
000656.SZ:2022,000656.SZ,validation,0,0.46571481227874756,0.5270125269889832,financial_only,2026
000662.SZ:2018,000662.SZ,train,0,0.42349445819854736,0.5270125269889832,financial_only,2026
000665.SZ:2024,000665.SZ,test,0,0.5087350010871887,0.5270125269889832,financial_only,2026
000668.SZ:2017,000668.SZ,train,0,0.5176839828491211,0.5270125269889832,financial_only,2026
000668.SZ:2019,000668.SZ,train,0,0.47540387511253357,0.5270125269889832,financial_only,2026
000668.SZ:2021,000668.SZ,train,0,0.5004690885543823,0.5270125269889832,financial_only,2026
000668.SZ:2024,000668.SZ,test,1,0.5056093335151672,0.5270125269889832,financial_only,2026
000670.SZ:2017,000670.SZ,train,0,0.46911942958831787,0.5270125269889832,financial_only,2026
000670.SZ:2024,000670.SZ,test,0,0.5114030241966248,0.5270125269889832,financial_only,2026
000670.SZ:2025,000670.SZ,test,0,0.4889284074306488,0.5270125269889832,financial_only,2026
000695.SZ:2017,000695.SZ,train,0,0.4957011640071869,0.5270125269889832,financial_only,2026
000695.SZ:2018,000695.SZ,train,0,0.4996509552001953,0.5270125269889832,financial_only,2026
000695.SZ:2019,000695.SZ,train,0,0.45809218287467957,0.5270125269889832,financial_only,2026
000695.SZ:2020,000695.SZ,train,0,0.4914361238479614,0.5270125269889832,financial_only,2026
000695.SZ:2021,000695.SZ,train,0,0.50188148021698,0.5270125269889832,financial_only,2026
000695.SZ:2024,000695.SZ,test,0,0.505820095539093,0.5270125269889832,financial_only,2026
000695.SZ:2025,000695.SZ,test,0,0.5005121231079102,0.5270125269889832,financial_only,2026
000709.SZ:2017,000709.SZ,train,0,0.4878237843513489,0.5270125269889832,financial_only,2026
000709.SZ:2020,000709.SZ,train,0,0.4839847683906555,0.5270125269889832,financial_only,2026
000709.SZ:2021,000709.SZ,train,0,0.48728904128074646,0.5270125269889832,financial_only,2026
000709.SZ:2022,000709.SZ,validation,0,0.48323535919189453,0.5270125269889832,financial_only,2026
000709.SZ:2024,000709.SZ,test,0,0.48760271072387695,0.5270125269889832,financial_only,2026
000709.SZ:2025,000709.SZ,test,0,0.4883161783218384,0.5270125269889832,financial_only,2026
000715.SZ:2017,000715.SZ,train,0,0.4793849587440491,0.5270125269889832,financial_only,2026
000715.SZ:2018,000715.SZ,train,0,0.47795426845550537,0.5270125269889832,financial_only,2026
000715.SZ:2019,000715.SZ,train,0,0.47735145688056946,0.5270125269889832,financial_only,2026
000715.SZ:2020,000715.SZ,train,0,0.469724178314209,0.5270125269889832,financial_only,2026
000715.SZ:2021,000715.SZ,train,0,0.45261871814727783,0.5270125269889832,financial_only,2026
000715.SZ:2022,000715.SZ,validation,0,0.4456121623516083,0.5270125269889832,financial_only,2026
000715.SZ:2024,000715.SZ,test,0,0.4353741407394409,0.5270125269889832,financial_only,2026
000715.SZ:2025,000715.SZ,test,0,0.4534918963909149,0.5270125269889832,financial_only,2026
000718.SZ:2018,000718.SZ,train,0,0.41780513525009155,0.5270125269889832,financial_only,2026
000718.SZ:2019,000718.SZ,train,0,0.4175311326980591,0.5270125269889832,financial_only,2026
000718.SZ:2020,000718.SZ,train,0,0.4299311339855194,0.5270125269889832,financial_only,2026
000718.SZ:2021,000718.SZ,train,0,0.4305398464202881,0.5270125269889832,financial_only,2026
000718.SZ:2022,000718.SZ,validation,0,0.4316565990447998,0.5270125269889832,financial_only,2026
000718.SZ:2024,000718.SZ,test,0,0.4516580104827881,0.5270125269889832,financial_only,2026
000718.SZ:2025,000718.SZ,test,0,0.45734038949012756,0.5270125269889832,financial_only,2026
000727.SZ:2017,000727.SZ,train,0,0.4826960265636444,0.5270125269889832,financial_only,2026
000727.SZ:2021,000727.SZ,train,0,0.46228688955307007,0.5270125269889832,financial_only,2026
000739.SZ:2018,000739.SZ,train,0,0.4850544333457947,0.5270125269889832,financial_only,2026
000739.SZ:2019,000739.SZ,train,0,0.46360039710998535,0.5270125269889832,financial_only,2026
000739.SZ:2020,000739.SZ,train,0,0.44474220275878906,0.5270125269889832,financial_only,2026
000739.SZ:2021,000739.SZ,train,0,0.45341426134109497,0.5270125269889832,financial_only,2026
000739.SZ:2022,000739.SZ,validation,0,0.4713529348373413,0.5270125269889832,financial_only,2026
000739.SZ:2024,000739.SZ,test,0,0.47069448232650757,0.5270125269889832,financial_only,2026
000739.SZ:2025,000739.SZ,test,0,0.47031521797180176,0.5270125269889832,financial_only,2026
000786.SZ:2020,000786.SZ,train,0,0.4669938087463379,0.5270125269889832,financial_only,2026
000786.SZ:2021,000786.SZ,train,0,0.4503382444381714,0.5270125269889832,financial_only,2026
000786.SZ:2022,000786.SZ,validation,0,0.4282037913799286,0.5270125269889832,financial_only,2026
000786.SZ:2024,000786.SZ,test,0,0.42151230573654175,0.5270125269889832,financial_only,2026
000786.SZ:2025,000786.SZ,test,0,0.43853747844696045,0.5270125269889832,financial_only,2026
000797.SZ:2017,000797.SZ,train,0,0.4377880394458771,0.5270125269889832,financial_only,2026
000797.SZ:2018,000797.SZ,train,0,0.4915166199207306,0.5270125269889832,financial_only,2026
000797.SZ:2019,000797.SZ,train,0,0.47470924258232117,0.5270125269889832,financial_only,2026
000797.SZ:2020,000797.SZ,train,0,0.4791606366634369,0.5270125269889832,financial_only,2026
000797.SZ:2021,000797.SZ,train,0,0.4508361518383026,0.5270125269889832,financial_only,2026
000797.SZ:2022,000797.SZ,validation,0,0.46967121958732605,0.5270125269889832,financial_only,2026
000797.SZ:2024,000797.SZ,test,0,0.4582802951335907,0.5270125269889832,financial_only,2026
000797.SZ:2025,000797.SZ,test,0,0.4730353355407715,0.5270125269889832,financial_only,2026
000800.SZ:2017,000800.SZ,train,0,0.4927133321762085,0.5270125269889832,financial_only,2026
000800.SZ:2019,000800.SZ,train,0,0.4900878369808197,0.5270125269889832,financial_only,2026
000800.SZ:2020,000800.SZ,train,0,0.4783516526222229,0.5270125269889832,financial_only,2026
000800.SZ:2021,000800.SZ,train,0,0.4852589964866638,0.5270125269889832,financial_only,2026
000800.SZ:2022,000800.SZ,validation,0,0.45247510075569153,0.5270125269889832,financial_only,2026
000800.SZ:2024,000800.SZ,test,0,0.4830506443977356,0.5270125269889832,financial_only,2026
000800.SZ:2025,000800.SZ,test,0,0.49561354517936707,0.5270125269889832,financial_only,2026
000807.SZ:2017,000807.SZ,train,0,0.48746156692504883,0.5270125269889832,financial_only,2026
000807.SZ:2019,000807.SZ,train,0,0.49821457266807556,0.5270125269889832,financial_only,2026
000807.SZ:2020,000807.SZ,train,0,0.47874870896339417,0.5270125269889832,financial_only,2026
000807.SZ:2021,000807.SZ,train,0,0.47070589661598206,0.5270125269889832,financial_only,2026
000807.SZ:2022,000807.SZ,validation,0,0.4376767873764038,0.5270125269889832,financial_only,2026
000807.SZ:2024,000807.SZ,test,0,0.4270518124103546,0.5270125269889832,financial_only,2026
000821.SZ:2022,000821.SZ,validation,0,0.47790995240211487,0.5270125269889832,financial_only,2026
000821.SZ:2024,000821.SZ,test,0,0.46596643328666687,0.5270125269889832,financial_only,2026
000821.SZ:2025,000821.SZ,test,1,0.48721325397491455,0.5270125269889832,financial_only,2026
000822.SZ:2020,000822.SZ,train,0,0.45980677008628845,0.5270125269889832,financial_only,2026
000823.SZ:2017,000823.SZ,train,0,0.47220730781555176,0.5270125269889832,financial_only,2026
000823.SZ:2018,000823.SZ,train,0,0.48116812109947205,0.5270125269889832,financial_only,2026
000823.SZ:2019,000823.SZ,train,0,0.4750939905643463,0.5270125269889832,financial_only,2026
000823.SZ:2020,000823.SZ,train,0,0.46621954441070557,0.5270125269889832,financial_only,2026
000823.SZ:2021,000823.SZ,train,0,0.4793291985988617,0.5270125269889832,financial_only,2026
000823.SZ:2022,000823.SZ,validation,0,0.47775349020957947,0.5270125269889832,financial_only,2026
000823.SZ:2024,000823.SZ,test,0,0.4786706864833832,0.5270125269889832,financial_only,2026
000823.SZ:2025,000823.SZ,test,0,0.4820002019405365,0.5270125269889832,financial_only,2026
000830.SZ:2017,000830.SZ,train,0,0.48422515392303467,0.5270125269889832,financial_only,2026
000830.SZ:2018,000830.SZ,train,0,0.45446979999542236,0.5270125269889832,financial_only,2026
000830.SZ:2019,000830.SZ,train,0,0.43799856305122375,0.5270125269889832,financial_only,2026
000830.SZ:2020,000830.SZ,train,0,0.46841686964035034,0.5270125269889832,financial_only,2026
000830.SZ:2021,000830.SZ,train,0,0.47491684556007385,0.5270125269889832,financial_only,2026
000830.SZ:2022,000830.SZ,validation,0,0.4027184247970581,0.5270125269889832,financial_only,2026
000830.SZ:2024,000830.SZ,test,0,0.47369635105133057,0.5270125269889832,financial_only,2026
000830.SZ:2025,000830.SZ,test,0,0.46570923924446106,0.5270125269889832,financial_only,2026
000835.SZ:2018,000835.SZ,train,0,0.43569451570510864,0.5270125269889832,financial_only,2026
000835.SZ:2019,000835.SZ,train,0,0.5479538440704346,0.5270125269889832,financial_only,2026
000850.SZ:2017,000850.SZ,train,0,0.4813765287399292,0.5270125269889832,financial_only,2026
000850.SZ:2018,000850.SZ,train,0,0.4821256399154663,0.5270125269889832,financial_only,2026
000850.SZ:2019,000850.SZ,train,0,0.48312991857528687,0.5270125269889832,financial_only,2026
000850.SZ:2021,000850.SZ,train,0,0.47490042448043823,0.5270125269889832,financial_only,2026
000850.SZ:2022,000850.SZ,validation,0,0.46867188811302185,0.5270125269889832,financial_only,2026
000850.SZ:2024,000850.SZ,test,0,0.48257049918174744,0.5270125269889832,financial_only,2026
000850.SZ:2025,000850.SZ,test,0,0.4764760136604309,0.5270125269889832,financial_only,2026
000861.SZ:2017,000861.SZ,train,0,0.4703224003314972,0.5270125269889832,financial_only,2026
000861.SZ:2019,000861.SZ,train,0,0.4768572747707367,0.5270125269889832,financial_only,2026
000861.SZ:2020,000861.SZ,train,0,0.4580906927585602,0.5270125269889832,financial_only,2026
000861.SZ:2021,000861.SZ,train,0,0.4723328649997711,0.5270125269889832,financial_only,2026
000861.SZ:2022,000861.SZ,validation,0,0.5119462609291077,0.5270125269889832,financial_only,2026
000868.SZ:2021,000868.SZ,train,0,0.4879310429096222,0.5270125269889832,financial_only,2026
000868.SZ:2022,000868.SZ,validation,0,0.5213428735733032,0.5270125269889832,financial_only,2026
000883.SZ:2017,000883.SZ,train,0,0.4516620934009552,0.5270125269889832,financial_only,2026
000883.SZ:2018,000883.SZ,train,0,0.46206480264663696,0.5270125269889832,financial_only,2026
000883.SZ:2019,000883.SZ,train,0,0.4686923027038574,0.5270125269889832,financial_only,2026
000883.SZ:2020,000883.SZ,train,0,0.4714451730251312,0.5270125269889832,financial_only,2026
000883.SZ:2021,000883.SZ,train,0,0.45398256182670593,0.5270125269889832,financial_only,2026
000883.SZ:2022,000883.SZ,validation,0,0.4743131697177887,0.5270125269889832,financial_only,2026
000883.SZ:2024,000883.SZ,test,0,0.47872892022132874,0.5270125269889832,financial_only,2026
000890.SZ:2017,000890.SZ,train,0,0.49651917815208435,0.5270125269889832,financial_only,2026
000890.SZ:2019,000890.SZ,train,1,0.48803505301475525,0.5270125269889832,financial_only,2026
000890.SZ:2022,000890.SZ,validation,0,0.4937555193901062,0.5270125269889832,financial_only,2026
000890.SZ:2024,000890.SZ,test,0,0.5176968574523926,0.5270125269889832,financial_only,2026
000890.SZ:2025,000890.SZ,test,0,0.5330802798271179,0.5270125269889832,financial_only,2026
000897.SZ:2021,000897.SZ,train,0,0.4340066909790039,0.5270125269889832,financial_only,2026
000897.SZ:2024,000897.SZ,test,0,0.4499000608921051,0.5270125269889832,financial_only,2026
000903.SZ:2017,000903.SZ,train,0,0.48477116227149963,0.5270125269889832,financial_only,2026
000903.SZ:2018,000903.SZ,train,0,0.48891329765319824,0.5270125269889832,financial_only,2026
000903.SZ:2019,000903.SZ,train,0,0.48089051246643066,0.5270125269889832,financial_only,2026
000903.SZ:2020,000903.SZ,train,0,0.4802654981613159,0.5270125269889832,financial_only,2026
000903.SZ:2021,000903.SZ,train,0,0.4701910614967346,0.5270125269889832,financial_only,2026
000903.SZ:2022,000903.SZ,validation,0,0.49621888995170593,0.5270125269889832,financial_only,2026
000903.SZ:2024,000903.SZ,test,0,0.5132825374603271,0.5270125269889832,financial_only,2026
000903.SZ:2025,000903.SZ,test,1,0.5167868733406067,0.5270125269889832,financial_only,2026
000920.SZ:2017,000920.SZ,train,0,0.4551721215248108,0.5270125269889832,financial_only,2026
000920.SZ:2018,000920.SZ,train,0,0.46428096294403076,0.5270125269889832,financial_only,2026
000920.SZ:2019,000920.SZ,train,0,0.4790831506252289,0.5270125269889832,financial_only,2026
000920.SZ:2020,000920.SZ,train,0,0.4764983654022217,0.5270125269889832,financial_only,2026
000920.SZ:2021,000920.SZ,train,0,0.468069463968277,0.5270125269889832,financial_only,2026
000920.SZ:2022,000920.SZ,validation,0,0.4613885283470154,0.5270125269889832,financial_only,2026
000920.SZ:2024,000920.SZ,test,0,0.4658171236515045,0.5270125269889832,financial_only,2026
000920.SZ:2025,000920.SZ,test,0,0.45510509610176086,0.5270125269889832,financial_only,2026
000925.SZ:2017,000925.SZ,train,0,0.5131012797355652,0.5270125269889832,financial_only,2026
000925.SZ:2018,000925.SZ,train,0,0.4934791624546051,0.5270125269889832,financial_only,2026
000925.SZ:2019,000925.SZ,train,0,0.49738991260528564,0.5270125269889832,financial_only,2026
000925.SZ:2020,000925.SZ,train,0,0.4942942261695862,0.5270125269889832,financial_only,2026
000925.SZ:2021,000925.SZ,train,0,0.4963141083717346,0.5270125269889832,financial_only,2026
000925.SZ:2022,000925.SZ,validation,0,0.4866459369659424,0.5270125269889832,financial_only,2026
000925.SZ:2024,000925.SZ,test,0,0.4929695725440979,0.5270125269889832,financial_only,2026
000925.SZ:2025,000925.SZ,test,0,0.49039268493652344,0.5270125269889832,financial_only,2026
000933.SZ:2018,000933.SZ,train,0,0.48809921741485596,0.5270125269889832,financial_only,2026
000933.SZ:2019,000933.SZ,train,0,0.4920574426651001,0.5270125269889832,financial_only,2026
000933.SZ:2020,000933.SZ,train,0,0.4899483621120453,0.5270125269889832,financial_only,2026
000933.SZ:2021,000933.SZ,train,0,0.49026191234588623,0.5270125269889832,financial_only,2026
000933.SZ:2022,000933.SZ,validation,0,0.4452841877937317,0.5270125269889832,financial_only,2026
000933.SZ:2024,000933.SZ,test,0,0.4288240075111389,0.5270125269889832,financial_only,2026
000933.SZ:2025,000933.SZ,test,0,0.44667848944664,0.5270125269889832,financial_only,2026
000937.SZ:2017,000937.SZ,train,0,0.49008914828300476,0.5270125269889832,financial_only,2026
000937.SZ:2018,000937.SZ,train,0,0.47443342208862305,0.5270125269889832,financial_only,2026
000937.SZ:2019,000937.SZ,train,0,0.4782164990901947,0.5270125269889832,financial_only,2026
000937.SZ:2020,000937.SZ,train,0,0.47425293922424316,0.5270125269889832,financial_only,2026
000937.SZ:2024,000937.SZ,test,0,0.439790815114975,0.5270125269889832,financial_only,2026
000982.SZ:2022,000982.SZ,validation,0,0.4281063675880432,0.5270125269889832,financial_only,2026
000989.SZ:2017,000989.SZ,train,0,0.38819625973701477,0.5270125269889832,financial_only,2026
000989.SZ:2020,000989.SZ,train,0,0.43321308493614197,0.5270125269889832,financial_only,2026
000989.SZ:2021,000989.SZ,train,0,0.45384109020233154,0.5270125269889832,financial_only,2026
000989.SZ:2022,000989.SZ,validation,0,0.4699386656284332,0.5270125269889832,financial_only,2026
000990.SZ:2020,000990.SZ,train,0,0.4763299822807312,0.5270125269889832,financial_only,2026
000990.SZ:2021,000990.SZ,train,0,0.4779515564441681,0.5270125269889832,financial_only,2026
000990.SZ:2022,000990.SZ,validation,0,0.4675842821598053,0.5270125269889832,financial_only,2026
000990.SZ:2024,000990.SZ,test,0,0.4787781536579132,0.5270125269889832,financial_only,2026
000990.SZ:2025,000990.SZ,test,0,0.4786214232444763,0.5270125269889832,financial_only,2026
001201.SZ:2024,001201.SZ,test,0,0.510372519493103,0.5270125269889832,financial_only,2026
001201.SZ:2025,001201.SZ,test,0,0.48842042684555054,0.5270125269889832,financial_only,2026
001215.SZ:2025,001215.SZ,test,0,0.47420427203178406,0.5270125269889832,financial_only,2026
001216.SZ:2025,001216.SZ,test,0,0.42583945393562317,0.5270125269889832,financial_only,2026
001296.SZ:2025,001296.SZ,test,0,0.4498656690120697,0.5270125269889832,financial_only,2026
002002.SZ:2022,002002.SZ,validation,0,0.47973379492759705,0.5270125269889832,financial_only,2026
002014.SZ:2017,002014.SZ,train,0,0.4452739655971527,0.5270125269889832,financial_only,2026
002014.SZ:2018,002014.SZ,train,0,0.45100605487823486,0.5270125269889832,financial_only,2026
002014.SZ:2019,002014.SZ,train,0,0.44940316677093506,0.5270125269889832,financial_only,2026
002014.SZ:2020,002014.SZ,train,0,0.4353744089603424,0.5270125269889832,financial_only,2026
002014.SZ:2021,002014.SZ,train,0,0.4383472800254822,0.5270125269889832,financial_only,2026
002014.SZ:2022,002014.SZ,validation,0,0.4617055356502533,0.5270125269889832,financial_only,2026
002014.SZ:2024,002014.SZ,test,0,0.45229312777519226,0.5270125269889832,financial_only,2026
002016.SZ:2017,002016.SZ,train,0,0.4141620397567749,0.5270125269889832,financial_only,2026
002016.SZ:2018,002016.SZ,train,0,0.4102317690849304,0.5270125269889832,financial_only,2026
002016.SZ:2019,002016.SZ,train,0,0.41049307584762573,0.5270125269889832,financial_only,2026
002016.SZ:2020,002016.SZ,train,0,0.36482733488082886,0.5270125269889832,financial_only,2026
002016.SZ:2021,002016.SZ,train,0,0.4046260118484497,0.5270125269889832,financial_only,2026
002016.SZ:2022,002016.SZ,validation,0,0.43385928869247437,0.5270125269889832,financial_only,2026
002016.SZ:2024,002016.SZ,test,0,0.4692365229129791,0.5270125269889832,financial_only,2026
002016.SZ:2025,002016.SZ,test,0,0.4836086630821228,0.5270125269889832,financial_only,2026
002021.SZ:2017,002021.SZ,train,0,0.4875131845474243,0.5270125269889832,financial_only,2026
002021.SZ:2018,002021.SZ,train,1,0.501671552658081,0.5270125269889832,financial_only,2026
002021.SZ:2025,002021.SZ,test,0,0.49262410402297974,0.5270125269889832,financial_only,2026
002027.SZ:2019,002027.SZ,train,0,0.3570898771286011,0.5270125269889832,financial_only,2026
002027.SZ:2020,002027.SZ,train,0,0.41689208149909973,0.5270125269889832,financial_only,2026
002027.SZ:2021,002027.SZ,train,0,0.35678645968437195,0.5270125269889832,financial_only,2026
002027.SZ:2022,002027.SZ,validation,0,0.3309159576892853,0.5270125269889832,financial_only,2026
002027.SZ:2024,002027.SZ,test,0,0.3364942967891693,0.5270125269889832,financial_only,2026
002027.SZ:2025,002027.SZ,test,0,0.33326515555381775,0.5270125269889832,financial_only,2026
002033.SZ:2019,002033.SZ,train,0,0.35060638189315796,0.5270125269889832,financial_only,2026
002033.SZ:2020,002033.SZ,train,0,0.34963300824165344,0.5270125269889832,financial_only,2026
002033.SZ:2021,002033.SZ,train,0,0.4045912027359009,0.5270125269889832,financial_only,2026
002033.SZ:2022,002033.SZ,validation,0,0.4728580117225647,0.5270125269889832,financial_only,2026
002033.SZ:2024,002033.SZ,test,0,0.37517568469047546,0.5270125269889832,financial_only,2026
002033.SZ:2025,002033.SZ,test,0,0.40250492095947266,0.5270125269889832,financial_only,2026
002039.SZ:2017,002039.SZ,train,0,0.42026665806770325,0.5270125269889832,financial_only,2026
002039.SZ:2019,002039.SZ,train,0,0.44210171699523926,0.5270125269889832,financial_only,2026
002039.SZ:2020,002039.SZ,train,0,0.44213056564331055,0.5270125269889832,financial_only,2026
002039.SZ:2021,002039.SZ,train,0,0.4324474036693573,0.5270125269889832,financial_only,2026
002039.SZ:2022,002039.SZ,validation,0,0.4522241950035095,0.5270125269889832,financial_only,2026
002039.SZ:2024,002039.SZ,test,0,0.43926388025283813,0.5270125269889832,financial_only,2026
002040.SZ:2017,002040.SZ,train,0,0.43280208110809326,0.5270125269889832,financial_only,2026
002040.SZ:2018,002040.SZ,train,0,0.4550943076610565,0.5270125269889832,financial_only,2026
002040.SZ:2019,002040.SZ,train,0,0.4441380798816681,0.5270125269889832,financial_only,2026
002040.SZ:2020,002040.SZ,train,0,0.4393378496170044,0.5270125269889832,financial_only,2026
002040.SZ:2021,002040.SZ,train,0,0.43552637100219727,0.5270125269889832,financial_only,2026
002040.SZ:2024,002040.SZ,test,0,0.4458993375301361,0.5270125269889832,financial_only,2026
002041.SZ:2017,002041.SZ,train,0,0.41801321506500244,0.5270125269889832,financial_only,2026
002041.SZ:2018,002041.SZ,train,0,0.45311152935028076,0.5270125269889832,financial_only,2026
002041.SZ:2019,002041.SZ,train,0,0.46191900968551636,0.5270125269889832,financial_only,2026
002041.SZ:2020,002041.SZ,train,0,0.4573344588279724,0.5270125269889832,financial_only,2026
002041.SZ:2021,002041.SZ,train,0,0.4460464417934418,0.5270125269889832,financial_only,2026
002041.SZ:2022,002041.SZ,validation,0,0.43136924505233765,0.5270125269889832,financial_only,2026
002041.SZ:2024,002041.SZ,test,0,0.44335973262786865,0.5270125269889832,financial_only,2026
002041.SZ:2025,002041.SZ,test,0,0.45995762944221497,0.5270125269889832,financial_only,2026
002046.SZ:2018,002046.SZ,train,0,0.48186928033828735,0.5270125269889832,financial_only,2026
002046.SZ:2019,002046.SZ,train,0,0.4855270981788635,0.5270125269889832,financial_only,2026
002046.SZ:2020,002046.SZ,train,0,0.4863418936729431,0.5270125269889832,financial_only,2026
002046.SZ:2021,002046.SZ,train,0,0.4773544371128082,0.5270125269889832,financial_only,2026
002046.SZ:2022,002046.SZ,validation,0,0.48577991127967834,0.5270125269889832,financial_only,2026
002046.SZ:2024,002046.SZ,test,0,0.47035330533981323,0.5270125269889832,financial_only,2026
002046.SZ:2025,002046.SZ,test,0,0.47665664553642273,0.5270125269889832,financial_only,2026
002050.SZ:2017,002050.SZ,train,0,0.4463787376880646,0.5270125269889832,financial_only,2026
002050.SZ:2018,002050.SZ,train,0,0.4679100513458252,0.5270125269889832,financial_only,2026
002050.SZ:2019,002050.SZ,train,0,0.4604361951351166,0.5270125269889832,financial_only,2026
002050.SZ:2020,002050.SZ,train,0,0.44916146993637085,0.5270125269889832,financial_only,2026
002050.SZ:2021,002050.SZ,train,0,0.4506520628929138,0.5270125269889832,financial_only,2026
002050.SZ:2022,002050.SZ,validation,0,0.47064611315727234,0.5270125269889832,financial_only,2026
002050.SZ:2024,002050.SZ,test,0,0.45974457263946533,0.5270125269889832,financial_only,2026
002050.SZ:2025,002050.SZ,test,0,0.46132326126098633,0.5270125269889832,financial_only,2026
002053.SZ:2018,002053.SZ,train,0,0.4758814573287964,0.5270125269889832,financial_only,2026
002053.SZ:2019,002053.SZ,train,0,0.47461438179016113,0.5270125269889832,financial_only,2026
002053.SZ:2020,002053.SZ,train,0,0.46225228905677795,0.5270125269889832,financial_only,2026
002053.SZ:2021,002053.SZ,train,0,0.46838653087615967,0.5270125269889832,financial_only,2026
002053.SZ:2022,002053.SZ,validation,0,0.4693309962749481,0.5270125269889832,financial_only,2026
002053.SZ:2024,002053.SZ,test,0,0.468195378780365,0.5270125269889832,financial_only,2026
002056.SZ:2020,002056.SZ,train,0,0.46802377700805664,0.5270125269889832,financial_only,2026
002056.SZ:2021,002056.SZ,train,0,0.46007171273231506,0.5270125269889832,financial_only,2026
002056.SZ:2022,002056.SZ,validation,0,0.46992069482803345,0.5270125269889832,financial_only,2026
002056.SZ:2024,002056.SZ,test,0,0.451009601354599,0.5270125269889832,financial_only,2026
002056.SZ:2025,002056.SZ,test,0,0.4567606747150421,0.5270125269889832,financial_only,2026
002064.SZ:2017,002064.SZ,train,0,0.49099084734916687,0.5270125269889832,financial_only,2026
002064.SZ:2018,002064.SZ,train,0,0.4707986116409302,0.5270125269889832,financial_only,2026
002064.SZ:2019,002064.SZ,train,0,0.44807833433151245,0.5270125269889832,financial_only,2026
002064.SZ:2020,002064.SZ,train,0,0.4460054636001587,0.5270125269889832,financial_only,2026
002064.SZ:2022,002064.SZ,validation,0,0.3778834640979767,0.5270125269889832,financial_only,2026
002064.SZ:2024,002064.SZ,test,0,0.4644395112991333,0.5270125269889832,financial_only,2026
002064.SZ:2025,002064.SZ,test,0,0.4629570543766022,0.5270125269889832,financial_only,2026
002069.SZ:2017,002069.SZ,train,0,0.480151504278183,0.5270125269889832,financial_only,2026
002069.SZ:2018,002069.SZ,train,0,0.508662223815918,0.5270125269889832,financial_only,2026
002069.SZ:2019,002069.SZ,train,0,0.48156046867370605,0.5270125269889832,financial_only,2026
002069.SZ:2020,002069.SZ,train,0,0.49463826417922974,0.5270125269889832,financial_only,2026
002069.SZ:2021,002069.SZ,train,0,0.4731599986553192,0.5270125269889832,financial_only,2026
002069.SZ:2022,002069.SZ,validation,1,0.4836983382701874,0.5270125269889832,financial_only,2026
002069.SZ:2024,002069.SZ,test,0,0.4828791916370392,0.5270125269889832,financial_only,2026
002071.SZ:2017,002071.SZ,train,0,0.45839759707450867,0.5270125269889832,financial_only,2026
002092.SZ:2020,002092.SZ,train,0,0.47481703758239746,0.5270125269889832,financial_only,2026
002092.SZ:2021,002092.SZ,train,0,0.47976404428482056,0.5270125269889832,financial_only,2026
002092.SZ:2022,002092.SZ,validation,0,0.47868379950523376,0.5270125269889832,financial_only,2026
002092.SZ:2024,002092.SZ,test,1,0.4939543306827545,0.5270125269889832,financial_only,2026
002102.SZ:2025,002102.SZ,test,1,0.49138256907463074,0.5270125269889832,financial_only,2026
002106.SZ:2017,002106.SZ,train,0,0.4743919372558594,0.5270125269889832,financial_only,2026
002110.SZ:2019,002110.SZ,train,0,0.3886960744857788,0.5270125269889832,financial_only,2026
002110.SZ:2020,002110.SZ,train,0,0.4555148184299469,0.5270125269889832,financial_only,2026
002110.SZ:2021,002110.SZ,train,0,0.46753522753715515,0.5270125269889832,financial_only,2026
002110.SZ:2022,002110.SZ,validation,0,0.47369587421417236,0.5270125269889832,financial_only,2026
002110.SZ:2024,002110.SZ,test,0,0.4887537658214569,0.5270125269889832,financial_only,2026
002110.SZ:2025,002110.SZ,test,0,0.4902695417404175,0.5270125269889832,financial_only,2026
002112.SZ:2017,002112.SZ,train,0,0.4983426630496979,0.5270125269889832,financial_only,2026
002112.SZ:2018,002112.SZ,train,0,0.5233471989631653,0.5270125269889832,financial_only,2026
002112.SZ:2021,002112.SZ,train,0,0.49599623680114746,0.5270125269889832,financial_only,2026
002112.SZ:2022,002112.SZ,validation,0,0.49785736203193665,0.5270125269889832,financial_only,2026
002112.SZ:2024,002112.SZ,test,0,0.4952346980571747,0.5270125269889832,financial_only,2026
002112.SZ:2025,002112.SZ,test,0,0.48122289776802063,0.5270125269889832,financial_only,2026
002117.SZ:2019,002117.SZ,train,0,0.44192826747894287,0.5270125269889832,financial_only,2026
002117.SZ:2020,002117.SZ,train,0,0.4255819320678711,0.5270125269889832,financial_only,2026
002117.SZ:2021,002117.SZ,train,0,0.45370596647262573,0.5270125269889832,financial_only,2026
002117.SZ:2022,002117.SZ,validation,0,0.4547390341758728,0.5270125269889832,financial_only,2026
002117.SZ:2024,002117.SZ,test,0,0.4588954448699951,0.5270125269889832,financial_only,2026
002120.SZ:2017,002120.SZ,train,0,0.4065009355545044,0.5270125269889832,financial_only,2026
002120.SZ:2018,002120.SZ,train,0,0.405272513628006,0.5270125269889832,financial_only,2026
002120.SZ:2019,002120.SZ,train,0,0.41429758071899414,0.5270125269889832,financial_only,2026
002120.SZ:2020,002120.SZ,train,0,0.4370076358318329,0.5270125269889832,financial_only,2026
002120.SZ:2021,002120.SZ,train,0,0.4726623296737671,0.5270125269889832,financial_only,2026
002120.SZ:2022,002120.SZ,validation,0,0.4759540259838104,0.5270125269889832,financial_only,2026
002120.SZ:2024,002120.SZ,test,0,0.4706069827079773,0.5270125269889832,financial_only,2026
002120.SZ:2025,002120.SZ,test,0,0.46356022357940674,0.5270125269889832,financial_only,2026
002121.SZ:2017,002121.SZ,train,0,0.4985615313053131,0.5270125269889832,financial_only,2026
002121.SZ:2018,002121.SZ,train,0,0.49022209644317627,0.5270125269889832,financial_only,2026
002121.SZ:2022,002121.SZ,validation,0,0.5155139565467834,0.5270125269889832,financial_only,2026
002121.SZ:2024,002121.SZ,test,0,0.507796585559845,0.5270125269889832,financial_only,2026
002121.SZ:2025,002121.SZ,test,0,0.4967603385448456,0.5270125269889832,financial_only,2026
002125.SZ:2017,002125.SZ,train,0,0.4861973524093628,0.5270125269889832,financial_only,2026
002125.SZ:2018,002125.SZ,train,0,0.4839518368244171,0.5270125269889832,financial_only,2026
002125.SZ:2019,002125.SZ,train,0,0.4819314181804657,0.5270125269889832,financial_only,2026
002125.SZ:2020,002125.SZ,train,0,0.483697772026062,0.5270125269889832,financial_only,2026
002125.SZ:2021,002125.SZ,train,0,0.48803776502609253,0.5270125269889832,financial_only,2026
002125.SZ:2022,002125.SZ,validation,0,0.46893414855003357,0.5270125269889832,financial_only,2026
002125.SZ:2024,002125.SZ,test,0,0.4574301242828369,0.5270125269889832,financial_only,2026
002125.SZ:2025,002125.SZ,test,0,0.4572694003582001,0.5270125269889832,financial_only,2026
002140.SZ:2017,002140.SZ,train,0,0.48870494961738586,0.5270125269889832,financial_only,2026
002140.SZ:2018,002140.SZ,train,0,0.4946635961532593,0.5270125269889832,financial_only,2026
002140.SZ:2019,002140.SZ,train,0,0.49549901485443115,0.5270125269889832,financial_only,2026
002140.SZ:2020,002140.SZ,train,0,0.48101669549942017,0.5270125269889832,financial_only,2026
002140.SZ:2021,002140.SZ,train,0,0.48421525955200195,0.5270125269889832,financial_only,2026
002140.SZ:2022,002140.SZ,validation,0,0.48209211230278015,0.5270125269889832,financial_only,2026
002140.SZ:2024,002140.SZ,test,0,0.4858165383338928,0.5270125269889832,financial_only,2026
002140.SZ:2025,002140.SZ,test,0,0.4848131835460663,0.5270125269889832,financial_only,2026
002141.SZ:2017,002141.SZ,train,0,0.44285082817077637,0.5270125269889832,financial_only,2026
002141.SZ:2018,002141.SZ,train,0,0.4789431095123291,0.5270125269889832,financial_only,2026
002141.SZ:2019,002141.SZ,train,0,0.4848092496395111,0.5270125269889832,financial_only,2026
002141.SZ:2020,002141.SZ,train,0,0.4803391993045807,0.5270125269889832,financial_only,2026
002141.SZ:2021,002141.SZ,train,0,0.5320767164230347,0.5270125269889832,financial_only,2026
002141.SZ:2022,002141.SZ,validation,0,0.4887271821498871,0.5270125269889832,financial_only,2026
002145.SZ:2017,002145.SZ,train,0,0.4802778661251068,0.5270125269889832,financial_only,2026
002145.SZ:2018,002145.SZ,train,0,0.4653381109237671,0.5270125269889832,financial_only,2026
002145.SZ:2019,002145.SZ,train,0,0.4595641493797302,0.5270125269889832,financial_only,2026
002145.SZ:2020,002145.SZ,train,0,0.4623109996318817,0.5270125269889832,financial_only,2026
002154.SZ:2018,002154.SZ,train,0,0.4770205616950989,0.5270125269889832,financial_only,2026
002154.SZ:2020,002154.SZ,train,0,0.46760764718055725,0.5270125269889832,financial_only,2026
002154.SZ:2021,002154.SZ,train,0,0.4445141553878784,0.5270125269889832,financial_only,2026
002154.SZ:2022,002154.SZ,validation,0,0.4549240171909332,0.5270125269889832,financial_only,2026
002154.SZ:2024,002154.SZ,test,0,0.43935999274253845,0.5270125269889832,financial_only,2026
002154.SZ:2025,002154.SZ,test,0,0.45785996317863464,0.5270125269889832,financial_only,2026
002160.SZ:2022,002160.SZ,validation,0,0.49335193634033203,0.5270125269889832,financial_only,2026
002160.SZ:2024,002160.SZ,test,0,0.4946332573890686,0.5270125269889832,financial_only,2026
002160.SZ:2025,002160.SZ,test,0,0.4918436110019684,0.5270125269889832,financial_only,2026
002169.SZ:2020,002169.SZ,train,0,0.48899251222610474,0.5270125269889832,financial_only,2026
002169.SZ:2021,002169.SZ,train,0,0.4703013002872467,0.5270125269889832,financial_only,2026
002169.SZ:2022,002169.SZ,validation,0,0.47745224833488464,0.5270125269889832,financial_only,2026
002169.SZ:2024,002169.SZ,test,0,0.5006322264671326,0.5270125269889832,financial_only,2026
002181.SZ:2017,002181.SZ,train,0,0.4642331302165985,0.5270125269889832,financial_only,2026
002181.SZ:2018,002181.SZ,train,0,0.4434495270252228,0.5270125269889832,financial_only,2026
002181.SZ:2019,002181.SZ,train,0,0.4510558247566223,0.5270125269889832,financial_only,2026
002181.SZ:2020,002181.SZ,train,0,0.4310716688632965,0.5270125269889832,financial_only,2026
002181.SZ:2021,002181.SZ,train,0,0.4142240583896637,0.5270125269889832,financial_only,2026
002181.SZ:2022,002181.SZ,validation,0,0.4659441113471985,0.5270125269889832,financial_only,2026
002181.SZ:2024,002181.SZ,test,0,0.4822544455528259,0.5270125269889832,financial_only,2026
002181.SZ:2025,002181.SZ,test,0,0.48029524087905884,0.5270125269889832,financial_only,2026
002185.SZ:2017,002185.SZ,train,0,0.4637972414493561,0.5270125269889832,financial_only,2026
002185.SZ:2018,002185.SZ,train,0,0.46797624230384827,0.5270125269889832,financial_only,2026
002185.SZ:2020,002185.SZ,train,0,0.4710220992565155,0.5270125269889832,financial_only,2026
002185.SZ:2021,002185.SZ,train,0,0.4641836881637573,0.5270125269889832,financial_only,2026
002185.SZ:2022,002185.SZ,validation,0,0.4543716609477997,0.5270125269889832,financial_only,2026
002185.SZ:2024,002185.SZ,test,0,0.480782151222229,0.5270125269889832,financial_only,2026
002198.SZ:2018,002198.SZ,train,0,0.5059384107589722,0.5270125269889832,financial_only,2026
002198.SZ:2019,002198.SZ,train,0,0.438885897397995,0.5270125269889832,financial_only,2026
002198.SZ:2020,002198.SZ,train,0,0.5003043413162231,0.5270125269889832,financial_only,2026
002198.SZ:2021,002198.SZ,train,0,0.4427304267883301,0.5270125269889832,financial_only,2026
002198.SZ:2022,002198.SZ,validation,0,0.4546927213668823,0.5270125269889832,financial_only,2026
002198.SZ:2024,002198.SZ,test,0,0.38690367341041565,0.5270125269889832,financial_only,2026
002198.SZ:2025,002198.SZ,test,0,0.40446236729621887,0.5270125269889832,financial_only,2026
002212.SZ:2017,002212.SZ,train,0,0.4856935739517212,0.5270125269889832,financial_only,2026
002212.SZ:2018,002212.SZ,train,0,0.47312337160110474,0.5270125269889832,financial_only,2026
002212.SZ:2019,002212.SZ,train,0,0.4724648594856262,0.5270125269889832,financial_only,2026
002212.SZ:2020,002212.SZ,train,0,0.4734407067298889,0.5270125269889832,financial_only,2026
002212.SZ:2021,002212.SZ,train,0,0.47343072295188904,0.5270125269889832,financial_only,2026
002212.SZ:2022,002212.SZ,validation,0,0.48062869906425476,0.5270125269889832,financial_only,2026
002212.SZ:2025,002212.SZ,test,0,0.480817973613739,0.5270125269889832,financial_only,2026
002223.SZ:2018,002223.SZ,train,0,0.4496903419494629,0.5270125269889832,financial_only,2026
002223.SZ:2019,002223.SZ,train,0,0.42816174030303955,0.5270125269889832,financial_only,2026
002223.SZ:2020,002223.SZ,train,0,0.45304039120674133,0.5270125269889832,financial_only,2026
002223.SZ:2021,002223.SZ,train,0,0.3648843467235565,0.5270125269889832,financial_only,2026
002223.SZ:2022,002223.SZ,validation,0,0.41564175486564636,0.5270125269889832,financial_only,2026
002223.SZ:2024,002223.SZ,test,0,0.38950616121292114,0.5270125269889832,financial_only,2026
002224.SZ:2017,002224.SZ,train,0,0.35780951380729675,0.5270125269889832,financial_only,2026
002224.SZ:2019,002224.SZ,train,0,0.427878737449646,0.5270125269889832,financial_only,2026
002224.SZ:2021,002224.SZ,train,0,0.4042742848396301,0.5270125269889832,financial_only,2026
002224.SZ:2024,002224.SZ,test,0,0.4629518985748291,0.5270125269889832,financial_only,2026
002224.SZ:2025,002224.SZ,test,0,0.47123104333877563,0.5270125269889832,financial_only,2026
002227.SZ:2021,002227.SZ,train,0,0.48847338557243347,0.5270125269889832,financial_only,2026
002227.SZ:2022,002227.SZ,validation,0,0.4971349835395813,0.5270125269889832,financial_only,2026
002227.SZ:2024,002227.SZ,test,0,0.4949117600917816,0.5270125269889832,financial_only,2026
002227.SZ:2025,002227.SZ,test,1,0.4989710748195648,0.5270125269889832,financial_only,2026
002246.SZ:2017,002246.SZ,train,0,0.4800061285495758,0.5270125269889832,financial_only,2026
002246.SZ:2018,002246.SZ,train,0,0.4804169237613678,0.5270125269889832,financial_only,2026
002246.SZ:2019,002246.SZ,train,0,0.4833301305770874,0.5270125269889832,financial_only,2026
002246.SZ:2020,002246.SZ,train,0,0.47031232714653015,0.5270125269889832,financial_only,2026
002246.SZ:2021,002246.SZ,train,0,0.4731084406375885,0.5270125269889832,financial_only,2026
002246.SZ:2022,002246.SZ,validation,0,0.4825908839702606,0.5270125269889832,financial_only,2026
002246.SZ:2024,002246.SZ,test,0,0.4891463816165924,0.5270125269889832,financial_only,2026
002246.SZ:2025,002246.SZ,test,0,0.4897456169128418,0.5270125269889832,financial_only,2026
002249.SZ:2017,002249.SZ,train,0,0.47951847314834595,0.5270125269889832,financial_only,2026
002249.SZ:2020,002249.SZ,train,0,0.4919149577617645,0.5270125269889832,financial_only,2026
002249.SZ:2021,002249.SZ,train,0,0.4869823455810547,0.5270125269889832,financial_only,2026
002249.SZ:2022,002249.SZ,validation,0,0.48619696497917175,0.5270125269889832,financial_only,2026
002249.SZ:2024,002249.SZ,test,0,0.47253555059432983,0.5270125269889832,financial_only,2026
002254.SZ:2017,002254.SZ,train,0,0.4474063217639923,0.5270125269889832,financial_only,2026
002254.SZ:2018,002254.SZ,train,0,0.44112083315849304,0.5270125269889832,financial_only,2026
002254.SZ:2019,002254.SZ,train,0,0.47771692276000977,0.5270125269889832,financial_only,2026
002254.SZ:2020,002254.SZ,train,0,0.4646800756454468,0.5270125269889832,financial_only,2026
002254.SZ:2021,002254.SZ,train,0,0.46052786707878113,0.5270125269889832,financial_only,2026
002254.SZ:2022,002254.SZ,validation,0,0.41628316044807434,0.5270125269889832,financial_only,2026
002254.SZ:2024,002254.SZ,test,0,0.4776705801486969,0.5270125269889832,financial_only,2026
002254.SZ:2025,002254.SZ,test,0,0.4873977303504944,0.5270125269889832,financial_only,2026
002255.SZ:2017,002255.SZ,train,0,0.48611560463905334,0.5270125269889832,financial_only,2026
002255.SZ:2018,002255.SZ,train,0,0.48477262258529663,0.5270125269889832,financial_only,2026
002255.SZ:2022,002255.SZ,validation,0,0.4660192131996155,0.5270125269889832,financial_only,2026
002255.SZ:2024,002255.SZ,test,0,0.466997355222702,0.5270125269889832,financial_only,2026
002255.SZ:2025,002255.SZ,test,0,0.45454272627830505,0.5270125269889832,financial_only,2026
002256.SZ:2017,002256.SZ,train,0,0.4684273302555084,0.5270125269889832,financial_only,2026
002256.SZ:2018,002256.SZ,train,0,0.46416565775871277,0.5270125269889832,financial_only,2026
002256.SZ:2019,002256.SZ,train,1,0.5052244663238525,0.5270125269889832,financial_only,2026
002256.SZ:2022,002256.SZ,validation,0,0.5339632034301758,0.5270125269889832,financial_only,2026
002256.SZ:2024,002256.SZ,test,0,0.496319055557251,0.5270125269889832,financial_only,2026
002256.SZ:2025,002256.SZ,test,0,0.5108340382575989,0.5270125269889832,financial_only,2026
002260.SZ:2017,002260.SZ,train,0,0.492500364780426,0.5270125269889832,financial_only,2026
002260.SZ:2018,002260.SZ,train,1,0.5264933109283447,0.5270125269889832,financial_only,2026
002265.SZ:2017,002265.SZ,train,0,0.4861967861652374,0.5270125269889832,financial_only,2026
002265.SZ:2018,002265.SZ,train,0,0.47701725363731384,0.5270125269889832,financial_only,2026
002265.SZ:2019,002265.SZ,train,0,0.49383726716041565,0.5270125269889832,financial_only,2026
002265.SZ:2020,002265.SZ,train,0,0.48308897018432617,0.5270125269889832,financial_only,2026
002265.SZ:2021,002265.SZ,train,0,0.4951251447200775,0.5270125269889832,financial_only,2026
002265.SZ:2022,002265.SZ,validation,0,0.48510223627090454,0.5270125269889832,financial_only,2026
002265.SZ:2024,002265.SZ,test,0,0.47641199827194214,0.5270125269889832,financial_only,2026
002265.SZ:2025,002265.SZ,test,0,0.4866357743740082,0.5270125269889832,financial_only,2026
002267.SZ:2017,002267.SZ,train,0,0.46906885504722595,0.5270125269889832,financial_only,2026
002267.SZ:2018,002267.SZ,train,0,0.471266508102417,0.5270125269889832,financial_only,2026
002267.SZ:2019,002267.SZ,train,0,0.47942090034484863,0.5270125269889832,financial_only,2026
002267.SZ:2020,002267.SZ,train,0,0.46606236696243286,0.5270125269889832,financial_only,2026
002267.SZ:2021,002267.SZ,train,0,0.4767293632030487,0.5270125269889832,financial_only,2026
002267.SZ:2022,002267.SZ,validation,0,0.4770034849643707,0.5270125269889832,financial_only,2026
002267.SZ:2024,002267.SZ,test,0,0.47318148612976074,0.5270125269889832,financial_only,2026
002267.SZ:2025,002267.SZ,test,0,0.46886205673217773,0.5270125269889832,financial_only,2026
002271.SZ:2017,002271.SZ,train,0,0.47564271092414856,0.5270125269889832,financial_only,2026
002271.SZ:2018,002271.SZ,train,0,0.4872153103351593,0.5270125269889832,financial_only,2026
002271.SZ:2019,002271.SZ,train,0,0.4780682325363159,0.5270125269889832,financial_only,2026
002271.SZ:2020,002271.SZ,train,0,0.4737793803215027,0.5270125269889832,financial_only,2026
002271.SZ:2021,002271.SZ,train,0,0.4537702798843384,0.5270125269889832,financial_only,2026
002271.SZ:2022,002271.SZ,validation,0,0.465858519077301,0.5270125269889832,financial_only,2026
002271.SZ:2024,002271.SZ,test,0,0.4814232885837555,0.5270125269889832,financial_only,2026
002271.SZ:2025,002271.SZ,test,0,0.4861099123954773,0.5270125269889832,financial_only,2026
002272.SZ:2017,002272.SZ,train,0,0.4895895719528198,0.5270125269889832,financial_only,2026
002272.SZ:2019,002272.SZ,train,0,0.48687493801116943,0.5270125269889832,financial_only,2026
002272.SZ:2020,002272.SZ,train,0,0.4848053455352783,0.5270125269889832,financial_only,2026
002272.SZ:2021,002272.SZ,train,0,0.48826104402542114,0.5270125269889832,financial_only,2026
002272.SZ:2022,002272.SZ,validation,0,0.4961621165275574,0.5270125269889832,financial_only,2026
002272.SZ:2024,002272.SZ,test,0,0.5027672648429871,0.5270125269889832,financial_only,2026
002272.SZ:2025,002272.SZ,test,0,0.5075122117996216,0.5270125269889832,financial_only,2026
002275.SZ:2017,002275.SZ,train,0,0.36061760783195496,0.5270125269889832,financial_only,2026
002275.SZ:2019,002275.SZ,train,0,0.3806326687335968,0.5270125269889832,financial_only,2026
002275.SZ:2020,002275.SZ,train,0,0.3869868516921997,0.5270125269889832,financial_only,2026
002275.SZ:2021,002275.SZ,train,0,0.4084533751010895,0.5270125269889832,financial_only,2026
002275.SZ:2022,002275.SZ,validation,0,0.43395236134529114,0.5270125269889832,financial_only,2026
002275.SZ:2024,002275.SZ,test,0,0.42312291264533997,0.5270125269889832,financial_only,2026
002275.SZ:2025,002275.SZ,test,0,0.4123169481754303,0.5270125269889832,financial_only,2026
002286.SZ:2017,002286.SZ,train,0,0.47600728273391724,0.5270125269889832,financial_only,2026
002286.SZ:2018,002286.SZ,train,0,0.48091644048690796,0.5270125269889832,financial_only,2026
002286.SZ:2019,002286.SZ,train,0,0.4825601875782013,0.5270125269889832,financial_only,2026
002286.SZ:2020,002286.SZ,train,0,0.4824351668357849,0.5270125269889832,financial_only,2026
002286.SZ:2021,002286.SZ,train,0,0.46810486912727356,0.5270125269889832,financial_only,2026
002286.SZ:2022,002286.SZ,validation,0,0.47383981943130493,0.5270125269889832,financial_only,2026
002286.SZ:2024,002286.SZ,test,0,0.47044482827186584,0.5270125269889832,financial_only,2026
002286.SZ:2025,002286.SZ,test,0,0.4684654176235199,0.5270125269889832,financial_only,2026
002290.SZ:2017,002290.SZ,train,0,0.49000710248947144,0.5270125269889832,financial_only,2026
002290.SZ:2019,002290.SZ,train,1,0.4978163540363312,0.5270125269889832,financial_only,2026
002290.SZ:2021,002290.SZ,train,0,0.48000892996788025,0.5270125269889832,financial_only,2026
002290.SZ:2022,002290.SZ,validation,0,0.47375375032424927,0.5270125269889832,financial_only,2026
002290.SZ:2024,002290.SZ,test,0,0.4647514820098877,0.5270125269889832,financial_only,2026
002290.SZ:2025,002290.SZ,test,0,0.4716154932975769,0.5270125269889832,financial_only,2026
002293.SZ:2017,002293.SZ,train,0,0.4502987265586853,0.5270125269889832,financial_only,2026
002293.SZ:2018,002293.SZ,train,0,0.45748332142829895,0.5270125269889832,financial_only,2026
002293.SZ:2019,002293.SZ,train,0,0.4609319865703583,0.5270125269889832,financial_only,2026
002293.SZ:2020,002293.SZ,train,0,0.4260099530220032,0.5270125269889832,financial_only,2026
002293.SZ:2021,002293.SZ,train,0,0.43237194418907166,0.5270125269889832,financial_only,2026
002293.SZ:2022,002293.SZ,validation,0,0.44216063618659973,0.5270125269889832,financial_only,2026
002293.SZ:2024,002293.SZ,test,0,0.44788411259651184,0.5270125269889832,financial_only,2026
002293.SZ:2025,002293.SZ,test,0,0.44994375109672546,0.5270125269889832,financial_only,2026
002294.SZ:2017,002294.SZ,train,0,0.33901524543762207,0.5270125269889832,financial_only,2026
002294.SZ:2018,002294.SZ,train,0,0.317088782787323,0.5270125269889832,financial_only,2026
002294.SZ:2019,002294.SZ,train,0,0.3381199240684509,0.5270125269889832,financial_only,2026
002294.SZ:2020,002294.SZ,train,0,0.38066238164901733,0.5270125269889832,financial_only,2026
002294.SZ:2021,002294.SZ,train,0,0.4364202320575714,0.5270125269889832,financial_only,2026
002294.SZ:2022,002294.SZ,validation,0,0.412990927696228,0.5270125269889832,financial_only,2026
002294.SZ:2024,002294.SZ,test,0,0.42596668004989624,0.5270125269889832,financial_only,2026
002294.SZ:2025,002294.SZ,test,0,0.4263448119163513,0.5270125269889832,financial_only,2026
002297.SZ:2019,002297.SZ,train,0,0.48033955693244934,0.5270125269889832,financial_only,2026
002297.SZ:2020,002297.SZ,train,0,0.5084443092346191,0.5270125269889832,financial_only,2026
002297.SZ:2021,002297.SZ,train,0,0.4774158000946045,0.5270125269889832,financial_only,2026
002297.SZ:2022,002297.SZ,validation,0,0.47140905261039734,0.5270125269889832,financial_only,2026
002297.SZ:2024,002297.SZ,test,0,0.48250100016593933,0.5270125269889832,financial_only,2026
002308.SZ:2017,002308.SZ,train,0,0.4460752308368683,0.5270125269889832,financial_only,2026
002308.SZ:2018,002308.SZ,train,0,0.44606226682662964,0.5270125269889832,financial_only,2026
002308.SZ:2019,002308.SZ,train,0,0.45575082302093506,0.5270125269889832,financial_only,2026
002308.SZ:2020,002308.SZ,train,0,0.5132659077644348,0.5270125269889832,financial_only,2026
002308.SZ:2021,002308.SZ,train,0,0.4605008065700531,0.5270125269889832,financial_only,2026
002308.SZ:2022,002308.SZ,validation,0,0.4875057637691498,0.5270125269889832,financial_only,2026
002309.SZ:2017,002309.SZ,train,0,0.5043139457702637,0.5270125269889832,financial_only,2026
002309.SZ:2018,002309.SZ,train,0,0.5020568370819092,0.5270125269889832,financial_only,2026
002309.SZ:2019,002309.SZ,train,0,0.48679623007774353,0.5270125269889832,financial_only,2026
002309.SZ:2020,002309.SZ,train,0,0.46842503547668457,0.5270125269889832,financial_only,2026
002309.SZ:2021,002309.SZ,train,0,0.5252540707588196,0.5270125269889832,financial_only,2026
002309.SZ:2022,002309.SZ,validation,1,0.5270125269889832,0.5270125269889832,financial_only,2026
002310.SZ:2018,002310.SZ,train,0,0.4562075138092041,0.5270125269889832,financial_only,2026
002310.SZ:2019,002310.SZ,train,0,0.4768679440021515,0.5270125269889832,financial_only,2026
002310.SZ:2022,002310.SZ,validation,0,0.5057768225669861,0.5270125269889832,financial_only,2026
002316.SZ:2017,002316.SZ,train,0,0.4997319281101227,0.5270125269889832,financial_only,2026
002316.SZ:2019,002316.SZ,train,0,0.4334019720554352,0.5270125269889832,financial_only,2026
002316.SZ:2021,002316.SZ,train,0,0.5196520686149597,0.5270125269889832,financial_only,2026
002316.SZ:2024,002316.SZ,test,1,0.5084206461906433,0.5270125269889832,financial_only,2026
002320.SZ:2019,002320.SZ,train,0,0.3765273094177246,0.5270125269889832,financial_only,2026
002320.SZ:2020,002320.SZ,train,0,0.3742828667163849,0.5270125269889832,financial_only,2026
002320.SZ:2021,002320.SZ,train,0,0.36742594838142395,0.5270125269889832,financial_only,2026
002320.SZ:2022,002320.SZ,validation,0,0.4279558062553406,0.5270125269889832,financial_only,2026
002320.SZ:2024,002320.SZ,test,0,0.344172865152359,0.5270125269889832,financial_only,2026
002325.SZ:2017,002325.SZ,train,0,0.5037369728088379,0.5270125269889832,financial_only,2026
002325.SZ:2018,002325.SZ,train,0,0.5030727982521057,0.5270125269889832,financial_only,2026
002325.SZ:2021,002325.SZ,train,0,0.507708728313446,0.5270125269889832,financial_only,2026
002325.SZ:2022,002325.SZ,validation,0,0.5098090171813965,0.5270125269889832,financial_only,2026
002325.SZ:2024,002325.SZ,test,1,0.5494510531425476,0.5270125269889832,financial_only,2026
002332.SZ:2018,002332.SZ,train,0,0.48070600628852844,0.5270125269889832,financial_only,2026
002332.SZ:2019,002332.SZ,train,0,0.47750547528266907,0.5270125269889832,financial_only,2026
002332.SZ:2020,002332.SZ,train,0,0.46285173296928406,0.5270125269889832,financial_only,2026
002332.SZ:2021,002332.SZ,train,0,0.44945675134658813,0.5270125269889832,financial_only,2026
002332.SZ:2022,002332.SZ,validation,0,0.4455905854701996,0.5270125269889832,financial_only,2026
002332.SZ:2025,002332.SZ,test,0,0.45462319254875183,0.5270125269889832,financial_only,2026
002340.SZ:2017,002340.SZ,train,0,0.4894603192806244,0.5270125269889832,financial_only,2026
002340.SZ:2018,002340.SZ,train,0,0.4852311909198761,0.5270125269889832,financial_only,2026
002340.SZ:2020,002340.SZ,train,0,0.48161327838897705,0.5270125269889832,financial_only,2026
002340.SZ:2021,002340.SZ,train,0,0.4840241074562073,0.5270125269889832,financial_only,2026
002340.SZ:2022,002340.SZ,validation,0,0.483868807554245,0.5270125269889832,financial_only,2026
002340.SZ:2024,002340.SZ,test,0,0.4845973551273346,0.5270125269889832,financial_only,2026
002340.SZ:2025,002340.SZ,test,0,0.4826357364654541,0.5270125269889832,financial_only,2026
002346.SZ:2017,002346.SZ,train,0,0.4862864315509796,0.5270125269889832,financial_only,2026
002346.SZ:2018,002346.SZ,train,0,0.43586042523384094,0.5270125269889832,financial_only,2026
002346.SZ:2021,002346.SZ,train,0,0.4672071039676666,0.5270125269889832,financial_only,2026
002346.SZ:2022,002346.SZ,validation,0,0.4357456862926483,0.5270125269889832,financial_only,2026
002346.SZ:2024,002346.SZ,test,0,0.46422067284584045,0.5270125269889832,financial_only,2026
002350.SZ:2017,002350.SZ,train,0,0.49008405208587646,0.5270125269889832,financial_only,2026
002350.SZ:2018,002350.SZ,train,0,0.4915788471698761,0.5270125269889832,financial_only,2026
002350.SZ:2019,002350.SZ,train,0,0.4914150834083557,0.5270125269889832,financial_only,2026
002350.SZ:2020,002350.SZ,train,0,0.4855763912200928,0.5270125269889832,financial_only,2026
002350.SZ:2021,002350.SZ,train,0,0.4895099103450775,0.5270125269889832,financial_only,2026
002350.SZ:2024,002350.SZ,test,0,0.5011007785797119,0.5270125269889832,financial_only,2026
002350.SZ:2025,002350.SZ,test,0,0.4876876473426819,0.5270125269889832,financial_only,2026
002360.SZ:2018,002360.SZ,train,0,0.44869980216026306,0.5270125269889832,financial_only,2026
002360.SZ:2019,002360.SZ,train,0,0.40140849351882935,0.5270125269889832,financial_only,2026
002360.SZ:2020,002360.SZ,train,0,0.4262218177318573,0.5270125269889832,financial_only,2026
002360.SZ:2021,002360.SZ,train,0,0.41777583956718445,0.5270125269889832,financial_only,2026
002360.SZ:2022,002360.SZ,validation,0,0.45979931950569153,0.5270125269889832,financial_only,2026
002360.SZ:2024,002360.SZ,test,0,0.4223838746547699,0.5270125269889832,financial_only,2026
002360.SZ:2025,002360.SZ,test,1,0.4986891746520996,0.5270125269889832,financial_only,2026
002364.SZ:2017,002364.SZ,train,0,0.42762017250061035,0.5270125269889832,financial_only,2026
002364.SZ:2018,002364.SZ,train,0,0.45751574635505676,0.5270125269889832,financial_only,2026
002364.SZ:2019,002364.SZ,train,0,0.4507339298725128,0.5270125269889832,financial_only,2026
002364.SZ:2020,002364.SZ,train,0,0.47922492027282715,0.5270125269889832,financial_only,2026
002364.SZ:2021,002364.SZ,train,0,0.4884513020515442,0.5270125269889832,financial_only,2026
002364.SZ:2022,002364.SZ,validation,0,0.48489949107170105,0.5270125269889832,financial_only,2026
002364.SZ:2024,002364.SZ,test,0,0.4810161888599396,0.5270125269889832,financial_only,2026
002364.SZ:2025,002364.SZ,test,0,0.46864214539527893,0.5270125269889832,financial_only,2026
002365.SZ:2017,002365.SZ,train,0,0.4035443961620331,0.5270125269889832,financial_only,2026
002365.SZ:2018,002365.SZ,train,0,0.4265066087245941,0.5270125269889832,financial_only,2026
002365.SZ:2019,002365.SZ,train,0,0.40677410364151,0.5270125269889832,financial_only,2026
002365.SZ:2020,002365.SZ,train,0,0.43310773372650146,0.5270125269889832,financial_only,2026
002365.SZ:2021,002365.SZ,train,0,0.45141515135765076,0.5270125269889832,financial_only,2026
002365.SZ:2022,002365.SZ,validation,0,0.468496710062027,0.5270125269889832,financial_only,2026
002365.SZ:2024,002365.SZ,test,0,0.4540750980377197,0.5270125269889832,financial_only,2026
002365.SZ:2025,002365.SZ,test,0,0.45274651050567627,0.5270125269889832,financial_only,2026
002374.SZ:2017,002374.SZ,train,0,0.4883962571620941,0.5270125269889832,financial_only,2026
002374.SZ:2019,002374.SZ,train,0,0.526786744594574,0.5270125269889832,financial_only,2026
002374.SZ:2020,002374.SZ,train,0,0.49465513229370117,0.5270125269889832,financial_only,2026
002374.SZ:2021,002374.SZ,train,0,0.5106431245803833,0.5270125269889832,financial_only,2026
002374.SZ:2022,002374.SZ,validation,0,0.5245454907417297,0.5270125269889832,financial_only,2026
002374.SZ:2024,002374.SZ,test,0,0.5192025303840637,0.5270125269889832,financial_only,2026
002374.SZ:2025,002374.SZ,test,0,0.5271340012550354,0.5270125269889832,financial_only,2026
002378.SZ:2019,002378.SZ,train,0,0.4792073965072632,0.5270125269889832,financial_only,2026
002378.SZ:2020,002378.SZ,train,0,0.4984655976295471,0.5270125269889832,financial_only,2026
002378.SZ:2021,002378.SZ,train,0,0.4616265892982483,0.5270125269889832,financial_only,2026
002378.SZ:2022,002378.SZ,validation,0,0.47710373997688293,0.5270125269889832,financial_only,2026
002378.SZ:2024,002378.SZ,test,0,0.47849124670028687,0.5270125269889832,financial_only,2026
002378.SZ:2025,002378.SZ,test,0,0.4655592739582062,0.5270125269889832,financial_only,2026
002380.SZ:2017,002380.SZ,train,0,0.44032150506973267,0.5270125269889832,financial_only,2026
002380.SZ:2018,002380.SZ,train,0,0.4374551773071289,0.5270125269889832,financial_only,2026
002380.SZ:2019,002380.SZ,train,0,0.4467276930809021,0.5270125269889832,financial_only,2026
002380.SZ:2020,002380.SZ,train,0,0.4594111740589142,0.5270125269889832,financial_only,2026
002380.SZ:2022,002380.SZ,validation,0,0.49263229966163635,0.5270125269889832,financial_only,2026
002380.SZ:2024,002380.SZ,test,0,0.4737217426300049,0.5270125269889832,financial_only,2026
002380.SZ:2025,002380.SZ,test,0,0.46520355343818665,0.5270125269889832,financial_only,2026
002382.SZ:2017,002382.SZ,train,0,0.43790221214294434,0.5270125269889832,financial_only,2026
002382.SZ:2018,002382.SZ,train,0,0.443323016166687,0.5270125269889832,financial_only,2026
002382.SZ:2019,002382.SZ,train,0,0.47119155526161194,0.5270125269889832,financial_only,2026
002382.SZ:2020,002382.SZ,train,0,0.46644559502601624,0.5270125269889832,financial_only,2026
002382.SZ:2021,002382.SZ,train,0,0.40040791034698486,0.5270125269889832,financial_only,2026
002382.SZ:2022,002382.SZ,validation,0,0.438917875289917,0.5270125269889832,financial_only,2026
002382.SZ:2024,002382.SZ,test,0,0.49392378330230713,0.5270125269889832,financial_only,2026
002384.SZ:2017,002384.SZ,train,0,0.5006375312805176,0.5270125269889832,financial_only,2026
002384.SZ:2018,002384.SZ,train,0,0.4953739643096924,0.5270125269889832,financial_only,2026
002384.SZ:2019,002384.SZ,train,0,0.4884362816810608,0.5270125269889832,financial_only,2026
002384.SZ:2020,002384.SZ,train,0,0.48245537281036377,0.5270125269889832,financial_only,2026
002384.SZ:2021,002384.SZ,train,0,0.4784657061100006,0.5270125269889832,financial_only,2026
002384.SZ:2022,002384.SZ,validation,0,0.47581946849823,0.5270125269889832,financial_only,2026
002384.SZ:2024,002384.SZ,test,0,0.46964389085769653,0.5270125269889832,financial_only,2026
002384.SZ:2025,002384.SZ,test,0,0.47636422514915466,0.5270125269889832,financial_only,2026
002391.SZ:2017,002391.SZ,train,0,0.475237101316452,0.5270125269889832,financial_only,2026
002391.SZ:2018,002391.SZ,train,0,0.44281885027885437,0.5270125269889832,financial_only,2026
002391.SZ:2019,002391.SZ,train,0,0.4319353997707367,0.5270125269889832,financial_only,2026
002391.SZ:2020,002391.SZ,train,0,0.4564451277256012,0.5270125269889832,financial_only,2026
002391.SZ:2021,002391.SZ,train,0,0.4719591736793518,0.5270125269889832,financial_only,2026
002391.SZ:2022,002391.SZ,validation,0,0.4740120768547058,0.5270125269889832,financial_only,2026
002391.SZ:2024,002391.SZ,test,0,0.48684927821159363,0.5270125269889832,financial_only,2026
002391.SZ:2025,002391.SZ,test,0,0.4914316236972809,0.5270125269889832,financial_only,2026
002396.SZ:2017,002396.SZ,train,0,0.4726807177066803,0.5270125269889832,financial_only,2026
002396.SZ:2021,002396.SZ,train,0,0.4688590168952942,0.5270125269889832,financial_only,2026
002396.SZ:2022,002396.SZ,validation,0,0.4688311517238617,0.5270125269889832,financial_only,2026
002396.SZ:2024,002396.SZ,test,0,0.471741646528244,0.5270125269889832,financial_only,2026
002396.SZ:2025,002396.SZ,test,0,0.4821338355541229,0.5270125269889832,financial_only,2026
002402.SZ:2017,002402.SZ,train,0,0.47336065769195557,0.5270125269889832,financial_only,2026
002402.SZ:2018,002402.SZ,train,0,0.47103479504585266,0.5270125269889832,financial_only,2026
002402.SZ:2019,002402.SZ,train,0,0.47338175773620605,0.5270125269889832,financial_only,2026
002402.SZ:2020,002402.SZ,train,0,0.4668329358100891,0.5270125269889832,financial_only,2026
002402.SZ:2021,002402.SZ,train,0,0.47066617012023926,0.5270125269889832,financial_only,2026
002402.SZ:2022,002402.SZ,validation,0,0.4744119346141815,0.5270125269889832,financial_only,2026
002402.SZ:2024,002402.SZ,test,0,0.48488619923591614,0.5270125269889832,financial_only,2026
002402.SZ:2025,002402.SZ,test,0,0.48628416657447815,0.5270125269889832,financial_only,2026
002405.SZ:2017,002405.SZ,train,0,0.4527345597743988,0.5270125269889832,financial_only,2026
002405.SZ:2018,002405.SZ,train,0,0.45539236068725586,0.5270125269889832,financial_only,2026
002405.SZ:2019,002405.SZ,train,0,0.4520859122276306,0.5270125269889832,financial_only,2026
002405.SZ:2020,002405.SZ,train,0,0.4720346927642822,0.5270125269889832,financial_only,2026
002405.SZ:2021,002405.SZ,train,0,0.4874096214771271,0.5270125269889832,financial_only,2026
002405.SZ:2022,002405.SZ,validation,0,0.46386900544166565,0.5270125269889832,financial_only,2026
002405.SZ:2024,002405.SZ,test,0,0.5094243288040161,0.5270125269889832,financial_only,2026
002405.SZ:2025,002405.SZ,test,0,0.5023745894432068,0.5270125269889832,financial_only,2026
002410.SZ:2017,002410.SZ,train,0,0.39657124876976013,0.5270125269889832,financial_only,2026
002410.SZ:2018,002410.SZ,train,0,0.40579402446746826,0.5270125269889832,financial_only,2026
002410.SZ:2019,002410.SZ,train,0,0.44916412234306335,0.5270125269889832,financial_only,2026
002410.SZ:2020,002410.SZ,train,0,0.47283557057380676,0.5270125269889832,financial_only,2026
002410.SZ:2021,002410.SZ,train,0,0.4391247034072876,0.5270125269889832,financial_only,2026
002410.SZ:2022,002410.SZ,validation,0,0.4466724097728729,0.5270125269889832,financial_only,2026
002410.SZ:2025,002410.SZ,test,0,0.47275349497795105,0.5270125269889832,financial_only,2026
002413.SZ:2017,002413.SZ,train,0,0.43277573585510254,0.5270125269889832,financial_only,2026
002413.SZ:2018,002413.SZ,train,0,0.4647890329360962,0.5270125269889832,financial_only,2026
002413.SZ:2020,002413.SZ,train,0,0.4779018461704254,0.5270125269889832,financial_only,2026
002413.SZ:2021,002413.SZ,train,0,0.4764876961708069,0.5270125269889832,financial_only,2026
002413.SZ:2022,002413.SZ,validation,0,0.49777570366859436,0.5270125269889832,financial_only,2026
002413.SZ:2024,002413.SZ,test,0,0.508179247379303,0.5270125269889832,financial_only,2026
002413.SZ:2025,002413.SZ,test,0,0.505789577960968,0.5270125269889832,financial_only,2026
002418.SZ:2019,002418.SZ,train,1,0.5498473048210144,0.5270125269889832,financial_only,2026
002418.SZ:2022,002418.SZ,validation,0,0.48879313468933105,0.5270125269889832,financial_only,2026
002418.SZ:2024,002418.SZ,test,0,0.4856450855731964,0.5270125269889832,financial_only,2026
002418.SZ:2025,002418.SZ,test,0,0.5013757348060608,0.5270125269889832,financial_only,2026
002426.SZ:2022,002426.SZ,validation,0,0.49237051606178284,0.5270125269889832,financial_only,2026
002426.SZ:2024,002426.SZ,test,0,0.5141356587409973,0.5270125269889832,financial_only,2026
002426.SZ:2025,002426.SZ,test,0,0.5145255327224731,0.5270125269889832,financial_only,2026
002429.SZ:2017,002429.SZ,train,0,0.48398950695991516,0.5270125269889832,financial_only,2026
002429.SZ:2018,002429.SZ,train,0,0.493379145860672,0.5270125269889832,financial_only,2026
002429.SZ:2019,002429.SZ,train,0,0.4861157536506653,0.5270125269889832,financial_only,2026
002429.SZ:2020,002429.SZ,train,0,0.4912649393081665,0.5270125269889832,financial_only,2026
002429.SZ:2022,002429.SZ,validation,0,0.48400476574897766,0.5270125269889832,financial_only,2026
002429.SZ:2024,002429.SZ,test,0,0.4670243263244629,0.5270125269889832,financial_only,2026
002429.SZ:2025,002429.SZ,test,0,0.4796783924102783,0.5270125269889832,financial_only,2026
002433.SZ:2017,002433.SZ,train,0,0.47285225987434387,0.5270125269889832,financial_only,2026
002433.SZ:2018,002433.SZ,train,0,0.47270217537879944,0.5270125269889832,financial_only,2026
002433.SZ:2019,002433.SZ,train,0,0.47737064957618713,0.5270125269889832,financial_only,2026
002434.SZ:2017,002434.SZ,train,0,0.4817374646663666,0.5270125269889832,financial_only,2026
002434.SZ:2018,002434.SZ,train,0,0.47425568103790283,0.5270125269889832,financial_only,2026
000012.SZ:2017,000012.SZ,train,0,0.013477876782417297,0.004446892999112606,text_only,17
000012.SZ:2019,000012.SZ,train,0,0.00383354676887393,0.004446892999112606,text_only,17
000012.SZ:2020,000012.SZ,train,0,0.04776417836546898,0.004446892999112606,text_only,17
000012.SZ:2021,000012.SZ,train,0,0.008591486141085625,0.004446892999112606,text_only,17
000012.SZ:2022,000012.SZ,validation,0,0.0006791308987885714,0.004446892999112606,text_only,17
000012.SZ:2024,000012.SZ,test,0,0.00700205797329545,0.004446892999112606,text_only,17
000018.SZ:2017,000018.SZ,train,0,0.0002061099512502551,0.004446892999112606,text_only,17
000019.SZ:2017,000019.SZ,train,0,0.003791477531194687,0.004446892999112606,text_only,17
000019.SZ:2018,000019.SZ,train,0,0.0029404405504465103,0.004446892999112606,text_only,17
000019.SZ:2020,000019.SZ,train,0,0.0005135990213602781,0.004446892999112606,text_only,17
000019.SZ:2021,000019.SZ,train,0,0.024743951857089996,0.004446892999112606,text_only,17
000019.SZ:2022,000019.SZ,validation,0,0.0011304481886327267,0.004446892999112606,text_only,17
000019.SZ:2024,000019.SZ,test,0,5.9024991060141474e-05,0.004446892999112606,text_only,17
000040.SZ:2017,000040.SZ,train,0,3.911876774509437e-06,0.004446892999112606,text_only,17
000040.SZ:2022,000040.SZ,validation,0,0.0028010522946715355,0.004446892999112606,text_only,17
000048.SZ:2020,000048.SZ,train,0,0.0004584042471833527,0.004446892999112606,text_only,17
000048.SZ:2021,000048.SZ,train,0,0.0002598993305582553,0.004446892999112606,text_only,17
000048.SZ:2022,000048.SZ,validation,0,2.6388703190605156e-05,0.004446892999112606,text_only,17
000048.SZ:2025,000048.SZ,test,0,5.853268157807179e-05,0.004446892999112606,text_only,17
000055.SZ:2017,000055.SZ,train,0,0.0005862712278030813,0.004446892999112606,text_only,17
000055.SZ:2019,000055.SZ,train,0,0.0010054000886157155,0.004446892999112606,text_only,17
000055.SZ:2020,000055.SZ,train,0,0.00015358538075815886,0.004446892999112606,text_only,17
000055.SZ:2021,000055.SZ,train,0,0.00022537443146575242,0.004446892999112606,text_only,17
000055.SZ:2022,000055.SZ,validation,0,1.3270486306282692e-05,0.004446892999112606,text_only,17
000055.SZ:2024,000055.SZ,test,0,1.5624526668034378e-06,0.004446892999112606,text_only,17
000055.SZ:2025,000055.SZ,test,0,1.6229147149715573e-05,0.004446892999112606,text_only,17
000068.SZ:2019,000068.SZ,train,0,0.0008834253530949354,0.004446892999112606,text_only,17
000068.SZ:2020,000068.SZ,train,0,0.0037097122985869646,0.004446892999112606,text_only,17
000068.SZ:2021,000068.SZ,train,0,0.019318047910928726,0.004446892999112606,text_only,17
000068.SZ:2022,000068.SZ,validation,0,0.0001496554905315861,0.004446892999112606,text_only,17
000068.SZ:2024,000068.SZ,test,0,0.003987228497862816,0.004446892999112606,text_only,17
000068.SZ:2025,000068.SZ,test,0,0.0003674423787742853,0.004446892999112606,text_only,17
000099.SZ:2017,000099.SZ,train,0,0.008178072050213814,0.004446892999112606,text_only,17
000099.SZ:2018,000099.SZ,train,0,0.0007809574599377811,0.004446892999112606,text_only,17
000099.SZ:2019,000099.SZ,train,0,0.008070106618106365,0.004446892999112606,text_only,17
000099.SZ:2020,000099.SZ,train,0,0.003274001646786928,0.004446892999112606,text_only,17
000099.SZ:2021,000099.SZ,train,0,0.00023225415498018265,0.004446892999112606,text_only,17
000099.SZ:2022,000099.SZ,validation,0,0.0006644242093898356,0.004446892999112606,text_only,17
000419.SZ:2017,000419.SZ,train,0,0.0021301251836121082,0.004446892999112606,text_only,17
000419.SZ:2018,000419.SZ,train,0,0.12546797096729279,0.004446892999112606,text_only,17
000419.SZ:2019,000419.SZ,train,0,0.00043517089216038585,0.004446892999112606,text_only,17
000419.SZ:2020,000419.SZ,train,0,0.0001402777124894783,0.004446892999112606,text_only,17
000419.SZ:2021,000419.SZ,train,0,0.0003451816155575216,0.004446892999112606,text_only,17
000419.SZ:2022,000419.SZ,validation,0,0.0006067519425414503,0.004446892999112606,text_only,17
000419.SZ:2024,000419.SZ,test,0,0.001310915220528841,0.004446892999112606,text_only,17
000501.SZ:2017,000501.SZ,train,0,0.0008970833150669932,0.004446892999112606,text_only,17
000501.SZ:2018,000501.SZ,train,0,3.9150174416135997e-05,0.004446892999112606,text_only,17
000501.SZ:2019,000501.SZ,train,0,5.984533345326781e-05,0.004446892999112606,text_only,17
000501.SZ:2020,000501.SZ,train,0,8.65085530676879e-05,0.004446892999112606,text_only,17
000501.SZ:2021,000501.SZ,train,0,3.646573895821348e-05,0.004446892999112606,text_only,17
000501.SZ:2022,000501.SZ,validation,0,4.80060771224089e-06,0.004446892999112606,text_only,17
000501.SZ:2024,000501.SZ,test,0,1.789735870261211e-05,0.004446892999112606,text_only,17
000501.SZ:2025,000501.SZ,test,0,9.409161975781899e-06,0.004446892999112606,text_only,17
000504.SZ:2018,000504.SZ,train,0,0.12975095212459564,0.004446892999112606,text_only,17
000504.SZ:2019,000504.SZ,train,1,0.9500542879104614,0.004446892999112606,text_only,17
000504.SZ:2021,000504.SZ,train,0,0.003539002500474453,0.004446892999112606,text_only,17
000504.SZ:2022,000504.SZ,validation,0,0.0049868980422616005,0.004446892999112606,text_only,17
000504.SZ:2024,000504.SZ,test,1,0.0017260925378650427,0.004446892999112606,text_only,17
000533.SZ:2019,000533.SZ,train,0,0.05757074058055878,0.004446892999112606,text_only,17
000533.SZ:2020,000533.SZ,train,0,0.04938269779086113,0.004446892999112606,text_only,17
000533.SZ:2021,000533.SZ,train,0,0.35188400745391846,0.004446892999112606,text_only,17
000533.SZ:2022,000533.SZ,validation,0,0.01659511588513851,0.004446892999112606,text_only,17
000533.SZ:2024,000533.SZ,test,0,0.00017881437088362873,0.004446892999112606,text_only,17
000533.SZ:2025,000533.SZ,test,0,0.002309447852894664,0.004446892999112606,text_only,17
000534.SZ:2020,000534.SZ,train,0,0.0007566509302705526,0.004446892999112606,text_only,17
000534.SZ:2021,000534.SZ,train,0,0.0005206919158808887,0.004446892999112606,text_only,17
000534.SZ:2022,000534.SZ,validation,0,0.006742603145539761,0.004446892999112606,text_only,17
000534.SZ:2024,000534.SZ,test,0,0.005367851350456476,0.004446892999112606,text_only,17
000545.SZ:2017,000545.SZ,train,0,0.0003580495249480009,0.004446892999112606,text_only,17
000545.SZ:2018,000545.SZ,train,0,0.0001810336107155308,0.004446892999112606,text_only,17
000545.SZ:2019,000545.SZ,train,0,0.02399851754307747,0.004446892999112606,text_only,17
000545.SZ:2021,000545.SZ,train,0,0.004516405984759331,0.004446892999112606,text_only,17
000545.SZ:2022,000545.SZ,validation,0,0.02580956183373928,0.004446892999112606,text_only,17
000545.SZ:2024,000545.SZ,test,0,0.0086204893887043,0.004446892999112606,text_only,17
000545.SZ:2025,000545.SZ,test,0,0.0014061680994927883,0.004446892999112606,text_only,17
000553.SZ:2017,000553.SZ,train,0,0.04863176867365837,0.004446892999112606,text_only,17
000555.SZ:2017,000555.SZ,train,0,0.000571665121242404,0.004446892999112606,text_only,17
000555.SZ:2022,000555.SZ,validation,0,1.2892142876808066e-05,0.004446892999112606,text_only,17
000555.SZ:2024,000555.SZ,test,0,9.393785148859024e-06,0.004446892999112606,text_only,17
000555.SZ:2025,000555.SZ,test,0,0.00012119619350414723,0.004446892999112606,text_only,17
000557.SZ:2020,000557.SZ,train,0,0.0005587770137935877,0.004446892999112606,text_only,17
000557.SZ:2021,000557.SZ,train,0,0.02148658037185669,0.004446892999112606,text_only,17
000557.SZ:2022,000557.SZ,validation,0,0.0035750262904912233,0.004446892999112606,text_only,17
000557.SZ:2024,000557.SZ,test,0,0.0008662281325086951,0.004446892999112606,text_only,17
000557.SZ:2025,000557.SZ,test,0,0.00012180363410152495,0.004446892999112606,text_only,17
000576.SZ:2017,000576.SZ,train,0,0.04042937606573105,0.004446892999112606,text_only,17
000576.SZ:2021,000576.SZ,train,0,4.84660777146928e-05,0.004446892999112606,text_only,17
000576.SZ:2022,000576.SZ,validation,0,0.0012983727501705289,0.004446892999112606,text_only,17
000576.SZ:2024,000576.SZ,test,0,0.0005168496281839907,0.004446892999112606,text_only,17
000576.SZ:2025,000576.SZ,test,0,0.015602414496243,0.004446892999112606,text_only,17
000581.SZ:2017,000581.SZ,train,0,0.04675393924117088,0.004446892999112606,text_only,17
000581.SZ:2018,000581.SZ,train,0,0.016697460785508156,0.004446892999112606,text_only,17
000581.SZ:2019,000581.SZ,train,0,0.01735091581940651,0.004446892999112606,text_only,17
000581.SZ:2020,000581.SZ,train,0,0.028821634128689766,0.004446892999112606,text_only,17
000581.SZ:2021,000581.SZ,train,0,0.0012478508288040757,0.004446892999112606,text_only,17
000581.SZ:2022,000581.SZ,validation,0,0.0042859953828155994,0.004446892999112606,text_only,17
000581.SZ:2024,000581.SZ,test,0,0.000214064828469418,0.004446892999112606,text_only,17
000581.SZ:2025,000581.SZ,test,0,0.00030985541525296867,0.004446892999112606,text_only,17
000585.SZ:2017,000585.SZ,train,1,0.968636155128479,0.004446892999112606,text_only,17
000589.SZ:2020,000589.SZ,train,0,0.03070753626525402,0.004446892999112606,text_only,17
000589.SZ:2021,000589.SZ,train,0,0.0024432449135929346,0.004446892999112606,text_only,17
000589.SZ:2022,000589.SZ,validation,0,5.32416561327409e-05,0.004446892999112606,text_only,17
000589.SZ:2024,000589.SZ,test,0,0.00017684628255665302,0.004446892999112606,text_only,17
000589.SZ:2025,000589.SZ,test,0,0.0002888748422265053,0.004446892999112606,text_only,17
000593.SZ:2017,000593.SZ,train,0,0.04179178550839424,0.004446892999112606,text_only,17
000593.SZ:2018,000593.SZ,train,0,0.07069474458694458,0.004446892999112606,text_only,17
000593.SZ:2019,000593.SZ,train,0,0.7885902523994446,0.004446892999112606,text_only,17
000593.SZ:2020,000593.SZ,train,0,0.18507258594036102,0.004446892999112606,text_only,17
000593.SZ:2021,000593.SZ,train,0,0.013133199885487556,0.004446892999112606,text_only,17
000593.SZ:2022,000593.SZ,validation,0,0.0038540069945156574,0.004446892999112606,text_only,17
000593.SZ:2025,000593.SZ,test,0,0.00018833752255886793,0.004446892999112606,text_only,17
000598.SZ:2017,000598.SZ,train,0,0.00028158671921119094,0.004446892999112606,text_only,17
000598.SZ:2019,000598.SZ,train,0,0.003924771212041378,0.004446892999112606,text_only,17
000598.SZ:2020,000598.SZ,train,0,2.3115700969356112e-05,0.004446892999112606,text_only,17
000598.SZ:2021,000598.SZ,train,0,0.00016075492021627724,0.004446892999112606,text_only,17
000598.SZ:2022,000598.SZ,validation,0,3.029593608516734e-05,0.004446892999112606,text_only,17
000598.SZ:2024,000598.SZ,test,0,2.569672324170824e-05,0.004446892999112606,text_only,17
000598.SZ:2025,000598.SZ,test,0,1.4925423784006853e-05,0.004446892999112606,text_only,17
000599.SZ:2017,000599.SZ,train,0,7.205603469628841e-05,0.004446892999112606,text_only,17
000599.SZ:2018,000599.SZ,train,0,7.272557559190318e-05,0.004446892999112606,text_only,17
000599.SZ:2019,000599.SZ,train,0,0.0005005744169466197,0.004446892999112606,text_only,17
000599.SZ:2020,000599.SZ,train,0,0.0027980622835457325,0.004446892999112606,text_only,17
000599.SZ:2021,000599.SZ,train,0,0.002978821285068989,0.004446892999112606,text_only,17
000599.SZ:2022,000599.SZ,validation,0,0.0005813955212943256,0.004446892999112606,text_only,17
000599.SZ:2024,000599.SZ,test,0,0.00022977360640652478,0.004446892999112606,text_only,17
000599.SZ:2025,000599.SZ,test,0,0.0004815716529265046,0.004446892999112606,text_only,17
000610.SZ:2020,000610.SZ,train,0,1.075558247976005e-05,0.004446892999112606,text_only,17
000610.SZ:2021,000610.SZ,train,0,4.382442421047017e-05,0.004446892999112606,text_only,17
000610.SZ:2022,000610.SZ,validation,0,0.0003482453466858715,0.004446892999112606,text_only,17
000610.SZ:2024,000610.SZ,test,0,0.001262738136574626,0.004446892999112606,text_only,17
000610.SZ:2025,000610.SZ,test,1,9.506236528977752e-05,0.004446892999112606,text_only,17
000612.SZ:2020,000612.SZ,train,0,0.021843692287802696,0.004446892999112606,text_only,17
000612.SZ:2021,000612.SZ,train,0,0.009579076431691647,0.004446892999112606,text_only,17
000612.SZ:2022,000612.SZ,validation,0,0.05398276448249817,0.004446892999112606,text_only,17
000612.SZ:2024,000612.SZ,test,0,0.055677350610494614,0.004446892999112606,text_only,17
000612.SZ:2025,000612.SZ,test,0,0.0016344687901437283,0.004446892999112606,text_only,17
000626.SZ:2017,000626.SZ,train,0,0.012422685511410236,0.004446892999112606,text_only,17
000626.SZ:2018,000626.SZ,train,0,0.12275371700525284,0.004446892999112606,text_only,17
000626.SZ:2020,000626.SZ,train,0,0.02028903178870678,0.004446892999112606,text_only,17
000626.SZ:2021,000626.SZ,train,0,0.031010113656520844,0.004446892999112606,text_only,17
000626.SZ:2022,000626.SZ,validation,0,0.0014372693840414286,0.004446892999112606,text_only,17
000626.SZ:2024,000626.SZ,test,0,0.000418783281929791,0.004446892999112606,text_only,17
000626.SZ:2025,000626.SZ,test,0,0.0010356332641094923,0.004446892999112606,text_only,17
000629.SZ:2019,000629.SZ,train,0,0.0009318010997958481,0.004446892999112606,text_only,17
000629.SZ:2020,000629.SZ,train,0,0.006894572637975216,0.004446892999112606,text_only,17
000629.SZ:2021,000629.SZ,train,0,0.001568339765071869,0.004446892999112606,text_only,17
000629.SZ:2022,000629.SZ,validation,0,0.0002472451305948198,0.004446892999112606,text_only,17
000629.SZ:2024,000629.SZ,test,0,0.0001691302313702181,0.004446892999112606,text_only,17
000629.SZ:2025,000629.SZ,test,0,0.001395980827510357,0.004446892999112606,text_only,17
000633.SZ:2018,000633.SZ,train,0,0.0470791831612587,0.004446892999112606,text_only,17
000633.SZ:2019,000633.SZ,train,0,0.002909118542447686,0.004446892999112606,text_only,17
000633.SZ:2022,000633.SZ,validation,0,0.0018835398368537426,0.004446892999112606,text_only,17
000633.SZ:2024,000633.SZ,test,0,0.0023813035804778337,0.004446892999112606,text_only,17
000633.SZ:2025,000633.SZ,test,0,0.0010441008489578962,0.004446892999112606,text_only,17
000635.SZ:2018,000635.SZ,train,0,0.0051866681315004826,0.004446892999112606,text_only,17
000635.SZ:2019,000635.SZ,train,0,0.0004137765499763191,0.004446892999112606,text_only,17
000635.SZ:2021,000635.SZ,train,0,0.000440312986029312,0.004446892999112606,text_only,17
000635.SZ:2022,000635.SZ,validation,0,0.0003720461390912533,0.004446892999112606,text_only,17
000650.SZ:2017,000650.SZ,train,0,0.0008373009623028338,0.004446892999112606,text_only,17
000650.SZ:2019,000650.SZ,train,0,0.013371576555073261,0.004446892999112606,text_only,17
000650.SZ:2020,000650.SZ,train,0,0.0036716454196721315,0.004446892999112606,text_only,17
000650.SZ:2021,000650.SZ,train,0,0.0003530846443027258,0.004446892999112606,text_only,17
000650.SZ:2022,000650.SZ,validation,0,0.0001260166463907808,0.004446892999112606,text_only,17
000650.SZ:2024,000650.SZ,test,0,0.0003103349299635738,0.004446892999112606,text_only,17
000650.SZ:2025,000650.SZ,test,0,0.00012871221406385303,0.004446892999112606,text_only,17
000652.SZ:2017,000652.SZ,train,0,0.004881181288510561,0.004446892999112606,text_only,17
000652.SZ:2018,000652.SZ,train,0,0.0001989274751394987,0.004446892999112606,text_only,17
000652.SZ:2019,000652.SZ,train,0,1.0478104741196148e-05,0.004446892999112606,text_only,17
000652.SZ:2020,000652.SZ,train,0,6.454331742133945e-05,0.004446892999112606,text_only,17
000655.SZ:2017,000655.SZ,train,1,0.9607337117195129,0.004446892999112606,text_only,17
000655.SZ:2019,000655.SZ,train,0,0.7151760458946228,0.004446892999112606,text_only,17
000655.SZ:2020,000655.SZ,train,0,0.33939749002456665,0.004446892999112606,text_only,17
000655.SZ:2021,000655.SZ,train,0,0.2929403781890869,0.004446892999112606,text_only,17
000655.SZ:2022,000655.SZ,validation,0,0.04974966123700142,0.004446892999112606,text_only,17
000655.SZ:2024,000655.SZ,test,0,0.0030798318330198526,0.004446892999112606,text_only,17
000655.SZ:2025,000655.SZ,test,0,0.001133614918217063,0.004446892999112606,text_only,17
000656.SZ:2020,000656.SZ,train,0,7.081073931658466e-07,0.004446892999112606,text_only,17
000656.SZ:2021,000656.SZ,train,0,1.731688712425239e-06,0.004446892999112606,text_only,17
000656.SZ:2022,000656.SZ,validation,0,6.951243449293543e-06,0.004446892999112606,text_only,17
000662.SZ:2018,000662.SZ,train,0,0.011021551676094532,0.004446892999112606,text_only,17
000665.SZ:2024,000665.SZ,test,0,0.0001438605395378545,0.004446892999112606,text_only,17
000668.SZ:2017,000668.SZ,train,0,4.035397978441324e-06,0.004446892999112606,text_only,17
000668.SZ:2019,000668.SZ,train,0,0.0003570965782273561,0.004446892999112606,text_only,17
000668.SZ:2021,000668.SZ,train,0,0.0003945133648812771,0.004446892999112606,text_only,17
000668.SZ:2024,000668.SZ,test,1,2.0148725525359623e-05,0.004446892999112606,text_only,17
000670.SZ:2017,000670.SZ,train,0,0.07407759875059128,0.004446892999112606,text_only,17
000670.SZ:2024,000670.SZ,test,0,0.16760686039924622,0.004446892999112606,text_only,17
000670.SZ:2025,000670.SZ,test,0,0.023844478651881218,0.004446892999112606,text_only,17
000695.SZ:2017,000695.SZ,train,0,0.05644829198718071,0.004446892999112606,text_only,17
000695.SZ:2018,000695.SZ,train,0,0.09411818534135818,0.004446892999112606,text_only,17
000695.SZ:2019,000695.SZ,train,0,0.008771265856921673,0.004446892999112606,text_only,17
000695.SZ:2020,000695.SZ,train,0,8.107742905849591e-05,0.004446892999112606,text_only,17
000695.SZ:2021,000695.SZ,train,0,0.0006138169555924833,0.004446892999112606,text_only,17
000695.SZ:2024,000695.SZ,test,0,0.0011219190200790763,0.004446892999112606,text_only,17
000695.SZ:2025,000695.SZ,test,0,0.022252241149544716,0.004446892999112606,text_only,17
000709.SZ:2017,000709.SZ,train,0,0.08334921300411224,0.004446892999112606,text_only,17
000709.SZ:2020,000709.SZ,train,0,0.0033162785694003105,0.004446892999112606,text_only,17
000709.SZ:2021,000709.SZ,train,0,0.00029671937227249146,0.004446892999112606,text_only,17
000709.SZ:2022,000709.SZ,validation,0,0.0009130472899414599,0.004446892999112606,text_only,17
000709.SZ:2024,000709.SZ,test,0,6.137233140179887e-05,0.004446892999112606,text_only,17
000709.SZ:2025,000709.SZ,test,0,0.0005620837910100818,0.004446892999112606,text_only,17
000715.SZ:2017,000715.SZ,train,0,0.006956891156733036,0.004446892999112606,text_only,17
000715.SZ:2018,000715.SZ,train,0,0.001259173033758998,0.004446892999112606,text_only,17
000715.SZ:2019,000715.SZ,train,0,1.3786817362415604e-05,0.004446892999112606,text_only,17
000715.SZ:2020,000715.SZ,train,0,0.00023883050016593188,0.004446892999112606,text_only,17
000715.SZ:2021,000715.SZ,train,0,6.649447459494695e-05,0.004446892999112606,text_only,17
000715.SZ:2022,000715.SZ,validation,0,0.002618252532556653,0.004446892999112606,text_only,17
000715.SZ:2024,000715.SZ,test,0,0.014992845244705677,0.004446892999112606,text_only,17
000715.SZ:2025,000715.SZ,test,0,0.0005477580125443637,0.004446892999112606,text_only,17
000718.SZ:2018,000718.SZ,train,0,3.091956750722602e-05,0.004446892999112606,text_only,17
000718.SZ:2019,000718.SZ,train,0,4.103791434317827e-05,0.004446892999112606,text_only,17
000718.SZ:2020,000718.SZ,train,0,4.1733392208698206e-07,0.004446892999112606,text_only,17
000718.SZ:2021,000718.SZ,train,0,2.1586306786502973e-07,0.004446892999112606,text_only,17
000718.SZ:2022,000718.SZ,validation,0,2.7893436254089465e-06,0.004446892999112606,text_only,17
000718.SZ:2024,000718.SZ,test,0,4.086752232979052e-05,0.004446892999112606,text_only,17
000718.SZ:2025,000718.SZ,test,0,8.484392310492694e-06,0.004446892999112606,text_only,17
000727.SZ:2017,000727.SZ,train,0,0.08775465190410614,0.004446892999112606,text_only,17
000727.SZ:2021,000727.SZ,train,0,0.15217670798301697,0.004446892999112606,text_only,17
000739.SZ:2018,000739.SZ,train,0,0.0002562279114499688,0.004446892999112606,text_only,17
000739.SZ:2019,000739.SZ,train,0,0.014294297434389591,0.004446892999112606,text_only,17
000739.SZ:2020,000739.SZ,train,0,0.0006620339117944241,0.004446892999112606,text_only,17
000739.SZ:2021,000739.SZ,train,0,0.0007454465376213193,0.004446892999112606,text_only,17
000739.SZ:2022,000739.SZ,validation,0,0.007307100109755993,0.004446892999112606,text_only,17
000739.SZ:2024,000739.SZ,test,0,0.0002985627215821296,0.004446892999112606,text_only,17
000739.SZ:2025,000739.SZ,test,0,0.00019858768791891634,0.004446892999112606,text_only,17
000786.SZ:2020,000786.SZ,train,0,2.6109393729711883e-05,0.004446892999112606,text_only,17
000786.SZ:2021,000786.SZ,train,0,0.0005803231615573168,0.004446892999112606,text_only,17
000786.SZ:2022,000786.SZ,validation,0,9.364795914734714e-06,0.004446892999112606,text_only,17
000786.SZ:2024,000786.SZ,test,0,0.00014093024947214872,0.004446892999112606,text_only,17
000786.SZ:2025,000786.SZ,test,0,0.0003693249309435487,0.004446892999112606,text_only,17
000797.SZ:2017,000797.SZ,train,0,4.510370217758464e-06,0.004446892999112606,text_only,17
000797.SZ:2018,000797.SZ,train,0,1.0725453876148094e-06,0.004446892999112606,text_only,17
000797.SZ:2019,000797.SZ,train,0,4.2650648879316577e-07,0.004446892999112606,text_only,17
000797.SZ:2020,000797.SZ,train,0,1.5567128741622582e-07,0.004446892999112606,text_only,17
000797.SZ:2021,000797.SZ,train,0,9.775079945484322e-08,0.004446892999112606,text_only,17
000797.SZ:2022,000797.SZ,validation,0,1.2476793926907703e-06,0.004446892999112606,text_only,17
000797.SZ:2024,000797.SZ,test,0,1.4079338370720507e-06,0.004446892999112606,text_only,17
000797.SZ:2025,000797.SZ,test,0,4.285460818209685e-06,0.004446892999112606,text_only,17
000800.SZ:2017,000800.SZ,train,0,0.0052645038813352585,0.004446892999112606,text_only,17
000800.SZ:2019,000800.SZ,train,0,0.00021953831310383976,0.004446892999112606,text_only,17
000800.SZ:2020,000800.SZ,train,0,0.0058691794984042645,0.004446892999112606,text_only,17
000800.SZ:2021,000800.SZ,train,0,0.005658199079334736,0.004446892999112606,text_only,17
000800.SZ:2022,000800.SZ,validation,0,0.00013141831732355058,0.004446892999112606,text_only,17
000800.SZ:2024,000800.SZ,test,0,0.005058605689555407,0.004446892999112606,text_only,17
000800.SZ:2025,000800.SZ,test,0,7.774571713525802e-05,0.004446892999112606,text_only,17
000807.SZ:2017,000807.SZ,train,0,0.18490388989448547,0.004446892999112606,text_only,17
000807.SZ:2019,000807.SZ,train,0,0.055662281811237335,0.004446892999112606,text_only,17
000807.SZ:2020,000807.SZ,train,0,0.18148697912693024,0.004446892999112606,text_only,17
000807.SZ:2021,000807.SZ,train,0,0.07366206496953964,0.004446892999112606,text_only,17
000807.SZ:2022,000807.SZ,validation,0,0.0005624916520901024,0.004446892999112606,text_only,17
000807.SZ:2024,000807.SZ,test,0,0.0006470922962762415,0.004446892999112606,text_only,17
000821.SZ:2022,000821.SZ,validation,0,0.00029917393112555146,0.004446892999112606,text_only,17
000821.SZ:2024,000821.SZ,test,0,0.0007148968288674951,0.004446892999112606,text_only,17
000821.SZ:2025,000821.SZ,test,1,0.004184146877378225,0.004446892999112606,text_only,17
000822.SZ:2020,000822.SZ,train,0,0.0023765675723552704,0.004446892999112606,text_only,17
000823.SZ:2017,000823.SZ,train,0,0.06142548471689224,0.004446892999112606,text_only,17
000823.SZ:2018,000823.SZ,train,0,0.07863975316286087,0.004446892999112606,text_only,17
000823.SZ:2019,000823.SZ,train,0,0.0010008567478507757,0.004446892999112606,text_only,17
000823.SZ:2020,000823.SZ,train,0,0.0867055356502533,0.004446892999112606,text_only,17
000823.SZ:2021,000823.SZ,train,0,0.012035366147756577,0.004446892999112606,text_only,17
000823.SZ:2022,000823.SZ,validation,0,0.033962562680244446,0.004446892999112606,text_only,17
000823.SZ:2024,000823.SZ,test,0,0.0011782561196014285,0.004446892999112606,text_only,17
000823.SZ:2025,000823.SZ,test,0,0.003226418513804674,0.004446892999112606,text_only,17
000830.SZ:2017,000830.SZ,train,0,0.0026221827138215303,0.004446892999112606,text_only,17
000830.SZ:2018,000830.SZ,train,0,3.0124461773084477e-05,0.004446892999112606,text_only,17
000830.SZ:2019,000830.SZ,train,0,6.5013464336516336e-06,0.004446892999112606,text_only,17
000830.SZ:2020,000830.SZ,train,0,0.00010264674347126856,0.004446892999112606,text_only,17
000830.SZ:2021,000830.SZ,train,0,0.00032553853816352785,0.004446892999112606,text_only,17
000830.SZ:2022,000830.SZ,validation,0,0.000884277222212404,0.004446892999112606,text_only,17
000830.SZ:2024,000830.SZ,test,0,0.0012800381518900394,0.004446892999112606,text_only,17
000830.SZ:2025,000830.SZ,test,0,0.002362673170864582,0.004446892999112606,text_only,17
000835.SZ:2018,000835.SZ,train,0,4.612220436683856e-05,0.004446892999112606,text_only,17
000835.SZ:2019,000835.SZ,train,0,0.03265077620744705,0.004446892999112606,text_only,17
000850.SZ:2017,000850.SZ,train,0,0.005740176886320114,0.004446892999112606,text_only,17
000850.SZ:2018,000850.SZ,train,0,0.03687639161944389,0.004446892999112606,text_only,17
000850.SZ:2019,000850.SZ,train,0,0.21180716156959534,0.004446892999112606,text_only,17
000850.SZ:2021,000850.SZ,train,0,0.0007599757518619299,0.004446892999112606,text_only,17
000850.SZ:2022,000850.SZ,validation,0,0.0007267634500749409,0.004446892999112606,text_only,17
000850.SZ:2024,000850.SZ,test,0,0.00036253579310141504,0.004446892999112606,text_only,17
000850.SZ:2025,000850.SZ,test,0,0.006502997595816851,0.004446892999112606,text_only,17
000861.SZ:2017,000861.SZ,train,0,2.9592699775093934e-06,0.004446892999112606,text_only,17
000861.SZ:2019,000861.SZ,train,0,1.5302155588869937e-05,0.004446892999112606,text_only,17
000861.SZ:2020,000861.SZ,train,0,3.1363244488602504e-05,0.004446892999112606,text_only,17
000861.SZ:2021,000861.SZ,train,0,0.00041292092646472156,0.004446892999112606,text_only,17
000861.SZ:2022,000861.SZ,validation,0,0.00013540827785618603,0.004446892999112606,text_only,17
000868.SZ:2021,000868.SZ,train,0,0.0017417570343241096,0.004446892999112606,text_only,17
000868.SZ:2022,000868.SZ,validation,0,0.0008426865097135305,0.004446892999112606,text_only,17
000883.SZ:2017,000883.SZ,train,0,0.014288399368524551,0.004446892999112606,text_only,17
000883.SZ:2018,000883.SZ,train,0,0.0019046928500756621,0.004446892999112606,text_only,17
000883.SZ:2019,000883.SZ,train,0,0.00015800970140844584,0.004446892999112606,text_only,17
000883.SZ:2020,000883.SZ,train,0,0.003389395074918866,0.004446892999112606,text_only,17
000883.SZ:2021,000883.SZ,train,0,0.005189345683902502,0.004446892999112606,text_only,17
000883.SZ:2022,000883.SZ,validation,0,0.20292316377162933,0.004446892999112606,text_only,17
000883.SZ:2024,000883.SZ,test,0,0.0006135868025012314,0.004446892999112606,text_only,17
000890.SZ:2017,000890.SZ,train,0,0.14533790946006775,0.004446892999112606,text_only,17
000890.SZ:2019,000890.SZ,train,1,0.9387602806091309,0.004446892999112606,text_only,17
000890.SZ:2022,000890.SZ,validation,0,0.03738647326827049,0.004446892999112606,text_only,17
000890.SZ:2024,000890.SZ,test,0,0.004645709879696369,0.004446892999112606,text_only,17
000890.SZ:2025,000890.SZ,test,0,0.023310888558626175,0.004446892999112606,text_only,17
000897.SZ:2021,000897.SZ,train,0,3.6779190395463957e-06,0.004446892999112606,text_only,17
000897.SZ:2024,000897.SZ,test,0,5.789865099359304e-06,0.004446892999112606,text_only,17
000903.SZ:2017,000903.SZ,train,0,0.025819502770900726,0.004446892999112606,text_only,17
000903.SZ:2018,000903.SZ,train,0,0.038879185914993286,0.004446892999112606,text_only,17
000903.SZ:2019,000903.SZ,train,0,0.006479868199676275,0.004446892999112606,text_only,17
000903.SZ:2020,000903.SZ,train,0,3.167053364450112e-05,0.004446892999112606,text_only,17
000903.SZ:2021,000903.SZ,train,0,0.006782581098377705,0.004446892999112606,text_only,17
000903.SZ:2022,000903.SZ,validation,0,0.00010303793533239514,0.004446892999112606,text_only,17
000903.SZ:2024,000903.SZ,test,0,0.000293328077532351,0.004446892999112606,text_only,17
000903.SZ:2025,000903.SZ,test,1,0.001379724475555122,0.004446892999112606,text_only,17
000920.SZ:2017,000920.SZ,train,0,0.01579037681221962,0.004446892999112606,text_only,17
000920.SZ:2018,000920.SZ,train,0,0.00013696828682441264,0.004446892999112606,text_only,17
000920.SZ:2019,000920.SZ,train,0,0.008360612206161022,0.004446892999112606,text_only,17
000920.SZ:2020,000920.SZ,train,0,0.0012690162984654307,0.004446892999112606,text_only,17
000920.SZ:2021,000920.SZ,train,0,0.0012861338909715414,0.004446892999112606,text_only,17
000920.SZ:2022,000920.SZ,validation,0,0.00491726491600275,0.004446892999112606,text_only,17
000920.SZ:2024,000920.SZ,test,0,0.0006937769940122962,0.004446892999112606,text_only,17
000920.SZ:2025,000920.SZ,test,0,0.0038907271809875965,0.004446892999112606,text_only,17
000925.SZ:2017,000925.SZ,train,0,0.004285940434783697,0.004446892999112606,text_only,17
000925.SZ:2018,000925.SZ,train,0,0.027584969997406006,0.004446892999112606,text_only,17
000925.SZ:2019,000925.SZ,train,0,0.0009602847276255488,0.004446892999112606,text_only,17
000925.SZ:2020,000925.SZ,train,0,0.002839830704033375,0.004446892999112606,text_only,17
000925.SZ:2021,000925.SZ,train,0,0.00219880067743361,0.004446892999112606,text_only,17
000925.SZ:2022,000925.SZ,validation,0,0.00043474778067320585,0.004446892999112606,text_only,17
000925.SZ:2024,000925.SZ,test,0,0.00022777687991037965,0.004446892999112606,text_only,17
000925.SZ:2025,000925.SZ,test,0,3.998426109319553e-05,0.004446892999112606,text_only,17
000933.SZ:2018,000933.SZ,train,0,0.02587106078863144,0.004446892999112606,text_only,17
000933.SZ:2019,000933.SZ,train,0,0.03538414090871811,0.004446892999112606,text_only,17
000933.SZ:2020,000933.SZ,train,0,0.0022394326515495777,0.004446892999112606,text_only,17
000933.SZ:2021,000933.SZ,train,0,0.0035993594210594893,0.004446892999112606,text_only,17
000933.SZ:2022,000933.SZ,validation,0,0.03533761575818062,0.004446892999112606,text_only,17
000933.SZ:2024,000933.SZ,test,0,0.0002951683709397912,0.004446892999112606,text_only,17
000933.SZ:2025,000933.SZ,test,0,0.15504156053066254,0.004446892999112606,text_only,17
000937.SZ:2017,000937.SZ,train,0,0.01666051521897316,0.004446892999112606,text_only,17
000937.SZ:2018,000937.SZ,train,0,0.029686467722058296,0.004446892999112606,text_only,17
000937.SZ:2019,000937.SZ,train,0,0.02537301555275917,0.004446892999112606,text_only,17
000937.SZ:2020,000937.SZ,train,0,0.010064865462481976,0.004446892999112606,text_only,17
000937.SZ:2024,000937.SZ,test,0,0.013680268079042435,0.004446892999112606,text_only,17
000982.SZ:2022,000982.SZ,validation,0,0.04036146029829979,0.004446892999112606,text_only,17
000989.SZ:2017,000989.SZ,train,0,0.005413556005805731,0.004446892999112606,text_only,17
000989.SZ:2020,000989.SZ,train,0,0.00011945235019084066,0.004446892999112606,text_only,17
000989.SZ:2021,000989.SZ,train,0,7.793521945131943e-05,0.004446892999112606,text_only,17
000989.SZ:2022,000989.SZ,validation,0,7.111814193194732e-05,0.004446892999112606,text_only,17
000990.SZ:2020,000990.SZ,train,0,0.0004927402478642762,0.004446892999112606,text_only,17
000990.SZ:2021,000990.SZ,train,0,0.0162410419434309,0.004446892999112606,text_only,17
000990.SZ:2022,000990.SZ,validation,0,0.0005982558359391987,0.004446892999112606,text_only,17
000990.SZ:2024,000990.SZ,test,0,0.001463914173655212,0.004446892999112606,text_only,17
000990.SZ:2025,000990.SZ,test,0,0.0022303445730358362,0.004446892999112606,text_only,17
001201.SZ:2024,001201.SZ,test,0,0.03081439808011055,0.004446892999112606,text_only,17
001201.SZ:2025,001201.SZ,test,0,0.000523181923199445,0.004446892999112606,text_only,17
001215.SZ:2025,001215.SZ,test,0,0.00021788838785141706,0.004446892999112606,text_only,17
001216.SZ:2025,001216.SZ,test,0,0.0002442642580717802,0.004446892999112606,text_only,17
001296.SZ:2025,001296.SZ,test,0,0.014658060856163502,0.004446892999112606,text_only,17
002002.SZ:2022,002002.SZ,validation,0,0.0003035565896425396,0.004446892999112606,text_only,17
002014.SZ:2017,002014.SZ,train,0,0.006173109170049429,0.004446892999112606,text_only,17
002014.SZ:2018,002014.SZ,train,0,0.019980698823928833,0.004446892999112606,text_only,17
002014.SZ:2019,002014.SZ,train,0,0.016000429168343544,0.004446892999112606,text_only,17
002014.SZ:2020,002014.SZ,train,0,0.0001379509485559538,0.004446892999112606,text_only,17
002014.SZ:2021,002014.SZ,train,0,0.24927428364753723,0.004446892999112606,text_only,17
002014.SZ:2022,002014.SZ,validation,0,0.004430606961250305,0.004446892999112606,text_only,17
002014.SZ:2024,002014.SZ,test,0,0.00011994577653240412,0.004446892999112606,text_only,17
002016.SZ:2017,002016.SZ,train,0,3.7626541598001495e-06,0.004446892999112606,text_only,17
002016.SZ:2018,002016.SZ,train,0,6.048546129022725e-05,0.004446892999112606,text_only,17
002016.SZ:2019,002016.SZ,train,0,9.147889795713127e-05,0.004446892999112606,text_only,17
002016.SZ:2020,002016.SZ,train,0,5.605216301773908e-06,0.004446892999112606,text_only,17
002016.SZ:2021,002016.SZ,train,0,3.0197210776350403e-07,0.004446892999112606,text_only,17
002016.SZ:2022,002016.SZ,validation,0,6.67540734866634e-05,0.004446892999112606,text_only,17
002016.SZ:2024,002016.SZ,test,0,8.016931133170146e-06,0.004446892999112606,text_only,17
002016.SZ:2025,002016.SZ,test,0,4.103339676930773e-07,0.004446892999112606,text_only,17
002021.SZ:2017,002021.SZ,train,0,0.0281385350972414,0.004446892999112606,text_only,17
002021.SZ:2018,002021.SZ,train,1,0.9743423461914062,0.004446892999112606,text_only,17
002021.SZ:2025,002021.SZ,test,0,0.028241479769349098,0.004446892999112606,text_only,17
002027.SZ:2019,002027.SZ,train,0,0.005395664367824793,0.004446892999112606,text_only,17
002027.SZ:2020,002027.SZ,train,0,0.005148754920810461,0.004446892999112606,text_only,17
002027.SZ:2021,002027.SZ,train,0,0.000241573216044344,0.004446892999112606,text_only,17
002027.SZ:2022,002027.SZ,validation,0,0.0030371739994734526,0.004446892999112606,text_only,17
002027.SZ:2024,002027.SZ,test,0,0.0008759479387663305,0.004446892999112606,text_only,17
002027.SZ:2025,002027.SZ,test,0,5.285420411382802e-05,0.004446892999112606,text_only,17
002033.SZ:2019,002033.SZ,train,0,0.006899082567542791,0.004446892999112606,text_only,17
002033.SZ:2020,002033.SZ,train,0,0.0003417337720748037,0.004446892999112606,text_only,17
002033.SZ:2021,002033.SZ,train,0,0.009469736367464066,0.004446892999112606,text_only,17
002033.SZ:2022,002033.SZ,validation,0,0.0002352959563722834,0.004446892999112606,text_only,17
002033.SZ:2024,002033.SZ,test,0,1.3993766515341122e-05,0.004446892999112606,text_only,17
002033.SZ:2025,002033.SZ,test,0,0.00019803308532573283,0.004446892999112606,text_only,17
002039.SZ:2017,002039.SZ,train,0,0.37302345037460327,0.004446892999112606,text_only,17
002039.SZ:2019,002039.SZ,train,0,0.15414942800998688,0.004446892999112606,text_only,17
002039.SZ:2020,002039.SZ,train,0,0.023104272782802582,0.004446892999112606,text_only,17
002039.SZ:2021,002039.SZ,train,0,0.0696796327829361,0.004446892999112606,text_only,17
002039.SZ:2022,002039.SZ,validation,0,0.0030693772714585066,0.004446892999112606,text_only,17
002039.SZ:2024,002039.SZ,test,0,0.00021500905859284103,0.004446892999112606,text_only,17
002040.SZ:2017,002040.SZ,train,0,0.015676813200116158,0.004446892999112606,text_only,17
002040.SZ:2018,002040.SZ,train,0,0.017614608630537987,0.004446892999112606,text_only,17
002040.SZ:2019,002040.SZ,train,0,0.0012968095252290368,0.004446892999112606,text_only,17
002040.SZ:2020,002040.SZ,train,0,0.005826466251164675,0.004446892999112606,text_only,17
002040.SZ:2021,002040.SZ,train,0,0.0001940691436175257,0.004446892999112606,text_only,17
002040.SZ:2024,002040.SZ,test,0,0.016650183126330376,0.004446892999112606,text_only,17
002041.SZ:2017,002041.SZ,train,0,0.11102176457643509,0.004446892999112606,text_only,17
002041.SZ:2018,002041.SZ,train,0,0.24119922518730164,0.004446892999112606,text_only,17
002041.SZ:2019,002041.SZ,train,0,0.002326318994164467,0.004446892999112606,text_only,17
002041.SZ:2020,002041.SZ,train,0,0.02952032908797264,0.004446892999112606,text_only,17
002041.SZ:2021,002041.SZ,train,0,0.00026786382659338415,0.004446892999112606,text_only,17
002041.SZ:2022,002041.SZ,validation,0,0.005809222813695669,0.004446892999112606,text_only,17
002041.SZ:2024,002041.SZ,test,0,8.519744733348489e-05,0.004446892999112606,text_only,17
002041.SZ:2025,002041.SZ,test,0,0.0017647955100983381,0.004446892999112606,text_only,17
002046.SZ:2018,002046.SZ,train,0,0.048584599047899246,0.004446892999112606,text_only,17
002046.SZ:2019,002046.SZ,train,0,0.12420111894607544,0.004446892999112606,text_only,17
002046.SZ:2020,002046.SZ,train,0,0.06311346590518951,0.004446892999112606,text_only,17
002046.SZ:2021,002046.SZ,train,0,2.2391534002963454e-05,0.004446892999112606,text_only,17
002046.SZ:2022,002046.SZ,validation,0,5.4004234698368236e-05,0.004446892999112606,text_only,17
002046.SZ:2024,002046.SZ,test,0,0.0010893844300881028,0.004446892999112606,text_only,17
002046.SZ:2025,002046.SZ,test,0,0.0003790535847656429,0.004446892999112606,text_only,17
002050.SZ:2017,002050.SZ,train,0,0.005930754356086254,0.004446892999112606,text_only,17
002050.SZ:2018,002050.SZ,train,0,0.0005613345419988036,0.004446892999112606,text_only,17
002050.SZ:2019,002050.SZ,train,0,0.0013716357061639428,0.004446892999112606,text_only,17
002050.SZ:2020,002050.SZ,train,0,6.3036482060851995e-06,0.004446892999112606,text_only,17
002050.SZ:2021,002050.SZ,train,0,0.00031268259044736624,0.004446892999112606,text_only,17
002050.SZ:2022,002050.SZ,validation,0,0.00016603831318207085,0.004446892999112606,text_only,17
002050.SZ:2024,002050.SZ,test,0,0.0004357960424385965,0.004446892999112606,text_only,17
002050.SZ:2025,002050.SZ,test,0,0.002644095104187727,0.004446892999112606,text_only,17
002053.SZ:2018,002053.SZ,train,0,0.00348261627368629,0.004446892999112606,text_only,17
002053.SZ:2019,002053.SZ,train,0,0.003574170172214508,0.004446892999112606,text_only,17
002053.SZ:2020,002053.SZ,train,0,0.0006534551503136754,0.004446892999112606,text_only,17
002053.SZ:2021,002053.SZ,train,0,0.0029099928215146065,0.004446892999112606,text_only,17
002053.SZ:2022,002053.SZ,validation,0,0.0013443685602396727,0.004446892999112606,text_only,17
002053.SZ:2024,002053.SZ,test,0,0.003428844502195716,0.004446892999112606,text_only,17
002056.SZ:2020,002056.SZ,train,0,0.20784911513328552,0.004446892999112606,text_only,17
002056.SZ:2021,002056.SZ,train,0,0.0015062692109495401,0.004446892999112606,text_only,17
002056.SZ:2022,002056.SZ,validation,0,0.024650078266859055,0.004446892999112606,text_only,17
002056.SZ:2024,002056.SZ,test,0,0.0013325924519449472,0.004446892999112606,text_only,17
002056.SZ:2025,002056.SZ,test,0,0.0006222949014045298,0.004446892999112606,text_only,17
002064.SZ:2017,002064.SZ,train,0,0.013639613054692745,0.004446892999112606,text_only,17
002064.SZ:2018,002064.SZ,train,0,0.002118561416864395,0.004446892999112606,text_only,17
002064.SZ:2019,002064.SZ,train,0,0.007963995449244976,0.004446892999112606,text_only,17
002064.SZ:2020,002064.SZ,train,0,0.0001644883450353518,0.004446892999112606,text_only,17
002064.SZ:2022,002064.SZ,validation,0,0.005724182818084955,0.004446892999112606,text_only,17
002064.SZ:2024,002064.SZ,test,0,0.001181742176413536,0.004446892999112606,text_only,17
002064.SZ:2025,002064.SZ,test,0,0.0008371964795514941,0.004446892999112606,text_only,17
002069.SZ:2017,002069.SZ,train,0,0.00512149091809988,0.004446892999112606,text_only,17
002069.SZ:2018,002069.SZ,train,0,0.002588695613667369,0.004446892999112606,text_only,17
002069.SZ:2019,002069.SZ,train,0,0.003001539036631584,0.004446892999112606,text_only,17
002069.SZ:2020,002069.SZ,train,0,0.03853381425142288,0.004446892999112606,text_only,17
002069.SZ:2021,002069.SZ,train,0,0.39863914251327515,0.004446892999112606,text_only,17
002069.SZ:2022,002069.SZ,validation,1,0.004446892999112606,0.004446892999112606,text_only,17
002069.SZ:2024,002069.SZ,test,0,0.00028386875055730343,0.004446892999112606,text_only,17
002071.SZ:2017,002071.SZ,train,0,0.00019604408589657396,0.004446892999112606,text_only,17
002092.SZ:2020,002092.SZ,train,0,0.00014653870312031358,0.004446892999112606,text_only,17
002092.SZ:2021,002092.SZ,train,0,0.4162406325340271,0.004446892999112606,text_only,17
002092.SZ:2022,002092.SZ,validation,0,0.000650085334200412,0.004446892999112606,text_only,17
002092.SZ:2024,002092.SZ,test,1,0.00025326525792479515,0.004446892999112606,text_only,17
002102.SZ:2025,002102.SZ,test,1,0.02592429704964161,0.004446892999112606,text_only,17
002106.SZ:2017,002106.SZ,train,0,0.003459398401901126,0.004446892999112606,text_only,17
002110.SZ:2019,002110.SZ,train,0,0.00013910330017097294,0.004446892999112606,text_only,17
002110.SZ:2020,002110.SZ,train,0,5.924904326093383e-05,0.004446892999112606,text_only,17
002110.SZ:2021,002110.SZ,train,0,1.2323826922511216e-05,0.004446892999112606,text_only,17
002110.SZ:2022,002110.SZ,validation,0,0.002878042869269848,0.004446892999112606,text_only,17
002110.SZ:2024,002110.SZ,test,0,0.0004141954705119133,0.004446892999112606,text_only,17
002110.SZ:2025,002110.SZ,test,0,0.012057703919708729,0.004446892999112606,text_only,17
002112.SZ:2017,002112.SZ,train,0,0.15155677497386932,0.004446892999112606,text_only,17
002112.SZ:2018,002112.SZ,train,0,0.5147284865379333,0.004446892999112606,text_only,17
002112.SZ:2021,002112.SZ,train,0,0.10135673731565475,0.004446892999112606,text_only,17
002112.SZ:2022,002112.SZ,validation,0,0.2502088248729706,0.004446892999112606,text_only,17
002112.SZ:2024,002112.SZ,test,0,0.023608239367604256,0.004446892999112606,text_only,17
002112.SZ:2025,002112.SZ,test,0,0.0005111353239044547,0.004446892999112606,text_only,17
002117.SZ:2019,002117.SZ,train,0,0.006036854814738035,0.004446892999112606,text_only,17
002117.SZ:2020,002117.SZ,train,0,0.014489954337477684,0.004446892999112606,text_only,17
002117.SZ:2021,002117.SZ,train,0,0.00016881574993021786,0.004446892999112606,text_only,17
002117.SZ:2022,002117.SZ,validation,0,0.0002538534172344953,0.004446892999112606,text_only,17
002117.SZ:2024,002117.SZ,test,0,0.001654876279644668,0.004446892999112606,text_only,17
002120.SZ:2017,002120.SZ,train,0,0.00011996144166914746,0.004446892999112606,text_only,17
002120.SZ:2018,002120.SZ,train,0,0.004231794737279415,0.004446892999112606,text_only,17
002120.SZ:2019,002120.SZ,train,0,0.008619544096291065,0.004446892999112606,text_only,17
002120.SZ:2020,002120.SZ,train,0,0.00013781461166217923,0.004446892999112606,text_only,17
002120.SZ:2021,002120.SZ,train,0,0.03825812786817551,0.004446892999112606,text_only,17
002120.SZ:2022,002120.SZ,validation,0,0.0008093416690826416,0.004446892999112606,text_only,17
002120.SZ:2024,002120.SZ,test,0,0.0002353746967855841,0.004446892999112606,text_only,17
002120.SZ:2025,002120.SZ,test,0,3.270279921707697e-05,0.004446892999112606,text_only,17
002121.SZ:2017,002121.SZ,train,0,0.00017550191842019558,0.004446892999112606,text_only,17
002121.SZ:2018,002121.SZ,train,0,0.0023086601868271828,0.004446892999112606,text_only,17
002121.SZ:2022,002121.SZ,validation,0,0.006774330511689186,0.004446892999112606,text_only,17
002121.SZ:2024,002121.SZ,test,0,0.006953860633075237,0.004446892999112606,text_only,17
002121.SZ:2025,002121.SZ,test,0,0.03888101875782013,0.004446892999112606,text_only,17
002125.SZ:2017,002125.SZ,train,0,0.00019439452444203198,0.004446892999112606,text_only,17
002125.SZ:2018,002125.SZ,train,0,0.002467541489750147,0.004446892999112606,text_only,17
002125.SZ:2019,002125.SZ,train,0,0.0010193862253800035,0.004446892999112606,text_only,17
002125.SZ:2020,002125.SZ,train,0,0.004888754338026047,0.004446892999112606,text_only,17
002125.SZ:2021,002125.SZ,train,0,0.0003057211870327592,0.004446892999112606,text_only,17
002125.SZ:2022,002125.SZ,validation,0,0.018689176067709923,0.004446892999112606,text_only,17
002125.SZ:2024,002125.SZ,test,0,0.00289227906614542,0.004446892999112606,text_only,17
002125.SZ:2025,002125.SZ,test,0,0.0027847359888255596,0.004446892999112606,text_only,17
002140.SZ:2017,002140.SZ,train,0,0.00019221138791181147,0.004446892999112606,text_only,17
002140.SZ:2018,002140.SZ,train,0,0.0004332397656980902,0.004446892999112606,text_only,17
002140.SZ:2019,002140.SZ,train,0,7.03370533301495e-05,0.004446892999112606,text_only,17
002140.SZ:2020,002140.SZ,train,0,3.567886960809119e-05,0.004446892999112606,text_only,17
002140.SZ:2021,002140.SZ,train,0,1.6772544768173248e-05,0.004446892999112606,text_only,17
002140.SZ:2022,002140.SZ,validation,0,1.1603147868299857e-05,0.004446892999112606,text_only,17
002140.SZ:2024,002140.SZ,test,0,4.286037437850609e-06,0.004446892999112606,text_only,17
002140.SZ:2025,002140.SZ,test,0,3.5130629839841276e-05,0.004446892999112606,text_only,17
002141.SZ:2017,002141.SZ,train,0,0.0006932925316505134,0.004446892999112606,text_only,17
002141.SZ:2018,002141.SZ,train,0,0.0005261487094685435,0.004446892999112606,text_only,17
002141.SZ:2019,002141.SZ,train,0,0.007303798105567694,0.004446892999112606,text_only,17
002141.SZ:2020,002141.SZ,train,0,0.006628786213696003,0.004446892999112606,text_only,17
002141.SZ:2021,002141.SZ,train,0,0.020420799031853676,0.004446892999112606,text_only,17
002141.SZ:2022,002141.SZ,validation,0,0.0009942008182406425,0.004446892999112606,text_only,17
002145.SZ:2017,002145.SZ,train,0,0.000659263925626874,0.004446892999112606,text_only,17
002145.SZ:2018,002145.SZ,train,0,0.00024685129756107926,0.004446892999112606,text_only,17
002145.SZ:2019,002145.SZ,train,0,0.005216333549469709,0.004446892999112606,text_only,17
002145.SZ:2020,002145.SZ,train,0,0.0014251391403377056,0.004446892999112606,text_only,17
002154.SZ:2018,002154.SZ,train,0,0.0018850644119083881,0.004446892999112606,text_only,17
002154.SZ:2020,002154.SZ,train,0,2.509453406673856e-05,0.004446892999112606,text_only,17
002154.SZ:2021,002154.SZ,train,0,0.0012122881598770618,0.004446892999112606,text_only,17
002154.SZ:2022,002154.SZ,validation,0,9.106895595323294e-05,0.004446892999112606,text_only,17
002154.SZ:2024,002154.SZ,test,0,5.8519563026493415e-05,0.004446892999112606,text_only,17
002154.SZ:2025,002154.SZ,test,0,9.955566201824695e-05,0.004446892999112606,text_only,17
002160.SZ:2022,002160.SZ,validation,0,0.07259669899940491,0.004446892999112606,text_only,17
002160.SZ:2024,002160.SZ,test,0,0.0015291301533579826,0.004446892999112606,text_only,17
002160.SZ:2025,002160.SZ,test,0,0.024210132658481598,0.004446892999112606,text_only,17
002169.SZ:2020,002169.SZ,train,0,0.0001589570747455582,0.004446892999112606,text_only,17
002169.SZ:2021,002169.SZ,train,0,0.0020745093934237957,0.004446892999112606,text_only,17
002169.SZ:2022,002169.SZ,validation,0,0.02672373317182064,0.004446892999112606,text_only,17
002169.SZ:2024,002169.SZ,test,0,0.004499165806919336,0.004446892999112606,text_only,17
002181.SZ:2017,002181.SZ,train,0,0.0004709922941401601,0.004446892999112606,text_only,17
002181.SZ:2018,002181.SZ,train,0,0.00019360118312761188,0.004446892999112606,text_only,17
002181.SZ:2019,002181.SZ,train,0,0.0004979934892617166,0.004446892999112606,text_only,17
002181.SZ:2020,002181.SZ,train,0,0.0002130304928869009,0.004446892999112606,text_only,17
002181.SZ:2021,002181.SZ,train,0,0.0004147980362176895,0.004446892999112606,text_only,17
002181.SZ:2022,002181.SZ,validation,0,6.230076542124152e-05,0.004446892999112606,text_only,17
002181.SZ:2024,002181.SZ,test,0,5.847661304869689e-05,0.004446892999112606,text_only,17
002181.SZ:2025,002181.SZ,test,0,6.612177458009683e-06,0.004446892999112606,text_only,17
002185.SZ:2017,002185.SZ,train,0,0.00028674554778262973,0.004446892999112606,text_only,17
002185.SZ:2018,002185.SZ,train,0,0.0031876733992248774,0.004446892999112606,text_only,17
002185.SZ:2020,002185.SZ,train,0,0.015583259984850883,0.004446892999112606,text_only,17
002185.SZ:2021,002185.SZ,train,0,0.017487782984972,0.004446892999112606,text_only,17
002185.SZ:2022,002185.SZ,validation,0,0.0009125567739829421,0.004446892999112606,text_only,17
002185.SZ:2024,002185.SZ,test,0,0.013075773604214191,0.004446892999112606,text_only,17
002198.SZ:2018,002198.SZ,train,0,0.042469874024391174,0.004446892999112606,text_only,17
002198.SZ:2019,002198.SZ,train,0,0.11297834664583206,0.004446892999112606,text_only,17
002198.SZ:2020,002198.SZ,train,0,0.24945998191833496,0.004446892999112606,text_only,17
002198.SZ:2021,002198.SZ,train,0,0.0006588606629520655,0.004446892999112606,text_only,17
002198.SZ:2022,002198.SZ,validation,0,0.006905450019985437,0.004446892999112606,text_only,17
002198.SZ:2024,002198.SZ,test,0,0.0003168245020788163,0.004446892999112606,text_only,17
002198.SZ:2025,002198.SZ,test,0,0.0017944024875760078,0.004446892999112606,text_only,17
002212.SZ:2017,002212.SZ,train,0,0.0018648445839062333,0.004446892999112606,text_only,17
002212.SZ:2018,002212.SZ,train,0,0.0036804124247282743,0.004446892999112606,text_only,17
002212.SZ:2019,002212.SZ,train,0,3.9424197893822566e-05,0.004446892999112606,text_only,17
002212.SZ:2020,002212.SZ,train,0,8.224431076087058e-05,0.004446892999112606,text_only,17
002212.SZ:2021,002212.SZ,train,0,8.663552580401301e-05,0.004446892999112606,text_only,17
002212.SZ:2022,002212.SZ,validation,0,5.086360943096224e-06,0.004446892999112606,text_only,17
002212.SZ:2025,002212.SZ,test,0,0.0001411189150530845,0.004446892999112606,text_only,17
002223.SZ:2018,002223.SZ,train,0,0.06144193932414055,0.004446892999112606,text_only,17
002223.SZ:2019,002223.SZ,train,0,5.948081161477603e-05,0.004446892999112606,text_only,17
002223.SZ:2020,002223.SZ,train,0,0.03175129368901253,0.004446892999112606,text_only,17
002223.SZ:2021,002223.SZ,train,0,0.0010054910089820623,0.004446892999112606,text_only,17
002223.SZ:2022,002223.SZ,validation,0,0.002827264368534088,0.004446892999112606,text_only,17
002223.SZ:2024,002223.SZ,test,0,0.03912194073200226,0.004446892999112606,text_only,17
002224.SZ:2017,002224.SZ,train,0,0.055028900504112244,0.004446892999112606,text_only,17
002224.SZ:2019,002224.SZ,train,0,0.0018773672636598349,0.004446892999112606,text_only,17
002224.SZ:2021,002224.SZ,train,0,0.0019566770642995834,0.004446892999112606,text_only,17
002224.SZ:2024,002224.SZ,test,0,0.002256167819723487,0.004446892999112606,text_only,17
002224.SZ:2025,002224.SZ,test,0,0.00840243510901928,0.004446892999112606,text_only,17
002227.SZ:2021,002227.SZ,train,0,0.4797888994216919,0.004446892999112606,text_only,17
002227.SZ:2022,002227.SZ,validation,0,0.003509910311549902,0.004446892999112606,text_only,17
002227.SZ:2024,002227.SZ,test,0,0.00539839081466198,0.004446892999112606,text_only,17
002227.SZ:2025,002227.SZ,test,1,0.0006748397718183696,0.004446892999112606,text_only,17
002246.SZ:2017,002246.SZ,train,0,0.1343168467283249,0.004446892999112606,text_only,17
002246.SZ:2018,002246.SZ,train,0,0.02172839269042015,0.004446892999112606,text_only,17
002246.SZ:2019,002246.SZ,train,0,0.006577692925930023,0.004446892999112606,text_only,17
002246.SZ:2020,002246.SZ,train,0,0.00027210297412239015,0.004446892999112606,text_only,17
002246.SZ:2021,002246.SZ,train,0,0.004869096912443638,0.004446892999112606,text_only,17
002246.SZ:2022,002246.SZ,validation,0,0.0008822750532999635,0.004446892999112606,text_only,17
002246.SZ:2024,002246.SZ,test,0,0.0004442694189492613,0.004446892999112606,text_only,17
002246.SZ:2025,002246.SZ,test,0,0.00015129793609958142,0.004446892999112606,text_only,17
002249.SZ:2017,002249.SZ,train,0,0.0011225893395021558,0.004446892999112606,text_only,17
002249.SZ:2020,002249.SZ,train,0,0.011779247783124447,0.004446892999112606,text_only,17
002249.SZ:2021,002249.SZ,train,0,0.003978485241532326,0.004446892999112606,text_only,17
002249.SZ:2022,002249.SZ,validation,0,0.014926171861588955,0.004446892999112606,text_only,17
002249.SZ:2024,002249.SZ,test,0,0.00022804047330282629,0.004446892999112606,text_only,17
002254.SZ:2017,002254.SZ,train,0,0.036865416914224625,0.004446892999112606,text_only,17
002254.SZ:2018,002254.SZ,train,0,0.010194485075771809,0.004446892999112606,text_only,17
002254.SZ:2019,002254.SZ,train,0,0.013302202336490154,0.004446892999112606,text_only,17
002254.SZ:2020,002254.SZ,train,0,0.038726404309272766,0.004446892999112606,text_only,17
002254.SZ:2021,002254.SZ,train,0,0.0006174639565870166,0.004446892999112606,text_only,17
002254.SZ:2022,002254.SZ,validation,0,0.02452925406396389,0.004446892999112606,text_only,17
002254.SZ:2024,002254.SZ,test,0,0.0038478588685393333,0.004446892999112606,text_only,17
002254.SZ:2025,002254.SZ,test,0,0.001235621515661478,0.004446892999112606,text_only,17
002255.SZ:2017,002255.SZ,train,0,0.0006529715028591454,0.004446892999112606,text_only,17
002255.SZ:2018,002255.SZ,train,0,0.009539523161947727,0.004446892999112606,text_only,17
002255.SZ:2022,002255.SZ,validation,0,6.329960160655901e-05,0.004446892999112606,text_only,17
002255.SZ:2024,002255.SZ,test,0,0.0002862530527636409,0.004446892999112606,text_only,17
002255.SZ:2025,002255.SZ,test,0,0.14509235322475433,0.004446892999112606,text_only,17
002256.SZ:2017,002256.SZ,train,0,0.006902187597006559,0.004446892999112606,text_only,17
002256.SZ:2018,002256.SZ,train,0,0.004925463814288378,0.004446892999112606,text_only,17
002256.SZ:2019,002256.SZ,train,1,0.9600632190704346,0.004446892999112606,text_only,17
002256.SZ:2022,002256.SZ,validation,0,0.16332407295703888,0.004446892999112606,text_only,17
002256.SZ:2024,002256.SZ,test,0,0.0934670940041542,0.004446892999112606,text_only,17
002256.SZ:2025,002256.SZ,test,0,0.00897726695984602,0.004446892999112606,text_only,17
002260.SZ:2017,002260.SZ,train,0,0.29315653443336487,0.004446892999112606,text_only,17
002260.SZ:2018,002260.SZ,train,1,0.9674985408782959,0.004446892999112606,text_only,17
002265.SZ:2017,002265.SZ,train,0,0.22639137506484985,0.004446892999112606,text_only,17
002265.SZ:2018,002265.SZ,train,0,0.15267929434776306,0.004446892999112606,text_only,17
002265.SZ:2019,002265.SZ,train,0,0.008782279677689075,0.004446892999112606,text_only,17
002265.SZ:2020,002265.SZ,train,0,0.09314883500337601,0.004446892999112606,text_only,17
002265.SZ:2021,002265.SZ,train,0,0.0009630641434341669,0.004446892999112606,text_only,17
002265.SZ:2022,002265.SZ,validation,0,0.019070394337177277,0.004446892999112606,text_only,17
002265.SZ:2024,002265.SZ,test,0,9.2408707132563e-05,0.004446892999112606,text_only,17
002265.SZ:2025,002265.SZ,test,0,2.215854692622088e-05,0.004446892999112606,text_only,17
002267.SZ:2017,002267.SZ,train,0,0.012152859009802341,0.004446892999112606,text_only,17
002267.SZ:2018,002267.SZ,train,0,0.00014125125017017126,0.004446892999112606,text_only,17
002267.SZ:2019,002267.SZ,train,0,0.02719728834927082,0.004446892999112606,text_only,17
002267.SZ:2020,002267.SZ,train,0,0.002062547253444791,0.004446892999112606,text_only,17
002267.SZ:2021,002267.SZ,train,0,0.000998676405288279,0.004446892999112606,text_only,17
002267.SZ:2022,002267.SZ,validation,0,0.003107708413153887,0.004446892999112606,text_only,17
002267.SZ:2024,002267.SZ,test,0,0.018729623407125473,0.004446892999112606,text_only,17
002267.SZ:2025,002267.SZ,test,0,0.01109762117266655,0.004446892999112606,text_only,17
002271.SZ:2017,002271.SZ,train,0,7.096652552718297e-05,0.004446892999112606,text_only,17
002271.SZ:2018,002271.SZ,train,0,1.7446680431021377e-05,0.004446892999112606,text_only,17
002271.SZ:2019,002271.SZ,train,0,1.087946930056205e-05,0.004446892999112606,text_only,17
002271.SZ:2020,002271.SZ,train,0,1.083430561266141e-05,0.004446892999112606,text_only,17
002271.SZ:2021,002271.SZ,train,0,5.0538867071736604e-05,0.004446892999112606,text_only,17
002271.SZ:2022,002271.SZ,validation,0,9.921166565618478e-06,0.004446892999112606,text_only,17
002271.SZ:2024,002271.SZ,test,0,3.078205554629676e-05,0.004446892999112606,text_only,17
002271.SZ:2025,002271.SZ,test,0,2.0595218302332796e-05,0.004446892999112606,text_only,17
002272.SZ:2017,002272.SZ,train,0,0.007286207750439644,0.004446892999112606,text_only,17
002272.SZ:2019,002272.SZ,train,0,0.006588707212358713,0.004446892999112606,text_only,17
002272.SZ:2020,002272.SZ,train,0,0.08493645489215851,0.004446892999112606,text_only,17
002272.SZ:2021,002272.SZ,train,0,9.431158105144277e-05,0.004446892999112606,text_only,17
002272.SZ:2022,002272.SZ,validation,0,0.007403441704809666,0.004446892999112606,text_only,17
002272.SZ:2024,002272.SZ,test,0,0.012761211954057217,0.004446892999112606,text_only,17
002272.SZ:2025,002272.SZ,test,0,0.00042374193435534835,0.004446892999112606,text_only,17
002275.SZ:2017,002275.SZ,train,0,0.0001653032813919708,0.004446892999112606,text_only,17
002275.SZ:2019,002275.SZ,train,0,5.1551232900237665e-05,0.004446892999112606,text_only,17
002275.SZ:2020,002275.SZ,train,0,8.779318886809051e-05,0.004446892999112606,text_only,17
002275.SZ:2021,002275.SZ,train,0,0.00019178318325430155,0.004446892999112606,text_only,17
002275.SZ:2022,002275.SZ,validation,0,8.294576400658116e-05,0.004446892999112606,text_only,17
002275.SZ:2024,002275.SZ,test,0,0.00015351627371273935,0.004446892999112606,text_only,17
002275.SZ:2025,002275.SZ,test,0,0.0005634180852212012,0.004446892999112606,text_only,17
002286.SZ:2017,002286.SZ,train,0,0.0025303976144641638,0.004446892999112606,text_only,17
002286.SZ:2018,002286.SZ,train,0,0.006069422233849764,0.004446892999112606,text_only,17
002286.SZ:2019,002286.SZ,train,0,0.0030793531332165003,0.004446892999112606,text_only,17
002286.SZ:2020,002286.SZ,train,0,0.1301293969154358,0.004446892999112606,text_only,17
002286.SZ:2021,002286.SZ,train,0,0.008448773995041847,0.004446892999112606,text_only,17
002286.SZ:2022,002286.SZ,validation,0,0.020903805270791054,0.004446892999112606,text_only,17
002286.SZ:2024,002286.SZ,test,0,0.027231959626078606,0.004446892999112606,text_only,17
002286.SZ:2025,002286.SZ,test,0,0.01693783514201641,0.004446892999112606,text_only,17
002290.SZ:2017,002290.SZ,train,0,0.05663425475358963,0.004446892999112606,text_only,17
002290.SZ:2019,002290.SZ,train,1,0.9683804512023926,0.004446892999112606,text_only,17
002290.SZ:2021,002290.SZ,train,0,0.23395812511444092,0.004446892999112606,text_only,17
002290.SZ:2022,002290.SZ,validation,0,0.0029115981888026,0.004446892999112606,text_only,17
002290.SZ:2024,002290.SZ,test,0,0.004953661002218723,0.004446892999112606,text_only,17
002290.SZ:2025,002290.SZ,test,0,0.03396334499120712,0.004446892999112606,text_only,17
002293.SZ:2017,002293.SZ,train,0,0.0005059168906882405,0.004446892999112606,text_only,17
002293.SZ:2018,002293.SZ,train,0,0.001405171467922628,0.004446892999112606,text_only,17
002293.SZ:2019,002293.SZ,train,0,6.330135511234403e-05,0.004446892999112606,text_only,17
002293.SZ:2020,002293.SZ,train,0,0.00026000739308074117,0.004446892999112606,text_only,17
002293.SZ:2021,002293.SZ,train,0,0.00011575355165405199,0.004446892999112606,text_only,17
002293.SZ:2022,002293.SZ,validation,0,0.00024900760035961866,0.004446892999112606,text_only,17
002293.SZ:2024,002293.SZ,test,0,0.0005178957944735885,0.004446892999112606,text_only,17
002293.SZ:2025,002293.SZ,test,0,0.00022700332920067012,0.004446892999112606,text_only,17
002294.SZ:2017,002294.SZ,train,0,0.020167235285043716,0.004446892999112606,text_only,17
002294.SZ:2018,002294.SZ,train,0,0.0001661859278101474,0.004446892999112606,text_only,17
002294.SZ:2019,002294.SZ,train,0,0.002312012482434511,0.004446892999112606,text_only,17
002294.SZ:2020,002294.SZ,train,0,0.00845869816839695,0.004446892999112606,text_only,17
002294.SZ:2021,002294.SZ,train,0,0.015260504558682442,0.004446892999112606,text_only,17
002294.SZ:2022,002294.SZ,validation,0,0.0004644719883799553,0.004446892999112606,text_only,17
002294.SZ:2024,002294.SZ,test,0,0.0028395054396241903,0.004446892999112606,text_only,17
002294.SZ:2025,002294.SZ,test,0,0.002100191544741392,0.004446892999112606,text_only,17
002297.SZ:2019,002297.SZ,train,0,0.06013619154691696,0.004446892999112606,text_only,17
002297.SZ:2020,002297.SZ,train,0,0.00025008348166011274,0.004446892999112606,text_only,17
002297.SZ:2021,002297.SZ,train,0,5.5795728258090094e-05,0.004446892999112606,text_only,17
002297.SZ:2022,002297.SZ,validation,0,0.0023300659377127886,0.004446892999112606,text_only,17
002297.SZ:2024,002297.SZ,test,0,0.00022119419008959085,0.004446892999112606,text_only,17
002308.SZ:2017,002308.SZ,train,0,0.00023844666429795325,0.004446892999112606,text_only,17
002308.SZ:2018,002308.SZ,train,0,4.681410064222291e-05,0.004446892999112606,text_only,17
002308.SZ:2019,002308.SZ,train,0,0.005815386772155762,0.004446892999112606,text_only,17
002308.SZ:2020,002308.SZ,train,0,0.004130246117711067,0.004446892999112606,text_only,17
002308.SZ:2021,002308.SZ,train,0,0.004488970618695021,0.004446892999112606,text_only,17
002308.SZ:2022,002308.SZ,validation,0,0.0034609439317137003,0.004446892999112606,text_only,17
002309.SZ:2017,002309.SZ,train,0,0.011165236122906208,0.004446892999112606,text_only,17
002309.SZ:2018,002309.SZ,train,0,0.22164404392242432,0.004446892999112606,text_only,17
002309.SZ:2019,002309.SZ,train,0,0.40270283818244934,0.004446892999112606,text_only,17
002309.SZ:2020,002309.SZ,train,0,0.0031963700894266367,0.004446892999112606,text_only,17
002309.SZ:2021,002309.SZ,train,0,0.3068687617778778,0.004446892999112606,text_only,17
002309.SZ:2022,002309.SZ,validation,1,0.006309131160378456,0.004446892999112606,text_only,17
002310.SZ:2018,002310.SZ,train,0,0.00028025827486999333,0.004446892999112606,text_only,17
002310.SZ:2019,002310.SZ,train,0,3.587799074011855e-05,0.004446892999112606,text_only,17
002310.SZ:2022,002310.SZ,validation,0,0.0002353073941776529,0.004446892999112606,text_only,17
002316.SZ:2017,002316.SZ,train,0,0.0001230251946253702,0.004446892999112606,text_only,17
002316.SZ:2019,002316.SZ,train,0,0.011367683298885822,0.004446892999112606,text_only,17
002316.SZ:2021,002316.SZ,train,0,0.0007248668698593974,0.004446892999112606,text_only,17
002316.SZ:2024,002316.SZ,test,1,4.0224287658929825e-05,0.004446892999112606,text_only,17
002320.SZ:2019,002320.SZ,train,0,0.0005690472899004817,0.004446892999112606,text_only,17
002320.SZ:2020,002320.SZ,train,0,0.001019640825688839,0.004446892999112606,text_only,17
002320.SZ:2021,002320.SZ,train,0,0.008993891067802906,0.004446892999112606,text_only,17
002320.SZ:2022,002320.SZ,validation,0,0.00043431532685644925,0.004446892999112606,text_only,17
002320.SZ:2024,002320.SZ,test,0,2.5328952688141726e-05,0.004446892999112606,text_only,17
002325.SZ:2017,002325.SZ,train,0,0.0007103960961103439,0.004446892999112606,text_only,17
002325.SZ:2018,002325.SZ,train,0,0.022715047001838684,0.004446892999112606,text_only,17
002325.SZ:2021,002325.SZ,train,0,0.15340736508369446,0.004446892999112606,text_only,17
002325.SZ:2022,002325.SZ,validation,0,2.847711948561482e-05,0.004446892999112606,text_only,17
002325.SZ:2024,002325.SZ,test,1,5.187102942727506e-05,0.004446892999112606,text_only,17
002332.SZ:2018,002332.SZ,train,0,0.002509073121473193,0.004446892999112606,text_only,17
002332.SZ:2019,002332.SZ,train,0,0.0004286648181732744,0.004446892999112606,text_only,17
002332.SZ:2020,002332.SZ,train,0,0.0007924262317828834,0.004446892999112606,text_only,17
002332.SZ:2021,002332.SZ,train,0,0.00010778159776236862,0.004446892999112606,text_only,17
002332.SZ:2022,002332.SZ,validation,0,0.00034530076663941145,0.004446892999112606,text_only,17
002332.SZ:2025,002332.SZ,test,0,0.00028371100779622793,0.004446892999112606,text_only,17
002340.SZ:2017,002340.SZ,train,0,3.209008355042897e-05,0.004446892999112606,text_only,17
002340.SZ:2018,002340.SZ,train,0,0.0045942519791424274,0.004446892999112606,text_only,17
002340.SZ:2020,002340.SZ,train,0,0.0003730563912540674,0.004446892999112606,text_only,17
002340.SZ:2021,002340.SZ,train,0,0.007136610336601734,0.004446892999112606,text_only,17
002340.SZ:2022,002340.SZ,validation,0,7.590830500703305e-05,0.004446892999112606,text_only,17
002340.SZ:2024,002340.SZ,test,0,0.001079846522770822,0.004446892999112606,text_only,17
002340.SZ:2025,002340.SZ,test,0,0.0033237431198358536,0.004446892999112606,text_only,17
002346.SZ:2017,002346.SZ,train,0,0.0006315840291790664,0.004446892999112606,text_only,17
002346.SZ:2018,002346.SZ,train,0,0.0008818270871415734,0.004446892999112606,text_only,17
002346.SZ:2021,002346.SZ,train,0,0.0007118124631233513,0.004446892999112606,text_only,17
002346.SZ:2022,002346.SZ,validation,0,0.00020209899230394512,0.004446892999112606,text_only,17
002346.SZ:2024,002346.SZ,test,0,0.02416769228875637,0.004446892999112606,text_only,17
002350.SZ:2017,002350.SZ,train,0,0.11639091372489929,0.004446892999112606,text_only,17
002350.SZ:2018,002350.SZ,train,0,0.0311160609126091,0.004446892999112606,text_only,17
002350.SZ:2019,002350.SZ,train,0,0.018582697957754135,0.004446892999112606,text_only,17
002350.SZ:2020,002350.SZ,train,0,0.0002111991634592414,0.004446892999112606,text_only,17
002350.SZ:2021,002350.SZ,train,0,0.26575711369514465,0.004446892999112606,text_only,17
002350.SZ:2024,002350.SZ,test,0,0.1667267233133316,0.004446892999112606,text_only,17
002350.SZ:2025,002350.SZ,test,0,0.004984655883163214,0.004446892999112606,text_only,17
002360.SZ:2018,002360.SZ,train,0,0.012274650856852531,0.004446892999112606,text_only,17
002360.SZ:2019,002360.SZ,train,0,0.000575649959500879,0.004446892999112606,text_only,17
002360.SZ:2020,002360.SZ,train,0,0.01047510001808405,0.004446892999112606,text_only,17
002360.SZ:2021,002360.SZ,train,0,0.012282261624932289,0.004446892999112606,text_only,17
002360.SZ:2022,002360.SZ,validation,0,0.0001782930630724877,0.004446892999112606,text_only,17
002360.SZ:2024,002360.SZ,test,0,0.0008590544457547367,0.004446892999112606,text_only,17
002360.SZ:2025,002360.SZ,test,1,0.0008537701796740294,0.004446892999112606,text_only,17
002364.SZ:2017,002364.SZ,train,0,3.7508245441131294e-05,0.004446892999112606,text_only,17
002364.SZ:2018,002364.SZ,train,0,0.00019204906129743904,0.004446892999112606,text_only,17
002364.SZ:2019,002364.SZ,train,0,0.0020883081015199423,0.004446892999112606,text_only,17
002364.SZ:2020,002364.SZ,train,0,0.00038465953548438847,0.004446892999112606,text_only,17
002364.SZ:2021,002364.SZ,train,0,0.0001389866229146719,0.004446892999112606,text_only,17
002364.SZ:2022,002364.SZ,validation,0,0.00084497599164024,0.004446892999112606,text_only,17
002364.SZ:2024,002364.SZ,test,0,0.0017948372988030314,0.004446892999112606,text_only,17
002364.SZ:2025,002364.SZ,test,0,0.0007967318524606526,0.004446892999112606,text_only,17
002365.SZ:2017,002365.SZ,train,0,9.289108857046813e-05,0.004446892999112606,text_only,17
002365.SZ:2018,002365.SZ,train,0,0.0008298979373648763,0.004446892999112606,text_only,17
002365.SZ:2019,002365.SZ,train,0,0.009267816320061684,0.004446892999112606,text_only,17
002365.SZ:2020,002365.SZ,train,0,0.15830183029174805,0.004446892999112606,text_only,17
002365.SZ:2021,002365.SZ,train,0,0.0003669607103802264,0.004446892999112606,text_only,17
002365.SZ:2022,002365.SZ,validation,0,0.039323702454566956,0.004446892999112606,text_only,17
002365.SZ:2024,002365.SZ,test,0,0.14790832996368408,0.004446892999112606,text_only,17
002365.SZ:2025,002365.SZ,test,0,0.0013830068055540323,0.004446892999112606,text_only,17
002374.SZ:2017,002374.SZ,train,0,3.269441003794782e-05,0.004446892999112606,text_only,17
002374.SZ:2019,002374.SZ,train,0,6.414637755369768e-05,0.004446892999112606,text_only,17
002374.SZ:2020,002374.SZ,train,0,2.3937680452945642e-05,0.004446892999112606,text_only,17
002374.SZ:2021,002374.SZ,train,0,0.00021937635028734803,0.004446892999112606,text_only,17
002374.SZ:2022,002374.SZ,validation,0,0.00905401911586523,0.004446892999112606,text_only,17
002374.SZ:2024,002374.SZ,test,0,0.006197573151439428,0.004446892999112606,text_only,17
002374.SZ:2025,002374.SZ,test,0,2.5167415515170433e-05,0.004446892999112606,text_only,17
002378.SZ:2019,002378.SZ,train,0,0.003731782315298915,0.004446892999112606,text_only,17
002378.SZ:2020,002378.SZ,train,0,0.000308924209093675,0.004446892999112606,text_only,17
002378.SZ:2021,002378.SZ,train,0,0.03016176074743271,0.004446892999112606,text_only,17
002378.SZ:2022,002378.SZ,validation,0,0.0009755781502462924,0.004446892999112606,text_only,17
002378.SZ:2024,002378.SZ,test,0,0.00038527039578184485,0.004446892999112606,text_only,17
002378.SZ:2025,002378.SZ,test,0,0.006685994565486908,0.004446892999112606,text_only,17
002380.SZ:2017,002380.SZ,train,0,1.5689089423176483e-06,0.004446892999112606,text_only,17
002380.SZ:2018,002380.SZ,train,0,0.00019347624038346112,0.004446892999112606,text_only,17
002380.SZ:2019,002380.SZ,train,0,0.0006868465570732951,0.004446892999112606,text_only,17
002380.SZ:2020,002380.SZ,train,0,0.0001489925489295274,0.004446892999112606,text_only,17
002380.SZ:2022,002380.SZ,validation,0,1.023997083393624e-05,0.004446892999112606,text_only,17
002380.SZ:2024,002380.SZ,test,0,2.8198932341183536e-05,0.004446892999112606,text_only,17
002380.SZ:2025,002380.SZ,test,0,6.948711234144866e-05,0.004446892999112606,text_only,17
002382.SZ:2017,002382.SZ,train,0,0.03013528324663639,0.004446892999112606,text_only,17
002382.SZ:2018,002382.SZ,train,0,0.0007580271922051907,0.004446892999112606,text_only,17
002382.SZ:2019,002382.SZ,train,0,7.262363214977086e-05,0.004446892999112606,text_only,17
002382.SZ:2020,002382.SZ,train,0,0.0005384773248806596,0.004446892999112606,text_only,17
002382.SZ:2021,002382.SZ,train,0,0.018977051600813866,0.004446892999112606,text_only,17
002382.SZ:2022,002382.SZ,validation,0,0.00504227913916111,0.004446892999112606,text_only,17
002382.SZ:2024,002382.SZ,test,0,0.0030949616339057684,0.004446892999112606,text_only,17
002384.SZ:2017,002384.SZ,train,0,0.019261591136455536,0.004446892999112606,text_only,17
002384.SZ:2018,002384.SZ,train,0,0.008653871715068817,0.004446892999112606,text_only,17
002384.SZ:2019,002384.SZ,train,0,0.18866734206676483,0.004446892999112606,text_only,17
002384.SZ:2020,002384.SZ,train,0,0.04304393753409386,0.004446892999112606,text_only,17
002384.SZ:2021,002384.SZ,train,0,0.0013135968474671245,0.004446892999112606,text_only,17
002384.SZ:2022,002384.SZ,validation,0,0.0011835931800305843,0.004446892999112606,text_only,17
002384.SZ:2024,002384.SZ,test,0,0.008415261283516884,0.004446892999112606,text_only,17
002384.SZ:2025,002384.SZ,test,0,0.02269216626882553,0.004446892999112606,text_only,17
002391.SZ:2017,002391.SZ,train,0,0.00029216980328783393,0.004446892999112606,text_only,17
002391.SZ:2018,002391.SZ,train,0,0.000178580594365485,0.004446892999112606,text_only,17
002391.SZ:2019,002391.SZ,train,0,3.1304676667787135e-05,0.004446892999112606,text_only,17
002391.SZ:2020,002391.SZ,train,0,0.00011593724775593728,0.004446892999112606,text_only,17
002391.SZ:2021,002391.SZ,train,0,0.00048808971769176424,0.004446892999112606,text_only,17
002391.SZ:2022,002391.SZ,validation,0,0.00013654903159476817,0.004446892999112606,text_only,17
002391.SZ:2024,002391.SZ,test,0,0.00022317259572446346,0.004446892999112606,text_only,17
002391.SZ:2025,002391.SZ,test,0,0.005125056020915508,0.004446892999112606,text_only,17
002396.SZ:2017,002396.SZ,train,0,0.001198501675389707,0.004446892999112606,text_only,17
002396.SZ:2021,002396.SZ,train,0,0.0003208483976777643,0.004446892999112606,text_only,17
002396.SZ:2022,002396.SZ,validation,0,0.00041958046494983137,0.004446892999112606,text_only,17
002396.SZ:2024,002396.SZ,test,0,8.610848453827202e-05,0.004446892999112606,text_only,17
002396.SZ:2025,002396.SZ,test,0,0.0003127484815195203,0.004446892999112606,text_only,17
002402.SZ:2017,002402.SZ,train,0,0.005681244656443596,0.004446892999112606,text_only,17
002402.SZ:2018,002402.SZ,train,0,1.1373517736501526e-05,0.004446892999112606,text_only,17
002402.SZ:2019,002402.SZ,train,0,4.96132779517211e-05,0.004446892999112606,text_only,17
002402.SZ:2020,002402.SZ,train,0,0.0001893798034870997,0.004446892999112606,text_only,17
002402.SZ:2021,002402.SZ,train,0,8.424848783761263e-05,0.004446892999112606,text_only,17
002402.SZ:2022,002402.SZ,validation,0,4.751800952362828e-05,0.004446892999112606,text_only,17
002402.SZ:2024,002402.SZ,test,0,0.0022043546196073294,0.004446892999112606,text_only,17
002402.SZ:2025,002402.SZ,test,0,7.187657320173457e-05,0.004446892999112606,text_only,17
002405.SZ:2017,002405.SZ,train,0,5.3512707381742075e-05,0.004446892999112606,text_only,17
002405.SZ:2018,002405.SZ,train,0,0.002874481724575162,0.004446892999112606,text_only,17
002405.SZ:2019,002405.SZ,train,0,0.0005645059864036739,0.004446892999112606,text_only,17
002405.SZ:2020,002405.SZ,train,0,0.00015960635209921747,0.004446892999112606,text_only,17
002405.SZ:2021,002405.SZ,train,0,0.00266771181486547,0.004446892999112606,text_only,17
002405.SZ:2022,002405.SZ,validation,0,0.00045715642045252025,0.004446892999112606,text_only,17
002405.SZ:2024,002405.SZ,test,0,0.0003959575551562011,0.004446892999112606,text_only,17
002405.SZ:2025,002405.SZ,test,0,0.00042303299414925277,0.004446892999112606,text_only,17
002410.SZ:2017,002410.SZ,train,0,0.0001885279780253768,0.004446892999112606,text_only,17
002410.SZ:2018,002410.SZ,train,0,1.5948342479532585e-05,0.004446892999112606,text_only,17
002410.SZ:2019,002410.SZ,train,0,6.081525134504773e-05,0.004446892999112606,text_only,17
002410.SZ:2020,002410.SZ,train,0,7.872572314227e-05,0.004446892999112606,text_only,17
002410.SZ:2021,002410.SZ,train,0,2.3986538508324884e-05,0.004446892999112606,text_only,17
002410.SZ:2022,002410.SZ,validation,0,1.1567251021915581e-05,0.004446892999112606,text_only,17
002410.SZ:2025,002410.SZ,test,0,7.538926729466766e-05,0.004446892999112606,text_only,17
002413.SZ:2017,002413.SZ,train,0,0.00010190952161792666,0.004446892999112606,text_only,17
002413.SZ:2018,002413.SZ,train,0,0.00014217091666068882,0.004446892999112606,text_only,17
002413.SZ:2020,002413.SZ,train,0,0.00017291514086537063,0.004446892999112606,text_only,17
002413.SZ:2021,002413.SZ,train,0,0.004281715955585241,0.004446892999112606,text_only,17
002413.SZ:2022,002413.SZ,validation,0,0.0002962775470223278,0.004446892999112606,text_only,17
002413.SZ:2024,002413.SZ,test,0,4.3660900701070204e-05,0.004446892999112606,text_only,17
002413.SZ:2025,002413.SZ,test,0,6.754907371941954e-05,0.004446892999112606,text_only,17
002418.SZ:2019,002418.SZ,train,1,0.9651190042495728,0.004446892999112606,text_only,17
002418.SZ:2022,002418.SZ,validation,0,0.003946531098335981,0.004446892999112606,text_only,17
002418.SZ:2024,002418.SZ,test,0,0.0062852781265974045,0.004446892999112606,text_only,17
002418.SZ:2025,002418.SZ,test,0,0.0025446827057749033,0.004446892999112606,text_only,17
002426.SZ:2022,002426.SZ,validation,0,0.11930631101131439,0.004446892999112606,text_only,17
002426.SZ:2024,002426.SZ,test,0,0.003133632242679596,0.004446892999112606,text_only,17
002426.SZ:2025,002426.SZ,test,0,0.05186630040407181,0.004446892999112606,text_only,17
002429.SZ:2017,002429.SZ,train,0,7.697826367802918e-05,0.004446892999112606,text_only,17
002429.SZ:2018,002429.SZ,train,0,0.0016168815782293677,0.004446892999112606,text_only,17
002429.SZ:2019,002429.SZ,train,0,0.0009474123944528401,0.004446892999112606,text_only,17
002429.SZ:2020,002429.SZ,train,0,0.0014106117887422442,0.004446892999112606,text_only,17
002429.SZ:2022,002429.SZ,validation,0,0.0011103864526376128,0.004446892999112606,text_only,17
002429.SZ:2024,002429.SZ,test,0,0.007004186511039734,0.004446892999112606,text_only,17
002429.SZ:2025,002429.SZ,test,0,0.000803778413683176,0.004446892999112606,text_only,17
002433.SZ:2017,002433.SZ,train,0,0.00029314414132386446,0.004446892999112606,text_only,17
002433.SZ:2018,002433.SZ,train,0,0.004873807542026043,0.004446892999112606,text_only,17
002433.SZ:2019,002433.SZ,train,0,7.045877282507718e-05,0.004446892999112606,text_only,17
002434.SZ:2017,002434.SZ,train,0,5.5388056352967396e-05,0.004446892999112606,text_only,17
002434.SZ:2018,002434.SZ,train,0,0.0003507224901113659,0.004446892999112606,text_only,17
000012.SZ:2017,000012.SZ,train,0,0.45441874861717224,0.4334900379180908,text_only,42
000012.SZ:2019,000012.SZ,train,0,0.41521888971328735,0.4334900379180908,text_only,42
000012.SZ:2020,000012.SZ,train,0,0.49229100346565247,0.4334900379180908,text_only,42
000012.SZ:2021,000012.SZ,train,0,0.4098522663116455,0.4334900379180908,text_only,42
000012.SZ:2022,000012.SZ,validation,0,0.37896057963371277,0.4334900379180908,text_only,42
000012.SZ:2024,000012.SZ,test,0,0.4269571900367737,0.4334900379180908,text_only,42
000018.SZ:2017,000018.SZ,train,0,0.3187170922756195,0.4334900379180908,text_only,42
000019.SZ:2017,000019.SZ,train,0,0.3720192313194275,0.4334900379180908,text_only,42
000019.SZ:2018,000019.SZ,train,0,0.3637476861476898,0.4334900379180908,text_only,42
000019.SZ:2020,000019.SZ,train,0,0.36007949709892273,0.4334900379180908,text_only,42
000019.SZ:2021,000019.SZ,train,0,0.432753324508667,0.4334900379180908,text_only,42
000019.SZ:2022,000019.SZ,validation,0,0.38819557428359985,0.4334900379180908,text_only,42
000019.SZ:2024,000019.SZ,test,0,0.2849361002445221,0.4334900379180908,text_only,42
000040.SZ:2017,000040.SZ,train,0,0.30800774693489075,0.4334900379180908,text_only,42
000040.SZ:2022,000040.SZ,validation,0,0.42778730392456055,0.4334900379180908,text_only,42
000048.SZ:2020,000048.SZ,train,0,0.32969287037849426,0.4334900379180908,text_only,42
000048.SZ:2021,000048.SZ,train,0,0.3444806635379791,0.4334900379180908,text_only,42
000048.SZ:2022,000048.SZ,validation,0,0.29306742548942566,0.4334900379180908,text_only,42
000048.SZ:2025,000048.SZ,test,0,0.30364400148391724,0.4334900379180908,text_only,42
000055.SZ:2017,000055.SZ,train,0,0.3865005075931549,0.4334900379180908,text_only,42
000055.SZ:2019,000055.SZ,train,0,0.369262158870697,0.4334900379180908,text_only,42
000055.SZ:2020,000055.SZ,train,0,0.3306003510951996,0.4334900379180908,text_only,42
000055.SZ:2021,000055.SZ,train,0,0.3410376310348511,0.4334900379180908,text_only,42
000055.SZ:2022,000055.SZ,validation,0,0.27517226338386536,0.4334900379180908,text_only,42
000055.SZ:2024,000055.SZ,test,0,0.2495802789926529,0.4334900379180908,text_only,42
000055.SZ:2025,000055.SZ,test,0,0.28292468190193176,0.4334900379180908,text_only,42
000068.SZ:2019,000068.SZ,train,0,0.40421220660209656,0.4334900379180908,text_only,42
000068.SZ:2020,000068.SZ,train,0,0.4048842787742615,0.4334900379180908,text_only,42
000068.SZ:2021,000068.SZ,train,0,0.4460093379020691,0.4334900379180908,text_only,42
000068.SZ:2022,000068.SZ,validation,0,0.34398141503334045,0.4334900379180908,text_only,42
000068.SZ:2024,000068.SZ,test,0,0.4270157516002655,0.4334900379180908,text_only,42
000068.SZ:2025,000068.SZ,test,0,0.35214611887931824,0.4334900379180908,text_only,42
000099.SZ:2017,000099.SZ,train,0,0.3891105055809021,0.4334900379180908,text_only,42
000099.SZ:2018,000099.SZ,train,0,0.41758936643600464,0.4334900379180908,text_only,42
000099.SZ:2019,000099.SZ,train,0,0.4012909233570099,0.4334900379180908,text_only,42
000099.SZ:2020,000099.SZ,train,0,0.3779964745044708,0.4334900379180908,text_only,42
000099.SZ:2021,000099.SZ,train,0,0.3833211660385132,0.4334900379180908,text_only,42
000099.SZ:2022,000099.SZ,validation,0,0.3811666667461395,0.4334900379180908,text_only,42
000419.SZ:2017,000419.SZ,train,0,0.3879394829273224,0.4334900379180908,text_only,42
000419.SZ:2018,000419.SZ,train,0,0.44227322936058044,0.4334900379180908,text_only,42
000419.SZ:2019,000419.SZ,train,0,0.3715822696685791,0.4334900379180908,text_only,42
000419.SZ:2020,000419.SZ,train,0,0.3312351107597351,0.4334900379180908,text_only,42
000419.SZ:2021,000419.SZ,train,0,0.3415940999984741,0.4334900379180908,text_only,42
000419.SZ:2022,000419.SZ,validation,0,0.34887075424194336,0.4334900379180908,text_only,42
000419.SZ:2024,000419.SZ,test,0,0.3671651780605316,0.4334900379180908,text_only,42
000501.SZ:2017,000501.SZ,train,0,0.3381228446960449,0.4334900379180908,text_only,42
000501.SZ:2018,000501.SZ,train,0,0.300938218832016,0.4334900379180908,text_only,42
000501.SZ:2019,000501.SZ,train,0,0.3095962703227997,0.4334900379180908,text_only,42
000501.SZ:2020,000501.SZ,train,0,0.3052593171596527,0.4334900379180908,text_only,42
000501.SZ:2021,000501.SZ,train,0,0.2807422876358032,0.4334900379180908,text_only,42
000501.SZ:2022,000501.SZ,validation,0,0.25998494029045105,0.4334900379180908,text_only,42
000501.SZ:2024,000501.SZ,test,0,0.29928848147392273,0.4334900379180908,text_only,42
000501.SZ:2025,000501.SZ,test,0,0.2880781292915344,0.4334900379180908,text_only,42
000504.SZ:2018,000504.SZ,train,0,0.4562806785106659,0.4334900379180908,text_only,42
000504.SZ:2019,000504.SZ,train,1,0.48978370428085327,0.4334900379180908,text_only,42
000504.SZ:2021,000504.SZ,train,0,0.3732585310935974,0.4334900379180908,text_only,42
000504.SZ:2022,000504.SZ,validation,0,0.36915913224220276,0.4334900379180908,text_only,42
000504.SZ:2024,000504.SZ,test,1,0.37145498394966125,0.4334900379180908,text_only,42
000533.SZ:2019,000533.SZ,train,0,0.47872215509414673,0.4334900379180908,text_only,42
000533.SZ:2020,000533.SZ,train,0,0.46761849522590637,0.4334900379180908,text_only,42
000533.SZ:2021,000533.SZ,train,0,0.4843786060810089,0.4334900379180908,text_only,42
000533.SZ:2022,000533.SZ,validation,0,0.4465533494949341,0.4334900379180908,text_only,42
000533.SZ:2024,000533.SZ,test,0,0.34284013509750366,0.4334900379180908,text_only,42
000533.SZ:2025,000533.SZ,test,0,0.4042266309261322,0.4334900379180908,text_only,42
000534.SZ:2020,000534.SZ,train,0,0.35283416509628296,0.4334900379180908,text_only,42
000534.SZ:2021,000534.SZ,train,0,0.3411535322666168,0.4334900379180908,text_only,42
000534.SZ:2022,000534.SZ,validation,0,0.40438923239707947,0.4334900379180908,text_only,42
000534.SZ:2024,000534.SZ,test,0,0.39106160402297974,0.4334900379180908,text_only,42
000545.SZ:2017,000545.SZ,train,0,0.3414958417415619,0.4334900379180908,text_only,42
000545.SZ:2018,000545.SZ,train,0,0.32698124647140503,0.4334900379180908,text_only,42
000545.SZ:2019,000545.SZ,train,0,0.4083433151245117,0.4334900379180908,text_only,42
000545.SZ:2021,000545.SZ,train,0,0.38150811195373535,0.4334900379180908,text_only,42
000545.SZ:2022,000545.SZ,validation,0,0.4363972246646881,0.4334900379180908,text_only,42
000545.SZ:2024,000545.SZ,test,0,0.42589592933654785,0.4334900379180908,text_only,42
000545.SZ:2025,000545.SZ,test,0,0.3962914049625397,0.4334900379180908,text_only,42
000553.SZ:2017,000553.SZ,train,0,0.4533551335334778,0.4334900379180908,text_only,42
000555.SZ:2017,000555.SZ,train,0,0.32378438115119934,0.4334900379180908,text_only,42
000555.SZ:2022,000555.SZ,validation,0,0.27629488706588745,0.4334900379180908,text_only,42
000555.SZ:2024,000555.SZ,test,0,0.27570241689682007,0.4334900379180908,text_only,42
000555.SZ:2025,000555.SZ,test,0,0.31107136607170105,0.4334900379180908,text_only,42
000557.SZ:2020,000557.SZ,train,0,0.355790376663208,0.4334900379180908,text_only,42
000557.SZ:2021,000557.SZ,train,0,0.4400065243244171,0.4334900379180908,text_only,42
000557.SZ:2022,000557.SZ,validation,0,0.38603857159614563,0.4334900379180908,text_only,42
000557.SZ:2024,000557.SZ,test,0,0.354674756526947,0.4334900379180908,text_only,42
000557.SZ:2025,000557.SZ,test,0,0.3284275531768799,0.4334900379180908,text_only,42
000576.SZ:2017,000576.SZ,train,0,0.4222019910812378,0.4334900379180908,text_only,42
000576.SZ:2021,000576.SZ,train,0,0.31720295548439026,0.4334900379180908,text_only,42
000576.SZ:2022,000576.SZ,validation,0,0.42810964584350586,0.4334900379180908,text_only,42
000576.SZ:2024,000576.SZ,test,0,0.37957295775413513,0.4334900379180908,text_only,42
000576.SZ:2025,000576.SZ,test,0,0.4598524868488312,0.4334900379180908,text_only,42
000581.SZ:2017,000581.SZ,train,0,0.48373648524284363,0.4334900379180908,text_only,42
000581.SZ:2018,000581.SZ,train,0,0.43198859691619873,0.4334900379180908,text_only,42
000581.SZ:2019,000581.SZ,train,0,0.4418570399284363,0.4334900379180908,text_only,42
000581.SZ:2020,000581.SZ,train,0,0.45624369382858276,0.4334900379180908,text_only,42
000581.SZ:2021,000581.SZ,train,0,0.37891650199890137,0.4334900379180908,text_only,42
000581.SZ:2022,000581.SZ,validation,0,0.43067076802253723,0.4334900379180908,text_only,42
000581.SZ:2024,000581.SZ,test,0,0.35262739658355713,0.4334900379180908,text_only,42
000581.SZ:2025,000581.SZ,test,0,0.3593026399612427,0.4334900379180908,text_only,42
000585.SZ:2017,000585.SZ,train,1,0.5950472354888916,0.4334900379180908,text_only,42
000589.SZ:2020,000589.SZ,train,0,0.4556688666343689,0.4334900379180908,text_only,42
000589.SZ:2021,000589.SZ,train,0,0.3966011703014374,0.4334900379180908,text_only,42
000589.SZ:2022,000589.SZ,validation,0,0.3335586190223694,0.4334900379180908,text_only,42
000589.SZ:2024,000589.SZ,test,0,0.37553173303604126,0.4334900379180908,text_only,42
000589.SZ:2025,000589.SZ,test,0,0.35266995429992676,0.4334900379180908,text_only,42
000593.SZ:2017,000593.SZ,train,0,0.4684654176235199,0.4334900379180908,text_only,42
000593.SZ:2018,000593.SZ,train,0,0.4942082464694977,0.4334900379180908,text_only,42
000593.SZ:2019,000593.SZ,train,0,0.5792440176010132,0.4334900379180908,text_only,42
000593.SZ:2020,000593.SZ,train,0,0.5247853994369507,0.4334900379180908,text_only,42
000593.SZ:2021,000593.SZ,train,0,0.48748621344566345,0.4334900379180908,text_only,42
000593.SZ:2022,000593.SZ,validation,0,0.42598503828048706,0.4334900379180908,text_only,42
000593.SZ:2025,000593.SZ,test,0,0.34544211626052856,0.4334900379180908,text_only,42
000598.SZ:2017,000598.SZ,train,0,0.319557785987854,0.4334900379180908,text_only,42
000598.SZ:2019,000598.SZ,train,0,0.3697523772716522,0.4334900379180908,text_only,42
000598.SZ:2020,000598.SZ,train,0,0.2931442856788635,0.4334900379180908,text_only,42
000598.SZ:2021,000598.SZ,train,0,0.3241773545742035,0.4334900379180908,text_only,42
000598.SZ:2022,000598.SZ,validation,0,0.2994624972343445,0.4334900379180908,text_only,42
000598.SZ:2024,000598.SZ,test,0,0.29551154375076294,0.4334900379180908,text_only,42
000598.SZ:2025,000598.SZ,test,0,0.2933148443698883,0.4334900379180908,text_only,42
000599.SZ:2017,000599.SZ,train,0,0.3171722888946533,0.4334900379180908,text_only,42
000599.SZ:2018,000599.SZ,train,0,0.30850693583488464,0.4334900379180908,text_only,42
000599.SZ:2019,000599.SZ,train,0,0.3682202696800232,0.4334900379180908,text_only,42
000599.SZ:2020,000599.SZ,train,0,0.3847140073776245,0.4334900379180908,text_only,42
000599.SZ:2021,000599.SZ,train,0,0.40116870403289795,0.4334900379180908,text_only,42
000599.SZ:2022,000599.SZ,validation,0,0.3629831075668335,0.4334900379180908,text_only,42
000599.SZ:2024,000599.SZ,test,0,0.32075145840644836,0.4334900379180908,text_only,42
000599.SZ:2025,000599.SZ,test,0,0.3619556725025177,0.4334900379180908,text_only,42
000610.SZ:2020,000610.SZ,train,0,0.30458930134773254,0.4334900379180908,text_only,42
000610.SZ:2021,000610.SZ,train,0,0.3298262357711792,0.4334900379180908,text_only,42
000610.SZ:2022,000610.SZ,validation,0,0.3392413556575775,0.4334900379180908,text_only,42
000610.SZ:2024,000610.SZ,test,0,0.388119637966156,0.4334900379180908,text_only,42
000610.SZ:2025,000610.SZ,test,1,0.3300539255142212,0.4334900379180908,text_only,42
000612.SZ:2020,000612.SZ,train,0,0.4575282335281372,0.4334900379180908,text_only,42
000612.SZ:2021,000612.SZ,train,0,0.42485031485557556,0.4334900379180908,text_only,42
000612.SZ:2022,000612.SZ,validation,0,0.444292277097702,0.4334900379180908,text_only,42
000612.SZ:2024,000612.SZ,test,0,0.476602166891098,0.4334900379180908,text_only,42
000612.SZ:2025,000612.SZ,test,0,0.4124199151992798,0.4334900379180908,text_only,42
000626.SZ:2017,000626.SZ,train,0,0.44751137495040894,0.4334900379180908,text_only,42
000626.SZ:2018,000626.SZ,train,0,0.5099821090698242,0.4334900379180908,text_only,42
000626.SZ:2020,000626.SZ,train,0,0.455990731716156,0.4334900379180908,text_only,42
000626.SZ:2021,000626.SZ,train,0,0.4434494078159332,0.4334900379180908,text_only,42
000626.SZ:2022,000626.SZ,validation,0,0.36576542258262634,0.4334900379180908,text_only,42
000626.SZ:2024,000626.SZ,test,0,0.3323940634727478,0.4334900379180908,text_only,42
000626.SZ:2025,000626.SZ,test,0,0.37588438391685486,0.4334900379180908,text_only,42
000629.SZ:2019,000629.SZ,train,0,0.3716374337673187,0.4334900379180908,text_only,42
000629.SZ:2020,000629.SZ,train,0,0.3947432339191437,0.4334900379180908,text_only,42
000629.SZ:2021,000629.SZ,train,0,0.37955889105796814,0.4334900379180908,text_only,42
000629.SZ:2022,000629.SZ,validation,0,0.3433676064014435,0.4334900379180908,text_only,42
000629.SZ:2024,000629.SZ,test,0,0.3229074478149414,0.4334900379180908,text_only,42
000629.SZ:2025,000629.SZ,test,0,0.3629820644855499,0.4334900379180908,text_only,42
000633.SZ:2018,000633.SZ,train,0,0.4630933403968811,0.4334900379180908,text_only,42
000633.SZ:2019,000633.SZ,train,0,0.381859689950943,0.4334900379180908,text_only,42
000633.SZ:2022,000633.SZ,validation,0,0.41620877385139465,0.4334900379180908,text_only,42
000633.SZ:2024,000633.SZ,test,0,0.4192904531955719,0.4334900379180908,text_only,42
000633.SZ:2025,000633.SZ,test,0,0.4036034941673279,0.4334900379180908,text_only,42
000635.SZ:2018,000635.SZ,train,0,0.4337121844291687,0.4334900379180908,text_only,42
000635.SZ:2019,000635.SZ,train,0,0.3783697485923767,0.4334900379180908,text_only,42
000635.SZ:2021,000635.SZ,train,0,0.4113644063472748,0.4334900379180908,text_only,42
000635.SZ:2022,000635.SZ,validation,0,0.37600454688072205,0.4334900379180908,text_only,42
000650.SZ:2017,000650.SZ,train,0,0.35482266545295715,0.4334900379180908,text_only,42
000650.SZ:2019,000650.SZ,train,0,0.40532782673835754,0.4334900379180908,text_only,42
000650.SZ:2020,000650.SZ,train,0,0.39297524094581604,0.4334900379180908,text_only,42
000650.SZ:2021,000650.SZ,train,0,0.3536602556705475,0.4334900379180908,text_only,42
000650.SZ:2022,000650.SZ,validation,0,0.3207952678203583,0.4334900379180908,text_only,42
000650.SZ:2024,000650.SZ,test,0,0.3568909168243408,0.4334900379180908,text_only,42
000650.SZ:2025,000650.SZ,test,0,0.3247542679309845,0.4334900379180908,text_only,42
000652.SZ:2017,000652.SZ,train,0,0.36738482117652893,0.4334900379180908,text_only,42
000652.SZ:2018,000652.SZ,train,0,0.3230780363082886,0.4334900379180908,text_only,42
000652.SZ:2019,000652.SZ,train,0,0.3019636273384094,0.4334900379180908,text_only,42
000652.SZ:2020,000652.SZ,train,0,0.3315330445766449,0.4334900379180908,text_only,42
000655.SZ:2017,000655.SZ,train,1,0.5310195684432983,0.4334900379180908,text_only,42
000655.SZ:2019,000655.SZ,train,0,0.5561442971229553,0.4334900379180908,text_only,42
000655.SZ:2020,000655.SZ,train,0,0.5523504614830017,0.4334900379180908,text_only,42
000655.SZ:2021,000655.SZ,train,0,0.5181096792221069,0.4334900379180908,text_only,42
000655.SZ:2022,000655.SZ,validation,0,0.5116915702819824,0.4334900379180908,text_only,42
000655.SZ:2024,000655.SZ,test,0,0.40864303708076477,0.4334900379180908,text_only,42
000655.SZ:2025,000655.SZ,test,0,0.4224131405353546,0.4334900379180908,text_only,42
000656.SZ:2020,000656.SZ,train,0,0.22108283638954163,0.4334900379180908,text_only,42
000656.SZ:2021,000656.SZ,train,0,0.2458263486623764,0.4334900379180908,text_only,42
000656.SZ:2022,000656.SZ,validation,0,0.24616824090480804,0.4334900379180908,text_only,42
000662.SZ:2018,000662.SZ,train,0,0.40478646755218506,0.4334900379180908,text_only,42
000665.SZ:2024,000665.SZ,test,0,0.34312140941619873,0.4334900379180908,text_only,42
000668.SZ:2017,000668.SZ,train,0,0.2668744623661041,0.4334900379180908,text_only,42
000668.SZ:2019,000668.SZ,train,0,0.32257217168807983,0.4334900379180908,text_only,42
000668.SZ:2021,000668.SZ,train,0,0.33111247420310974,0.4334900379180908,text_only,42
000668.SZ:2024,000668.SZ,test,1,0.28832587599754333,0.4334900379180908,text_only,42
000670.SZ:2017,000670.SZ,train,0,0.4628415107727051,0.4334900379180908,text_only,42
000670.SZ:2024,000670.SZ,test,0,0.503632128238678,0.4334900379180908,text_only,42
000670.SZ:2025,000670.SZ,test,0,0.4739924371242523,0.4334900379180908,text_only,42
000695.SZ:2017,000695.SZ,train,0,0.45385798811912537,0.4334900379180908,text_only,42
000695.SZ:2018,000695.SZ,train,0,0.4717636704444885,0.4334900379180908,text_only,42
000695.SZ:2019,000695.SZ,train,0,0.44264107942581177,0.4334900379180908,text_only,42
000695.SZ:2020,000695.SZ,train,0,0.3196977972984314,0.4334900379180908,text_only,42
000695.SZ:2021,000695.SZ,train,0,0.40452292561531067,0.4334900379180908,text_only,42
000695.SZ:2024,000695.SZ,test,0,0.41584745049476624,0.4334900379180908,text_only,42
000695.SZ:2025,000695.SZ,test,0,0.46917128562927246,0.4334900379180908,text_only,42
000709.SZ:2017,000709.SZ,train,0,0.43411463499069214,0.4334900379180908,text_only,42
000709.SZ:2020,000709.SZ,train,0,0.3869903087615967,0.4334900379180908,text_only,42
000709.SZ:2021,000709.SZ,train,0,0.35134759545326233,0.4334900379180908,text_only,42
000709.SZ:2022,000709.SZ,validation,0,0.3471255302429199,0.4334900379180908,text_only,42
000709.SZ:2024,000709.SZ,test,0,0.2992151081562042,0.4334900379180908,text_only,42
000709.SZ:2025,000709.SZ,test,0,0.35216161608695984,0.4334900379180908,text_only,42
000715.SZ:2017,000715.SZ,train,0,0.403942346572876,0.4334900379180908,text_only,42
000715.SZ:2018,000715.SZ,train,0,0.34611743688583374,0.4334900379180908,text_only,42
000715.SZ:2019,000715.SZ,train,0,0.3035648465156555,0.4334900379180908,text_only,42
000715.SZ:2020,000715.SZ,train,0,0.3315856456756592,0.4334900379180908,text_only,42
000715.SZ:2021,000715.SZ,train,0,0.3123326897621155,0.4334900379180908,text_only,42
000715.SZ:2022,000715.SZ,validation,0,0.36952918767929077,0.4334900379180908,text_only,42
000715.SZ:2024,000715.SZ,test,0,0.40444687008857727,0.4334900379180908,text_only,42
000715.SZ:2025,000715.SZ,test,0,0.3445214033126831,0.4334900379180908,text_only,42
000718.SZ:2018,000718.SZ,train,0,0.27868470549583435,0.4334900379180908,text_only,42
000718.SZ:2019,000718.SZ,train,0,0.29729732871055603,0.4334900379180908,text_only,42
000718.SZ:2020,000718.SZ,train,0,0.22289535403251648,0.4334900379180908,text_only,42
000718.SZ:2021,000718.SZ,train,0,0.2191416174173355,0.4334900379180908,text_only,42
000718.SZ:2022,000718.SZ,validation,0,0.25091055035591125,0.4334900379180908,text_only,42
000718.SZ:2024,000718.SZ,test,0,0.2884162366390228,0.4334900379180908,text_only,42
000718.SZ:2025,000718.SZ,test,0,0.26288148760795593,0.4334900379180908,text_only,42
000727.SZ:2017,000727.SZ,train,0,0.475176066160202,0.4334900379180908,text_only,42
000727.SZ:2021,000727.SZ,train,0,0.5550970435142517,0.4334900379180908,text_only,42
000739.SZ:2018,000739.SZ,train,0,0.3335989713668823,0.4334900379180908,text_only,42
000739.SZ:2019,000739.SZ,train,0,0.3751053512096405,0.4334900379180908,text_only,42
000739.SZ:2020,000739.SZ,train,0,0.3143365979194641,0.4334900379180908,text_only,42
000739.SZ:2021,000739.SZ,train,0,0.3296596109867096,0.4334900379180908,text_only,42
000739.SZ:2022,000739.SZ,validation,0,0.38362589478492737,0.4334900379180908,text_only,42
000739.SZ:2024,000739.SZ,test,0,0.3292267322540283,0.4334900379180908,text_only,42
000739.SZ:2025,000739.SZ,test,0,0.3180903494358063,0.4334900379180908,text_only,42
000786.SZ:2020,000786.SZ,train,0,0.3041120767593384,0.4334900379180908,text_only,42
000786.SZ:2021,000786.SZ,train,0,0.3529403805732727,0.4334900379180908,text_only,42
000786.SZ:2022,000786.SZ,validation,0,0.2844758629798889,0.4334900379180908,text_only,42
000786.SZ:2024,000786.SZ,test,0,0.31530871987342834,0.4334900379180908,text_only,42
000786.SZ:2025,000786.SZ,test,0,0.34732797741889954,0.4334900379180908,text_only,42
000797.SZ:2017,000797.SZ,train,0,0.2657500207424164,0.4334900379180908,text_only,42
000797.SZ:2018,000797.SZ,train,0,0.24085740745067596,0.4334900379180908,text_only,42
000797.SZ:2019,000797.SZ,train,0,0.24538885056972504,0.4334900379180908,text_only,42
000797.SZ:2020,000797.SZ,train,0,0.2140926867723465,0.4334900379180908,text_only,42
000797.SZ:2021,000797.SZ,train,0,0.20069092512130737,0.4334900379180908,text_only,42
000797.SZ:2022,000797.SZ,validation,0,0.2201170027256012,0.4334900379180908,text_only,42
000797.SZ:2024,000797.SZ,test,0,0.2356870174407959,0.4334900379180908,text_only,42
000797.SZ:2025,000797.SZ,test,0,0.2637024223804474,0.4334900379180908,text_only,42
000800.SZ:2017,000800.SZ,train,0,0.403938889503479,0.4334900379180908,text_only,42
000800.SZ:2019,000800.SZ,train,0,0.33722490072250366,0.4334900379180908,text_only,42
000800.SZ:2020,000800.SZ,train,0,0.3736013174057007,0.4334900379180908,text_only,42
000800.SZ:2021,000800.SZ,train,0,0.39332354068756104,0.4334900379180908,text_only,42
000800.SZ:2022,000800.SZ,validation,0,0.3200613856315613,0.4334900379180908,text_only,42
000800.SZ:2024,000800.SZ,test,0,0.4045698344707489,0.4334900379180908,text_only,42
000800.SZ:2025,000800.SZ,test,0,0.320639044046402,0.4334900379180908,text_only,42
000807.SZ:2017,000807.SZ,train,0,0.49300938844680786,0.4334900379180908,text_only,42
000807.SZ:2019,000807.SZ,train,0,0.46749308705329895,0.4334900379180908,text_only,42
000807.SZ:2020,000807.SZ,train,0,0.5069138407707214,0.4334900379180908,text_only,42
000807.SZ:2021,000807.SZ,train,0,0.4922929108142853,0.4334900379180908,text_only,42
000807.SZ:2022,000807.SZ,validation,0,0.37476029992103577,0.4334900379180908,text_only,42
000807.SZ:2024,000807.SZ,test,0,0.3953104615211487,0.4334900379180908,text_only,42
000821.SZ:2022,000821.SZ,validation,0,0.33918341994285583,0.4334900379180908,text_only,42
000821.SZ:2024,000821.SZ,test,0,0.39370107650756836,0.4334900379180908,text_only,42
000821.SZ:2025,000821.SZ,test,1,0.4197559058666229,0.4334900379180908,text_only,42
000822.SZ:2020,000822.SZ,train,0,0.385804682970047,0.4334900379180908,text_only,42
000823.SZ:2017,000823.SZ,train,0,0.4742755889892578,0.4334900379180908,text_only,42
000823.SZ:2018,000823.SZ,train,0,0.5039344429969788,0.4334900379180908,text_only,42
000823.SZ:2019,000823.SZ,train,0,0.40300899744033813,0.4334900379180908,text_only,42
000823.SZ:2020,000823.SZ,train,0,0.4844997227191925,0.4334900379180908,text_only,42
000823.SZ:2021,000823.SZ,train,0,0.42957833409309387,0.4334900379180908,text_only,42
000823.SZ:2022,000823.SZ,validation,0,0.4621853232383728,0.4334900379180908,text_only,42
000823.SZ:2024,000823.SZ,test,0,0.39534300565719604,0.4334900379180908,text_only,42
000823.SZ:2025,000823.SZ,test,0,0.39977821707725525,0.4334900379180908,text_only,42
000830.SZ:2017,000830.SZ,train,0,0.3653508722782135,0.4334900379180908,text_only,42
000830.SZ:2018,000830.SZ,train,0,0.28841304779052734,0.4334900379180908,text_only,42
000830.SZ:2019,000830.SZ,train,0,0.2830777168273926,0.4334900379180908,text_only,42
000830.SZ:2020,000830.SZ,train,0,0.2957746088504791,0.4334900379180908,text_only,42
000830.SZ:2021,000830.SZ,train,0,0.37443456053733826,0.4334900379180908,text_only,42
000830.SZ:2022,000830.SZ,validation,0,0.37622469663619995,0.4334900379180908,text_only,42
000830.SZ:2024,000830.SZ,test,0,0.39105284214019775,0.4334900379180908,text_only,42
000830.SZ:2025,000830.SZ,test,0,0.4159509837627411,0.4334900379180908,text_only,42
000835.SZ:2018,000835.SZ,train,0,0.3176458775997162,0.4334900379180908,text_only,42
000835.SZ:2019,000835.SZ,train,0,0.42884361743927,0.4334900379180908,text_only,42
000850.SZ:2017,000850.SZ,train,0,0.4311601221561432,0.4334900379180908,text_only,42
000850.SZ:2018,000850.SZ,train,0,0.46146485209465027,0.4334900379180908,text_only,42
000850.SZ:2019,000850.SZ,train,0,0.4877243936061859,0.4334900379180908,text_only,42
000850.SZ:2021,000850.SZ,train,0,0.3744163513183594,0.4334900379180908,text_only,42
000850.SZ:2022,000850.SZ,validation,0,0.37113842368125916,0.4334900379180908,text_only,42
000850.SZ:2024,000850.SZ,test,0,0.386563241481781,0.4334900379180908,text_only,42
000850.SZ:2025,000850.SZ,test,0,0.4453800320625305,0.4334900379180908,text_only,42
000861.SZ:2017,000861.SZ,train,0,0.26359957456588745,0.4334900379180908,text_only,42
000861.SZ:2019,000861.SZ,train,0,0.26438993215560913,0.4334900379180908,text_only,42
000861.SZ:2020,000861.SZ,train,0,0.2968488335609436,0.4334900379180908,text_only,42
000861.SZ:2021,000861.SZ,train,0,0.3211992084980011,0.4334900379180908,text_only,42
000861.SZ:2022,000861.SZ,validation,0,0.32263433933258057,0.4334900379180908,text_only,42
000868.SZ:2021,000868.SZ,train,0,0.4469207525253296,0.4334900379180908,text_only,42
000868.SZ:2022,000868.SZ,validation,0,0.4019213914871216,0.4334900379180908,text_only,42
000883.SZ:2017,000883.SZ,train,0,0.42704081535339355,0.4334900379180908,text_only,42
000883.SZ:2018,000883.SZ,train,0,0.4327591359615326,0.4334900379180908,text_only,42
000883.SZ:2019,000883.SZ,train,0,0.3682129383087158,0.4334900379180908,text_only,42
000883.SZ:2020,000883.SZ,train,0,0.41249772906303406,0.4334900379180908,text_only,42
000883.SZ:2021,000883.SZ,train,0,0.486967533826828,0.4334900379180908,text_only,42
000883.SZ:2022,000883.SZ,validation,0,0.5216981172561646,0.4334900379180908,text_only,42
000883.SZ:2024,000883.SZ,test,0,0.4145407974720001,0.4334900379180908,text_only,42
000890.SZ:2017,000890.SZ,train,0,0.49395129084587097,0.4334900379180908,text_only,42
000890.SZ:2019,000890.SZ,train,1,0.5410819053649902,0.4334900379180908,text_only,42
000890.SZ:2022,000890.SZ,validation,0,0.45544716715812683,0.4334900379180908,text_only,42
000890.SZ:2024,000890.SZ,test,0,0.4009547531604767,0.4334900379180908,text_only,42
000890.SZ:2025,000890.SZ,test,0,0.443742036819458,0.4334900379180908,text_only,42
000897.SZ:2021,000897.SZ,train,0,0.26665201783180237,0.4334900379180908,text_only,42
000897.SZ:2024,000897.SZ,test,0,0.27574506402015686,0.4334900379180908,text_only,42
000903.SZ:2017,000903.SZ,train,0,0.47680532932281494,0.4334900379180908,text_only,42
000903.SZ:2018,000903.SZ,train,0,0.4821988046169281,0.4334900379180908,text_only,42
000903.SZ:2019,000903.SZ,train,0,0.4004935324192047,0.4334900379180908,text_only,42
000903.SZ:2020,000903.SZ,train,0,0.3253966271877289,0.4334900379180908,text_only,42
000903.SZ:2021,000903.SZ,train,0,0.4251730442047119,0.4334900379180908,text_only,42
000903.SZ:2022,000903.SZ,validation,0,0.32144469022750854,0.4334900379180908,text_only,42
000903.SZ:2024,000903.SZ,test,0,0.3540039658546448,0.4334900379180908,text_only,42
000903.SZ:2025,000903.SZ,test,1,0.3829202651977539,0.4334900379180908,text_only,42
000920.SZ:2017,000920.SZ,train,0,0.3776363432407379,0.4334900379180908,text_only,42
000920.SZ:2018,000920.SZ,train,0,0.31237390637397766,0.4334900379180908,text_only,42
000920.SZ:2019,000920.SZ,train,0,0.3860511779785156,0.4334900379180908,text_only,42
000920.SZ:2020,000920.SZ,train,0,0.3766985237598419,0.4334900379180908,text_only,42
000920.SZ:2021,000920.SZ,train,0,0.38970786333084106,0.4334900379180908,text_only,42
000920.SZ:2022,000920.SZ,validation,0,0.40117451548576355,0.4334900379180908,text_only,42
000920.SZ:2024,000920.SZ,test,0,0.3411935865879059,0.4334900379180908,text_only,42
000920.SZ:2025,000920.SZ,test,0,0.3824920356273651,0.4334900379180908,text_only,42
000925.SZ:2017,000925.SZ,train,0,0.40759411454200745,0.4334900379180908,text_only,42
000925.SZ:2018,000925.SZ,train,0,0.4469166696071625,0.4334900379180908,text_only,42
000925.SZ:2019,000925.SZ,train,0,0.38077548146247864,0.4334900379180908,text_only,42
000925.SZ:2020,000925.SZ,train,0,0.40036195516586304,0.4334900379180908,text_only,42
000925.SZ:2021,000925.SZ,train,0,0.3924216032028198,0.4334900379180908,text_only,42
000925.SZ:2022,000925.SZ,validation,0,0.3427864909172058,0.4334900379180908,text_only,42
000925.SZ:2024,000925.SZ,test,0,0.32308387756347656,0.4334900379180908,text_only,42
000925.SZ:2025,000925.SZ,test,0,0.31760072708129883,0.4334900379180908,text_only,42
000933.SZ:2018,000933.SZ,train,0,0.47146210074424744,0.4334900379180908,text_only,42
000933.SZ:2019,000933.SZ,train,0,0.47275105118751526,0.4334900379180908,text_only,42
000933.SZ:2020,000933.SZ,train,0,0.39838576316833496,0.4334900379180908,text_only,42
000933.SZ:2021,000933.SZ,train,0,0.41495218873023987,0.4334900379180908,text_only,42
000933.SZ:2022,000933.SZ,validation,0,0.4608329236507416,0.4334900379180908,text_only,42
000933.SZ:2024,000933.SZ,test,0,0.3859269320964813,0.4334900379180908,text_only,42
000933.SZ:2025,000933.SZ,test,0,0.5077316761016846,0.4334900379180908,text_only,42
000937.SZ:2017,000937.SZ,train,0,0.3938227891921997,0.4334900379180908,text_only,42
000937.SZ:2018,000937.SZ,train,0,0.40361708402633667,0.4334900379180908,text_only,42
000937.SZ:2019,000937.SZ,train,0,0.41570550203323364,0.4334900379180908,text_only,42
000937.SZ:2020,000937.SZ,train,0,0.4125797748565674,0.4334900379180908,text_only,42
000937.SZ:2024,000937.SZ,test,0,0.4270915687084198,0.4334900379180908,text_only,42
000982.SZ:2022,000982.SZ,validation,0,0.48973768949508667,0.4334900379180908,text_only,42
000989.SZ:2017,000989.SZ,train,0,0.37579917907714844,0.4334900379180908,text_only,42
000989.SZ:2020,000989.SZ,train,0,0.3173953592777252,0.4334900379180908,text_only,42
000989.SZ:2021,000989.SZ,train,0,0.31184908747673035,0.4334900379180908,text_only,42
000989.SZ:2022,000989.SZ,validation,0,0.3162173926830292,0.4334900379180908,text_only,42
000990.SZ:2020,000990.SZ,train,0,0.31538522243499756,0.4334900379180908,text_only,42
000990.SZ:2021,000990.SZ,train,0,0.44190534949302673,0.4334900379180908,text_only,42
000990.SZ:2022,000990.SZ,validation,0,0.3910737931728363,0.4334900379180908,text_only,42
000990.SZ:2024,000990.SZ,test,0,0.3904436528682709,0.4334900379180908,text_only,42
000990.SZ:2025,000990.SZ,test,0,0.41475239396095276,0.4334900379180908,text_only,42
001201.SZ:2024,001201.SZ,test,0,0.4589594304561615,0.4334900379180908,text_only,42
001201.SZ:2025,001201.SZ,test,0,0.38193559646606445,0.4334900379180908,text_only,42
001215.SZ:2025,001215.SZ,test,0,0.3207603991031647,0.4334900379180908,text_only,42
001216.SZ:2025,001216.SZ,test,0,0.36991792917251587,0.4334900379180908,text_only,42
001296.SZ:2025,001296.SZ,test,0,0.45413511991500854,0.4334900379180908,text_only,42
002002.SZ:2022,002002.SZ,validation,0,0.38681352138519287,0.4334900379180908,text_only,42
002014.SZ:2017,002014.SZ,train,0,0.39374303817749023,0.4334900379180908,text_only,42
002014.SZ:2018,002014.SZ,train,0,0.42476537823677063,0.4334900379180908,text_only,42
002014.SZ:2019,002014.SZ,train,0,0.39078834652900696,0.4334900379180908,text_only,42
002014.SZ:2020,002014.SZ,train,0,0.30228474736213684,0.4334900379180908,text_only,42
002014.SZ:2021,002014.SZ,train,0,0.46668189764022827,0.4334900379180908,text_only,42
002014.SZ:2022,002014.SZ,validation,0,0.407123863697052,0.4334900379180908,text_only,42
002014.SZ:2024,002014.SZ,test,0,0.32841411232948303,0.4334900379180908,text_only,42
002016.SZ:2017,002016.SZ,train,0,0.25406089425086975,0.4334900379180908,text_only,42
002016.SZ:2018,002016.SZ,train,0,0.29033905267715454,0.4334900379180908,text_only,42
002016.SZ:2019,002016.SZ,train,0,0.301704078912735,0.4334900379180908,text_only,42
002016.SZ:2020,002016.SZ,train,0,0.2543293535709381,0.4334900379180908,text_only,42
002016.SZ:2021,002016.SZ,train,0,0.2275574505329132,0.4334900379180908,text_only,42
002016.SZ:2022,002016.SZ,validation,0,0.3011890649795532,0.4334900379180908,text_only,42
002016.SZ:2024,002016.SZ,test,0,0.2754235863685608,0.4334900379180908,text_only,42
002016.SZ:2025,002016.SZ,test,0,0.23245109617710114,0.4334900379180908,text_only,42
002021.SZ:2017,002021.SZ,train,0,0.4729659855365753,0.4334900379180908,text_only,42
002021.SZ:2018,002021.SZ,train,1,0.6021066904067993,0.4334900379180908,text_only,42
002021.SZ:2025,002021.SZ,test,0,0.4460085928440094,0.4334900379180908,text_only,42
002027.SZ:2019,002027.SZ,train,0,0.4174801707267761,0.4334900379180908,text_only,42
002027.SZ:2020,002027.SZ,train,0,0.4385564625263214,0.4334900379180908,text_only,42
002027.SZ:2021,002027.SZ,train,0,0.34252798557281494,0.4334900379180908,text_only,42
002027.SZ:2022,002027.SZ,validation,0,0.4020827114582062,0.4334900379180908,text_only,42
002027.SZ:2024,002027.SZ,test,0,0.37628722190856934,0.4334900379180908,text_only,42
002027.SZ:2025,002027.SZ,test,0,0.3156144320964813,0.4334900379180908,text_only,42
002033.SZ:2019,002033.SZ,train,0,0.3469521999359131,0.4334900379180908,text_only,42
002033.SZ:2020,002033.SZ,train,0,0.3190063536167145,0.4334900379180908,text_only,42
002033.SZ:2021,002033.SZ,train,0,0.38467592000961304,0.4334900379180908,text_only,42
002033.SZ:2022,002033.SZ,validation,0,0.3196271061897278,0.4334900379180908,text_only,42
002033.SZ:2024,002033.SZ,test,0,0.2681528329849243,0.4334900379180908,text_only,42
002033.SZ:2025,002033.SZ,test,0,0.32560691237449646,0.4334900379180908,text_only,42
002039.SZ:2017,002039.SZ,train,0,0.5535091757774353,0.4334900379180908,text_only,42
002039.SZ:2019,002039.SZ,train,0,0.524901807308197,0.4334900379180908,text_only,42
002039.SZ:2020,002039.SZ,train,0,0.4747117757797241,0.4334900379180908,text_only,42
002039.SZ:2021,002039.SZ,train,0,0.4985920488834381,0.4334900379180908,text_only,42
002039.SZ:2022,002039.SZ,validation,0,0.442036509513855,0.4334900379180908,text_only,42
002039.SZ:2024,002039.SZ,test,0,0.3753156363964081,0.4334900379180908,text_only,42
002040.SZ:2017,002040.SZ,train,0,0.45714643597602844,0.4334900379180908,text_only,42
002040.SZ:2018,002040.SZ,train,0,0.4502282738685608,0.4334900379180908,text_only,42
002040.SZ:2019,002040.SZ,train,0,0.4062287509441376,0.4334900379180908,text_only,42
002040.SZ:2020,002040.SZ,train,0,0.4010459780693054,0.4334900379180908,text_only,42
002040.SZ:2021,002040.SZ,train,0,0.35886654257774353,0.4334900379180908,text_only,42
002040.SZ:2024,002040.SZ,test,0,0.40116211771965027,0.4334900379180908,text_only,42
002041.SZ:2017,002041.SZ,train,0,0.4446301758289337,0.4334900379180908,text_only,42
002041.SZ:2018,002041.SZ,train,0,0.4413912892341614,0.4334900379180908,text_only,42
002041.SZ:2019,002041.SZ,train,0,0.3404267728328705,0.4334900379180908,text_only,42
002041.SZ:2020,002041.SZ,train,0,0.4307062029838562,0.4334900379180908,text_only,42
002041.SZ:2021,002041.SZ,train,0,0.3366672694683075,0.4334900379180908,text_only,42
002041.SZ:2022,002041.SZ,validation,0,0.4026656448841095,0.4334900379180908,text_only,42
002041.SZ:2024,002041.SZ,test,0,0.3124684989452362,0.4334900379180908,text_only,42
002041.SZ:2025,002041.SZ,test,0,0.3524714708328247,0.4334900379180908,text_only,42
002046.SZ:2018,002046.SZ,train,0,0.45443183183670044,0.4334900379180908,text_only,42
002046.SZ:2019,002046.SZ,train,0,0.43966394662857056,0.4334900379180908,text_only,42
002046.SZ:2020,002046.SZ,train,0,0.4462612271308899,0.4334900379180908,text_only,42
002046.SZ:2021,002046.SZ,train,0,0.2883504033088684,0.4334900379180908,text_only,42
002046.SZ:2022,002046.SZ,validation,0,0.3186739981174469,0.4334900379180908,text_only,42
002046.SZ:2024,002046.SZ,test,0,0.38577529788017273,0.4334900379180908,text_only,42
002046.SZ:2025,002046.SZ,test,0,0.3681126832962036,0.4334900379180908,text_only,42
002050.SZ:2017,002050.SZ,train,0,0.38107383251190186,0.4334900379180908,text_only,42
002050.SZ:2018,002050.SZ,train,0,0.3730447590351105,0.4334900379180908,text_only,42
002050.SZ:2019,002050.SZ,train,0,0.35444608330726624,0.4334900379180908,text_only,42
002050.SZ:2020,002050.SZ,train,0,0.2864220142364502,0.4334900379180908,text_only,42
002050.SZ:2021,002050.SZ,train,0,0.38854458928108215,0.4334900379180908,text_only,42
002050.SZ:2022,002050.SZ,validation,0,0.359110563993454,0.4334900379180908,text_only,42
002050.SZ:2024,002050.SZ,test,0,0.36645981669425964,0.4334900379180908,text_only,42
002050.SZ:2025,002050.SZ,test,0,0.4202677011489868,0.4334900379180908,text_only,42
002053.SZ:2018,002053.SZ,train,0,0.43788301944732666,0.4334900379180908,text_only,42
002053.SZ:2019,002053.SZ,train,0,0.4518187642097473,0.4334900379180908,text_only,42
002053.SZ:2020,002053.SZ,train,0,0.4014720022678375,0.4334900379180908,text_only,42
002053.SZ:2021,002053.SZ,train,0,0.41753482818603516,0.4334900379180908,text_only,42
002053.SZ:2022,002053.SZ,validation,0,0.423587828874588,0.4334900379180908,text_only,42
002053.SZ:2024,002053.SZ,test,0,0.45544207096099854,0.4334900379180908,text_only,42
002056.SZ:2020,002056.SZ,train,0,0.4703664779663086,0.4334900379180908,text_only,42
002056.SZ:2021,002056.SZ,train,0,0.39863795042037964,0.4334900379180908,text_only,42
002056.SZ:2022,002056.SZ,validation,0,0.4507962763309479,0.4334900379180908,text_only,42
002056.SZ:2024,002056.SZ,test,0,0.38938331604003906,0.4334900379180908,text_only,42
002056.SZ:2025,002056.SZ,test,0,0.371959388256073,0.4334900379180908,text_only,42
002064.SZ:2017,002064.SZ,train,0,0.40529412031173706,0.4334900379180908,text_only,42
002064.SZ:2018,002064.SZ,train,0,0.34205687046051025,0.4334900379180908,text_only,42
002064.SZ:2019,002064.SZ,train,0,0.3958895802497864,0.4334900379180908,text_only,42
002064.SZ:2020,002064.SZ,train,0,0.33357441425323486,0.4334900379180908,text_only,42
002064.SZ:2022,002064.SZ,validation,0,0.37671732902526855,0.4334900379180908,text_only,42
002064.SZ:2024,002064.SZ,test,0,0.34377095103263855,0.4334900379180908,text_only,42
002064.SZ:2025,002064.SZ,test,0,0.3616057336330414,0.4334900379180908,text_only,42
002069.SZ:2017,002069.SZ,train,0,0.3609466254711151,0.4334900379180908,text_only,42
002069.SZ:2018,002069.SZ,train,0,0.3514343798160553,0.4334900379180908,text_only,42
002069.SZ:2019,002069.SZ,train,0,0.3478509485721588,0.4334900379180908,text_only,42
002069.SZ:2020,002069.SZ,train,0,0.4352610111236572,0.4334900379180908,text_only,42
002069.SZ:2021,002069.SZ,train,0,0.4887881278991699,0.4334900379180908,text_only,42
002069.SZ:2022,002069.SZ,validation,1,0.382628858089447,0.4334900379180908,text_only,42
002069.SZ:2024,002069.SZ,test,0,0.3179124891757965,0.4334900379180908,text_only,42
002071.SZ:2017,002071.SZ,train,0,0.3460354208946228,0.4334900379180908,text_only,42
002092.SZ:2020,002092.SZ,train,0,0.34939321875572205,0.4334900379180908,text_only,42
002092.SZ:2021,002092.SZ,train,0,0.5081729292869568,0.4334900379180908,text_only,42
002092.SZ:2022,002092.SZ,validation,0,0.3759461045265198,0.4334900379180908,text_only,42
002092.SZ:2024,002092.SZ,test,1,0.34737130999565125,0.4334900379180908,text_only,42
002102.SZ:2025,002102.SZ,test,1,0.45034775137901306,0.4334900379180908,text_only,42
002106.SZ:2017,002106.SZ,train,0,0.35212442278862,0.4334900379180908,text_only,42
002110.SZ:2019,002110.SZ,train,0,0.3264485001564026,0.4334900379180908,text_only,42
002110.SZ:2020,002110.SZ,train,0,0.3221352696418762,0.4334900379180908,text_only,42
002110.SZ:2021,002110.SZ,train,0,0.2980673015117645,0.4334900379180908,text_only,42
002110.SZ:2022,002110.SZ,validation,0,0.4099665582180023,0.4334900379180908,text_only,42
002110.SZ:2024,002110.SZ,test,0,0.35987403988838196,0.4334900379180908,text_only,42
002110.SZ:2025,002110.SZ,test,0,0.43668660521507263,0.4334900379180908,text_only,42
002112.SZ:2017,002112.SZ,train,0,0.45166441798210144,0.4334900379180908,text_only,42
002112.SZ:2018,002112.SZ,train,0,0.4969620406627655,0.4334900379180908,text_only,42
002112.SZ:2021,002112.SZ,train,0,0.46105653047561646,0.4334900379180908,text_only,42
002112.SZ:2022,002112.SZ,validation,0,0.4807118773460388,0.4334900379180908,text_only,42
002112.SZ:2024,002112.SZ,test,0,0.42798250913619995,0.4334900379180908,text_only,42
002112.SZ:2025,002112.SZ,test,0,0.3572099208831787,0.4334900379180908,text_only,42
002117.SZ:2019,002117.SZ,train,0,0.39856410026550293,0.4334900379180908,text_only,42
002117.SZ:2020,002117.SZ,train,0,0.3762381672859192,0.4334900379180908,text_only,42
002117.SZ:2021,002117.SZ,train,0,0.31679195165634155,0.4334900379180908,text_only,42
002117.SZ:2022,002117.SZ,validation,0,0.3209461569786072,0.4334900379180908,text_only,42
002117.SZ:2024,002117.SZ,test,0,0.36352670192718506,0.4334900379180908,text_only,42
002120.SZ:2017,002120.SZ,train,0,0.3304787278175354,0.4334900379180908,text_only,42
002120.SZ:2018,002120.SZ,train,0,0.3732592761516571,0.4334900379180908,text_only,42
002120.SZ:2019,002120.SZ,train,0,0.4072782099246979,0.4334900379180908,text_only,42
002120.SZ:2020,002120.SZ,train,0,0.32311007380485535,0.4334900379180908,text_only,42
002120.SZ:2021,002120.SZ,train,0,0.4210045039653778,0.4334900379180908,text_only,42
002120.SZ:2022,002120.SZ,validation,0,0.3476715683937073,0.4334900379180908,text_only,42
002120.SZ:2024,002120.SZ,test,0,0.3364916145801544,0.4334900379180908,text_only,42
002120.SZ:2025,002120.SZ,test,0,0.30401211977005005,0.4334900379180908,text_only,42
002121.SZ:2017,002121.SZ,train,0,0.35796934366226196,0.4334900379180908,text_only,42
002121.SZ:2018,002121.SZ,train,0,0.3922562003135681,0.4334900379180908,text_only,42
002121.SZ:2022,002121.SZ,validation,0,0.4230256974697113,0.4334900379180908,text_only,42
002121.SZ:2024,002121.SZ,test,0,0.4266613721847534,0.4334900379180908,text_only,42
002121.SZ:2025,002121.SZ,test,0,0.46018674969673157,0.4334900379180908,text_only,42
002125.SZ:2017,002125.SZ,train,0,0.3272254765033722,0.4334900379180908,text_only,42
002125.SZ:2018,002125.SZ,train,0,0.36354348063468933,0.4334900379180908,text_only,42
002125.SZ:2019,002125.SZ,train,0,0.37234893441200256,0.4334900379180908,text_only,42
002125.SZ:2020,002125.SZ,train,0,0.40206754207611084,0.4334900379180908,text_only,42
002125.SZ:2021,002125.SZ,train,0,0.3745892345905304,0.4334900379180908,text_only,42
002125.SZ:2022,002125.SZ,validation,0,0.44964078068733215,0.4334900379180908,text_only,42
002125.SZ:2024,002125.SZ,test,0,0.42697983980178833,0.4334900379180908,text_only,42
002125.SZ:2025,002125.SZ,test,0,0.4183676242828369,0.4334900379180908,text_only,42
002140.SZ:2017,002140.SZ,train,0,0.33161619305610657,0.4334900379180908,text_only,42
002140.SZ:2018,002140.SZ,train,0,0.3474845588207245,0.4334900379180908,text_only,42
002140.SZ:2019,002140.SZ,train,0,0.3058472275733948,0.4334900379180908,text_only,42
002140.SZ:2020,002140.SZ,train,0,0.28584274649620056,0.4334900379180908,text_only,42
002140.SZ:2021,002140.SZ,train,0,0.28702300786972046,0.4334900379180908,text_only,42
002140.SZ:2022,002140.SZ,validation,0,0.28483033180236816,0.4334900379180908,text_only,42
002140.SZ:2024,002140.SZ,test,0,0.2813907861709595,0.4334900379180908,text_only,42
002140.SZ:2025,002140.SZ,test,0,0.31162551045417786,0.4334900379180908,text_only,42
002141.SZ:2017,002141.SZ,train,0,0.3902585208415985,0.4334900379180908,text_only,42
002141.SZ:2018,002141.SZ,train,0,0.3614593744277954,0.4334900379180908,text_only,42
002141.SZ:2019,002141.SZ,train,0,0.391503244638443,0.4334900379180908,text_only,42
002141.SZ:2020,002141.SZ,train,0,0.4076763689517975,0.4334900379180908,text_only,42
002141.SZ:2021,002141.SZ,train,0,0.44965484738349915,0.4334900379180908,text_only,42
002141.SZ:2022,002141.SZ,validation,0,0.40662387013435364,0.4334900379180908,text_only,42
002145.SZ:2017,002145.SZ,train,0,0.4009336233139038,0.4334900379180908,text_only,42
002145.SZ:2018,002145.SZ,train,0,0.34709101915359497,0.4334900379180908,text_only,42
002145.SZ:2019,002145.SZ,train,0,0.40999382734298706,0.4334900379180908,text_only,42
002145.SZ:2020,002145.SZ,train,0,0.37008264660835266,0.4334900379180908,text_only,42
002154.SZ:2018,002154.SZ,train,0,0.3752260208129883,0.4334900379180908,text_only,42
002154.SZ:2020,002154.SZ,train,0,0.29331421852111816,0.4334900379180908,text_only,42
002154.SZ:2021,002154.SZ,train,0,0.36000311374664307,0.4334900379180908,text_only,42
002154.SZ:2022,002154.SZ,validation,0,0.32175108790397644,0.4334900379180908,text_only,42
002154.SZ:2024,002154.SZ,test,0,0.2963131368160248,0.4334900379180908,text_only,42
002154.SZ:2025,002154.SZ,test,0,0.31964394450187683,0.4334900379180908,text_only,42
002160.SZ:2022,002160.SZ,validation,0,0.45004990696907043,0.4334900379180908,text_only,42
002160.SZ:2024,002160.SZ,test,0,0.38336971402168274,0.4334900379180908,text_only,42
002160.SZ:2025,002160.SZ,test,0,0.4750663638114929,0.4334900379180908,text_only,42
002169.SZ:2020,002169.SZ,train,0,0.3467860519886017,0.4334900379180908,text_only,42
002169.SZ:2021,002169.SZ,train,0,0.38987094163894653,0.4334900379180908,text_only,42
002169.SZ:2022,002169.SZ,validation,0,0.4574468433856964,0.4334900379180908,text_only,42
002169.SZ:2024,002169.SZ,test,0,0.425111323595047,0.4334900379180908,text_only,42
002181.SZ:2017,002181.SZ,train,0,0.32802990078926086,0.4334900379180908,text_only,42
002181.SZ:2018,002181.SZ,train,0,0.3260388672351837,0.4334900379180908,text_only,42
002181.SZ:2019,002181.SZ,train,0,0.3861510753631592,0.4334900379180908,text_only,42
002181.SZ:2020,002181.SZ,train,0,0.3627346158027649,0.4334900379180908,text_only,42
002181.SZ:2021,002181.SZ,train,0,0.37221914529800415,0.4334900379180908,text_only,42
002181.SZ:2022,002181.SZ,validation,0,0.3182967007160187,0.4334900379180908,text_only,42
002181.SZ:2024,002181.SZ,test,0,0.3023117184638977,0.4334900379180908,text_only,42
002181.SZ:2025,002181.SZ,test,0,0.2734619081020355,0.4334900379180908,text_only,42
002185.SZ:2017,002185.SZ,train,0,0.39827340841293335,0.4334900379180908,text_only,42
002185.SZ:2018,002185.SZ,train,0,0.3941230773925781,0.4334900379180908,text_only,42
002185.SZ:2020,002185.SZ,train,0,0.43544086813926697,0.4334900379180908,text_only,42
002185.SZ:2021,002185.SZ,train,0,0.46671807765960693,0.4334900379180908,text_only,42
002185.SZ:2022,002185.SZ,validation,0,0.38819050788879395,0.4334900379180908,text_only,42
002185.SZ:2024,002185.SZ,test,0,0.440902978181839,0.4334900379180908,text_only,42
002198.SZ:2018,002198.SZ,train,0,0.46482667326927185,0.4334900379180908,text_only,42
002198.SZ:2019,002198.SZ,train,0,0.4433307945728302,0.4334900379180908,text_only,42
002198.SZ:2020,002198.SZ,train,0,0.474164754152298,0.4334900379180908,text_only,42
002198.SZ:2021,002198.SZ,train,0,0.37831807136535645,0.4334900379180908,text_only,42
002198.SZ:2022,002198.SZ,validation,0,0.38574203848838806,0.4334900379180908,text_only,42
002198.SZ:2024,002198.SZ,test,0,0.33632421493530273,0.4334900379180908,text_only,42
002198.SZ:2025,002198.SZ,test,0,0.37850847840309143,0.4334900379180908,text_only,42
002212.SZ:2017,002212.SZ,train,0,0.36477765440940857,0.4334900379180908,text_only,42
002212.SZ:2018,002212.SZ,train,0,0.41708239912986755,0.4334900379180908,text_only,42
002212.SZ:2019,002212.SZ,train,0,0.31825849413871765,0.4334900379180908,text_only,42
002212.SZ:2020,002212.SZ,train,0,0.3158228397369385,0.4334900379180908,text_only,42
002212.SZ:2021,002212.SZ,train,0,0.3191852271556854,0.4334900379180908,text_only,42
002212.SZ:2022,002212.SZ,validation,0,0.26376500725746155,0.4334900379180908,text_only,42
002212.SZ:2025,002212.SZ,test,0,0.31167367100715637,0.4334900379180908,text_only,42
002223.SZ:2018,002223.SZ,train,0,0.426946222782135,0.4334900379180908,text_only,42
002223.SZ:2019,002223.SZ,train,0,0.3087293803691864,0.4334900379180908,text_only,42
002223.SZ:2020,002223.SZ,train,0,0.4284564256668091,0.4334900379180908,text_only,42
002223.SZ:2021,002223.SZ,train,0,0.34296175837516785,0.4334900379180908,text_only,42
002223.SZ:2022,002223.SZ,validation,0,0.3910830616950989,0.4334900379180908,text_only,42
002223.SZ:2024,002223.SZ,test,0,0.41974788904190063,0.4334900379180908,text_only,42
002224.SZ:2017,002224.SZ,train,0,0.4836723506450653,0.4334900379180908,text_only,42
002224.SZ:2019,002224.SZ,train,0,0.3890782594680786,0.4334900379180908,text_only,42
002224.SZ:2021,002224.SZ,train,0,0.4333088994026184,0.4334900379180908,text_only,42
002224.SZ:2024,002224.SZ,test,0,0.39512142539024353,0.4334900379180908,text_only,42
002224.SZ:2025,002224.SZ,test,0,0.40863269567489624,0.4334900379180908,text_only,42
002227.SZ:2021,002227.SZ,train,0,0.5175891518592834,0.4334900379180908,text_only,42
002227.SZ:2022,002227.SZ,validation,0,0.43802833557128906,0.4334900379180908,text_only,42
002227.SZ:2024,002227.SZ,test,0,0.4258691966533661,0.4334900379180908,text_only,42
002227.SZ:2025,002227.SZ,test,1,0.38992762565612793,0.4334900379180908,text_only,42
002246.SZ:2017,002246.SZ,train,0,0.47971853613853455,0.4334900379180908,text_only,42
002246.SZ:2018,002246.SZ,train,0,0.4459962546825409,0.4334900379180908,text_only,42
002246.SZ:2019,002246.SZ,train,0,0.38615667819976807,0.4334900379180908,text_only,42
002246.SZ:2020,002246.SZ,train,0,0.3580632507801056,0.4334900379180908,text_only,42
002246.SZ:2021,002246.SZ,train,0,0.44034039974212646,0.4334900379180908,text_only,42
002246.SZ:2022,002246.SZ,validation,0,0.3821548521518707,0.4334900379180908,text_only,42
002246.SZ:2024,002246.SZ,test,0,0.3635595142841339,0.4334900379180908,text_only,42
002246.SZ:2025,002246.SZ,test,0,0.3280595541000366,0.4334900379180908,text_only,42
002249.SZ:2017,002249.SZ,train,0,0.40509846806526184,0.4334900379180908,text_only,42
002249.SZ:2020,002249.SZ,train,0,0.41796618700027466,0.4334900379180908,text_only,42
002249.SZ:2021,002249.SZ,train,0,0.4415733218193054,0.4334900379180908,text_only,42
002249.SZ:2022,002249.SZ,validation,0,0.4664769172668457,0.4334900379180908,text_only,42
002249.SZ:2024,002249.SZ,test,0,0.3615144193172455,0.4334900379180908,text_only,42
002254.SZ:2017,002254.SZ,train,0,0.4085533618927002,0.4334900379180908,text_only,42
002254.SZ:2018,002254.SZ,train,0,0.4068698287010193,0.4334900379180908,text_only,42
002254.SZ:2019,002254.SZ,train,0,0.3740599453449249,0.4334900379180908,text_only,42
002254.SZ:2020,002254.SZ,train,0,0.3957049548625946,0.4334900379180908,text_only,42
002254.SZ:2021,002254.SZ,train,0,0.3057176172733307,0.4334900379180908,text_only,42
002254.SZ:2022,002254.SZ,validation,0,0.4194856882095337,0.4334900379180908,text_only,42
002254.SZ:2024,002254.SZ,test,0,0.39432379603385925,0.4334900379180908,text_only,42
002254.SZ:2025,002254.SZ,test,0,0.38631272315979004,0.4334900379180908,text_only,42
002255.SZ:2017,002255.SZ,train,0,0.39362290501594543,0.4334900379180908,text_only,42
002255.SZ:2018,002255.SZ,train,0,0.4333401024341583,0.4334900379180908,text_only,42
002255.SZ:2022,002255.SZ,validation,0,0.3222188949584961,0.4334900379180908,text_only,42
002255.SZ:2024,002255.SZ,test,0,0.36239466071128845,0.4334900379180908,text_only,42
002255.SZ:2025,002255.SZ,test,0,0.48028379678726196,0.4334900379180908,text_only,42
002256.SZ:2017,002256.SZ,train,0,0.4334162771701813,0.4334900379180908,text_only,42
002256.SZ:2018,002256.SZ,train,0,0.4191661477088928,0.4334900379180908,text_only,42
002256.SZ:2019,002256.SZ,train,1,0.5794966220855713,0.4334900379180908,text_only,42
002256.SZ:2022,002256.SZ,validation,0,0.5057311654090881,0.4334900379180908,text_only,42
002256.SZ:2024,002256.SZ,test,0,0.4970932602882385,0.4334900379180908,text_only,42
002256.SZ:2025,002256.SZ,test,0,0.45839929580688477,0.4334900379180908,text_only,42
002260.SZ:2017,002260.SZ,train,0,0.48558107018470764,0.4334900379180908,text_only,42
002260.SZ:2018,002260.SZ,train,1,0.5672820806503296,0.4334900379180908,text_only,42
002265.SZ:2017,002265.SZ,train,0,0.5332577228546143,0.4334900379180908,text_only,42
002265.SZ:2018,002265.SZ,train,0,0.5254102349281311,0.4334900379180908,text_only,42
002265.SZ:2019,002265.SZ,train,0,0.4302369952201843,0.4334900379180908,text_only,42
002265.SZ:2020,002265.SZ,train,0,0.45445531606674194,0.4334900379180908,text_only,42
002265.SZ:2021,002265.SZ,train,0,0.37889236211776733,0.4334900379180908,text_only,42
002265.SZ:2022,002265.SZ,validation,0,0.45806607604026794,0.4334900379180908,text_only,42
002265.SZ:2024,002265.SZ,test,0,0.3177770674228668,0.4334900379180908,text_only,42
002265.SZ:2025,002265.SZ,test,0,0.2993827164173126,0.4334900379180908,text_only,42
002267.SZ:2017,002267.SZ,train,0,0.4171525239944458,0.4334900379180908,text_only,42
002267.SZ:2018,002267.SZ,train,0,0.35074058175086975,0.4334900379180908,text_only,42
002267.SZ:2019,002267.SZ,train,0,0.44857776165008545,0.4334900379180908,text_only,42
002267.SZ:2020,002267.SZ,train,0,0.41089507937431335,0.4334900379180908,text_only,42
002267.SZ:2021,002267.SZ,train,0,0.39403006434440613,0.4334900379180908,text_only,42
002267.SZ:2022,002267.SZ,validation,0,0.44137588143348694,0.4334900379180908,text_only,42
002267.SZ:2024,002267.SZ,test,0,0.44881656765937805,0.4334900379180908,text_only,42
002267.SZ:2025,002267.SZ,test,0,0.4342268407344818,0.4334900379180908,text_only,42
002271.SZ:2017,002271.SZ,train,0,0.31865835189819336,0.4334900379180908,text_only,42
002271.SZ:2018,002271.SZ,train,0,0.278974324464798,0.4334900379180908,text_only,42
002271.SZ:2019,002271.SZ,train,0,0.29288649559020996,0.4334900379180908,text_only,42
002271.SZ:2020,002271.SZ,train,0,0.2860272526741028,0.4334900379180908,text_only,42
002271.SZ:2021,002271.SZ,train,0,0.30923303961753845,0.4334900379180908,text_only,42
002271.SZ:2022,002271.SZ,validation,0,0.2773137092590332,0.4334900379180908,text_only,42
002271.SZ:2024,002271.SZ,test,0,0.3087995648384094,0.4334900379180908,text_only,42
002271.SZ:2025,002271.SZ,test,0,0.29254674911499023,0.4334900379180908,text_only,42
002272.SZ:2017,002272.SZ,train,0,0.4287426173686981,0.4334900379180908,text_only,42
002272.SZ:2019,002272.SZ,train,0,0.385618656873703,0.4334900379180908,text_only,42
002272.SZ:2020,002272.SZ,train,0,0.4671380817890167,0.4334900379180908,text_only,42
002272.SZ:2021,002272.SZ,train,0,0.31522661447525024,0.4334900379180908,text_only,42
002272.SZ:2022,002272.SZ,validation,0,0.41935256123542786,0.4334900379180908,text_only,42
002272.SZ:2024,002272.SZ,test,0,0.42371097207069397,0.4334900379180908,text_only,42
002272.SZ:2025,002272.SZ,test,0,0.34569138288497925,0.4334900379180908,text_only,42
002275.SZ:2017,002275.SZ,train,0,0.3371533751487732,0.4334900379180908,text_only,42
002275.SZ:2019,002275.SZ,train,0,0.3116110563278198,0.4334900379180908,text_only,42
002275.SZ:2020,002275.SZ,train,0,0.3105292320251465,0.4334900379180908,text_only,42
002275.SZ:2021,002275.SZ,train,0,0.3254444897174835,0.4334900379180908,text_only,42
002275.SZ:2022,002275.SZ,validation,0,0.31796225905418396,0.4334900379180908,text_only,42
002275.SZ:2024,002275.SZ,test,0,0.31365275382995605,0.4334900379180908,text_only,42
002275.SZ:2025,002275.SZ,test,0,0.3382614552974701,0.4334900379180908,text_only,42
002286.SZ:2017,002286.SZ,train,0,0.3566046953201294,0.4334900379180908,text_only,42
002286.SZ:2018,002286.SZ,train,0,0.4161464273929596,0.4334900379180908,text_only,42
002286.SZ:2019,002286.SZ,train,0,0.4194890558719635,0.4334900379180908,text_only,42
002286.SZ:2020,002286.SZ,train,0,0.48213139176368713,0.4334900379180908,text_only,42
002286.SZ:2021,002286.SZ,train,0,0.4163321256637573,0.4334900379180908,text_only,42
002286.SZ:2022,002286.SZ,validation,0,0.418910413980484,0.4334900379180908,text_only,42
002286.SZ:2024,002286.SZ,test,0,0.4348251223564148,0.4334900379180908,text_only,42
002286.SZ:2025,002286.SZ,test,0,0.4097578227519989,0.4334900379180908,text_only,42
002290.SZ:2017,002290.SZ,train,0,0.459516316652298,0.4334900379180908,text_only,42
002290.SZ:2019,002290.SZ,train,1,0.5918408036231995,0.4334900379180908,text_only,42
002290.SZ:2021,002290.SZ,train,0,0.5103887915611267,0.4334900379180908,text_only,42
002290.SZ:2022,002290.SZ,validation,0,0.4129040837287903,0.4334900379180908,text_only,42
002290.SZ:2024,002290.SZ,test,0,0.4053615927696228,0.4334900379180908,text_only,42
002290.SZ:2025,002290.SZ,test,0,0.4421752393245697,0.4334900379180908,text_only,42
002293.SZ:2017,002293.SZ,train,0,0.3434077501296997,0.4334900379180908,text_only,42
002293.SZ:2018,002293.SZ,train,0,0.35647052526474,0.4334900379180908,text_only,42
002293.SZ:2019,002293.SZ,train,0,0.3188391625881195,0.4334900379180908,text_only,42
002293.SZ:2020,002293.SZ,train,0,0.32973620295524597,0.4334900379180908,text_only,42
002293.SZ:2021,002293.SZ,train,0,0.3273967206478119,0.4334900379180908,text_only,42
002293.SZ:2022,002293.SZ,validation,0,0.3223067820072174,0.4334900379180908,text_only,42
002293.SZ:2024,002293.SZ,test,0,0.3216092586517334,0.4334900379180908,text_only,42
002293.SZ:2025,002293.SZ,test,0,0.3126792907714844,0.4334900379180908,text_only,42
002294.SZ:2017,002294.SZ,train,0,0.3893083930015564,0.4334900379180908,text_only,42
002294.SZ:2018,002294.SZ,train,0,0.3237512409687042,0.4334900379180908,text_only,42
002294.SZ:2019,002294.SZ,train,0,0.33990350365638733,0.4334900379180908,text_only,42
002294.SZ:2020,002294.SZ,train,0,0.4087989330291748,0.4334900379180908,text_only,42
002294.SZ:2021,002294.SZ,train,0,0.44139158725738525,0.4334900379180908,text_only,42
002294.SZ:2022,002294.SZ,validation,0,0.355602890253067,0.4334900379180908,text_only,42
002294.SZ:2024,002294.SZ,test,0,0.3994854986667633,0.4334900379180908,text_only,42
002294.SZ:2025,002294.SZ,test,0,0.3921002745628357,0.4334900379180908,text_only,42
002297.SZ:2019,002297.SZ,train,0,0.5271411538124084,0.4334900379180908,text_only,42
002297.SZ:2020,002297.SZ,train,0,0.36625590920448303,0.4334900379180908,text_only,42
002297.SZ:2021,002297.SZ,train,0,0.33712464570999146,0.4334900379180908,text_only,42
002297.SZ:2022,002297.SZ,validation,0,0.43625178933143616,0.4334900379180908,text_only,42
002297.SZ:2024,002297.SZ,test,0,0.34590327739715576,0.4334900379180908,text_only,42
002308.SZ:2017,002308.SZ,train,0,0.32189953327178955,0.4334900379180908,text_only,42
002308.SZ:2018,002308.SZ,train,0,0.27971455454826355,0.4334900379180908,text_only,42
002308.SZ:2019,002308.SZ,train,0,0.3652074635028839,0.4334900379180908,text_only,42
002308.SZ:2020,002308.SZ,train,0,0.394481360912323,0.4334900379180908,text_only,42
002308.SZ:2021,002308.SZ,train,0,0.41077110171318054,0.4334900379180908,text_only,42
002308.SZ:2022,002308.SZ,validation,0,0.36359432339668274,0.4334900379180908,text_only,42
002309.SZ:2017,002309.SZ,train,0,0.46450453996658325,0.4334900379180908,text_only,42
002309.SZ:2018,002309.SZ,train,0,0.5357241034507751,0.4334900379180908,text_only,42
002309.SZ:2019,002309.SZ,train,0,0.5526211857795715,0.4334900379180908,text_only,42
002309.SZ:2020,002309.SZ,train,0,0.40463924407958984,0.4334900379180908,text_only,42
002309.SZ:2021,002309.SZ,train,0,0.5057439208030701,0.4334900379180908,text_only,42
002309.SZ:2022,002309.SZ,validation,1,0.4334900379180908,0.4334900379180908,text_only,42
002310.SZ:2018,002310.SZ,train,0,0.3146139681339264,0.4334900379180908,text_only,42
002310.SZ:2019,002310.SZ,train,0,0.291623592376709,0.4334900379180908,text_only,42
002310.SZ:2022,002310.SZ,validation,0,0.32560017704963684,0.4334900379180908,text_only,42
002316.SZ:2017,002316.SZ,train,0,0.31489285826683044,0.4334900379180908,text_only,42
002316.SZ:2019,002316.SZ,train,0,0.40805572271347046,0.4334900379180908,text_only,42
002316.SZ:2021,002316.SZ,train,0,0.34585338830947876,0.4334900379180908,text_only,42
002316.SZ:2024,002316.SZ,test,1,0.320181280374527,0.4334900379180908,text_only,42
002320.SZ:2019,002320.SZ,train,0,0.358318030834198,0.4334900379180908,text_only,42
002320.SZ:2020,002320.SZ,train,0,0.37937283515930176,0.4334900379180908,text_only,42
002320.SZ:2021,002320.SZ,train,0,0.39718589186668396,0.4334900379180908,text_only,42
002320.SZ:2022,002320.SZ,validation,0,0.3458951711654663,0.4334900379180908,text_only,42
002320.SZ:2024,002320.SZ,test,0,0.30474787950515747,0.4334900379180908,text_only,42
002325.SZ:2017,002325.SZ,train,0,0.3455653786659241,0.4334900379180908,text_only,42
002325.SZ:2018,002325.SZ,train,0,0.41426846385002136,0.4334900379180908,text_only,42
002325.SZ:2021,002325.SZ,train,0,0.48312535881996155,0.4334900379180908,text_only,42
002325.SZ:2022,002325.SZ,validation,0,0.3109161853790283,0.4334900379180908,text_only,42
002325.SZ:2024,002325.SZ,test,1,0.3142169713973999,0.4334900379180908,text_only,42
002332.SZ:2018,002332.SZ,train,0,0.379440039396286,0.4334900379180908,text_only,42
002332.SZ:2019,002332.SZ,train,0,0.3418959677219391,0.4334900379180908,text_only,42
002332.SZ:2020,002332.SZ,train,0,0.34665319323539734,0.4334900379180908,text_only,42
002332.SZ:2021,002332.SZ,train,0,0.32928356528282166,0.4334900379180908,text_only,42
002332.SZ:2022,002332.SZ,validation,0,0.3320178985595703,0.4334900379180908,text_only,42
002332.SZ:2025,002332.SZ,test,0,0.344430536031723,0.4334900379180908,text_only,42
002340.SZ:2017,002340.SZ,train,0,0.33623313903808594,0.4334900379180908,text_only,42
002340.SZ:2018,002340.SZ,train,0,0.40292060375213623,0.4334900379180908,text_only,42
002340.SZ:2020,002340.SZ,train,0,0.38928645849227905,0.4334900379180908,text_only,42
002340.SZ:2021,002340.SZ,train,0,0.43564027547836304,0.4334900379180908,text_only,42
002340.SZ:2022,002340.SZ,validation,0,0.34330448508262634,0.4334900379180908,text_only,42
002340.SZ:2024,002340.SZ,test,0,0.40314537286758423,0.4334900379180908,text_only,42
002340.SZ:2025,002340.SZ,test,0,0.40330877900123596,0.4334900379180908,text_only,42
002346.SZ:2017,002346.SZ,train,0,0.3984162211418152,0.4334900379180908,text_only,42
002346.SZ:2018,002346.SZ,train,0,0.4093591868877411,0.4334900379180908,text_only,42
002346.SZ:2021,002346.SZ,train,0,0.44340503215789795,0.4334900379180908,text_only,42
002346.SZ:2022,002346.SZ,validation,0,0.3920680582523346,0.4334900379180908,text_only,42
002346.SZ:2024,002346.SZ,test,0,0.44305408000946045,0.4334900379180908,text_only,42
002350.SZ:2017,002350.SZ,train,0,0.49272119998931885,0.4334900379180908,text_only,42
002350.SZ:2018,002350.SZ,train,0,0.4468134641647339,0.4334900379180908,text_only,42
002350.SZ:2019,002350.SZ,train,0,0.480270653963089,0.4334900379180908,text_only,42
002350.SZ:2020,002350.SZ,train,0,0.3577756881713867,0.4334900379180908,text_only,42
002350.SZ:2021,002350.SZ,train,0,0.5286878943443298,0.4334900379180908,text_only,42
002350.SZ:2024,002350.SZ,test,0,0.4721935987472534,0.4334900379180908,text_only,42
002350.SZ:2025,002350.SZ,test,0,0.4225897789001465,0.4334900379180908,text_only,42
002360.SZ:2018,002360.SZ,train,0,0.4024224281311035,0.4334900379180908,text_only,42
002360.SZ:2019,002360.SZ,train,0,0.36082130670547485,0.4334900379180908,text_only,42
002360.SZ:2020,002360.SZ,train,0,0.41803765296936035,0.4334900379180908,text_only,42
002360.SZ:2021,002360.SZ,train,0,0.44981446862220764,0.4334900379180908,text_only,42
002360.SZ:2022,002360.SZ,validation,0,0.371759295463562,0.4334900379180908,text_only,42
002360.SZ:2024,002360.SZ,test,0,0.39814162254333496,0.4334900379180908,text_only,42
002360.SZ:2025,002360.SZ,test,1,0.3817698657512665,0.4334900379180908,text_only,42
002364.SZ:2017,002364.SZ,train,0,0.309409499168396,0.4334900379180908,text_only,42
002364.SZ:2018,002364.SZ,train,0,0.34282684326171875,0.4334900379180908,text_only,42
002364.SZ:2019,002364.SZ,train,0,0.35720720887184143,0.4334900379180908,text_only,42
002364.SZ:2020,002364.SZ,train,0,0.33912503719329834,0.4334900379180908,text_only,42
002364.SZ:2021,002364.SZ,train,0,0.3277905583381653,0.4334900379180908,text_only,42
002364.SZ:2022,002364.SZ,validation,0,0.36922454833984375,0.4334900379180908,text_only,42
002364.SZ:2024,002364.SZ,test,0,0.37435057759284973,0.4334900379180908,text_only,42
002364.SZ:2025,002364.SZ,test,0,0.3757723569869995,0.4334900379180908,text_only,42
002365.SZ:2017,002365.SZ,train,0,0.3576144874095917,0.4334900379180908,text_only,42
002365.SZ:2018,002365.SZ,train,0,0.40665602684020996,0.4334900379180908,text_only,42
002365.SZ:2019,002365.SZ,train,0,0.4665123224258423,0.4334900379180908,text_only,42
002365.SZ:2020,002365.SZ,train,0,0.48977982997894287,0.4334900379180908,text_only,42
002365.SZ:2021,002365.SZ,train,0,0.40389981865882874,0.4334900379180908,text_only,42
002365.SZ:2022,002365.SZ,validation,0,0.4676229655742645,0.4334900379180908,text_only,42
002365.SZ:2024,002365.SZ,test,0,0.4858260750770569,0.4334900379180908,text_only,42
002365.SZ:2025,002365.SZ,test,0,0.368804931640625,0.4334900379180908,text_only,42
002374.SZ:2017,002374.SZ,train,0,0.3081313669681549,0.4334900379180908,text_only,42
002374.SZ:2019,002374.SZ,train,0,0.31104859709739685,0.4334900379180908,text_only,42
002374.SZ:2020,002374.SZ,train,0,0.29889485239982605,0.4334900379180908,text_only,42
002374.SZ:2021,002374.SZ,train,0,0.3544297516345978,0.4334900379180908,text_only,42
002374.SZ:2022,002374.SZ,validation,0,0.3929593563079834,0.4334900379180908,text_only,42
002374.SZ:2024,002374.SZ,test,0,0.4209812581539154,0.4334900379180908,text_only,42
002374.SZ:2025,002374.SZ,test,0,0.3174947202205658,0.4334900379180908,text_only,42
002378.SZ:2019,002378.SZ,train,0,0.40087682008743286,0.4334900379180908,text_only,42
002378.SZ:2020,002378.SZ,train,0,0.3512114882469177,0.4334900379180908,text_only,42
002378.SZ:2021,002378.SZ,train,0,0.4472229778766632,0.4334900379180908,text_only,42
002378.SZ:2022,002378.SZ,validation,0,0.37219616770744324,0.4334900379180908,text_only,42
002378.SZ:2024,002378.SZ,test,0,0.35358625650405884,0.4334900379180908,text_only,42
002378.SZ:2025,002378.SZ,test,0,0.41977250576019287,0.4334900379180908,text_only,42
002380.SZ:2017,002380.SZ,train,0,0.24653738737106323,0.4334900379180908,text_only,42
002380.SZ:2018,002380.SZ,train,0,0.3399348258972168,0.4334900379180908,text_only,42
002380.SZ:2019,002380.SZ,train,0,0.3242006301879883,0.4334900379180908,text_only,42
002380.SZ:2020,002380.SZ,train,0,0.30913016200065613,0.4334900379180908,text_only,42
002380.SZ:2022,002380.SZ,validation,0,0.2871423661708832,0.4334900379180908,text_only,42
002380.SZ:2024,002380.SZ,test,0,0.30064529180526733,0.4334900379180908,text_only,42
002380.SZ:2025,002380.SZ,test,0,0.3260432779788971,0.4334900379180908,text_only,42
002382.SZ:2017,002382.SZ,train,0,0.4252462089061737,0.4334900379180908,text_only,42
002382.SZ:2018,002382.SZ,train,0,0.3572867810726166,0.4334900379180908,text_only,42
002382.SZ:2019,002382.SZ,train,0,0.3154589831829071,0.4334900379180908,text_only,42
002382.SZ:2020,002382.SZ,train,0,0.36091989278793335,0.4334900379180908,text_only,42
002382.SZ:2021,002382.SZ,train,0,0.4163540303707123,0.4334900379180908,text_only,42
002382.SZ:2022,002382.SZ,validation,0,0.4194486737251282,0.4334900379180908,text_only,42
002382.SZ:2024,002382.SZ,test,0,0.3724174499511719,0.4334900379180908,text_only,42
002384.SZ:2017,002384.SZ,train,0,0.4252479672431946,0.4334900379180908,text_only,42
002384.SZ:2018,002384.SZ,train,0,0.41249942779541016,0.4334900379180908,text_only,42
002384.SZ:2019,002384.SZ,train,0,0.531538724899292,0.4334900379180908,text_only,42
002384.SZ:2020,002384.SZ,train,0,0.4449400007724762,0.4334900379180908,text_only,42
002384.SZ:2021,002384.SZ,train,0,0.36763685941696167,0.4334900379180908,text_only,42
002384.SZ:2022,002384.SZ,validation,0,0.4050986170768738,0.4334900379180908,text_only,42
002384.SZ:2024,002384.SZ,test,0,0.4362260699272156,0.4334900379180908,text_only,42
002384.SZ:2025,002384.SZ,test,0,0.4423213303089142,0.4334900379180908,text_only,42
002391.SZ:2017,002391.SZ,train,0,0.33003878593444824,0.4334900379180908,text_only,42
002391.SZ:2018,002391.SZ,train,0,0.32285621762275696,0.4334900379180908,text_only,42
002391.SZ:2019,002391.SZ,train,0,0.28343766927719116,0.4334900379180908,text_only,42
002391.SZ:2020,002391.SZ,train,0,0.3116688132286072,0.4334900379180908,text_only,42
002391.SZ:2021,002391.SZ,train,0,0.3585476577281952,0.4334900379180908,text_only,42
002391.SZ:2022,002391.SZ,validation,0,0.3290235698223114,0.4334900379180908,text_only,42
002391.SZ:2024,002391.SZ,test,0,0.3376768231391907,0.4334900379180908,text_only,42
002391.SZ:2025,002391.SZ,test,0,0.3904578685760498,0.4334900379180908,text_only,42
002396.SZ:2017,002396.SZ,train,0,0.3353622853755951,0.4334900379180908,text_only,42
002396.SZ:2021,002396.SZ,train,0,0.32215574383735657,0.4334900379180908,text_only,42
002396.SZ:2022,002396.SZ,validation,0,0.3189060389995575,0.4334900379180908,text_only,42
002396.SZ:2024,002396.SZ,test,0,0.2794063985347748,0.4334900379180908,text_only,42
002396.SZ:2025,002396.SZ,test,0,0.34033331274986267,0.4334900379180908,text_only,42
002402.SZ:2017,002402.SZ,train,0,0.41585320234298706,0.4334900379180908,text_only,42
002402.SZ:2018,002402.SZ,train,0,0.2720619738101959,0.4334900379180908,text_only,42
002402.SZ:2019,002402.SZ,train,0,0.31220516562461853,0.4334900379180908,text_only,42
002402.SZ:2020,002402.SZ,train,0,0.30750277638435364,0.4334900379180908,text_only,42
002402.SZ:2021,002402.SZ,train,0,0.37696266174316406,0.4334900379180908,text_only,42
002402.SZ:2022,002402.SZ,validation,0,0.33573877811431885,0.4334900379180908,text_only,42
002402.SZ:2024,002402.SZ,test,0,0.37995535135269165,0.4334900379180908,text_only,42
002402.SZ:2025,002402.SZ,test,0,0.3081362545490265,0.4334900379180908,text_only,42
002405.SZ:2017,002405.SZ,train,0,0.2995107173919678,0.4334900379180908,text_only,42
002405.SZ:2018,002405.SZ,train,0,0.38385510444641113,0.4334900379180908,text_only,42
002405.SZ:2019,002405.SZ,train,0,0.350248247385025,0.4334900379180908,text_only,42
002405.SZ:2020,002405.SZ,train,0,0.3463246524333954,0.4334900379180908,text_only,42
002405.SZ:2021,002405.SZ,train,0,0.3790539503097534,0.4334900379180908,text_only,42
002405.SZ:2022,002405.SZ,validation,0,0.3821595311164856,0.4334900379180908,text_only,42
002405.SZ:2024,002405.SZ,test,0,0.402360200881958,0.4334900379180908,text_only,42
002405.SZ:2025,002405.SZ,test,0,0.36355969309806824,0.4334900379180908,text_only,42
002410.SZ:2017,002410.SZ,train,0,0.2988048791885376,0.4334900379180908,text_only,42
002410.SZ:2018,002410.SZ,train,0,0.27989667654037476,0.4334900379180908,text_only,42
002410.SZ:2019,002410.SZ,train,0,0.30336135625839233,0.4334900379180908,text_only,42
002410.SZ:2020,002410.SZ,train,0,0.2765173614025116,0.4334900379180908,text_only,42
002410.SZ:2021,002410.SZ,train,0,0.30999699234962463,0.4334900379180908,text_only,42
002410.SZ:2022,002410.SZ,validation,0,0.2707189619541168,0.4334900379180908,text_only,42
002410.SZ:2025,002410.SZ,test,0,0.31749629974365234,0.4334900379180908,text_only,42
002413.SZ:2017,002413.SZ,train,0,0.3409729301929474,0.4334900379180908,text_only,42
002413.SZ:2018,002413.SZ,train,0,0.3380521237850189,0.4334900379180908,text_only,42
002413.SZ:2020,002413.SZ,train,0,0.3430488705635071,0.4334900379180908,text_only,42
002413.SZ:2021,002413.SZ,train,0,0.4080963134765625,0.4334900379180908,text_only,42
002413.SZ:2022,002413.SZ,validation,0,0.32596608996391296,0.4334900379180908,text_only,42
002413.SZ:2024,002413.SZ,test,0,0.31132927536964417,0.4334900379180908,text_only,42
002413.SZ:2025,002413.SZ,test,0,0.3101433217525482,0.4334900379180908,text_only,42
002418.SZ:2019,002418.SZ,train,1,0.5769397616386414,0.4334900379180908,text_only,42
002418.SZ:2022,002418.SZ,validation,0,0.4287727475166321,0.4334900379180908,text_only,42
002418.SZ:2024,002418.SZ,test,0,0.4336591064929962,0.4334900379180908,text_only,42
002418.SZ:2025,002418.SZ,test,0,0.4070777893066406,0.4334900379180908,text_only,42
002426.SZ:2022,002426.SZ,validation,0,0.48019349575042725,0.4334900379180908,text_only,42
002426.SZ:2024,002426.SZ,test,0,0.3978222906589508,0.4334900379180908,text_only,42
002426.SZ:2025,002426.SZ,test,0,0.47606441378593445,0.4334900379180908,text_only,42
002429.SZ:2017,002429.SZ,train,0,0.29992803931236267,0.4334900379180908,text_only,42
002429.SZ:2018,002429.SZ,train,0,0.3655814826488495,0.4334900379180908,text_only,42
002429.SZ:2019,002429.SZ,train,0,0.356162428855896,0.4334900379180908,text_only,42
002429.SZ:2020,002429.SZ,train,0,0.34468787908554077,0.4334900379180908,text_only,42
002429.SZ:2022,002429.SZ,validation,0,0.343208372592926,0.4334900379180908,text_only,42
002429.SZ:2024,002429.SZ,test,0,0.40930214524269104,0.4334900379180908,text_only,42
002429.SZ:2025,002429.SZ,test,0,0.36738625168800354,0.4334900379180908,text_only,42
002433.SZ:2017,002433.SZ,train,0,0.31884023547172546,0.4334900379180908,text_only,42
002433.SZ:2018,002433.SZ,train,0,0.4084695279598236,0.4334900379180908,text_only,42
002433.SZ:2019,002433.SZ,train,0,0.31923049688339233,0.4334900379180908,text_only,42
002434.SZ:2017,002434.SZ,train,0,0.3314453959465027,0.4334900379180908,text_only,42
002434.SZ:2018,002434.SZ,train,0,0.36358994245529175,0.4334900379180908,text_only,42
000012.SZ:2017,000012.SZ,train,0,0.4869150221347809,0.48681989312171936,text_only,2026
000012.SZ:2019,000012.SZ,train,0,0.4866408109664917,0.48681989312171936,text_only,2026
000012.SZ:2020,000012.SZ,train,0,0.48682737350463867,0.48681989312171936,text_only,2026
000012.SZ:2021,000012.SZ,train,0,0.48637473583221436,0.48681989312171936,text_only,2026
000012.SZ:2022,000012.SZ,validation,0,0.48639389872550964,0.48681989312171936,text_only,2026
000012.SZ:2024,000012.SZ,test,0,0.4865180253982544,0.48681989312171936,text_only,2026
000018.SZ:2017,000018.SZ,train,0,0.4867796301841736,0.48681989312171936,text_only,2026
000019.SZ:2017,000019.SZ,train,0,0.4866269528865814,0.48681989312171936,text_only,2026
000019.SZ:2018,000019.SZ,train,0,0.48644259572029114,0.48681989312171936,text_only,2026
000019.SZ:2020,000019.SZ,train,0,0.4862879514694214,0.48681989312171936,text_only,2026
000019.SZ:2021,000019.SZ,train,0,0.4866529405117035,0.48681989312171936,text_only,2026
000019.SZ:2022,000019.SZ,validation,0,0.48689743876457214,0.48681989312171936,text_only,2026
000019.SZ:2024,000019.SZ,test,0,0.48587095737457275,0.48681989312171936,text_only,2026
000040.SZ:2017,000040.SZ,train,0,0.48587754368782043,0.48681989312171936,text_only,2026
000040.SZ:2022,000040.SZ,validation,0,0.486301064491272,0.48681989312171936,text_only,2026
000048.SZ:2020,000048.SZ,train,0,0.48627710342407227,0.48681989312171936,text_only,2026
000048.SZ:2021,000048.SZ,train,0,0.48661816120147705,0.48681989312171936,text_only,2026
000048.SZ:2022,000048.SZ,validation,0,0.4862555265426636,0.48681989312171936,text_only,2026
000048.SZ:2025,000048.SZ,test,0,0.4864252209663391,0.48681989312171936,text_only,2026
000055.SZ:2017,000055.SZ,train,0,0.48648011684417725,0.48681989312171936,text_only,2026
000055.SZ:2019,000055.SZ,train,0,0.48613592982292175,0.48681989312171936,text_only,2026
000055.SZ:2020,000055.SZ,train,0,0.4858767092227936,0.48681989312171936,text_only,2026
000055.SZ:2021,000055.SZ,train,0,0.486041784286499,0.48681989312171936,text_only,2026
000055.SZ:2022,000055.SZ,validation,0,0.4856559932231903,0.48681989312171936,text_only,2026
000055.SZ:2024,000055.SZ,test,0,0.48601627349853516,0.48681989312171936,text_only,2026
000055.SZ:2025,000055.SZ,test,0,0.4856605529785156,0.48681989312171936,text_only,2026
000068.SZ:2019,000068.SZ,train,0,0.48712465167045593,0.48681989312171936,text_only,2026
000068.SZ:2020,000068.SZ,train,0,0.48646673560142517,0.48681989312171936,text_only,2026
000068.SZ:2021,000068.SZ,train,0,0.4875112473964691,0.48681989312171936,text_only,2026
000068.SZ:2022,000068.SZ,validation,0,0.48704835772514343,0.48681989312171936,text_only,2026
000068.SZ:2024,000068.SZ,test,0,0.4875853657722473,0.48681989312171936,text_only,2026
000068.SZ:2025,000068.SZ,test,0,0.4871918857097626,0.48681989312171936,text_only,2026
000099.SZ:2017,000099.SZ,train,0,0.48629745841026306,0.48681989312171936,text_only,2026
000099.SZ:2018,000099.SZ,train,0,0.48644912242889404,0.48681989312171936,text_only,2026
000099.SZ:2019,000099.SZ,train,0,0.4867229163646698,0.48681989312171936,text_only,2026
000099.SZ:2020,000099.SZ,train,0,0.4865598976612091,0.48681989312171936,text_only,2026
000099.SZ:2021,000099.SZ,train,0,0.4867120087146759,0.48681989312171936,text_only,2026
000099.SZ:2022,000099.SZ,validation,0,0.4865802228450775,0.48681989312171936,text_only,2026
000419.SZ:2017,000419.SZ,train,0,0.4873216152191162,0.48681989312171936,text_only,2026
000419.SZ:2018,000419.SZ,train,0,0.48755183815956116,0.48681989312171936,text_only,2026
000419.SZ:2019,000419.SZ,train,0,0.4863075017929077,0.48681989312171936,text_only,2026
000419.SZ:2020,000419.SZ,train,0,0.4867846369743347,0.48681989312171936,text_only,2026
000419.SZ:2021,000419.SZ,train,0,0.48683103919029236,0.48681989312171936,text_only,2026
000419.SZ:2022,000419.SZ,validation,0,0.48663508892059326,0.48681989312171936,text_only,2026
000419.SZ:2024,000419.SZ,test,0,0.4861278831958771,0.48681989312171936,text_only,2026
000501.SZ:2017,000501.SZ,train,0,0.48630017042160034,0.48681989312171936,text_only,2026
000501.SZ:2018,000501.SZ,train,0,0.4860791265964508,0.48681989312171936,text_only,2026
000501.SZ:2019,000501.SZ,train,0,0.4858701825141907,0.48681989312171936,text_only,2026
000501.SZ:2020,000501.SZ,train,0,0.4862663447856903,0.48681989312171936,text_only,2026
000501.SZ:2021,000501.SZ,train,0,0.4856834411621094,0.48681989312171936,text_only,2026
000501.SZ:2022,000501.SZ,validation,0,0.48584333062171936,0.48681989312171936,text_only,2026
000501.SZ:2024,000501.SZ,test,0,0.48624277114868164,0.48681989312171936,text_only,2026
000501.SZ:2025,000501.SZ,test,0,0.4858739674091339,0.48681989312171936,text_only,2026
000504.SZ:2018,000504.SZ,train,0,0.48626047372817993,0.48681989312171936,text_only,2026
000504.SZ:2019,000504.SZ,train,1,0.4863092005252838,0.48681989312171936,text_only,2026
000504.SZ:2021,000504.SZ,train,0,0.4862791895866394,0.48681989312171936,text_only,2026
000504.SZ:2022,000504.SZ,validation,0,0.48642638325691223,0.48681989312171936,text_only,2026
000504.SZ:2024,000504.SZ,test,1,0.48601233959198,0.48681989312171936,text_only,2026
000533.SZ:2019,000533.SZ,train,0,0.4865032434463501,0.48681989312171936,text_only,2026
000533.SZ:2020,000533.SZ,train,0,0.4873869717121124,0.48681989312171936,text_only,2026
000533.SZ:2021,000533.SZ,train,0,0.48681187629699707,0.48681989312171936,text_only,2026
000533.SZ:2022,000533.SZ,validation,0,0.4870072305202484,0.48681989312171936,text_only,2026
000533.SZ:2024,000533.SZ,test,0,0.4864652156829834,0.48681989312171936,text_only,2026
000533.SZ:2025,000533.SZ,test,0,0.4864785373210907,0.48681989312171936,text_only,2026
000534.SZ:2020,000534.SZ,train,0,0.4864669144153595,0.48681989312171936,text_only,2026
000534.SZ:2021,000534.SZ,train,0,0.48590779304504395,0.48681989312171936,text_only,2026
000534.SZ:2022,000534.SZ,validation,0,0.4862285852432251,0.48681989312171936,text_only,2026
000534.SZ:2024,000534.SZ,test,0,0.48613232374191284,0.48681989312171936,text_only,2026
000545.SZ:2017,000545.SZ,train,0,0.4866422116756439,0.48681989312171936,text_only,2026
000545.SZ:2018,000545.SZ,train,0,0.4865832030773163,0.48681989312171936,text_only,2026
000545.SZ:2019,000545.SZ,train,0,0.48673585057258606,0.48681989312171936,text_only,2026
000545.SZ:2021,000545.SZ,train,0,0.48671528697013855,0.48681989312171936,text_only,2026
000545.SZ:2022,000545.SZ,validation,0,0.48631155490875244,0.48681989312171936,text_only,2026
000545.SZ:2024,000545.SZ,test,0,0.48648184537887573,0.48681989312171936,text_only,2026
000545.SZ:2025,000545.SZ,test,0,0.4866114854812622,0.48681989312171936,text_only,2026
000553.SZ:2017,000553.SZ,train,0,0.4867089092731476,0.48681989312171936,text_only,2026
000555.SZ:2017,000555.SZ,train,0,0.48579010367393494,0.48681989312171936,text_only,2026
000555.SZ:2022,000555.SZ,validation,0,0.4858276844024658,0.48681989312171936,text_only,2026
000555.SZ:2024,000555.SZ,test,0,0.4860736131668091,0.48681989312171936,text_only,2026
000555.SZ:2025,000555.SZ,test,0,0.4857601821422577,0.48681989312171936,text_only,2026
000557.SZ:2020,000557.SZ,train,0,0.4865108132362366,0.48681989312171936,text_only,2026
000557.SZ:2021,000557.SZ,train,0,0.48666998744010925,0.48681989312171936,text_only,2026
000557.SZ:2022,000557.SZ,validation,0,0.4862328767776489,0.48681989312171936,text_only,2026
000557.SZ:2024,000557.SZ,test,0,0.48618292808532715,0.48681989312171936,text_only,2026
000557.SZ:2025,000557.SZ,test,0,0.48620039224624634,0.48681989312171936,text_only,2026
000576.SZ:2017,000576.SZ,train,0,0.48678556084632874,0.48681989312171936,text_only,2026
000576.SZ:2021,000576.SZ,train,0,0.4870309829711914,0.48681989312171936,text_only,2026
000576.SZ:2022,000576.SZ,validation,0,0.4869673252105713,0.48681989312171936,text_only,2026
000576.SZ:2024,000576.SZ,test,0,0.4867538511753082,0.48681989312171936,text_only,2026
000576.SZ:2025,000576.SZ,test,0,0.4870520234107971,0.48681989312171936,text_only,2026
000581.SZ:2017,000581.SZ,train,0,0.48679760098457336,0.48681989312171936,text_only,2026
000581.SZ:2018,000581.SZ,train,0,0.4862719774246216,0.48681989312171936,text_only,2026
000581.SZ:2019,000581.SZ,train,0,0.4868829846382141,0.48681989312171936,text_only,2026
000581.SZ:2020,000581.SZ,train,0,0.4868508577346802,0.48681989312171936,text_only,2026
000581.SZ:2021,000581.SZ,train,0,0.4869336783885956,0.48681989312171936,text_only,2026
000581.SZ:2022,000581.SZ,validation,0,0.4867749810218811,0.48681989312171936,text_only,2026
000581.SZ:2024,000581.SZ,test,0,0.48641297221183777,0.48681989312171936,text_only,2026
000581.SZ:2025,000581.SZ,test,0,0.4863949120044708,0.48681989312171936,text_only,2026
000585.SZ:2017,000585.SZ,train,1,0.4871968626976013,0.48681989312171936,text_only,2026
000589.SZ:2020,000589.SZ,train,0,0.487093985080719,0.48681989312171936,text_only,2026
000589.SZ:2021,000589.SZ,train,0,0.4867149591445923,0.48681989312171936,text_only,2026
000589.SZ:2022,000589.SZ,validation,0,0.48632973432540894,0.48681989312171936,text_only,2026
000589.SZ:2024,000589.SZ,test,0,0.4864134192466736,0.48681989312171936,text_only,2026
000589.SZ:2025,000589.SZ,test,0,0.4861641526222229,0.48681989312171936,text_only,2026
000593.SZ:2017,000593.SZ,train,0,0.48632746934890747,0.48681989312171936,text_only,2026
000593.SZ:2018,000593.SZ,train,0,0.4862087368965149,0.48681989312171936,text_only,2026
000593.SZ:2019,000593.SZ,train,0,0.486520916223526,0.48681989312171936,text_only,2026
000593.SZ:2020,000593.SZ,train,0,0.4866645634174347,0.48681989312171936,text_only,2026
000593.SZ:2021,000593.SZ,train,0,0.48692354559898376,0.48681989312171936,text_only,2026
000593.SZ:2022,000593.SZ,validation,0,0.48633164167404175,0.48681989312171936,text_only,2026
000593.SZ:2025,000593.SZ,test,0,0.48632341623306274,0.48681989312171936,text_only,2026
000598.SZ:2017,000598.SZ,train,0,0.4864235818386078,0.48681989312171936,text_only,2026
000598.SZ:2019,000598.SZ,train,0,0.4867587089538574,0.48681989312171936,text_only,2026
000598.SZ:2020,000598.SZ,train,0,0.4861820340156555,0.48681989312171936,text_only,2026
000598.SZ:2021,000598.SZ,train,0,0.48674532771110535,0.48681989312171936,text_only,2026
000598.SZ:2022,000598.SZ,validation,0,0.486104279756546,0.48681989312171936,text_only,2026
000598.SZ:2024,000598.SZ,test,0,0.48642587661743164,0.48681989312171936,text_only,2026
000598.SZ:2025,000598.SZ,test,0,0.48644793033599854,0.48681989312171936,text_only,2026
000599.SZ:2017,000599.SZ,train,0,0.48648980259895325,0.48681989312171936,text_only,2026
000599.SZ:2018,000599.SZ,train,0,0.48577457666397095,0.48681989312171936,text_only,2026
000599.SZ:2019,000599.SZ,train,0,0.48651182651519775,0.48681989312171936,text_only,2026
000599.SZ:2020,000599.SZ,train,0,0.4865683615207672,0.48681989312171936,text_only,2026
000599.SZ:2021,000599.SZ,train,0,0.48683595657348633,0.48681989312171936,text_only,2026
000599.SZ:2022,000599.SZ,validation,0,0.4862648844718933,0.48681989312171936,text_only,2026
000599.SZ:2024,000599.SZ,test,0,0.4860081672668457,0.48681989312171936,text_only,2026
000599.SZ:2025,000599.SZ,test,0,0.4864574372768402,0.48681989312171936,text_only,2026
000610.SZ:2020,000610.SZ,train,0,0.4858478307723999,0.48681989312171936,text_only,2026
000610.SZ:2021,000610.SZ,train,0,0.48597031831741333,0.48681989312171936,text_only,2026
000610.SZ:2022,000610.SZ,validation,0,0.4856790006160736,0.48681989312171936,text_only,2026
000610.SZ:2024,000610.SZ,test,0,0.4859255850315094,0.48681989312171936,text_only,2026
000610.SZ:2025,000610.SZ,test,1,0.48624154925346375,0.48681989312171936,text_only,2026
000612.SZ:2020,000612.SZ,train,0,0.48703697323799133,0.48681989312171936,text_only,2026
000612.SZ:2021,000612.SZ,train,0,0.486946165561676,0.48681989312171936,text_only,2026
000612.SZ:2022,000612.SZ,validation,0,0.48714184761047363,0.48681989312171936,text_only,2026
000612.SZ:2024,000612.SZ,test,0,0.48683956265449524,0.48681989312171936,text_only,2026
000612.SZ:2025,000612.SZ,test,0,0.48693639039993286,0.48681989312171936,text_only,2026
000626.SZ:2017,000626.SZ,train,0,0.4867785573005676,0.48681989312171936,text_only,2026
000626.SZ:2018,000626.SZ,train,0,0.48707306385040283,0.48681989312171936,text_only,2026
000626.SZ:2020,000626.SZ,train,0,0.4870806336402893,0.48681989312171936,text_only,2026
000626.SZ:2021,000626.SZ,train,0,0.4870252013206482,0.48681989312171936,text_only,2026
000626.SZ:2022,000626.SZ,validation,0,0.48641759157180786,0.48681989312171936,text_only,2026
000626.SZ:2024,000626.SZ,test,0,0.48641809821128845,0.48681989312171936,text_only,2026
000626.SZ:2025,000626.SZ,test,0,0.4864652156829834,0.48681989312171936,text_only,2026
000629.SZ:2019,000629.SZ,train,0,0.48649534583091736,0.48681989312171936,text_only,2026
000629.SZ:2020,000629.SZ,train,0,0.48665204644203186,0.48681989312171936,text_only,2026
000629.SZ:2021,000629.SZ,train,0,0.48650923371315,0.48681989312171936,text_only,2026
000629.SZ:2022,000629.SZ,validation,0,0.48617589473724365,0.48681989312171936,text_only,2026
000629.SZ:2024,000629.SZ,test,0,0.48631522059440613,0.48681989312171936,text_only,2026
000629.SZ:2025,000629.SZ,test,0,0.4866436719894409,0.48681989312171936,text_only,2026
000633.SZ:2018,000633.SZ,train,0,0.4875481426715851,0.48681989312171936,text_only,2026
000633.SZ:2019,000633.SZ,train,0,0.48686522245407104,0.48681989312171936,text_only,2026
000633.SZ:2022,000633.SZ,validation,0,0.4868577718734741,0.48681989312171936,text_only,2026
000633.SZ:2024,000633.SZ,test,0,0.4861659109592438,0.48681989312171936,text_only,2026
000633.SZ:2025,000633.SZ,test,0,0.4869310259819031,0.48681989312171936,text_only,2026
000635.SZ:2018,000635.SZ,train,0,0.4866032600402832,0.48681989312171936,text_only,2026
000635.SZ:2019,000635.SZ,train,0,0.4868285059928894,0.48681989312171936,text_only,2026
000635.SZ:2021,000635.SZ,train,0,0.4873788058757782,0.48681989312171936,text_only,2026
000635.SZ:2022,000635.SZ,validation,0,0.4869813323020935,0.48681989312171936,text_only,2026
000650.SZ:2017,000650.SZ,train,0,0.4864271283149719,0.48681989312171936,text_only,2026
000650.SZ:2019,000650.SZ,train,0,0.4860473871231079,0.48681989312171936,text_only,2026
000650.SZ:2020,000650.SZ,train,0,0.48625925183296204,0.48681989312171936,text_only,2026
000650.SZ:2021,000650.SZ,train,0,0.48595333099365234,0.48681989312171936,text_only,2026
000650.SZ:2022,000650.SZ,validation,0,0.4864268898963928,0.48681989312171936,text_only,2026
000650.SZ:2024,000650.SZ,test,0,0.486632376909256,0.48681989312171936,text_only,2026
000650.SZ:2025,000650.SZ,test,0,0.4864272475242615,0.48681989312171936,text_only,2026
000652.SZ:2017,000652.SZ,train,0,0.48636558651924133,0.48681989312171936,text_only,2026
000652.SZ:2018,000652.SZ,train,0,0.486492395401001,0.48681989312171936,text_only,2026
000652.SZ:2019,000652.SZ,train,0,0.48649606108665466,0.48681989312171936,text_only,2026
000652.SZ:2020,000652.SZ,train,0,0.4864191710948944,0.48681989312171936,text_only,2026
000655.SZ:2017,000655.SZ,train,1,0.48760169744491577,0.48681989312171936,text_only,2026
000655.SZ:2019,000655.SZ,train,0,0.4874041676521301,0.48681989312171936,text_only,2026
000655.SZ:2020,000655.SZ,train,0,0.487644225358963,0.48681989312171936,text_only,2026
000655.SZ:2021,000655.SZ,train,0,0.4876365065574646,0.48681989312171936,text_only,2026
000655.SZ:2022,000655.SZ,validation,0,0.48732009530067444,0.48681989312171936,text_only,2026
000655.SZ:2024,000655.SZ,test,0,0.48691415786743164,0.48681989312171936,text_only,2026
000655.SZ:2025,000655.SZ,test,0,0.4870205223560333,0.48681989312171936,text_only,2026
000656.SZ:2020,000656.SZ,train,0,0.48524045944213867,0.48681989312171936,text_only,2026
000656.SZ:2021,000656.SZ,train,0,0.4855901002883911,0.48681989312171936,text_only,2026
000656.SZ:2022,000656.SZ,validation,0,0.48546740412712097,0.48681989312171936,text_only,2026
000662.SZ:2018,000662.SZ,train,0,0.48648935556411743,0.48681989312171936,text_only,2026
000665.SZ:2024,000665.SZ,test,0,0.4863879382610321,0.48681989312171936,text_only,2026
000668.SZ:2017,000668.SZ,train,0,0.48574092984199524,0.48681989312171936,text_only,2026
000668.SZ:2019,000668.SZ,train,0,0.4863816201686859,0.48681989312171936,text_only,2026
000668.SZ:2021,000668.SZ,train,0,0.48650458455085754,0.48681989312171936,text_only,2026
000668.SZ:2024,000668.SZ,test,1,0.4862041175365448,0.48681989312171936,text_only,2026
000670.SZ:2017,000670.SZ,train,0,0.48724982142448425,0.48681989312171936,text_only,2026
000670.SZ:2024,000670.SZ,test,0,0.4869425594806671,0.48681989312171936,text_only,2026
000670.SZ:2025,000670.SZ,test,0,0.48671549558639526,0.48681989312171936,text_only,2026
000695.SZ:2017,000695.SZ,train,0,0.4868015944957733,0.48681989312171936,text_only,2026
000695.SZ:2018,000695.SZ,train,0,0.4871058762073517,0.48681989312171936,text_only,2026
000695.SZ:2019,000695.SZ,train,0,0.486579954624176,0.48681989312171936,text_only,2026
000695.SZ:2020,000695.SZ,train,0,0.4863913655281067,0.48681989312171936,text_only,2026
000695.SZ:2021,000695.SZ,train,0,0.48721274733543396,0.48681989312171936,text_only,2026
000695.SZ:2024,000695.SZ,test,0,0.486552894115448,0.48681989312171936,text_only,2026
000695.SZ:2025,000695.SZ,test,0,0.48705965280532837,0.48681989312171936,text_only,2026
000709.SZ:2017,000709.SZ,train,0,0.4871862232685089,0.48681989312171936,text_only,2026
000709.SZ:2020,000709.SZ,train,0,0.4867427945137024,0.48681989312171936,text_only,2026
000709.SZ:2021,000709.SZ,train,0,0.4864829182624817,0.48681989312171936,text_only,2026
000709.SZ:2022,000709.SZ,validation,0,0.4860944151878357,0.48681989312171936,text_only,2026
000709.SZ:2024,000709.SZ,test,0,0.48620855808258057,0.48681989312171936,text_only,2026
000709.SZ:2025,000709.SZ,test,0,0.4864130914211273,0.48681989312171936,text_only,2026
000715.SZ:2017,000715.SZ,train,0,0.486992746591568,0.48681989312171936,text_only,2026
000715.SZ:2018,000715.SZ,train,0,0.48635175824165344,0.48681989312171936,text_only,2026
000715.SZ:2019,000715.SZ,train,0,0.486459344625473,0.48681989312171936,text_only,2026
000715.SZ:2020,000715.SZ,train,0,0.48677220940589905,0.48681989312171936,text_only,2026
000715.SZ:2021,000715.SZ,train,0,0.4863322079181671,0.48681989312171936,text_only,2026
000715.SZ:2022,000715.SZ,validation,0,0.4866269528865814,0.48681989312171936,text_only,2026
000715.SZ:2024,000715.SZ,test,0,0.48673662543296814,0.48681989312171936,text_only,2026
000715.SZ:2025,000715.SZ,test,0,0.486482709646225,0.48681989312171936,text_only,2026
000718.SZ:2018,000718.SZ,train,0,0.4859866499900818,0.48681989312171936,text_only,2026
000718.SZ:2019,000718.SZ,train,0,0.48585245013237,0.48681989312171936,text_only,2026
000718.SZ:2020,000718.SZ,train,0,0.48527026176452637,0.48681989312171936,text_only,2026
000718.SZ:2021,000718.SZ,train,0,0.4853173792362213,0.48681989312171936,text_only,2026
000718.SZ:2022,000718.SZ,validation,0,0.4862357974052429,0.48681989312171936,text_only,2026
000718.SZ:2024,000718.SZ,test,0,0.4863024353981018,0.48681989312171936,text_only,2026
000718.SZ:2025,000718.SZ,test,0,0.486063152551651,0.48681989312171936,text_only,2026
000727.SZ:2017,000727.SZ,train,0,0.4869648218154907,0.48681989312171936,text_only,2026
000727.SZ:2021,000727.SZ,train,0,0.48762574791908264,0.48681989312171936,text_only,2026
000739.SZ:2018,000739.SZ,train,0,0.4861088991165161,0.48681989312171936,text_only,2026
000739.SZ:2019,000739.SZ,train,0,0.48655009269714355,0.48681989312171936,text_only,2026
000739.SZ:2020,000739.SZ,train,0,0.4861147403717041,0.48681989312171936,text_only,2026
000739.SZ:2021,000739.SZ,train,0,0.4864090085029602,0.48681989312171936,text_only,2026
000739.SZ:2022,000739.SZ,validation,0,0.4864049553871155,0.48681989312171936,text_only,2026
000739.SZ:2024,000739.SZ,test,0,0.4860146641731262,0.48681989312171936,text_only,2026
000739.SZ:2025,000739.SZ,test,0,0.48643869161605835,0.48681989312171936,text_only,2026
000786.SZ:2020,000786.SZ,train,0,0.485961377620697,0.48681989312171936,text_only,2026
000786.SZ:2021,000786.SZ,train,0,0.4865370988845825,0.48681989312171936,text_only,2026
000786.SZ:2022,000786.SZ,validation,0,0.48614415526390076,0.48681989312171936,text_only,2026
000786.SZ:2024,000786.SZ,test,0,0.4864732325077057,0.48681989312171936,text_only,2026
000786.SZ:2025,000786.SZ,test,0,0.4866103529930115,0.48681989312171936,text_only,2026
000797.SZ:2017,000797.SZ,train,0,0.48582661151885986,0.48681989312171936,text_only,2026
000797.SZ:2018,000797.SZ,train,0,0.4847308099269867,0.48681989312171936,text_only,2026
000797.SZ:2019,000797.SZ,train,0,0.4857877492904663,0.48681989312171936,text_only,2026
000797.SZ:2020,000797.SZ,train,0,0.4851679503917694,0.48681989312171936,text_only,2026
000797.SZ:2021,000797.SZ,train,0,0.48507994413375854,0.48681989312171936,text_only,2026
000797.SZ:2022,000797.SZ,validation,0,0.4855550229549408,0.48681989312171936,text_only,2026
000797.SZ:2024,000797.SZ,test,0,0.4852454662322998,0.48681989312171936,text_only,2026
000797.SZ:2025,000797.SZ,test,0,0.4858544170856476,0.48681989312171936,text_only,2026
000800.SZ:2017,000800.SZ,train,0,0.487061470746994,0.48681989312171936,text_only,2026
000800.SZ:2019,000800.SZ,train,0,0.4867909848690033,0.48681989312171936,text_only,2026
000800.SZ:2020,000800.SZ,train,0,0.4865317940711975,0.48681989312171936,text_only,2026
000800.SZ:2021,000800.SZ,train,0,0.48704132437705994,0.48681989312171936,text_only,2026
000800.SZ:2022,000800.SZ,validation,0,0.48691326379776,0.48681989312171936,text_only,2026
000800.SZ:2024,000800.SZ,test,0,0.48648133873939514,0.48681989312171936,text_only,2026
000800.SZ:2025,000800.SZ,test,0,0.4861418902873993,0.48681989312171936,text_only,2026
000807.SZ:2017,000807.SZ,train,0,0.48662686347961426,0.48681989312171936,text_only,2026
000807.SZ:2019,000807.SZ,train,0,0.48671433329582214,0.48681989312171936,text_only,2026
000807.SZ:2020,000807.SZ,train,0,0.4866327941417694,0.48681989312171936,text_only,2026
000807.SZ:2021,000807.SZ,train,0,0.48649850487709045,0.48681989312171936,text_only,2026
000807.SZ:2022,000807.SZ,validation,0,0.48618218302726746,0.48681989312171936,text_only,2026
000807.SZ:2024,000807.SZ,test,0,0.4867284893989563,0.48681989312171936,text_only,2026
000821.SZ:2022,000821.SZ,validation,0,0.48617470264434814,0.48681989312171936,text_only,2026
000821.SZ:2024,000821.SZ,test,0,0.48651745915412903,0.48681989312171936,text_only,2026
000821.SZ:2025,000821.SZ,test,1,0.48664355278015137,0.48681989312171936,text_only,2026
000822.SZ:2020,000822.SZ,train,0,0.48655301332473755,0.48681989312171936,text_only,2026
000823.SZ:2017,000823.SZ,train,0,0.4867575764656067,0.48681989312171936,text_only,2026
000823.SZ:2018,000823.SZ,train,0,0.48655256628990173,0.48681989312171936,text_only,2026
000823.SZ:2019,000823.SZ,train,0,0.48638486862182617,0.48681989312171936,text_only,2026
000823.SZ:2020,000823.SZ,train,0,0.48667407035827637,0.48681989312171936,text_only,2026
000823.SZ:2021,000823.SZ,train,0,0.4868353307247162,0.48681989312171936,text_only,2026
000823.SZ:2022,000823.SZ,validation,0,0.4869067072868347,0.48681989312171936,text_only,2026
000823.SZ:2024,000823.SZ,test,0,0.48656871914863586,0.48681989312171936,text_only,2026
000823.SZ:2025,000823.SZ,test,0,0.48645421862602234,0.48681989312171936,text_only,2026
000830.SZ:2017,000830.SZ,train,0,0.4865838289260864,0.48681989312171936,text_only,2026
000830.SZ:2018,000830.SZ,train,0,0.48646080493927,0.48681989312171936,text_only,2026
000830.SZ:2019,000830.SZ,train,0,0.4860915243625641,0.48681989312171936,text_only,2026
000830.SZ:2020,000830.SZ,train,0,0.4864341914653778,0.48681989312171936,text_only,2026
000830.SZ:2021,000830.SZ,train,0,0.4866275191307068,0.48681989312171936,text_only,2026
000830.SZ:2022,000830.SZ,validation,0,0.4864081144332886,0.48681989312171936,text_only,2026
000830.SZ:2024,000830.SZ,test,0,0.4864691495895386,0.48681989312171936,text_only,2026
000830.SZ:2025,000830.SZ,test,0,0.48660725355148315,0.48681989312171936,text_only,2026
000835.SZ:2018,000835.SZ,train,0,0.486374169588089,0.48681989312171936,text_only,2026
000835.SZ:2019,000835.SZ,train,0,0.48681166768074036,0.48681989312171936,text_only,2026
000850.SZ:2017,000850.SZ,train,0,0.4859098196029663,0.48681989312171936,text_only,2026
000850.SZ:2018,000850.SZ,train,0,0.48636379837989807,0.48681989312171936,text_only,2026
000850.SZ:2019,000850.SZ,train,0,0.48665156960487366,0.48681989312171936,text_only,2026
000850.SZ:2021,000850.SZ,train,0,0.48661431670188904,0.48681989312171936,text_only,2026
000850.SZ:2022,000850.SZ,validation,0,0.48642075061798096,0.48681989312171936,text_only,2026
000850.SZ:2024,000850.SZ,test,0,0.4863465130329132,0.48681989312171936,text_only,2026
000850.SZ:2025,000850.SZ,test,0,0.48682159185409546,0.48681989312171936,text_only,2026
000861.SZ:2017,000861.SZ,train,0,0.48599791526794434,0.48681989312171936,text_only,2026
000861.SZ:2019,000861.SZ,train,0,0.4858846366405487,0.48681989312171936,text_only,2026
000861.SZ:2020,000861.SZ,train,0,0.48604992032051086,0.48681989312171936,text_only,2026
000861.SZ:2021,000861.SZ,train,0,0.48643526434898376,0.48681989312171936,text_only,2026
000861.SZ:2022,000861.SZ,validation,0,0.4864746332168579,0.48681989312171936,text_only,2026
000868.SZ:2021,000868.SZ,train,0,0.4868920147418976,0.48681989312171936,text_only,2026
000868.SZ:2022,000868.SZ,validation,0,0.4865345060825348,0.48681989312171936,text_only,2026
000883.SZ:2017,000883.SZ,train,0,0.48697590827941895,0.48681989312171936,text_only,2026
000883.SZ:2018,000883.SZ,train,0,0.487028032541275,0.48681989312171936,text_only,2026
000883.SZ:2019,000883.SZ,train,0,0.4868766963481903,0.48681989312171936,text_only,2026
000883.SZ:2020,000883.SZ,train,0,0.4867554306983948,0.48681989312171936,text_only,2026
000883.SZ:2021,000883.SZ,train,0,0.4872371554374695,0.48681989312171936,text_only,2026
000883.SZ:2022,000883.SZ,validation,0,0.48673054575920105,0.48681989312171936,text_only,2026
000883.SZ:2024,000883.SZ,test,0,0.48664525151252747,0.48681989312171936,text_only,2026
000890.SZ:2017,000890.SZ,train,0,0.4873083531856537,0.48681989312171936,text_only,2026
000890.SZ:2019,000890.SZ,train,1,0.48735955357551575,0.48681989312171936,text_only,2026
000890.SZ:2022,000890.SZ,validation,0,0.4868672490119934,0.48681989312171936,text_only,2026
000890.SZ:2024,000890.SZ,test,0,0.48690423369407654,0.48681989312171936,text_only,2026
000890.SZ:2025,000890.SZ,test,0,0.4866213798522949,0.48681989312171936,text_only,2026
000897.SZ:2021,000897.SZ,train,0,0.48552095890045166,0.48681989312171936,text_only,2026
000897.SZ:2024,000897.SZ,test,0,0.4861429035663605,0.48681989312171936,text_only,2026
000903.SZ:2017,000903.SZ,train,0,0.48683279752731323,0.48681989312171936,text_only,2026
000903.SZ:2018,000903.SZ,train,0,0.4864761531352997,0.48681989312171936,text_only,2026
000903.SZ:2019,000903.SZ,train,0,0.4864707291126251,0.48681989312171936,text_only,2026
000903.SZ:2020,000903.SZ,train,0,0.4863819479942322,0.48681989312171936,text_only,2026
000903.SZ:2021,000903.SZ,train,0,0.48700422048568726,0.48681989312171936,text_only,2026
000903.SZ:2022,000903.SZ,validation,0,0.4864337742328644,0.48681989312171936,text_only,2026
000903.SZ:2024,000903.SZ,test,0,0.4862901270389557,0.48681989312171936,text_only,2026
000903.SZ:2025,000903.SZ,test,1,0.4863712787628174,0.48681989312171936,text_only,2026
000920.SZ:2017,000920.SZ,train,0,0.48645058274269104,0.48681989312171936,text_only,2026
000920.SZ:2018,000920.SZ,train,0,0.48645222187042236,0.48681989312171936,text_only,2026
000920.SZ:2019,000920.SZ,train,0,0.48658841848373413,0.48681989312171936,text_only,2026
000920.SZ:2020,000920.SZ,train,0,0.4864077866077423,0.48681989312171936,text_only,2026
000920.SZ:2021,000920.SZ,train,0,0.4866656959056854,0.48681989312171936,text_only,2026
000920.SZ:2022,000920.SZ,validation,0,0.4867147207260132,0.48681989312171936,text_only,2026
000920.SZ:2024,000920.SZ,test,0,0.48624637722969055,0.48681989312171936,text_only,2026
000920.SZ:2025,000920.SZ,test,0,0.4866155683994293,0.48681989312171936,text_only,2026
000925.SZ:2017,000925.SZ,train,0,0.4862636923789978,0.48681989312171936,text_only,2026
000925.SZ:2018,000925.SZ,train,0,0.4869573712348938,0.48681989312171936,text_only,2026
000925.SZ:2019,000925.SZ,train,0,0.4862564206123352,0.48681989312171936,text_only,2026
000925.SZ:2020,000925.SZ,train,0,0.4863145053386688,0.48681989312171936,text_only,2026
000925.SZ:2021,000925.SZ,train,0,0.4863942265510559,0.48681989312171936,text_only,2026
000925.SZ:2022,000925.SZ,validation,0,0.4864201247692108,0.48681989312171936,text_only,2026
000925.SZ:2024,000925.SZ,test,0,0.48585548996925354,0.48681989312171936,text_only,2026
000925.SZ:2025,000925.SZ,test,0,0.48589926958084106,0.48681989312171936,text_only,2026
000933.SZ:2018,000933.SZ,train,0,0.48681211471557617,0.48681989312171936,text_only,2026
000933.SZ:2019,000933.SZ,train,0,0.4865490794181824,0.48681989312171936,text_only,2026
000933.SZ:2020,000933.SZ,train,0,0.4864950478076935,0.48681989312171936,text_only,2026
000933.SZ:2021,000933.SZ,train,0,0.48672783374786377,0.48681989312171936,text_only,2026
000933.SZ:2022,000933.SZ,validation,0,0.48658671975135803,0.48681989312171936,text_only,2026
000933.SZ:2024,000933.SZ,test,0,0.4862726628780365,0.48681989312171936,text_only,2026
000933.SZ:2025,000933.SZ,test,0,0.4867948293685913,0.48681989312171936,text_only,2026
000937.SZ:2017,000937.SZ,train,0,0.4861691892147064,0.48681989312171936,text_only,2026
000937.SZ:2018,000937.SZ,train,0,0.4862736165523529,0.48681989312171936,text_only,2026
000937.SZ:2019,000937.SZ,train,0,0.486246794462204,0.48681989312171936,text_only,2026
000937.SZ:2020,000937.SZ,train,0,0.4869854152202606,0.48681989312171936,text_only,2026
000937.SZ:2024,000937.SZ,test,0,0.4868527948856354,0.48681989312171936,text_only,2026
000982.SZ:2022,000982.SZ,validation,0,0.48677974939346313,0.48681989312171936,text_only,2026
000989.SZ:2017,000989.SZ,train,0,0.4863721430301666,0.48681989312171936,text_only,2026
000989.SZ:2020,000989.SZ,train,0,0.48656442761421204,0.48681989312171936,text_only,2026
000989.SZ:2021,000989.SZ,train,0,0.486172616481781,0.48681989312171936,text_only,2026
000989.SZ:2022,000989.SZ,validation,0,0.4863716661930084,0.48681989312171936,text_only,2026
000990.SZ:2020,000990.SZ,train,0,0.4863058030605316,0.48681989312171936,text_only,2026
000990.SZ:2021,000990.SZ,train,0,0.48662713170051575,0.48681989312171936,text_only,2026
000990.SZ:2022,000990.SZ,validation,0,0.48673900961875916,0.48681989312171936,text_only,2026
000990.SZ:2024,000990.SZ,test,0,0.4860779047012329,0.48681989312171936,text_only,2026
000990.SZ:2025,000990.SZ,test,0,0.48652851581573486,0.48681989312171936,text_only,2026
001201.SZ:2024,001201.SZ,test,0,0.4865981638431549,0.48681989312171936,text_only,2026
001201.SZ:2025,001201.SZ,test,0,0.4863712787628174,0.48681989312171936,text_only,2026
001215.SZ:2025,001215.SZ,test,0,0.4862551987171173,0.48681989312171936,text_only,2026
001216.SZ:2025,001216.SZ,test,0,0.4865545928478241,0.48681989312171936,text_only,2026
001296.SZ:2025,001296.SZ,test,0,0.4864000380039215,0.48681989312171936,text_only,2026
002002.SZ:2022,002002.SZ,validation,0,0.48663660883903503,0.48681989312171936,text_only,2026
002014.SZ:2017,002014.SZ,train,0,0.4865730106830597,0.48681989312171936,text_only,2026
002014.SZ:2018,002014.SZ,train,0,0.48655810952186584,0.48681989312171936,text_only,2026
002014.SZ:2019,002014.SZ,train,0,0.48671334981918335,0.48681989312171936,text_only,2026
002014.SZ:2020,002014.SZ,train,0,0.48675447702407837,0.48681989312171936,text_only,2026
002014.SZ:2021,002014.SZ,train,0,0.4873136878013611,0.48681989312171936,text_only,2026
002014.SZ:2022,002014.SZ,validation,0,0.4869302213191986,0.48681989312171936,text_only,2026
002014.SZ:2024,002014.SZ,test,0,0.48664620518684387,0.48681989312171936,text_only,2026
002016.SZ:2017,002016.SZ,train,0,0.4861806631088257,0.48681989312171936,text_only,2026
002016.SZ:2018,002016.SZ,train,0,0.4858235716819763,0.48681989312171936,text_only,2026
002016.SZ:2019,002016.SZ,train,0,0.48587435483932495,0.48681989312171936,text_only,2026
002016.SZ:2020,002016.SZ,train,0,0.4861971437931061,0.48681989312171936,text_only,2026
002016.SZ:2021,002016.SZ,train,0,0.48592609167099,0.48681989312171936,text_only,2026
002016.SZ:2022,002016.SZ,validation,0,0.4865773916244507,0.48681989312171936,text_only,2026
002016.SZ:2024,002016.SZ,test,0,0.486543744802475,0.48681989312171936,text_only,2026
002016.SZ:2025,002016.SZ,test,0,0.48593825101852417,0.48681989312171936,text_only,2026
002021.SZ:2017,002021.SZ,train,0,0.48662301898002625,0.48681989312171936,text_only,2026
002021.SZ:2018,002021.SZ,train,1,0.4869968295097351,0.48681989312171936,text_only,2026
002021.SZ:2025,002021.SZ,test,0,0.4865666627883911,0.48681989312171936,text_only,2026
002027.SZ:2019,002027.SZ,train,0,0.48587360978126526,0.48681989312171936,text_only,2026
002027.SZ:2020,002027.SZ,train,0,0.4864635765552521,0.48681989312171936,text_only,2026
002027.SZ:2021,002027.SZ,train,0,0.48594555258750916,0.48681989312171936,text_only,2026
002027.SZ:2022,002027.SZ,validation,0,0.4860088527202606,0.48681989312171936,text_only,2026
002027.SZ:2024,002027.SZ,test,0,0.48602619767189026,0.48681989312171936,text_only,2026
002027.SZ:2025,002027.SZ,test,0,0.48636817932128906,0.48681989312171936,text_only,2026
002033.SZ:2019,002033.SZ,train,0,0.48639988899230957,0.48681989312171936,text_only,2026
002033.SZ:2020,002033.SZ,train,0,0.4863002896308899,0.48681989312171936,text_only,2026
002033.SZ:2021,002033.SZ,train,0,0.4866451323032379,0.48681989312171936,text_only,2026
002033.SZ:2022,002033.SZ,validation,0,0.4862946569919586,0.48681989312171936,text_only,2026
002033.SZ:2024,002033.SZ,test,0,0.48593926429748535,0.48681989312171936,text_only,2026
002033.SZ:2025,002033.SZ,test,0,0.4860776662826538,0.48681989312171936,text_only,2026
002039.SZ:2017,002039.SZ,train,0,0.4874395728111267,0.48681989312171936,text_only,2026
002039.SZ:2019,002039.SZ,train,0,0.48723167181015015,0.48681989312171936,text_only,2026
002039.SZ:2020,002039.SZ,train,0,0.48680076003074646,0.48681989312171936,text_only,2026
002039.SZ:2021,002039.SZ,train,0,0.48710495233535767,0.48681989312171936,text_only,2026
002039.SZ:2022,002039.SZ,validation,0,0.48713183403015137,0.48681989312171936,text_only,2026
002039.SZ:2024,002039.SZ,test,0,0.4869268238544464,0.48681989312171936,text_only,2026
002040.SZ:2017,002040.SZ,train,0,0.4866677224636078,0.48681989312171936,text_only,2026
002040.SZ:2018,002040.SZ,train,0,0.48668089509010315,0.48681989312171936,text_only,2026
002040.SZ:2019,002040.SZ,train,0,0.48727959394454956,0.48681989312171936,text_only,2026
002040.SZ:2020,002040.SZ,train,0,0.4861292839050293,0.48681989312171936,text_only,2026
002040.SZ:2021,002040.SZ,train,0,0.48712363839149475,0.48681989312171936,text_only,2026
002040.SZ:2024,002040.SZ,test,0,0.48660969734191895,0.48681989312171936,text_only,2026
002041.SZ:2017,002041.SZ,train,0,0.4866494834423065,0.48681989312171936,text_only,2026
002041.SZ:2018,002041.SZ,train,0,0.48645538091659546,0.48681989312171936,text_only,2026
002041.SZ:2019,002041.SZ,train,0,0.4860364496707916,0.48681989312171936,text_only,2026
002041.SZ:2020,002041.SZ,train,0,0.48623427748680115,0.48681989312171936,text_only,2026
002041.SZ:2021,002041.SZ,train,0,0.4864755868911743,0.48681989312171936,text_only,2026
002041.SZ:2022,002041.SZ,validation,0,0.4864165186882019,0.48681989312171936,text_only,2026
002041.SZ:2024,002041.SZ,test,0,0.48596277832984924,0.48681989312171936,text_only,2026
002041.SZ:2025,002041.SZ,test,0,0.48617324233055115,0.48681989312171936,text_only,2026
002046.SZ:2018,002046.SZ,train,0,0.48639604449272156,0.48681989312171936,text_only,2026
002046.SZ:2019,002046.SZ,train,0,0.48622024059295654,0.48681989312171936,text_only,2026
002046.SZ:2020,002046.SZ,train,0,0.4866955280303955,0.48681989312171936,text_only,2026
002046.SZ:2021,002046.SZ,train,0,0.48657727241516113,0.48681989312171936,text_only,2026
002046.SZ:2022,002046.SZ,validation,0,0.48614805936813354,0.48681989312171936,text_only,2026
002046.SZ:2024,002046.SZ,test,0,0.4859742820262909,0.48681989312171936,text_only,2026
002046.SZ:2025,002046.SZ,test,0,0.4860219657421112,0.48681989312171936,text_only,2026
002050.SZ:2017,002050.SZ,train,0,0.4861856997013092,0.48681989312171936,text_only,2026
002050.SZ:2018,002050.SZ,train,0,0.48646774888038635,0.48681989312171936,text_only,2026
002050.SZ:2019,002050.SZ,train,0,0.48630887269973755,0.48681989312171936,text_only,2026
002050.SZ:2020,002050.SZ,train,0,0.4862937331199646,0.48681989312171936,text_only,2026
002050.SZ:2021,002050.SZ,train,0,0.4867185652256012,0.48681989312171936,text_only,2026
002050.SZ:2022,002050.SZ,validation,0,0.48642897605895996,0.48681989312171936,text_only,2026
002050.SZ:2024,002050.SZ,test,0,0.48604366183280945,0.48681989312171936,text_only,2026
002050.SZ:2025,002050.SZ,test,0,0.48618000745773315,0.48681989312171936,text_only,2026
002053.SZ:2018,002053.SZ,train,0,0.48625457286834717,0.48681989312171936,text_only,2026
002053.SZ:2019,002053.SZ,train,0,0.48672935366630554,0.48681989312171936,text_only,2026
002053.SZ:2020,002053.SZ,train,0,0.48630914092063904,0.48681989312171936,text_only,2026
002053.SZ:2021,002053.SZ,train,0,0.48683691024780273,0.48681989312171936,text_only,2026
002053.SZ:2022,002053.SZ,validation,0,0.48621031641960144,0.48681989312171936,text_only,2026
002053.SZ:2024,002053.SZ,test,0,0.4864715337753296,0.48681989312171936,text_only,2026
002056.SZ:2020,002056.SZ,train,0,0.48671913146972656,0.48681989312171936,text_only,2026
002056.SZ:2021,002056.SZ,train,0,0.4875137507915497,0.48681989312171936,text_only,2026
002056.SZ:2022,002056.SZ,validation,0,0.4864732325077057,0.48681989312171936,text_only,2026
002056.SZ:2024,002056.SZ,test,0,0.48705846071243286,0.48681989312171936,text_only,2026
002056.SZ:2025,002056.SZ,test,0,0.4866286516189575,0.48681989312171936,text_only,2026
002064.SZ:2017,002064.SZ,train,0,0.4869597256183624,0.48681989312171936,text_only,2026
002064.SZ:2018,002064.SZ,train,0,0.48699286580085754,0.48681989312171936,text_only,2026
002064.SZ:2019,002064.SZ,train,0,0.4875691533088684,0.48681989312171936,text_only,2026
002064.SZ:2020,002064.SZ,train,0,0.4869815707206726,0.48681989312171936,text_only,2026
002064.SZ:2022,002064.SZ,validation,0,0.48622265458106995,0.48681989312171936,text_only,2026
002064.SZ:2024,002064.SZ,test,0,0.48611801862716675,0.48681989312171936,text_only,2026
002064.SZ:2025,002064.SZ,test,0,0.4859544634819031,0.48681989312171936,text_only,2026
002069.SZ:2017,002069.SZ,train,0,0.48621195554733276,0.48681989312171936,text_only,2026
002069.SZ:2018,002069.SZ,train,0,0.48595187067985535,0.48681989312171936,text_only,2026
002069.SZ:2019,002069.SZ,train,0,0.4864113926887512,0.48681989312171936,text_only,2026
002069.SZ:2020,002069.SZ,train,0,0.486652135848999,0.48681989312171936,text_only,2026
002069.SZ:2021,002069.SZ,train,0,0.48684215545654297,0.48681989312171936,text_only,2026
002069.SZ:2022,002069.SZ,validation,1,0.48638004064559937,0.48681989312171936,text_only,2026
002069.SZ:2024,002069.SZ,test,0,0.48657411336898804,0.48681989312171936,text_only,2026
002071.SZ:2017,002071.SZ,train,0,0.4865075349807739,0.48681989312171936,text_only,2026
002092.SZ:2020,002092.SZ,train,0,0.4864949882030487,0.48681989312171936,text_only,2026
002092.SZ:2021,002092.SZ,train,0,0.4870598316192627,0.48681989312171936,text_only,2026
002092.SZ:2022,002092.SZ,validation,0,0.48655641078948975,0.48681989312171936,text_only,2026
002092.SZ:2024,002092.SZ,test,1,0.4864863157272339,0.48681989312171936,text_only,2026
002102.SZ:2025,002102.SZ,test,1,0.48681652545928955,0.48681989312171936,text_only,2026
002106.SZ:2017,002106.SZ,train,0,0.48677149415016174,0.48681989312171936,text_only,2026
002110.SZ:2019,002110.SZ,train,0,0.48629826307296753,0.48681989312171936,text_only,2026
002110.SZ:2020,002110.SZ,train,0,0.4862101972103119,0.48681989312171936,text_only,2026
002110.SZ:2021,002110.SZ,train,0,0.4866316020488739,0.48681989312171936,text_only,2026
002110.SZ:2022,002110.SZ,validation,0,0.48645511269569397,0.48681989312171936,text_only,2026
002110.SZ:2024,002110.SZ,test,0,0.4866275191307068,0.48681989312171936,text_only,2026
002110.SZ:2025,002110.SZ,test,0,0.4865526854991913,0.48681989312171936,text_only,2026
002112.SZ:2017,002112.SZ,train,0,0.48664966225624084,0.48681989312171936,text_only,2026
002112.SZ:2018,002112.SZ,train,0,0.4872931241989136,0.48681989312171936,text_only,2026
002112.SZ:2021,002112.SZ,train,0,0.4870721995830536,0.48681989312171936,text_only,2026
002112.SZ:2022,002112.SZ,validation,0,0.48731809854507446,0.48681989312171936,text_only,2026
002112.SZ:2024,002112.SZ,test,0,0.48666146397590637,0.48681989312171936,text_only,2026
002112.SZ:2025,002112.SZ,test,0,0.48639655113220215,0.48681989312171936,text_only,2026
002117.SZ:2019,002117.SZ,train,0,0.4860304296016693,0.48681989312171936,text_only,2026
002117.SZ:2020,002117.SZ,train,0,0.4861896336078644,0.48681989312171936,text_only,2026
002117.SZ:2021,002117.SZ,train,0,0.48653048276901245,0.48681989312171936,text_only,2026
002117.SZ:2022,002117.SZ,validation,0,0.4860364496707916,0.48681989312171936,text_only,2026
002117.SZ:2024,002117.SZ,test,0,0.4860832095146179,0.48681989312171936,text_only,2026
002120.SZ:2017,002120.SZ,train,0,0.486492395401001,0.48681989312171936,text_only,2026
002120.SZ:2018,002120.SZ,train,0,0.4866361618041992,0.48681989312171936,text_only,2026
002120.SZ:2019,002120.SZ,train,0,0.4866528809070587,0.48681989312171936,text_only,2026
002120.SZ:2020,002120.SZ,train,0,0.48605144023895264,0.48681989312171936,text_only,2026
002120.SZ:2021,002120.SZ,train,0,0.48701921105384827,0.48681989312171936,text_only,2026
002120.SZ:2022,002120.SZ,validation,0,0.4865492284297943,0.48681989312171936,text_only,2026
002120.SZ:2024,002120.SZ,test,0,0.4867107570171356,0.48681989312171936,text_only,2026
002120.SZ:2025,002120.SZ,test,0,0.48620468378067017,0.48681989312171936,text_only,2026
002121.SZ:2017,002121.SZ,train,0,0.48598575592041016,0.48681989312171936,text_only,2026
002121.SZ:2018,002121.SZ,train,0,0.4866355359554291,0.48681989312171936,text_only,2026
002121.SZ:2022,002121.SZ,validation,0,0.48659229278564453,0.48681989312171936,text_only,2026
002121.SZ:2024,002121.SZ,test,0,0.4866427779197693,0.48681989312171936,text_only,2026
002121.SZ:2025,002121.SZ,test,0,0.486596018075943,0.48681989312171936,text_only,2026
002125.SZ:2017,002125.SZ,train,0,0.48733043670654297,0.48681989312171936,text_only,2026
002125.SZ:2018,002125.SZ,train,0,0.48655545711517334,0.48681989312171936,text_only,2026
002125.SZ:2019,002125.SZ,train,0,0.4865424633026123,0.48681989312171936,text_only,2026
002125.SZ:2020,002125.SZ,train,0,0.48668918013572693,0.48681989312171936,text_only,2026
002125.SZ:2021,002125.SZ,train,0,0.4869024157524109,0.48681989312171936,text_only,2026
002125.SZ:2022,002125.SZ,validation,0,0.4867461323738098,0.48681989312171936,text_only,2026
002125.SZ:2024,002125.SZ,test,0,0.4867827296257019,0.48681989312171936,text_only,2026
002125.SZ:2025,002125.SZ,test,0,0.48655471205711365,0.48681989312171936,text_only,2026
002140.SZ:2017,002140.SZ,train,0,0.48678702116012573,0.48681989312171936,text_only,2026
002140.SZ:2018,002140.SZ,train,0,0.4864877760410309,0.48681989312171936,text_only,2026
002140.SZ:2019,002140.SZ,train,0,0.4862825870513916,0.48681989312171936,text_only,2026
002140.SZ:2020,002140.SZ,train,0,0.4862591326236725,0.48681989312171936,text_only,2026
002140.SZ:2021,002140.SZ,train,0,0.48614731431007385,0.48681989312171936,text_only,2026
002140.SZ:2022,002140.SZ,validation,0,0.4862019717693329,0.48681989312171936,text_only,2026
002140.SZ:2024,002140.SZ,test,0,0.48627007007598877,0.48681989312171936,text_only,2026
002140.SZ:2025,002140.SZ,test,0,0.48601436614990234,0.48681989312171936,text_only,2026
002141.SZ:2017,002141.SZ,train,0,0.48661336302757263,0.48681989312171936,text_only,2026
002141.SZ:2018,002141.SZ,train,0,0.4859851896762848,0.48681989312171936,text_only,2026
002141.SZ:2019,002141.SZ,train,0,0.48624762892723083,0.48681989312171936,text_only,2026
002141.SZ:2020,002141.SZ,train,0,0.48644670844078064,0.48681989312171936,text_only,2026
002141.SZ:2021,002141.SZ,train,0,0.48696020245552063,0.48681989312171936,text_only,2026
002141.SZ:2022,002141.SZ,validation,0,0.4867195785045624,0.48681989312171936,text_only,2026
002145.SZ:2017,002145.SZ,train,0,0.4865207374095917,0.48681989312171936,text_only,2026
002145.SZ:2018,002145.SZ,train,0,0.4863045811653137,0.48681989312171936,text_only,2026
002145.SZ:2019,002145.SZ,train,0,0.48649895191192627,0.48681989312171936,text_only,2026
002145.SZ:2020,002145.SZ,train,0,0.4870247542858124,0.48681989312171936,text_only,2026
002154.SZ:2018,002154.SZ,train,0,0.48695996403694153,0.48681989312171936,text_only,2026
002154.SZ:2020,002154.SZ,train,0,0.4860970675945282,0.48681989312171936,text_only,2026
002154.SZ:2021,002154.SZ,train,0,0.4866599440574646,0.48681989312171936,text_only,2026
002154.SZ:2022,002154.SZ,validation,0,0.48586246371269226,0.48681989312171936,text_only,2026
002154.SZ:2024,002154.SZ,test,0,0.4862530529499054,0.48681989312171936,text_only,2026
002154.SZ:2025,002154.SZ,test,0,0.4862253665924072,0.48681989312171936,text_only,2026
002160.SZ:2022,002160.SZ,validation,0,0.4867503046989441,0.48681989312171936,text_only,2026
002160.SZ:2024,002160.SZ,test,0,0.48636525869369507,0.48681989312171936,text_only,2026
002160.SZ:2025,002160.SZ,test,0,0.4870377779006958,0.48681989312171936,text_only,2026
002169.SZ:2020,002169.SZ,train,0,0.4859277606010437,0.48681989312171936,text_only,2026
002169.SZ:2021,002169.SZ,train,0,0.48652219772338867,0.48681989312171936,text_only,2026
002169.SZ:2022,002169.SZ,validation,0,0.4864546060562134,0.48681989312171936,text_only,2026
002169.SZ:2024,002169.SZ,test,0,0.4864692687988281,0.48681989312171936,text_only,2026
002181.SZ:2017,002181.SZ,train,0,0.4864204227924347,0.48681989312171936,text_only,2026
002181.SZ:2018,002181.SZ,train,0,0.4859391450881958,0.48681989312171936,text_only,2026
002181.SZ:2019,002181.SZ,train,0,0.4869069457054138,0.48681989312171936,text_only,2026
002181.SZ:2020,002181.SZ,train,0,0.48619329929351807,0.48681989312171936,text_only,2026
002181.SZ:2021,002181.SZ,train,0,0.48614370822906494,0.48681989312171936,text_only,2026
002181.SZ:2022,002181.SZ,validation,0,0.486040323972702,0.48681989312171936,text_only,2026
002181.SZ:2024,002181.SZ,test,0,0.48649054765701294,0.48681989312171936,text_only,2026
002181.SZ:2025,002181.SZ,test,0,0.48617130517959595,0.48681989312171936,text_only,2026
002185.SZ:2017,002185.SZ,train,0,0.4867497384548187,0.48681989312171936,text_only,2026
002185.SZ:2018,002185.SZ,train,0,0.48666462302207947,0.48681989312171936,text_only,2026
002185.SZ:2020,002185.SZ,train,0,0.48628461360931396,0.48681989312171936,text_only,2026
002185.SZ:2021,002185.SZ,train,0,0.4868816137313843,0.48681989312171936,text_only,2026
002185.SZ:2022,002185.SZ,validation,0,0.4864766597747803,0.48681989312171936,text_only,2026
002185.SZ:2024,002185.SZ,test,0,0.4864746332168579,0.48681989312171936,text_only,2026
002198.SZ:2018,002198.SZ,train,0,0.486995130777359,0.48681989312171936,text_only,2026
002198.SZ:2019,002198.SZ,train,0,0.48705610632896423,0.48681989312171936,text_only,2026
002198.SZ:2020,002198.SZ,train,0,0.487024188041687,0.48681989312171936,text_only,2026
002198.SZ:2021,002198.SZ,train,0,0.4870598316192627,0.48681989312171936,text_only,2026
002198.SZ:2022,002198.SZ,validation,0,0.4869804382324219,0.48681989312171936,text_only,2026
002198.SZ:2024,002198.SZ,test,0,0.48659488558769226,0.48681989312171936,text_only,2026
002198.SZ:2025,002198.SZ,test,0,0.4867272675037384,0.48681989312171936,text_only,2026
002212.SZ:2017,002212.SZ,train,0,0.48651233315467834,0.48681989312171936,text_only,2026
002212.SZ:2018,002212.SZ,train,0,0.48629263043403625,0.48681989312171936,text_only,2026
002212.SZ:2019,002212.SZ,train,0,0.4864579737186432,0.48681989312171936,text_only,2026
002212.SZ:2020,002212.SZ,train,0,0.4859406054019928,0.48681989312171936,text_only,2026
002212.SZ:2021,002212.SZ,train,0,0.4861091077327728,0.48681989312171936,text_only,2026
002212.SZ:2022,002212.SZ,validation,0,0.4854170083999634,0.48681989312171936,text_only,2026
002212.SZ:2025,002212.SZ,test,0,0.48568254709243774,0.48681989312171936,text_only,2026
002223.SZ:2018,002223.SZ,train,0,0.4863516092300415,0.48681989312171936,text_only,2026
002223.SZ:2019,002223.SZ,train,0,0.48634257912635803,0.48681989312171936,text_only,2026
002223.SZ:2020,002223.SZ,train,0,0.48708832263946533,0.48681989312171936,text_only,2026
002223.SZ:2021,002223.SZ,train,0,0.48624470829963684,0.48681989312171936,text_only,2026
002223.SZ:2022,002223.SZ,validation,0,0.4869287610054016,0.48681989312171936,text_only,2026
002223.SZ:2024,002223.SZ,test,0,0.4869963228702545,0.48681989312171936,text_only,2026
002224.SZ:2017,002224.SZ,train,0,0.48698076605796814,0.48681989312171936,text_only,2026
002224.SZ:2019,002224.SZ,train,0,0.4862656593322754,0.48681989312171936,text_only,2026
002224.SZ:2021,002224.SZ,train,0,0.4871729016304016,0.48681989312171936,text_only,2026
002224.SZ:2024,002224.SZ,test,0,0.486563503742218,0.48681989312171936,text_only,2026
002224.SZ:2025,002224.SZ,test,0,0.48651745915412903,0.48681989312171936,text_only,2026
002227.SZ:2021,002227.SZ,train,0,0.487268328666687,0.48681989312171936,text_only,2026
002227.SZ:2022,002227.SZ,validation,0,0.4865091145038605,0.48681989312171936,text_only,2026
002227.SZ:2024,002227.SZ,test,0,0.48676159977912903,0.48681989312171936,text_only,2026
002227.SZ:2025,002227.SZ,test,1,0.48685166239738464,0.48681989312171936,text_only,2026
002246.SZ:2017,002246.SZ,train,0,0.4865524470806122,0.48681989312171936,text_only,2026
002246.SZ:2018,002246.SZ,train,0,0.48697060346603394,0.48681989312171936,text_only,2026
002246.SZ:2019,002246.SZ,train,0,0.48621538281440735,0.48681989312171936,text_only,2026
002246.SZ:2020,002246.SZ,train,0,0.48654329776763916,0.48681989312171936,text_only,2026
002246.SZ:2021,002246.SZ,train,0,0.4864388704299927,0.48681989312171936,text_only,2026
002246.SZ:2022,002246.SZ,validation,0,0.486611545085907,0.48681989312171936,text_only,2026
002246.SZ:2024,002246.SZ,test,0,0.48665836453437805,0.48681989312171936,text_only,2026
002246.SZ:2025,002246.SZ,test,0,0.4862114489078522,0.48681989312171936,text_only,2026
002249.SZ:2017,002249.SZ,train,0,0.4865289628505707,0.48681989312171936,text_only,2026
002249.SZ:2020,002249.SZ,train,0,0.48633334040641785,0.48681989312171936,text_only,2026
002249.SZ:2021,002249.SZ,train,0,0.4867459535598755,0.48681989312171936,text_only,2026
002249.SZ:2022,002249.SZ,validation,0,0.48684510588645935,0.48681989312171936,text_only,2026
002249.SZ:2024,002249.SZ,test,0,0.48654884099960327,0.48681989312171936,text_only,2026
002254.SZ:2017,002254.SZ,train,0,0.4862237870693207,0.48681989312171936,text_only,2026
002254.SZ:2018,002254.SZ,train,0,0.48600342869758606,0.48681989312171936,text_only,2026
002254.SZ:2019,002254.SZ,train,0,0.48664233088493347,0.48681989312171936,text_only,2026
002254.SZ:2020,002254.SZ,train,0,0.48702070116996765,0.48681989312171936,text_only,2026
002254.SZ:2021,002254.SZ,train,0,0.4867992699146271,0.48681989312171936,text_only,2026
002254.SZ:2022,002254.SZ,validation,0,0.48677414655685425,0.48681989312171936,text_only,2026
002254.SZ:2024,002254.SZ,test,0,0.4865218698978424,0.48681989312171936,text_only,2026
002254.SZ:2025,002254.SZ,test,0,0.4867270290851593,0.48681989312171936,text_only,2026
002255.SZ:2017,002255.SZ,train,0,0.4864995777606964,0.48681989312171936,text_only,2026
002255.SZ:2018,002255.SZ,train,0,0.4864763915538788,0.48681989312171936,text_only,2026
002255.SZ:2022,002255.SZ,validation,0,0.4862918257713318,0.48681989312171936,text_only,2026
002255.SZ:2024,002255.SZ,test,0,0.48633524775505066,0.48681989312171936,text_only,2026
002255.SZ:2025,002255.SZ,test,0,0.4866292178630829,0.48681989312171936,text_only,2026
002256.SZ:2017,002256.SZ,train,0,0.4866674542427063,0.48681989312171936,text_only,2026
002256.SZ:2018,002256.SZ,train,0,0.486419677734375,0.48681989312171936,text_only,2026
002256.SZ:2019,002256.SZ,train,1,0.48717862367630005,0.48681989312171936,text_only,2026
002256.SZ:2022,002256.SZ,validation,0,0.4871373176574707,0.48681989312171936,text_only,2026
002256.SZ:2024,002256.SZ,test,0,0.4869789481163025,0.48681989312171936,text_only,2026
002256.SZ:2025,002256.SZ,test,0,0.4868594706058502,0.48681989312171936,text_only,2026
002260.SZ:2017,002260.SZ,train,0,0.48687314987182617,0.48681989312171936,text_only,2026
002260.SZ:2018,002260.SZ,train,1,0.4871911406517029,0.48681989312171936,text_only,2026
002265.SZ:2017,002265.SZ,train,0,0.48718559741973877,0.48681989312171936,text_only,2026
002265.SZ:2018,002265.SZ,train,0,0.4871484041213989,0.48681989312171936,text_only,2026
002265.SZ:2019,002265.SZ,train,0,0.48720523715019226,0.48681989312171936,text_only,2026
002265.SZ:2020,002265.SZ,train,0,0.48678430914878845,0.48681989312171936,text_only,2026
002265.SZ:2021,002265.SZ,train,0,0.48646217584609985,0.48681989312171936,text_only,2026
002265.SZ:2022,002265.SZ,validation,0,0.4867304265499115,0.48681989312171936,text_only,2026
002265.SZ:2024,002265.SZ,test,0,0.4862205684185028,0.48681989312171936,text_only,2026
002265.SZ:2025,002265.SZ,test,0,0.4865550398826599,0.48681989312171936,text_only,2026
002267.SZ:2017,002267.SZ,train,0,0.48640090227127075,0.48681989312171936,text_only,2026
002267.SZ:2018,002267.SZ,train,0,0.4864480495452881,0.48681989312171936,text_only,2026
002267.SZ:2019,002267.SZ,train,0,0.4859841763973236,0.48681989312171936,text_only,2026
002267.SZ:2020,002267.SZ,train,0,0.4856920540332794,0.48681989312171936,text_only,2026
002267.SZ:2021,002267.SZ,train,0,0.485972136259079,0.48681989312171936,text_only,2026
002267.SZ:2022,002267.SZ,validation,0,0.48608478903770447,0.48681989312171936,text_only,2026
002267.SZ:2024,002267.SZ,test,0,0.4862138032913208,0.48681989312171936,text_only,2026
002267.SZ:2025,002267.SZ,test,0,0.4862762689590454,0.48681989312171936,text_only,2026
002271.SZ:2017,002271.SZ,train,0,0.48639988899230957,0.48681989312171936,text_only,2026
002271.SZ:2018,002271.SZ,train,0,0.4860626459121704,0.48681989312171936,text_only,2026
002271.SZ:2019,002271.SZ,train,0,0.4861733913421631,0.48681989312171936,text_only,2026
002271.SZ:2020,002271.SZ,train,0,0.4862903654575348,0.48681989312171936,text_only,2026
002271.SZ:2021,002271.SZ,train,0,0.48647502064704895,0.48681989312171936,text_only,2026
002271.SZ:2022,002271.SZ,validation,0,0.4864599108695984,0.48681989312171936,text_only,2026
002271.SZ:2024,002271.SZ,test,0,0.48589298129081726,0.48681989312171936,text_only,2026
002271.SZ:2025,002271.SZ,test,0,0.4859282076358795,0.48681989312171936,text_only,2026
002272.SZ:2017,002272.SZ,train,0,0.486587792634964,0.48681989312171936,text_only,2026
002272.SZ:2019,002272.SZ,train,0,0.4866205155849457,0.48681989312171936,text_only,2026
002272.SZ:2020,002272.SZ,train,0,0.48623618483543396,0.48681989312171936,text_only,2026
002272.SZ:2021,002272.SZ,train,0,0.4858502149581909,0.48681989312171936,text_only,2026
002272.SZ:2022,002272.SZ,validation,0,0.4861261248588562,0.48681989312171936,text_only,2026
002272.SZ:2024,002272.SZ,test,0,0.4868077039718628,0.48681989312171936,text_only,2026
002272.SZ:2025,002272.SZ,test,0,0.48641523718833923,0.48681989312171936,text_only,2026
002275.SZ:2017,002275.SZ,train,0,0.48709991574287415,0.48681989312171936,text_only,2026
002275.SZ:2019,002275.SZ,train,0,0.48637980222702026,0.48681989312171936,text_only,2026
002275.SZ:2020,002275.SZ,train,0,0.4863804876804352,0.48681989312171936,text_only,2026
002275.SZ:2021,002275.SZ,train,0,0.4864143133163452,0.48681989312171936,text_only,2026
002275.SZ:2022,002275.SZ,validation,0,0.4864131510257721,0.48681989312171936,text_only,2026
002275.SZ:2024,002275.SZ,test,0,0.4863777160644531,0.48681989312171936,text_only,2026
002275.SZ:2025,002275.SZ,test,0,0.48631247878074646,0.48681989312171936,text_only,2026
002286.SZ:2017,002286.SZ,train,0,0.4864228367805481,0.48681989312171936,text_only,2026
002286.SZ:2018,002286.SZ,train,0,0.4868869185447693,0.48681989312171936,text_only,2026
002286.SZ:2019,002286.SZ,train,0,0.48684245347976685,0.48681989312171936,text_only,2026
002286.SZ:2020,002286.SZ,train,0,0.48651137948036194,0.48681989312171936,text_only,2026
002286.SZ:2021,002286.SZ,train,0,0.4866737127304077,0.48681989312171936,text_only,2026
002286.SZ:2022,002286.SZ,validation,0,0.4865649938583374,0.48681989312171936,text_only,2026
002286.SZ:2024,002286.SZ,test,0,0.486537903547287,0.48681989312171936,text_only,2026
002286.SZ:2025,002286.SZ,test,0,0.4863187372684479,0.48681989312171936,text_only,2026
002290.SZ:2017,002290.SZ,train,0,0.4865465760231018,0.48681989312171936,text_only,2026
002290.SZ:2019,002290.SZ,train,1,0.48727846145629883,0.48681989312171936,text_only,2026
002290.SZ:2021,002290.SZ,train,0,0.48682770133018494,0.48681989312171936,text_only,2026
002290.SZ:2022,002290.SZ,validation,0,0.4864068627357483,0.48681989312171936,text_only,2026
002290.SZ:2024,002290.SZ,test,0,0.48687392473220825,0.48681989312171936,text_only,2026
002290.SZ:2025,002290.SZ,test,0,0.4864163100719452,0.48681989312171936,text_only,2026
002293.SZ:2017,002293.SZ,train,0,0.4866800010204315,0.48681989312171936,text_only,2026
002293.SZ:2018,002293.SZ,train,0,0.4861607253551483,0.48681989312171936,text_only,2026
002293.SZ:2019,002293.SZ,train,0,0.48627033829689026,0.48681989312171936,text_only,2026
002293.SZ:2020,002293.SZ,train,0,0.4864126145839691,0.48681989312171936,text_only,2026
002293.SZ:2021,002293.SZ,train,0,0.48667463660240173,0.48681989312171936,text_only,2026
002293.SZ:2022,002293.SZ,validation,0,0.48619556427001953,0.48681989312171936,text_only,2026
002293.SZ:2024,002293.SZ,test,0,0.486178994178772,0.48681989312171936,text_only,2026
002293.SZ:2025,002293.SZ,test,0,0.48619961738586426,0.48681989312171936,text_only,2026
002294.SZ:2017,002294.SZ,train,0,0.4863817095756531,0.48681989312171936,text_only,2026
002294.SZ:2018,002294.SZ,train,0,0.486223965883255,0.48681989312171936,text_only,2026
002294.SZ:2019,002294.SZ,train,0,0.4856722056865692,0.48681989312171936,text_only,2026
002294.SZ:2020,002294.SZ,train,0,0.48603492975234985,0.48681989312171936,text_only,2026
002294.SZ:2021,002294.SZ,train,0,0.4864337146282196,0.48681989312171936,text_only,2026
002294.SZ:2022,002294.SZ,validation,0,0.4862467348575592,0.48681989312171936,text_only,2026
002294.SZ:2024,002294.SZ,test,0,0.48652952909469604,0.48681989312171936,text_only,2026
002294.SZ:2025,002294.SZ,test,0,0.4867061376571655,0.48681989312171936,text_only,2026
002297.SZ:2019,002297.SZ,train,0,0.48677030205726624,0.48681989312171936,text_only,2026
002297.SZ:2020,002297.SZ,train,0,0.48638713359832764,0.48681989312171936,text_only,2026
002297.SZ:2021,002297.SZ,train,0,0.48632702231407166,0.48681989312171936,text_only,2026
002297.SZ:2022,002297.SZ,validation,0,0.48643937706947327,0.48681989312171936,text_only,2026
002297.SZ:2024,002297.SZ,test,0,0.4862048625946045,0.48681989312171936,text_only,2026
002308.SZ:2017,002308.SZ,train,0,0.48637741804122925,0.48681989312171936,text_only,2026
002308.SZ:2018,002308.SZ,train,0,0.48553863167762756,0.48681989312171936,text_only,2026
002308.SZ:2019,002308.SZ,train,0,0.48627930879592896,0.48681989312171936,text_only,2026
002308.SZ:2020,002308.SZ,train,0,0.4865305423736572,0.48681989312171936,text_only,2026
002308.SZ:2021,002308.SZ,train,0,0.4869179129600525,0.48681989312171936,text_only,2026
002308.SZ:2022,002308.SZ,validation,0,0.48602890968322754,0.48681989312171936,text_only,2026
002309.SZ:2017,002309.SZ,train,0,0.4870944917201996,0.48681989312171936,text_only,2026
002309.SZ:2018,002309.SZ,train,0,0.4867655634880066,0.48681989312171936,text_only,2026
002309.SZ:2019,002309.SZ,train,0,0.4873308837413788,0.48681989312171936,text_only,2026
002309.SZ:2020,002309.SZ,train,0,0.4860018789768219,0.48681989312171936,text_only,2026
002309.SZ:2021,002309.SZ,train,0,0.48700249195098877,0.48681989312171936,text_only,2026
002309.SZ:2022,002309.SZ,validation,1,0.48681989312171936,0.48681989312171936,text_only,2026
002310.SZ:2018,002310.SZ,train,0,0.48574376106262207,0.48681989312171936,text_only,2026
002310.SZ:2019,002310.SZ,train,0,0.48577582836151123,0.48681989312171936,text_only,2026
002310.SZ:2022,002310.SZ,validation,0,0.4862705171108246,0.48681989312171936,text_only,2026
002316.SZ:2017,002316.SZ,train,0,0.4862144887447357,0.48681989312171936,text_only,2026
002316.SZ:2019,002316.SZ,train,0,0.48647287487983704,0.48681989312171936,text_only,2026
002316.SZ:2021,002316.SZ,train,0,0.48630908131599426,0.48681989312171936,text_only,2026
002316.SZ:2024,002316.SZ,test,1,0.48659220337867737,0.48681989312171936,text_only,2026
002320.SZ:2019,002320.SZ,train,0,0.4860632121562958,0.48681989312171936,text_only,2026
002320.SZ:2020,002320.SZ,train,0,0.48625800013542175,0.48681989312171936,text_only,2026
002320.SZ:2021,002320.SZ,train,0,0.4866958558559418,0.48681989312171936,text_only,2026
002320.SZ:2022,002320.SZ,validation,0,0.4862096905708313,0.48681989312171936,text_only,2026
002320.SZ:2024,002320.SZ,test,0,0.4860082268714905,0.48681989312171936,text_only,2026
002325.SZ:2017,002325.SZ,train,0,0.4860985279083252,0.48681989312171936,text_only,2026
002325.SZ:2018,002325.SZ,train,0,0.48653167486190796,0.48681989312171936,text_only,2026
002325.SZ:2021,002325.SZ,train,0,0.4870534837245941,0.48681989312171936,text_only,2026
002325.SZ:2022,002325.SZ,validation,0,0.48650237917900085,0.48681989312171936,text_only,2026
002325.SZ:2024,002325.SZ,test,1,0.48599645495414734,0.48681989312171936,text_only,2026
002332.SZ:2018,002332.SZ,train,0,0.48665598034858704,0.48681989312171936,text_only,2026
002332.SZ:2019,002332.SZ,train,0,0.48684245347976685,0.48681989312171936,text_only,2026
002332.SZ:2020,002332.SZ,train,0,0.48641031980514526,0.48681989312171936,text_only,2026
002332.SZ:2021,002332.SZ,train,0,0.4872574210166931,0.48681989312171936,text_only,2026
002332.SZ:2022,002332.SZ,validation,0,0.48659443855285645,0.48681989312171936,text_only,2026
002332.SZ:2025,002332.SZ,test,0,0.48643723130226135,0.48681989312171936,text_only,2026
002340.SZ:2017,002340.SZ,train,0,0.4864577054977417,0.48681989312171936,text_only,2026
002340.SZ:2018,002340.SZ,train,0,0.4864557981491089,0.48681989312171936,text_only,2026
002340.SZ:2020,002340.SZ,train,0,0.4861826002597809,0.48681989312171936,text_only,2026
002340.SZ:2021,002340.SZ,train,0,0.48724743723869324,0.48681989312171936,text_only,2026
002340.SZ:2022,002340.SZ,validation,0,0.48616716265678406,0.48681989312171936,text_only,2026
002340.SZ:2024,002340.SZ,test,0,0.48656824231147766,0.48681989312171936,text_only,2026
002340.SZ:2025,002340.SZ,test,0,0.4865064024925232,0.48681989312171936,text_only,2026
002346.SZ:2017,002346.SZ,train,0,0.48630693554878235,0.48681989312171936,text_only,2026
002346.SZ:2018,002346.SZ,train,0,0.4860684275627136,0.48681989312171936,text_only,2026
002346.SZ:2021,002346.SZ,train,0,0.4870864152908325,0.48681989312171936,text_only,2026
002346.SZ:2022,002346.SZ,validation,0,0.4864943325519562,0.48681989312171936,text_only,2026
002346.SZ:2024,002346.SZ,test,0,0.4867653250694275,0.48681989312171936,text_only,2026
002350.SZ:2017,002350.SZ,train,0,0.4868897497653961,0.48681989312171936,text_only,2026
002350.SZ:2018,002350.SZ,train,0,0.48680973052978516,0.48681989312171936,text_only,2026
002350.SZ:2019,002350.SZ,train,0,0.48672375082969666,0.48681989312171936,text_only,2026
002350.SZ:2020,002350.SZ,train,0,0.48628270626068115,0.48681989312171936,text_only,2026
002350.SZ:2021,002350.SZ,train,0,0.4872063100337982,0.48681989312171936,text_only,2026
002350.SZ:2024,002350.SZ,test,0,0.48688873648643494,0.48681989312171936,text_only,2026
002350.SZ:2025,002350.SZ,test,0,0.48612308502197266,0.48681989312171936,text_only,2026
002360.SZ:2018,002360.SZ,train,0,0.48720425367355347,0.48681989312171936,text_only,2026
002360.SZ:2019,002360.SZ,train,0,0.4871548116207123,0.48681989312171936,text_only,2026
002360.SZ:2020,002360.SZ,train,0,0.4870414435863495,0.48681989312171936,text_only,2026
002360.SZ:2021,002360.SZ,train,0,0.48698166012763977,0.48681989312171936,text_only,2026
002360.SZ:2022,002360.SZ,validation,0,0.48688358068466187,0.48681989312171936,text_only,2026
002360.SZ:2024,002360.SZ,test,0,0.4869043827056885,0.48681989312171936,text_only,2026
002360.SZ:2025,002360.SZ,test,1,0.48668432235717773,0.48681989312171936,text_only,2026
002364.SZ:2017,002364.SZ,train,0,0.48604315519332886,0.48681989312171936,text_only,2026
002364.SZ:2018,002364.SZ,train,0,0.48630213737487793,0.48681989312171936,text_only,2026
002364.SZ:2019,002364.SZ,train,0,0.4857555031776428,0.48681989312171936,text_only,2026
002364.SZ:2020,002364.SZ,train,0,0.4863447844982147,0.48681989312171936,text_only,2026
002364.SZ:2021,002364.SZ,train,0,0.4863654673099518,0.48681989312171936,text_only,2026
002364.SZ:2022,002364.SZ,validation,0,0.4861905872821808,0.48681989312171936,text_only,2026
002364.SZ:2024,002364.SZ,test,0,0.4864402115345001,0.48681989312171936,text_only,2026
002364.SZ:2025,002364.SZ,test,0,0.48677054047584534,0.48681989312171936,text_only,2026
002365.SZ:2017,002365.SZ,train,0,0.48633649945259094,0.48681989312171936,text_only,2026
002365.SZ:2018,002365.SZ,train,0,0.48654481768608093,0.48681989312171936,text_only,2026
002365.SZ:2019,002365.SZ,train,0,0.4867607057094574,0.48681989312171936,text_only,2026
002365.SZ:2020,002365.SZ,train,0,0.4865691661834717,0.48681989312171936,text_only,2026
002365.SZ:2021,002365.SZ,train,0,0.4869532883167267,0.48681989312171936,text_only,2026
002365.SZ:2022,002365.SZ,validation,0,0.4869449734687805,0.48681989312171936,text_only,2026
002365.SZ:2024,002365.SZ,test,0,0.4868742823600769,0.48681989312171936,text_only,2026
002365.SZ:2025,002365.SZ,test,0,0.48658621311187744,0.48681989312171936,text_only,2026
002374.SZ:2017,002374.SZ,train,0,0.486069917678833,0.48681989312171936,text_only,2026
002374.SZ:2019,002374.SZ,train,0,0.4859953224658966,0.48681989312171936,text_only,2026
002374.SZ:2020,002374.SZ,train,0,0.4865339398384094,0.48681989312171936,text_only,2026
002374.SZ:2021,002374.SZ,train,0,0.4861707091331482,0.48681989312171936,text_only,2026
002374.SZ:2022,002374.SZ,validation,0,0.4864073395729065,0.48681989312171936,text_only,2026
002374.SZ:2024,002374.SZ,test,0,0.48678961396217346,0.48681989312171936,text_only,2026
002374.SZ:2025,002374.SZ,test,0,0.48630744218826294,0.48681989312171936,text_only,2026
002378.SZ:2019,002378.SZ,train,0,0.48621007800102234,0.48681989312171936,text_only,2026
002378.SZ:2020,002378.SZ,train,0,0.4859395921230316,0.48681989312171936,text_only,2026
002378.SZ:2021,002378.SZ,train,0,0.4867387115955353,0.48681989312171936,text_only,2026
002378.SZ:2022,002378.SZ,validation,0,0.48600253462791443,0.48681989312171936,text_only,2026
002378.SZ:2024,002378.SZ,test,0,0.48649340867996216,0.48681989312171936,text_only,2026
002378.SZ:2025,002378.SZ,test,0,0.4864516258239746,0.48681989312171936,text_only,2026
002380.SZ:2017,002380.SZ,train,0,0.48551198840141296,0.48681989312171936,text_only,2026
002380.SZ:2018,002380.SZ,train,0,0.4864286482334137,0.48681989312171936,text_only,2026
002380.SZ:2019,002380.SZ,train,0,0.48587170243263245,0.48681989312171936,text_only,2026
002380.SZ:2020,002380.SZ,train,0,0.48573222756385803,0.48681989312171936,text_only,2026
002380.SZ:2022,002380.SZ,validation,0,0.48618823289871216,0.48681989312171936,text_only,2026
002380.SZ:2024,002380.SZ,test,0,0.48575329780578613,0.48681989312171936,text_only,2026
002380.SZ:2025,002380.SZ,test,0,0.4857868552207947,0.48681989312171936,text_only,2026
002382.SZ:2017,002382.SZ,train,0,0.4865749776363373,0.48681989312171936,text_only,2026
002382.SZ:2018,002382.SZ,train,0,0.48623180389404297,0.48681989312171936,text_only,2026
002382.SZ:2019,002382.SZ,train,0,0.4864518940448761,0.48681989312171936,text_only,2026
002382.SZ:2020,002382.SZ,train,0,0.4865211844444275,0.48681989312171936,text_only,2026
002382.SZ:2021,002382.SZ,train,0,0.4868333637714386,0.48681989312171936,text_only,2026
002382.SZ:2022,002382.SZ,validation,0,0.486632376909256,0.48681989312171936,text_only,2026
002382.SZ:2024,002382.SZ,test,0,0.48644647002220154,0.48681989312171936,text_only,2026
002384.SZ:2017,002384.SZ,train,0,0.4863014221191406,0.48681989312171936,text_only,2026
002384.SZ:2018,002384.SZ,train,0,0.4867597818374634,0.48681989312171936,text_only,2026
002384.SZ:2019,002384.SZ,train,0,0.4868551790714264,0.48681989312171936,text_only,2026
002384.SZ:2020,002384.SZ,train,0,0.48673054575920105,0.48681989312171936,text_only,2026
002384.SZ:2021,002384.SZ,train,0,0.48710423707962036,0.48681989312171936,text_only,2026
002384.SZ:2022,002384.SZ,validation,0,0.48655009269714355,0.48681989312171936,text_only,2026
002384.SZ:2024,002384.SZ,test,0,0.48656153678894043,0.48681989312171936,text_only,2026
002384.SZ:2025,002384.SZ,test,0,0.4868910014629364,0.48681989312171936,text_only,2026
002391.SZ:2017,002391.SZ,train,0,0.486113965511322,0.48681989312171936,text_only,2026
002391.SZ:2018,002391.SZ,train,0,0.4862113296985626,0.48681989312171936,text_only,2026
002391.SZ:2019,002391.SZ,train,0,0.48610833287239075,0.48681989312171936,text_only,2026
002391.SZ:2020,002391.SZ,train,0,0.4859098196029663,0.48681989312171936,text_only,2026
002391.SZ:2021,002391.SZ,train,0,0.4861721098423004,0.48681989312171936,text_only,2026
002391.SZ:2022,002391.SZ,validation,0,0.4865233302116394,0.48681989312171936,text_only,2026
002391.SZ:2024,002391.SZ,test,0,0.4863882064819336,0.48681989312171936,text_only,2026
002391.SZ:2025,002391.SZ,test,0,0.4864037036895752,0.48681989312171936,text_only,2026
002396.SZ:2017,002396.SZ,train,0,0.4861566722393036,0.48681989312171936,text_only,2026
002396.SZ:2021,002396.SZ,train,0,0.48633456230163574,0.48681989312171936,text_only,2026
002396.SZ:2022,002396.SZ,validation,0,0.4862963855266571,0.48681989312171936,text_only,2026
002396.SZ:2024,002396.SZ,test,0,0.48585638403892517,0.48681989312171936,text_only,2026
002396.SZ:2025,002396.SZ,test,0,0.48643407225608826,0.48681989312171936,text_only,2026
002402.SZ:2017,002402.SZ,train,0,0.48671019077301025,0.48681989312171936,text_only,2026
002402.SZ:2018,002402.SZ,train,0,0.4858447015285492,0.48681989312171936,text_only,2026
002402.SZ:2019,002402.SZ,train,0,0.4860299825668335,0.48681989312171936,text_only,2026
002402.SZ:2020,002402.SZ,train,0,0.48597392439842224,0.48681989312171936,text_only,2026
002402.SZ:2021,002402.SZ,train,0,0.4862658977508545,0.48681989312171936,text_only,2026
002402.SZ:2022,002402.SZ,validation,0,0.48598745465278625,0.48681989312171936,text_only,2026
002402.SZ:2024,002402.SZ,test,0,0.48624187707901,0.48681989312171936,text_only,2026
002402.SZ:2025,002402.SZ,test,0,0.4860530495643616,0.48681989312171936,text_only,2026
002405.SZ:2017,002405.SZ,train,0,0.4861811101436615,0.48681989312171936,text_only,2026
002405.SZ:2018,002405.SZ,train,0,0.4860726594924927,0.48681989312171936,text_only,2026
002405.SZ:2019,002405.SZ,train,0,0.4863424599170685,0.48681989312171936,text_only,2026
002405.SZ:2020,002405.SZ,train,0,0.4863679111003876,0.48681989312171936,text_only,2026
002405.SZ:2021,002405.SZ,train,0,0.4859955608844757,0.48681989312171936,text_only,2026
002405.SZ:2022,002405.SZ,validation,0,0.48639610409736633,0.48681989312171936,text_only,2026
002405.SZ:2024,002405.SZ,test,0,0.48628929257392883,0.48681989312171936,text_only,2026
002405.SZ:2025,002405.SZ,test,0,0.48620378971099854,0.48681989312171936,text_only,2026
002410.SZ:2017,002410.SZ,train,0,0.48604005575180054,0.48681989312171936,text_only,2026
002410.SZ:2018,002410.SZ,train,0,0.486188679933548,0.48681989312171936,text_only,2026
002410.SZ:2019,002410.SZ,train,0,0.4856031537055969,0.48681989312171936,text_only,2026
002410.SZ:2020,002410.SZ,train,0,0.48570528626441956,0.48681989312171936,text_only,2026
002410.SZ:2021,002410.SZ,train,0,0.4856294095516205,0.48681989312171936,text_only,2026
002410.SZ:2022,002410.SZ,validation,0,0.485952764749527,0.48681989312171936,text_only,2026
002410.SZ:2025,002410.SZ,test,0,0.4861546456813812,0.48681989312171936,text_only,2026
002413.SZ:2017,002413.SZ,train,0,0.4862686097621918,0.48681989312171936,text_only,2026
002413.SZ:2018,002413.SZ,train,0,0.48621731996536255,0.48681989312171936,text_only,2026
002413.SZ:2020,002413.SZ,train,0,0.4867076575756073,0.48681989312171936,text_only,2026
002413.SZ:2021,002413.SZ,train,0,0.48653843998908997,0.48681989312171936,text_only,2026
002413.SZ:2022,002413.SZ,validation,0,0.4858768880367279,0.48681989312171936,text_only,2026
002413.SZ:2024,002413.SZ,test,0,0.48625269532203674,0.48681989312171936,text_only,2026
002413.SZ:2025,002413.SZ,test,0,0.4859568774700165,0.48681989312171936,text_only,2026
002418.SZ:2019,002418.SZ,train,1,0.4874449670314789,0.48681989312171936,text_only,2026
002418.SZ:2022,002418.SZ,validation,0,0.4867962896823883,0.48681989312171936,text_only,2026
002418.SZ:2024,002418.SZ,test,0,0.4867853820323944,0.48681989312171936,text_only,2026
002418.SZ:2025,002418.SZ,test,0,0.4867168664932251,0.48681989312171936,text_only,2026
002426.SZ:2022,002426.SZ,validation,0,0.4864087402820587,0.48681989312171936,text_only,2026
002426.SZ:2024,002426.SZ,test,0,0.48619601130485535,0.48681989312171936,text_only,2026
002426.SZ:2025,002426.SZ,test,0,0.4869878888130188,0.48681989312171936,text_only,2026
002429.SZ:2017,002429.SZ,train,0,0.4863109886646271,0.48681989312171936,text_only,2026
002429.SZ:2018,002429.SZ,train,0,0.4862472414970398,0.48681989312171936,text_only,2026
002429.SZ:2019,002429.SZ,train,0,0.48612701892852783,0.48681989312171936,text_only,2026
002429.SZ:2020,002429.SZ,train,0,0.4859616756439209,0.48681989312171936,text_only,2026
002429.SZ:2022,002429.SZ,validation,0,0.48631224036216736,0.48681989312171936,text_only,2026
002429.SZ:2024,002429.SZ,test,0,0.48631685972213745,0.48681989312171936,text_only,2026
002429.SZ:2025,002429.SZ,test,0,0.4861609637737274,0.48681989312171936,text_only,2026
002433.SZ:2017,002433.SZ,train,0,0.486583948135376,0.48681989312171936,text_only,2026
002433.SZ:2018,002433.SZ,train,0,0.4864817261695862,0.48681989312171936,text_only,2026
002433.SZ:2019,002433.SZ,train,0,0.4862736761569977,0.48681989312171936,text_only,2026
002434.SZ:2017,002434.SZ,train,0,0.486443430185318,0.48681989312171936,text_only,2026
002434.SZ:2018,002434.SZ,train,0,0.48615339398384094,0.48681989312171936,text_only,2026
000012.SZ:2017,000012.SZ,train,0,0.4910341799259186,0.7137299180030823,concat,17
000012.SZ:2019,000012.SZ,train,0,0.5047279596328735,0.7137299180030823,concat,17
000012.SZ:2020,000012.SZ,train,0,0.49969083070755005,0.7137299180030823,concat,17
000012.SZ:2021,000012.SZ,train,0,0.48306092619895935,0.7137299180030823,concat,17
000012.SZ:2022,000012.SZ,validation,0,0.4541245698928833,0.7137299180030823,concat,17
000012.SZ:2024,000012.SZ,test,0,0.4933667480945587,0.7137299180030823,concat,17
000018.SZ:2017,000018.SZ,train,0,0.5398648977279663,0.7137299180030823,concat,17
000019.SZ:2017,000019.SZ,train,0,0.3800239562988281,0.7137299180030823,concat,17
000019.SZ:2018,000019.SZ,train,0,0.5101110935211182,0.7137299180030823,concat,17
000019.SZ:2020,000019.SZ,train,0,0.44732409715652466,0.7137299180030823,concat,17
000019.SZ:2021,000019.SZ,train,0,0.45119062066078186,0.7137299180030823,concat,17
000019.SZ:2022,000019.SZ,validation,0,0.4595329165458679,0.7137299180030823,concat,17
000019.SZ:2024,000019.SZ,test,0,0.45803704857826233,0.7137299180030823,concat,17
000040.SZ:2017,000040.SZ,train,0,0.4860977232456207,0.7137299180030823,concat,17
000040.SZ:2022,000040.SZ,validation,0,0.5919439792633057,0.7137299180030823,concat,17
000048.SZ:2020,000048.SZ,train,0,0.394491970539093,0.7137299180030823,concat,17
000048.SZ:2021,000048.SZ,train,0,0.4308982789516449,0.7137299180030823,concat,17
000048.SZ:2022,000048.SZ,validation,0,0.4632600247859955,0.7137299180030823,concat,17
000048.SZ:2025,000048.SZ,test,0,0.4777432680130005,0.7137299180030823,concat,17
000055.SZ:2017,000055.SZ,train,0,0.4614013135433197,0.7137299180030823,concat,17
000055.SZ:2019,000055.SZ,train,0,0.3766617774963379,0.7137299180030823,concat,17
000055.SZ:2020,000055.SZ,train,0,0.5223004221916199,0.7137299180030823,concat,17
000055.SZ:2021,000055.SZ,train,0,0.4957674741744995,0.7137299180030823,concat,17
000055.SZ:2022,000055.SZ,validation,0,0.5235273241996765,0.7137299180030823,concat,17
000055.SZ:2024,000055.SZ,test,0,0.5199495553970337,0.7137299180030823,concat,17
000055.SZ:2025,000055.SZ,test,0,0.5338089466094971,0.7137299180030823,concat,17
000068.SZ:2019,000068.SZ,train,0,0.6889855265617371,0.7137299180030823,concat,17
000068.SZ:2020,000068.SZ,train,0,0.5550463199615479,0.7137299180030823,concat,17
000068.SZ:2021,000068.SZ,train,0,0.6994455456733704,0.7137299180030823,concat,17
000068.SZ:2022,000068.SZ,validation,0,0.6123186945915222,0.7137299180030823,concat,17
000068.SZ:2024,000068.SZ,test,0,0.38593924045562744,0.7137299180030823,concat,17
000068.SZ:2025,000068.SZ,test,0,0.5536328554153442,0.7137299180030823,concat,17
000099.SZ:2017,000099.SZ,train,0,0.5168280005455017,0.7137299180030823,concat,17
000099.SZ:2018,000099.SZ,train,0,0.5166740417480469,0.7137299180030823,concat,17
000099.SZ:2019,000099.SZ,train,0,0.49633944034576416,0.7137299180030823,concat,17
000099.SZ:2020,000099.SZ,train,0,0.4749599099159241,0.7137299180030823,concat,17
000099.SZ:2021,000099.SZ,train,0,0.45500802993774414,0.7137299180030823,concat,17
000099.SZ:2022,000099.SZ,validation,0,0.4228041172027588,0.7137299180030823,concat,17
000419.SZ:2017,000419.SZ,train,0,0.5213231444358826,0.7137299180030823,concat,17
000419.SZ:2018,000419.SZ,train,0,0.5103904604911804,0.7137299180030823,concat,17
000419.SZ:2019,000419.SZ,train,0,0.5154200792312622,0.7137299180030823,concat,17
000419.SZ:2020,000419.SZ,train,0,0.5089749097824097,0.7137299180030823,concat,17
000419.SZ:2021,000419.SZ,train,0,0.49253928661346436,0.7137299180030823,concat,17
000419.SZ:2022,000419.SZ,validation,0,0.4976671636104584,0.7137299180030823,concat,17
000419.SZ:2024,000419.SZ,test,0,0.49625200033187866,0.7137299180030823,concat,17
000501.SZ:2017,000501.SZ,train,0,0.491080641746521,0.7137299180030823,concat,17
000501.SZ:2018,000501.SZ,train,0,0.4958442151546478,0.7137299180030823,concat,17
000501.SZ:2019,000501.SZ,train,0,0.49084657430648804,0.7137299180030823,concat,17
000501.SZ:2020,000501.SZ,train,0,0.49769917130470276,0.7137299180030823,concat,17
000501.SZ:2021,000501.SZ,train,0,0.5124310851097107,0.7137299180030823,concat,17
000501.SZ:2022,000501.SZ,validation,0,0.4973200857639313,0.7137299180030823,concat,17
000501.SZ:2024,000501.SZ,test,0,0.5202418565750122,0.7137299180030823,concat,17
000501.SZ:2025,000501.SZ,test,0,0.5267670750617981,0.7137299180030823,concat,17
000504.SZ:2018,000504.SZ,train,0,0.6947222352027893,0.7137299180030823,concat,17
000504.SZ:2019,000504.SZ,train,1,0.6827157735824585,0.7137299180030823,concat,17
000504.SZ:2021,000504.SZ,train,0,0.5592575669288635,0.7137299180030823,concat,17
000504.SZ:2022,000504.SZ,validation,0,0.6181731224060059,0.7137299180030823,concat,17
000504.SZ:2024,000504.SZ,test,1,0.6385830044746399,0.7137299180030823,concat,17
000533.SZ:2019,000533.SZ,train,0,0.6985620260238647,0.7137299180030823,concat,17
000533.SZ:2020,000533.SZ,train,0,0.5658416748046875,0.7137299180030823,concat,17
000533.SZ:2021,000533.SZ,train,0,0.544364869594574,0.7137299180030823,concat,17
000533.SZ:2022,000533.SZ,validation,0,0.5719611644744873,0.7137299180030823,concat,17
000533.SZ:2024,000533.SZ,test,0,0.5345548391342163,0.7137299180030823,concat,17
000533.SZ:2025,000533.SZ,test,0,0.5306254029273987,0.7137299180030823,concat,17
000534.SZ:2020,000534.SZ,train,0,0.4941467046737671,0.7137299180030823,concat,17
000534.SZ:2021,000534.SZ,train,0,0.48788756132125854,0.7137299180030823,concat,17
000534.SZ:2022,000534.SZ,validation,0,0.4836936593055725,0.7137299180030823,concat,17
000534.SZ:2024,000534.SZ,test,0,0.47215771675109863,0.7137299180030823,concat,17
000545.SZ:2017,000545.SZ,train,0,0.48751670122146606,0.7137299180030823,concat,17
000545.SZ:2018,000545.SZ,train,0,0.4712628722190857,0.7137299180030823,concat,17
000545.SZ:2019,000545.SZ,train,0,0.5151880383491516,0.7137299180030823,concat,17
000545.SZ:2021,000545.SZ,train,0,0.5833370089530945,0.7137299180030823,concat,17
000545.SZ:2022,000545.SZ,validation,0,0.5124526619911194,0.7137299180030823,concat,17
000545.SZ:2024,000545.SZ,test,0,0.5690777897834778,0.7137299180030823,concat,17
000545.SZ:2025,000545.SZ,test,0,0.6063740849494934,0.7137299180030823,concat,17
000553.SZ:2017,000553.SZ,train,0,0.5376679301261902,0.7137299180030823,concat,17
000555.SZ:2017,000555.SZ,train,0,0.5329477787017822,0.7137299180030823,concat,17
000555.SZ:2022,000555.SZ,validation,0,0.5107740163803101,0.7137299180030823,concat,17
000555.SZ:2024,000555.SZ,test,0,0.5391112565994263,0.7137299180030823,concat,17
000555.SZ:2025,000555.SZ,test,0,0.5658015012741089,0.7137299180030823,concat,17
000557.SZ:2020,000557.SZ,train,0,0.42877158522605896,0.7137299180030823,concat,17
000557.SZ:2021,000557.SZ,train,0,0.39953455328941345,0.7137299180030823,concat,17
000557.SZ:2022,000557.SZ,validation,0,0.3942713141441345,0.7137299180030823,concat,17
000557.SZ:2024,000557.SZ,test,0,0.36896049976348877,0.7137299180030823,concat,17
000557.SZ:2025,000557.SZ,test,0,0.4100172221660614,0.7137299180030823,concat,17
000576.SZ:2017,000576.SZ,train,0,0.47431328892707825,0.7137299180030823,concat,17
000576.SZ:2021,000576.SZ,train,0,0.32148119807243347,0.7137299180030823,concat,17
000576.SZ:2022,000576.SZ,validation,0,0.4245166480541229,0.7137299180030823,concat,17
000576.SZ:2024,000576.SZ,test,0,0.5956805944442749,0.7137299180030823,concat,17
000576.SZ:2025,000576.SZ,test,0,0.44320735335350037,0.7137299180030823,concat,17
000581.SZ:2017,000581.SZ,train,0,0.41398656368255615,0.7137299180030823,concat,17
000581.SZ:2018,000581.SZ,train,0,0.4041488468647003,0.7137299180030823,concat,17
000581.SZ:2019,000581.SZ,train,0,0.4071231186389923,0.7137299180030823,concat,17
000581.SZ:2020,000581.SZ,train,0,0.4373062551021576,0.7137299180030823,concat,17
000581.SZ:2021,000581.SZ,train,0,0.4432400166988373,0.7137299180030823,concat,17
000581.SZ:2022,000581.SZ,validation,0,0.44874829053878784,0.7137299180030823,concat,17
000581.SZ:2024,000581.SZ,test,0,0.4703267514705658,0.7137299180030823,concat,17
000581.SZ:2025,000581.SZ,test,0,0.4784716069698334,0.7137299180030823,concat,17
000585.SZ:2017,000585.SZ,train,1,0.7693017721176147,0.7137299180030823,concat,17
000589.SZ:2020,000589.SZ,train,0,0.502812922000885,0.7137299180030823,concat,17
000589.SZ:2021,000589.SZ,train,0,0.45189806818962097,0.7137299180030823,concat,17
000589.SZ:2022,000589.SZ,validation,0,0.5228180289268494,0.7137299180030823,concat,17
000589.SZ:2024,000589.SZ,test,0,0.4919281005859375,0.7137299180030823,concat,17
000589.SZ:2025,000589.SZ,test,0,0.5172920227050781,0.7137299180030823,concat,17
000593.SZ:2017,000593.SZ,train,0,0.5770350694656372,0.7137299180030823,concat,17
000593.SZ:2018,000593.SZ,train,0,0.505797803401947,0.7137299180030823,concat,17
000593.SZ:2019,000593.SZ,train,0,0.6306700706481934,0.7137299180030823,concat,17
000593.SZ:2020,000593.SZ,train,0,0.5317934155464172,0.7137299180030823,concat,17
000593.SZ:2021,000593.SZ,train,0,0.5253477692604065,0.7137299180030823,concat,17
000593.SZ:2022,000593.SZ,validation,0,0.5091702938079834,0.7137299180030823,concat,17
000593.SZ:2025,000593.SZ,test,0,0.5298619270324707,0.7137299180030823,concat,17
000598.SZ:2017,000598.SZ,train,0,0.4601370096206665,0.7137299180030823,concat,17
000598.SZ:2019,000598.SZ,train,0,0.46522289514541626,0.7137299180030823,concat,17
000598.SZ:2020,000598.SZ,train,0,0.46858611702919006,0.7137299180030823,concat,17
000598.SZ:2021,000598.SZ,train,0,0.459646075963974,0.7137299180030823,concat,17
000598.SZ:2022,000598.SZ,validation,0,0.46256786584854126,0.7137299180030823,concat,17
000598.SZ:2024,000598.SZ,test,0,0.46148061752319336,0.7137299180030823,concat,17
000598.SZ:2025,000598.SZ,test,0,0.46399831771850586,0.7137299180030823,concat,17
000599.SZ:2017,000599.SZ,train,0,0.5458097457885742,0.7137299180030823,concat,17
000599.SZ:2018,000599.SZ,train,0,0.5508902668952942,0.7137299180030823,concat,17
000599.SZ:2019,000599.SZ,train,0,0.5488243103027344,0.7137299180030823,concat,17
000599.SZ:2020,000599.SZ,train,0,0.584712028503418,0.7137299180030823,concat,17
000599.SZ:2021,000599.SZ,train,0,0.5599595904350281,0.7137299180030823,concat,17
000599.SZ:2022,000599.SZ,validation,0,0.5930221676826477,0.7137299180030823,concat,17
000599.SZ:2024,000599.SZ,test,0,0.5743275284767151,0.7137299180030823,concat,17
000599.SZ:2025,000599.SZ,test,0,0.5997629165649414,0.7137299180030823,concat,17
000610.SZ:2020,000610.SZ,train,0,0.5423325300216675,0.7137299180030823,concat,17
000610.SZ:2021,000610.SZ,train,0,0.5020627379417419,0.7137299180030823,concat,17
000610.SZ:2022,000610.SZ,validation,0,0.5946578979492188,0.7137299180030823,concat,17
000610.SZ:2024,000610.SZ,test,0,0.647512674331665,0.7137299180030823,concat,17
000610.SZ:2025,000610.SZ,test,1,0.7086693048477173,0.7137299180030823,concat,17
000612.SZ:2020,000612.SZ,train,0,0.5160996913909912,0.7137299180030823,concat,17
000612.SZ:2021,000612.SZ,train,0,0.47149765491485596,0.7137299180030823,concat,17
000612.SZ:2022,000612.SZ,validation,0,0.49092844128608704,0.7137299180030823,concat,17
000612.SZ:2024,000612.SZ,test,0,0.47014862298965454,0.7137299180030823,concat,17
000612.SZ:2025,000612.SZ,test,0,0.46667519211769104,0.7137299180030823,concat,17
000626.SZ:2017,000626.SZ,train,0,0.507003664970398,0.7137299180030823,concat,17
000626.SZ:2018,000626.SZ,train,0,0.5652226209640503,0.7137299180030823,concat,17
000626.SZ:2020,000626.SZ,train,0,0.5132856369018555,0.7137299180030823,concat,17
000626.SZ:2021,000626.SZ,train,0,0.5351135730743408,0.7137299180030823,concat,17
000626.SZ:2022,000626.SZ,validation,0,0.5054207444190979,0.7137299180030823,concat,17
000626.SZ:2024,000626.SZ,test,0,0.5625407695770264,0.7137299180030823,concat,17
000626.SZ:2025,000626.SZ,test,0,0.5204429030418396,0.7137299180030823,concat,17
000629.SZ:2019,000629.SZ,train,0,0.3945746421813965,0.7137299180030823,concat,17
000629.SZ:2020,000629.SZ,train,0,0.4255640208721161,0.7137299180030823,concat,17
000629.SZ:2021,000629.SZ,train,0,0.4570915997028351,0.7137299180030823,concat,17
000629.SZ:2022,000629.SZ,validation,0,0.4363240897655487,0.7137299180030823,concat,17
000629.SZ:2024,000629.SZ,test,0,0.4487881362438202,0.7137299180030823,concat,17
000629.SZ:2025,000629.SZ,test,0,0.4529086947441101,0.7137299180030823,concat,17
000633.SZ:2018,000633.SZ,train,0,0.6220536231994629,0.7137299180030823,concat,17
000633.SZ:2019,000633.SZ,train,0,0.5613616108894348,0.7137299180030823,concat,17
000633.SZ:2022,000633.SZ,validation,0,0.5062271952629089,0.7137299180030823,concat,17
000633.SZ:2024,000633.SZ,test,0,0.46955007314682007,0.7137299180030823,concat,17
000633.SZ:2025,000633.SZ,test,0,0.5149296522140503,0.7137299180030823,concat,17
000635.SZ:2018,000635.SZ,train,0,0.46042826771736145,0.7137299180030823,concat,17
000635.SZ:2019,000635.SZ,train,0,0.49192512035369873,0.7137299180030823,concat,17
000635.SZ:2021,000635.SZ,train,0,0.45711296796798706,0.7137299180030823,concat,17
000635.SZ:2022,000635.SZ,validation,0,0.46682581305503845,0.7137299180030823,concat,17
000650.SZ:2017,000650.SZ,train,0,0.42562350630760193,0.7137299180030823,concat,17
000650.SZ:2019,000650.SZ,train,0,0.40338030457496643,0.7137299180030823,concat,17
000650.SZ:2020,000650.SZ,train,0,0.38285133242607117,0.7137299180030823,concat,17
000650.SZ:2021,000650.SZ,train,0,0.37730687856674194,0.7137299180030823,concat,17
000650.SZ:2022,000650.SZ,validation,0,0.4009927809238434,0.7137299180030823,concat,17
000650.SZ:2024,000650.SZ,test,0,0.3869664669036865,0.7137299180030823,concat,17
000650.SZ:2025,000650.SZ,test,0,0.3652513027191162,0.7137299180030823,concat,17
000652.SZ:2017,000652.SZ,train,0,0.5058102011680603,0.7137299180030823,concat,17
000652.SZ:2018,000652.SZ,train,0,0.4966326355934143,0.7137299180030823,concat,17
000652.SZ:2019,000652.SZ,train,0,0.5051625370979309,0.7137299180030823,concat,17
000652.SZ:2020,000652.SZ,train,0,0.5113716125488281,0.7137299180030823,concat,17
000655.SZ:2017,000655.SZ,train,1,0.6951310634613037,0.7137299180030823,concat,17
000655.SZ:2019,000655.SZ,train,0,0.42830151319503784,0.7137299180030823,concat,17
000655.SZ:2020,000655.SZ,train,0,0.39129990339279175,0.7137299180030823,concat,17
000655.SZ:2021,000655.SZ,train,0,0.3787428140640259,0.7137299180030823,concat,17
000655.SZ:2022,000655.SZ,validation,0,0.3612222969532013,0.7137299180030823,concat,17
000655.SZ:2024,000655.SZ,test,0,0.3543750047683716,0.7137299180030823,concat,17
000655.SZ:2025,000655.SZ,test,0,0.37960052490234375,0.7137299180030823,concat,17
000656.SZ:2020,000656.SZ,train,0,0.4491027891635895,0.7137299180030823,concat,17
000656.SZ:2021,000656.SZ,train,0,0.4493861198425293,0.7137299180030823,concat,17
000656.SZ:2022,000656.SZ,validation,0,0.4590963125228882,0.7137299180030823,concat,17
000662.SZ:2018,000662.SZ,train,0,0.4326031804084778,0.7137299180030823,concat,17
000665.SZ:2024,000665.SZ,test,0,0.6385622620582581,0.7137299180030823,concat,17
000668.SZ:2017,000668.SZ,train,0,0.585628867149353,0.7137299180030823,concat,17
000668.SZ:2019,000668.SZ,train,0,0.45077988505363464,0.7137299180030823,concat,17
000668.SZ:2021,000668.SZ,train,0,0.47925305366516113,0.7137299180030823,concat,17
000668.SZ:2024,000668.SZ,test,1,0.5452927947044373,0.7137299180030823,concat,17
000670.SZ:2017,000670.SZ,train,0,0.4575667679309845,0.7137299180030823,concat,17
000670.SZ:2024,000670.SZ,test,0,0.5928511023521423,0.7137299180030823,concat,17
000670.SZ:2025,000670.SZ,test,0,0.5644041299819946,0.7137299180030823,concat,17
000695.SZ:2017,000695.SZ,train,0,0.5519439578056335,0.7137299180030823,concat,17
000695.SZ:2018,000695.SZ,train,0,0.5563468337059021,0.7137299180030823,concat,17
000695.SZ:2019,000695.SZ,train,0,0.4771207869052887,0.7137299180030823,concat,17
000695.SZ:2020,000695.SZ,train,0,0.5308237075805664,0.7137299180030823,concat,17
000695.SZ:2021,000695.SZ,train,0,0.5865347981452942,0.7137299180030823,concat,17
000695.SZ:2024,000695.SZ,test,0,0.6111986041069031,0.7137299180030823,concat,17
000695.SZ:2025,000695.SZ,test,0,0.5853601098060608,0.7137299180030823,concat,17
000709.SZ:2017,000709.SZ,train,0,0.5336829423904419,0.7137299180030823,concat,17
000709.SZ:2020,000709.SZ,train,0,0.523717999458313,0.7137299180030823,concat,17
000709.SZ:2021,000709.SZ,train,0,0.5290039777755737,0.7137299180030823,concat,17
000709.SZ:2022,000709.SZ,validation,0,0.5210219025611877,0.7137299180030823,concat,17
000709.SZ:2024,000709.SZ,test,0,0.5315526127815247,0.7137299180030823,concat,17
000709.SZ:2025,000709.SZ,test,0,0.5349032282829285,0.7137299180030823,concat,17
000715.SZ:2017,000715.SZ,train,0,0.5067377090454102,0.7137299180030823,concat,17
000715.SZ:2018,000715.SZ,train,0,0.5073651075363159,0.7137299180030823,concat,17
000715.SZ:2019,000715.SZ,train,0,0.5042729377746582,0.7137299180030823,concat,17
000715.SZ:2020,000715.SZ,train,0,0.48518073558807373,0.7137299180030823,concat,17
000715.SZ:2021,000715.SZ,train,0,0.4706125855445862,0.7137299180030823,concat,17
000715.SZ:2022,000715.SZ,validation,0,0.4596347510814667,0.7137299180030823,concat,17
000715.SZ:2024,000715.SZ,test,0,0.44709545373916626,0.7137299180030823,concat,17
000715.SZ:2025,000715.SZ,test,0,0.47097545862197876,0.7137299180030823,concat,17
000718.SZ:2018,000718.SZ,train,0,0.4253164529800415,0.7137299180030823,concat,17
000718.SZ:2019,000718.SZ,train,0,0.41249626874923706,0.7137299180030823,concat,17
000718.SZ:2020,000718.SZ,train,0,0.4025903642177582,0.7137299180030823,concat,17
000718.SZ:2021,000718.SZ,train,0,0.41042524576187134,0.7137299180030823,concat,17
000718.SZ:2022,000718.SZ,validation,0,0.41470131278038025,0.7137299180030823,concat,17
000718.SZ:2024,000718.SZ,test,0,0.43375131487846375,0.7137299180030823,concat,17
000718.SZ:2025,000718.SZ,test,0,0.43764814734458923,0.7137299180030823,concat,17
000727.SZ:2017,000727.SZ,train,0,0.5507416129112244,0.7137299180030823,concat,17
000727.SZ:2021,000727.SZ,train,0,0.5062399506568909,0.7137299180030823,concat,17
000739.SZ:2018,000739.SZ,train,0,0.5180563926696777,0.7137299180030823,concat,17
000739.SZ:2019,000739.SZ,train,0,0.4857185482978821,0.7137299180030823,concat,17
000739.SZ:2020,000739.SZ,train,0,0.4646129012107849,0.7137299180030823,concat,17
000739.SZ:2021,000739.SZ,train,0,0.4560123085975647,0.7137299180030823,concat,17
000739.SZ:2022,000739.SZ,validation,0,0.4646511971950531,0.7137299180030823,concat,17
000739.SZ:2024,000739.SZ,test,0,0.4756046235561371,0.7137299180030823,concat,17
000739.SZ:2025,000739.SZ,test,0,0.4763292670249939,0.7137299180030823,concat,17
000786.SZ:2020,000786.SZ,train,0,0.4978044331073761,0.7137299180030823,concat,17
000786.SZ:2021,000786.SZ,train,0,0.4426467716693878,0.7137299180030823,concat,17
000786.SZ:2022,000786.SZ,validation,0,0.43223121762275696,0.7137299180030823,concat,17
000786.SZ:2024,000786.SZ,test,0,0.43121373653411865,0.7137299180030823,concat,17
000786.SZ:2025,000786.SZ,test,0,0.44704777002334595,0.7137299180030823,concat,17
000797.SZ:2017,000797.SZ,train,0,0.44926485419273376,0.7137299180030823,concat,17
000797.SZ:2018,000797.SZ,train,0,0.4791101813316345,0.7137299180030823,concat,17
000797.SZ:2019,000797.SZ,train,0,0.445139616727829,0.7137299180030823,concat,17
000797.SZ:2020,000797.SZ,train,0,0.4578257203102112,0.7137299180030823,concat,17
000797.SZ:2021,000797.SZ,train,0,0.4518214762210846,0.7137299180030823,concat,17
000797.SZ:2022,000797.SZ,validation,0,0.4650205373764038,0.7137299180030823,concat,17
000797.SZ:2024,000797.SZ,test,0,0.4552716612815857,0.7137299180030823,concat,17
000797.SZ:2025,000797.SZ,test,0,0.46201345324516296,0.7137299180030823,concat,17
000800.SZ:2017,000800.SZ,train,0,0.5688766241073608,0.7137299180030823,concat,17
000800.SZ:2019,000800.SZ,train,0,0.5404036045074463,0.7137299180030823,concat,17
000800.SZ:2020,000800.SZ,train,0,0.5210164785385132,0.7137299180030823,concat,17
000800.SZ:2021,000800.SZ,train,0,0.4973430037498474,0.7137299180030823,concat,17
000800.SZ:2022,000800.SZ,validation,0,0.48003271222114563,0.7137299180030823,concat,17
000800.SZ:2024,000800.SZ,test,0,0.5222691297531128,0.7137299180030823,concat,17
000800.SZ:2025,000800.SZ,test,0,0.5447393655776978,0.7137299180030823,concat,17
000807.SZ:2017,000807.SZ,train,0,0.5341314673423767,0.7137299180030823,concat,17
000807.SZ:2019,000807.SZ,train,0,0.5922874212265015,0.7137299180030823,concat,17
000807.SZ:2020,000807.SZ,train,0,0.5167489051818848,0.7137299180030823,concat,17
000807.SZ:2021,000807.SZ,train,0,0.49947887659072876,0.7137299180030823,concat,17
000807.SZ:2022,000807.SZ,validation,0,0.4573098421096802,0.7137299180030823,concat,17
000807.SZ:2024,000807.SZ,test,0,0.4432590901851654,0.7137299180030823,concat,17
000821.SZ:2022,000821.SZ,validation,0,0.5091947317123413,0.7137299180030823,concat,17
000821.SZ:2024,000821.SZ,test,0,0.491272509098053,0.7137299180030823,concat,17
000821.SZ:2025,000821.SZ,test,1,0.5065909028053284,0.7137299180030823,concat,17
000822.SZ:2020,000822.SZ,train,0,0.48307985067367554,0.7137299180030823,concat,17
000823.SZ:2017,000823.SZ,train,0,0.48825421929359436,0.7137299180030823,concat,17
000823.SZ:2018,000823.SZ,train,0,0.4989177882671356,0.7137299180030823,concat,17
000823.SZ:2019,000823.SZ,train,0,0.48880940675735474,0.7137299180030823,concat,17
000823.SZ:2020,000823.SZ,train,0,0.4812712073326111,0.7137299180030823,concat,17
000823.SZ:2021,000823.SZ,train,0,0.4925285279750824,0.7137299180030823,concat,17
000823.SZ:2022,000823.SZ,validation,0,0.4974866509437561,0.7137299180030823,concat,17
000823.SZ:2024,000823.SZ,test,0,0.50203537940979,0.7137299180030823,concat,17
000823.SZ:2025,000823.SZ,test,0,0.5051447153091431,0.7137299180030823,concat,17
000830.SZ:2017,000830.SZ,train,0,0.5293457508087158,0.7137299180030823,concat,17
000830.SZ:2018,000830.SZ,train,0,0.4709731340408325,0.7137299180030823,concat,17
000830.SZ:2019,000830.SZ,train,0,0.449905663728714,0.7137299180030823,concat,17
000830.SZ:2020,000830.SZ,train,0,0.48773086071014404,0.7137299180030823,concat,17
000830.SZ:2021,000830.SZ,train,0,0.5097247362136841,0.7137299180030823,concat,17
000830.SZ:2022,000830.SZ,validation,0,0.4293205738067627,0.7137299180030823,concat,17
000830.SZ:2024,000830.SZ,test,0,0.510495126247406,0.7137299180030823,concat,17
000830.SZ:2025,000830.SZ,test,0,0.4930836260318756,0.7137299180030823,concat,17
000835.SZ:2018,000835.SZ,train,0,0.4271041750907898,0.7137299180030823,concat,17
000835.SZ:2019,000835.SZ,train,0,0.7930319309234619,0.7137299180030823,concat,17
000850.SZ:2017,000850.SZ,train,0,0.5354734659194946,0.7137299180030823,concat,17
000850.SZ:2018,000850.SZ,train,0,0.537692666053772,0.7137299180030823,concat,17
000850.SZ:2019,000850.SZ,train,0,0.5372625589370728,0.7137299180030823,concat,17
000850.SZ:2021,000850.SZ,train,0,0.49711495637893677,0.7137299180030823,concat,17
000850.SZ:2022,000850.SZ,validation,0,0.4709335267543793,0.7137299180030823,concat,17
000850.SZ:2024,000850.SZ,test,0,0.5225663781166077,0.7137299180030823,concat,17
000850.SZ:2025,000850.SZ,test,0,0.4947184920310974,0.7137299180030823,concat,17
000861.SZ:2017,000861.SZ,train,0,0.4749612510204315,0.7137299180030823,concat,17
000861.SZ:2019,000861.SZ,train,0,0.48306265473365784,0.7137299180030823,concat,17
000861.SZ:2020,000861.SZ,train,0,0.4756397008895874,0.7137299180030823,concat,17
000861.SZ:2021,000861.SZ,train,0,0.4895265996456146,0.7137299180030823,concat,17
000861.SZ:2022,000861.SZ,validation,0,0.6401715278625488,0.7137299180030823,concat,17
000868.SZ:2021,000868.SZ,train,0,0.5205497741699219,0.7137299180030823,concat,17
000868.SZ:2022,000868.SZ,validation,0,0.6860306859016418,0.7137299180030823,concat,17
000883.SZ:2017,000883.SZ,train,0,0.4733201861381531,0.7137299180030823,concat,17
000883.SZ:2018,000883.SZ,train,0,0.4807865619659424,0.7137299180030823,concat,17
000883.SZ:2019,000883.SZ,train,0,0.4915772080421448,0.7137299180030823,concat,17
000883.SZ:2020,000883.SZ,train,0,0.5015231370925903,0.7137299180030823,concat,17
000883.SZ:2021,000883.SZ,train,0,0.4773213565349579,0.7137299180030823,concat,17
000883.SZ:2022,000883.SZ,validation,0,0.5016434192657471,0.7137299180030823,concat,17
000883.SZ:2024,000883.SZ,test,0,0.5122386813163757,0.7137299180030823,concat,17
000890.SZ:2017,000890.SZ,train,0,0.5294249653816223,0.7137299180030823,concat,17
000890.SZ:2019,000890.SZ,train,1,0.5410228371620178,0.7137299180030823,concat,17
000890.SZ:2022,000890.SZ,validation,0,0.505072832107544,0.7137299180030823,concat,17
000890.SZ:2024,000890.SZ,test,0,0.6433165073394775,0.7137299180030823,concat,17
000890.SZ:2025,000890.SZ,test,0,0.743197500705719,0.7137299180030823,concat,17
000897.SZ:2021,000897.SZ,train,0,0.4431903660297394,0.7137299180030823,concat,17
000897.SZ:2024,000897.SZ,test,0,0.4088139235973358,0.7137299180030823,concat,17
000903.SZ:2017,000903.SZ,train,0,0.5160932540893555,0.7137299180030823,concat,17
000903.SZ:2018,000903.SZ,train,0,0.5299434065818787,0.7137299180030823,concat,17
000903.SZ:2019,000903.SZ,train,0,0.5244026184082031,0.7137299180030823,concat,17
000903.SZ:2020,000903.SZ,train,0,0.5246214866638184,0.7137299180030823,concat,17
000903.SZ:2021,000903.SZ,train,0,0.5069979429244995,0.7137299180030823,concat,17
000903.SZ:2022,000903.SZ,validation,0,0.5508618354797363,0.7137299180030823,concat,17
000903.SZ:2024,000903.SZ,test,0,0.6482236385345459,0.7137299180030823,concat,17
000903.SZ:2025,000903.SZ,test,1,0.6713424324989319,0.7137299180030823,concat,17
000920.SZ:2017,000920.SZ,train,0,0.46786177158355713,0.7137299180030823,concat,17
000920.SZ:2018,000920.SZ,train,0,0.48221874237060547,0.7137299180030823,concat,17
000920.SZ:2019,000920.SZ,train,0,0.5016383528709412,0.7137299180030823,concat,17
000920.SZ:2020,000920.SZ,train,0,0.48662132024765015,0.7137299180030823,concat,17
000920.SZ:2021,000920.SZ,train,0,0.4877118766307831,0.7137299180030823,concat,17
000920.SZ:2022,000920.SZ,validation,0,0.4817342460155487,0.7137299180030823,concat,17
000920.SZ:2024,000920.SZ,test,0,0.46180009841918945,0.7137299180030823,concat,17
000920.SZ:2025,000920.SZ,test,0,0.45920976996421814,0.7137299180030823,concat,17
000925.SZ:2017,000925.SZ,train,0,0.6236093044281006,0.7137299180030823,concat,17
000925.SZ:2018,000925.SZ,train,0,0.5416648387908936,0.7137299180030823,concat,17
000925.SZ:2019,000925.SZ,train,0,0.5577623248100281,0.7137299180030823,concat,17
000925.SZ:2020,000925.SZ,train,0,0.5442298650741577,0.7137299180030823,concat,17
000925.SZ:2021,000925.SZ,train,0,0.5640659928321838,0.7137299180030823,concat,17
000925.SZ:2022,000925.SZ,validation,0,0.5218835473060608,0.7137299180030823,concat,17
000925.SZ:2024,000925.SZ,test,0,0.5468180179595947,0.7137299180030823,concat,17
000925.SZ:2025,000925.SZ,test,0,0.5428164005279541,0.7137299180030823,concat,17
000933.SZ:2018,000933.SZ,train,0,0.5264396667480469,0.7137299180030823,concat,17
000933.SZ:2019,000933.SZ,train,0,0.5413832068443298,0.7137299180030823,concat,17
000933.SZ:2020,000933.SZ,train,0,0.5269392728805542,0.7137299180030823,concat,17
000933.SZ:2021,000933.SZ,train,0,0.533250093460083,0.7137299180030823,concat,17
000933.SZ:2022,000933.SZ,validation,0,0.4694591462612152,0.7137299180030823,concat,17
000933.SZ:2024,000933.SZ,test,0,0.4399699568748474,0.7137299180030823,concat,17
000933.SZ:2025,000933.SZ,test,0,0.4608217775821686,0.7137299180030823,concat,17
000937.SZ:2017,000937.SZ,train,0,0.5515592098236084,0.7137299180030823,concat,17
000937.SZ:2018,000937.SZ,train,0,0.5047940611839294,0.7137299180030823,concat,17
000937.SZ:2019,000937.SZ,train,0,0.5080233216285706,0.7137299180030823,concat,17
000937.SZ:2020,000937.SZ,train,0,0.5015798211097717,0.7137299180030823,concat,17
000937.SZ:2024,000937.SZ,test,0,0.4380583167076111,0.7137299180030823,concat,17
000982.SZ:2022,000982.SZ,validation,0,0.3905473053455353,0.7137299180030823,concat,17
000989.SZ:2017,000989.SZ,train,0,0.37684503197669983,0.7137299180030823,concat,17
000989.SZ:2020,000989.SZ,train,0,0.4582722783088684,0.7137299180030823,concat,17
000989.SZ:2021,000989.SZ,train,0,0.4650757610797882,0.7137299180030823,concat,17
000989.SZ:2022,000989.SZ,validation,0,0.4758814573287964,0.7137299180030823,concat,17
000990.SZ:2020,000990.SZ,train,0,0.5164539813995361,0.7137299180030823,concat,17
000990.SZ:2021,000990.SZ,train,0,0.5232435464859009,0.7137299180030823,concat,17
000990.SZ:2022,000990.SZ,validation,0,0.488420695066452,0.7137299180030823,concat,17
000990.SZ:2024,000990.SZ,test,0,0.52149897813797,0.7137299180030823,concat,17
000990.SZ:2025,000990.SZ,test,0,0.5217097997665405,0.7137299180030823,concat,17
001201.SZ:2024,001201.SZ,test,0,0.6555590629577637,0.7137299180030823,concat,17
001201.SZ:2025,001201.SZ,test,0,0.5535178780555725,0.7137299180030823,concat,17
001215.SZ:2025,001215.SZ,test,0,0.4853994846343994,0.7137299180030823,concat,17
001216.SZ:2025,001216.SZ,test,0,0.40847501158714294,0.7137299180030823,concat,17
001296.SZ:2025,001296.SZ,test,0,0.43741101026535034,0.7137299180030823,concat,17
002002.SZ:2022,002002.SZ,validation,0,0.5131642818450928,0.7137299180030823,concat,17
002014.SZ:2017,002014.SZ,train,0,0.4411216676235199,0.7137299180030823,concat,17
002014.SZ:2018,002014.SZ,train,0,0.4471427798271179,0.7137299180030823,concat,17
002014.SZ:2019,002014.SZ,train,0,0.4492678940296173,0.7137299180030823,concat,17
002014.SZ:2020,002014.SZ,train,0,0.4389079511165619,0.7137299180030823,concat,17
002014.SZ:2021,002014.SZ,train,0,0.44676947593688965,0.7137299180030823,concat,17
002014.SZ:2022,002014.SZ,validation,0,0.45151466131210327,0.7137299180030823,concat,17
002014.SZ:2024,002014.SZ,test,0,0.4501924216747284,0.7137299180030823,concat,17
002016.SZ:2017,002016.SZ,train,0,0.44779834151268005,0.7137299180030823,concat,17
002016.SZ:2018,002016.SZ,train,0,0.3872702419757843,0.7137299180030823,concat,17
002016.SZ:2019,002016.SZ,train,0,0.3885437250137329,0.7137299180030823,concat,17
002016.SZ:2020,002016.SZ,train,0,0.39375120401382446,0.7137299180030823,concat,17
002016.SZ:2021,002016.SZ,train,0,0.40245357155799866,0.7137299180030823,concat,17
002016.SZ:2022,002016.SZ,validation,0,0.395648717880249,0.7137299180030823,concat,17
002016.SZ:2024,002016.SZ,test,0,0.44349581003189087,0.7137299180030823,concat,17
002016.SZ:2025,002016.SZ,test,0,0.4700669050216675,0.7137299180030823,concat,17
002021.SZ:2017,002021.SZ,train,0,0.526753842830658,0.7137299180030823,concat,17
002021.SZ:2018,002021.SZ,train,1,0.5871366262435913,0.7137299180030823,concat,17
002021.SZ:2025,002021.SZ,test,0,0.5184738636016846,0.7137299180030823,concat,17
002027.SZ:2019,002027.SZ,train,0,0.34247100353240967,0.7137299180030823,concat,17
002027.SZ:2020,002027.SZ,train,0,0.42598268389701843,0.7137299180030823,concat,17
002027.SZ:2021,002027.SZ,train,0,0.3643284738063812,0.7137299180030823,concat,17
002027.SZ:2022,002027.SZ,validation,0,0.34640300273895264,0.7137299180030823,concat,17
002027.SZ:2024,002027.SZ,test,0,0.3531188666820526,0.7137299180030823,concat,17
002027.SZ:2025,002027.SZ,test,0,0.343842476606369,0.7137299180030823,concat,17
002033.SZ:2019,002033.SZ,train,0,0.3196735084056854,0.7137299180030823,concat,17
002033.SZ:2020,002033.SZ,train,0,0.3158908188343048,0.7137299180030823,concat,17
002033.SZ:2021,002033.SZ,train,0,0.37493717670440674,0.7137299180030823,concat,17
002033.SZ:2022,002033.SZ,validation,0,0.4810546040534973,0.7137299180030823,concat,17
002033.SZ:2024,002033.SZ,test,0,0.38055509328842163,0.7137299180030823,concat,17
002033.SZ:2025,002033.SZ,test,0,0.4037175476551056,0.7137299180030823,concat,17
002039.SZ:2017,002039.SZ,train,0,0.46596720814704895,0.7137299180030823,concat,17
002039.SZ:2019,002039.SZ,train,0,0.45658859610557556,0.7137299180030823,concat,17
002039.SZ:2020,002039.SZ,train,0,0.46246787905693054,0.7137299180030823,concat,17
002039.SZ:2021,002039.SZ,train,0,0.44857120513916016,0.7137299180030823,concat,17
002039.SZ:2022,002039.SZ,validation,0,0.46808189153671265,0.7137299180030823,concat,17
002039.SZ:2024,002039.SZ,test,0,0.46234825253486633,0.7137299180030823,concat,17
002040.SZ:2017,002040.SZ,train,0,0.44512951374053955,0.7137299180030823,concat,17
002040.SZ:2018,002040.SZ,train,0,0.4742019474506378,0.7137299180030823,concat,17
002040.SZ:2019,002040.SZ,train,0,0.4584084153175354,0.7137299180030823,concat,17
002040.SZ:2020,002040.SZ,train,0,0.4556331932544708,0.7137299180030823,concat,17
002040.SZ:2021,002040.SZ,train,0,0.4537312090396881,0.7137299180030823,concat,17
002040.SZ:2024,002040.SZ,test,0,0.4603153169155121,0.7137299180030823,concat,17
002041.SZ:2017,002041.SZ,train,0,0.36877092719078064,0.7137299180030823,concat,17
002041.SZ:2018,002041.SZ,train,0,0.4187468886375427,0.7137299180030823,concat,17
002041.SZ:2019,002041.SZ,train,0,0.438681960105896,0.7137299180030823,concat,17
002041.SZ:2020,002041.SZ,train,0,0.45086342096328735,0.7137299180030823,concat,17
002041.SZ:2021,002041.SZ,train,0,0.4334331452846527,0.7137299180030823,concat,17
002041.SZ:2022,002041.SZ,validation,0,0.4170978367328644,0.7137299180030823,concat,17
002041.SZ:2024,002041.SZ,test,0,0.40955883264541626,0.7137299180030823,concat,17
002041.SZ:2025,002041.SZ,test,0,0.44458237290382385,0.7137299180030823,concat,17
002046.SZ:2018,002046.SZ,train,0,0.5253207087516785,0.7137299180030823,concat,17
002046.SZ:2019,002046.SZ,train,0,0.5305730104446411,0.7137299180030823,concat,17
002046.SZ:2020,002046.SZ,train,0,0.5304462313652039,0.7137299180030823,concat,17
002046.SZ:2021,002046.SZ,train,0,0.5112096071243286,0.7137299180030823,concat,17
002046.SZ:2022,002046.SZ,validation,0,0.5123051404953003,0.7137299180030823,concat,17
002046.SZ:2024,002046.SZ,test,0,0.4804665148258209,0.7137299180030823,concat,17
002046.SZ:2025,002046.SZ,test,0,0.49478158354759216,0.7137299180030823,concat,17
002050.SZ:2017,002050.SZ,train,0,0.44786787033081055,0.7137299180030823,concat,17
002050.SZ:2018,002050.SZ,train,0,0.44837310910224915,0.7137299180030823,concat,17
002050.SZ:2019,002050.SZ,train,0,0.45913442969322205,0.7137299180030823,concat,17
002050.SZ:2020,002050.SZ,train,0,0.4529222846031189,0.7137299180030823,concat,17
002050.SZ:2021,002050.SZ,train,0,0.4542037844657898,0.7137299180030823,concat,17
002050.SZ:2022,002050.SZ,validation,0,0.47662442922592163,0.7137299180030823,concat,17
002050.SZ:2024,002050.SZ,test,0,0.4631214141845703,0.7137299180030823,concat,17
002050.SZ:2025,002050.SZ,test,0,0.46857720613479614,0.7137299180030823,concat,17
002053.SZ:2018,002053.SZ,train,0,0.4871528148651123,0.7137299180030823,concat,17
002053.SZ:2019,002053.SZ,train,0,0.505085825920105,0.7137299180030823,concat,17
002053.SZ:2020,002053.SZ,train,0,0.4740694761276245,0.7137299180030823,concat,17
002053.SZ:2021,002053.SZ,train,0,0.49208134412765503,0.7137299180030823,concat,17
002053.SZ:2022,002053.SZ,validation,0,0.49412500858306885,0.7137299180030823,concat,17
002053.SZ:2024,002053.SZ,test,0,0.489478200674057,0.7137299180030823,concat,17
002056.SZ:2020,002056.SZ,train,0,0.4720636010169983,0.7137299180030823,concat,17
002056.SZ:2021,002056.SZ,train,0,0.4599657952785492,0.7137299180030823,concat,17
002056.SZ:2022,002056.SZ,validation,0,0.4749908447265625,0.7137299180030823,concat,17
002056.SZ:2024,002056.SZ,test,0,0.4693487286567688,0.7137299180030823,concat,17
002056.SZ:2025,002056.SZ,test,0,0.474666953086853,0.7137299180030823,concat,17
002064.SZ:2017,002064.SZ,train,0,0.5578432679176331,0.7137299180030823,concat,17
002064.SZ:2018,002064.SZ,train,0,0.483686238527298,0.7137299180030823,concat,17
002064.SZ:2019,002064.SZ,train,0,0.46408823132514954,0.7137299180030823,concat,17
002064.SZ:2020,002064.SZ,train,0,0.4547981917858124,0.7137299180030823,concat,17
002064.SZ:2022,002064.SZ,validation,0,0.3772576153278351,0.7137299180030823,concat,17
002064.SZ:2024,002064.SZ,test,0,0.467946857213974,0.7137299180030823,concat,17
002064.SZ:2025,002064.SZ,test,0,0.4689594507217407,0.7137299180030823,concat,17
002069.SZ:2017,002069.SZ,train,0,0.5007978677749634,0.7137299180030823,concat,17
002069.SZ:2018,002069.SZ,train,0,0.6639867424964905,0.7137299180030823,concat,17
002069.SZ:2019,002069.SZ,train,0,0.5102007389068604,0.7137299180030823,concat,17
002069.SZ:2020,002069.SZ,train,0,0.6425862908363342,0.7137299180030823,concat,17
002069.SZ:2021,002069.SZ,train,0,0.4876644015312195,0.7137299180030823,concat,17
002069.SZ:2022,002069.SZ,validation,1,0.5117625594139099,0.7137299180030823,concat,17
002069.SZ:2024,002069.SZ,test,0,0.5108310580253601,0.7137299180030823,concat,17
002071.SZ:2017,002071.SZ,train,0,0.45181378722190857,0.7137299180030823,concat,17
002092.SZ:2020,002092.SZ,train,0,0.515907883644104,0.7137299180030823,concat,17
002092.SZ:2021,002092.SZ,train,0,0.5238576531410217,0.7137299180030823,concat,17
002092.SZ:2022,002092.SZ,validation,0,0.5078657269477844,0.7137299180030823,concat,17
002092.SZ:2024,002092.SZ,test,1,0.576593279838562,0.7137299180030823,concat,17
002102.SZ:2025,002102.SZ,test,1,0.5574610233306885,0.7137299180030823,concat,17
002106.SZ:2017,002106.SZ,train,0,0.4650799632072449,0.7137299180030823,concat,17
002110.SZ:2019,002110.SZ,train,0,0.3870689272880554,0.7137299180030823,concat,17
002110.SZ:2020,002110.SZ,train,0,0.4508252739906311,0.7137299180030823,concat,17
002110.SZ:2021,002110.SZ,train,0,0.4886045455932617,0.7137299180030823,concat,17
002110.SZ:2022,002110.SZ,validation,0,0.4850054681301117,0.7137299180030823,concat,17
002110.SZ:2024,002110.SZ,test,0,0.5488580465316772,0.7137299180030823,concat,17
002110.SZ:2025,002110.SZ,test,0,0.5554835796356201,0.7137299180030823,concat,17
002112.SZ:2017,002112.SZ,train,0,0.5594439506530762,0.7137299180030823,concat,17
002112.SZ:2018,002112.SZ,train,0,0.6413089036941528,0.7137299180030823,concat,17
002112.SZ:2021,002112.SZ,train,0,0.5432796478271484,0.7137299180030823,concat,17
002112.SZ:2022,002112.SZ,validation,0,0.5565966367721558,0.7137299180030823,concat,17
002112.SZ:2024,002112.SZ,test,0,0.5256630182266235,0.7137299180030823,concat,17
002112.SZ:2025,002112.SZ,test,0,0.5153957009315491,0.7137299180030823,concat,17
002117.SZ:2019,002117.SZ,train,0,0.4376041293144226,0.7137299180030823,concat,17
002117.SZ:2020,002117.SZ,train,0,0.43077316880226135,0.7137299180030823,concat,17
002117.SZ:2021,002117.SZ,train,0,0.4588302969932556,0.7137299180030823,concat,17
002117.SZ:2022,002117.SZ,validation,0,0.4491305947303772,0.7137299180030823,concat,17
002117.SZ:2024,002117.SZ,test,0,0.4587712287902832,0.7137299180030823,concat,17
002120.SZ:2017,002120.SZ,train,0,0.41215941309928894,0.7137299180030823,concat,17
002120.SZ:2018,002120.SZ,train,0,0.41395485401153564,0.7137299180030823,concat,17
002120.SZ:2019,002120.SZ,train,0,0.41587525606155396,0.7137299180030823,concat,17
002120.SZ:2020,002120.SZ,train,0,0.45055830478668213,0.7137299180030823,concat,17
002120.SZ:2021,002120.SZ,train,0,0.4952348470687866,0.7137299180030823,concat,17
002120.SZ:2022,002120.SZ,validation,0,0.5031260251998901,0.7137299180030823,concat,17
002120.SZ:2024,002120.SZ,test,0,0.49745509028434753,0.7137299180030823,concat,17
002120.SZ:2025,002120.SZ,test,0,0.4876505732536316,0.7137299180030823,concat,17
002121.SZ:2017,002121.SZ,train,0,0.5291174054145813,0.7137299180030823,concat,17
002121.SZ:2018,002121.SZ,train,0,0.5171725749969482,0.7137299180030823,concat,17
002121.SZ:2022,002121.SZ,validation,0,0.6672245264053345,0.7137299180030823,concat,17
002121.SZ:2024,002121.SZ,test,0,0.631778359413147,0.7137299180030823,concat,17
002121.SZ:2025,002121.SZ,test,0,0.6458879709243774,0.7137299180030823,concat,17
002125.SZ:2017,002125.SZ,train,0,0.5384460687637329,0.7137299180030823,concat,17
002125.SZ:2018,002125.SZ,train,0,0.5255613923072815,0.7137299180030823,concat,17
002125.SZ:2019,002125.SZ,train,0,0.5196793079376221,0.7137299180030823,concat,17
002125.SZ:2020,002125.SZ,train,0,0.5233056545257568,0.7137299180030823,concat,17
002125.SZ:2021,002125.SZ,train,0,0.5444775819778442,0.7137299180030823,concat,17
002125.SZ:2022,002125.SZ,validation,0,0.4895261824131012,0.7137299180030823,concat,17
002125.SZ:2024,002125.SZ,test,0,0.47265323996543884,0.7137299180030823,concat,17
002125.SZ:2025,002125.SZ,test,0,0.4748111963272095,0.7137299180030823,concat,17
002140.SZ:2017,002140.SZ,train,0,0.5127034187316895,0.7137299180030823,concat,17
002140.SZ:2018,002140.SZ,train,0,0.5443559288978577,0.7137299180030823,concat,17
002140.SZ:2019,002140.SZ,train,0,0.521285355091095,0.7137299180030823,concat,17
002140.SZ:2020,002140.SZ,train,0,0.5108948349952698,0.7137299180030823,concat,17
002140.SZ:2021,002140.SZ,train,0,0.5148131251335144,0.7137299180030823,concat,17
002140.SZ:2022,002140.SZ,validation,0,0.5076475143432617,0.7137299180030823,concat,17
002140.SZ:2024,002140.SZ,test,0,0.515850305557251,0.7137299180030823,concat,17
002140.SZ:2025,002140.SZ,test,0,0.5149291753768921,0.7137299180030823,concat,17
002141.SZ:2017,002141.SZ,train,0,0.4175613522529602,0.7137299180030823,concat,17
002141.SZ:2018,002141.SZ,train,0,0.49475857615470886,0.7137299180030823,concat,17
002141.SZ:2019,002141.SZ,train,0,0.5380133986473083,0.7137299180030823,concat,17
002141.SZ:2020,002141.SZ,train,0,0.5300171971321106,0.7137299180030823,concat,17
002141.SZ:2021,002141.SZ,train,0,0.7408583164215088,0.7137299180030823,concat,17
002141.SZ:2022,002141.SZ,validation,0,0.5267295837402344,0.7137299180030823,concat,17
002145.SZ:2017,002145.SZ,train,0,0.5188471674919128,0.7137299180030823,concat,17
002145.SZ:2018,002145.SZ,train,0,0.48114660382270813,0.7137299180030823,concat,17
002145.SZ:2019,002145.SZ,train,0,0.4740559756755829,0.7137299180030823,concat,17
002145.SZ:2020,002145.SZ,train,0,0.4749716818332672,0.7137299180030823,concat,17
002154.SZ:2018,002154.SZ,train,0,0.5145257711410522,0.7137299180030823,concat,17
002154.SZ:2020,002154.SZ,train,0,0.4892916679382324,0.7137299180030823,concat,17
002154.SZ:2021,002154.SZ,train,0,0.45335790514945984,0.7137299180030823,concat,17
002154.SZ:2022,002154.SZ,validation,0,0.4588276445865631,0.7137299180030823,concat,17
002154.SZ:2024,002154.SZ,test,0,0.44512203335762024,0.7137299180030823,concat,17
002154.SZ:2025,002154.SZ,test,0,0.4629550874233246,0.7137299180030823,concat,17
002160.SZ:2022,002160.SZ,validation,0,0.5353439450263977,0.7137299180030823,concat,17
002160.SZ:2024,002160.SZ,test,0,0.5319033861160278,0.7137299180030823,concat,17
002160.SZ:2025,002160.SZ,test,0,0.5327965021133423,0.7137299180030823,concat,17
002169.SZ:2020,002169.SZ,train,0,0.5357114672660828,0.7137299180030823,concat,17
002169.SZ:2021,002169.SZ,train,0,0.49530094861984253,0.7137299180030823,concat,17
002169.SZ:2022,002169.SZ,validation,0,0.5035173296928406,0.7137299180030823,concat,17
002169.SZ:2024,002169.SZ,test,0,0.584461510181427,0.7137299180030823,concat,17
002181.SZ:2017,002181.SZ,train,0,0.47489693760871887,0.7137299180030823,concat,17
002181.SZ:2018,002181.SZ,train,0,0.4107891321182251,0.7137299180030823,concat,17
002181.SZ:2019,002181.SZ,train,0,0.4358755052089691,0.7137299180030823,concat,17
002181.SZ:2020,002181.SZ,train,0,0.3987359404563904,0.7137299180030823,concat,17
002181.SZ:2021,002181.SZ,train,0,0.3959534168243408,0.7137299180030823,concat,17
002181.SZ:2022,002181.SZ,validation,0,0.44064706563949585,0.7137299180030823,concat,17
002181.SZ:2024,002181.SZ,test,0,0.5133669972419739,0.7137299180030823,concat,17
002181.SZ:2025,002181.SZ,test,0,0.5029815435409546,0.7137299180030823,concat,17
002185.SZ:2017,002185.SZ,train,0,0.4843285381793976,0.7137299180030823,concat,17
002185.SZ:2018,002185.SZ,train,0,0.4869738221168518,0.7137299180030823,concat,17
002185.SZ:2020,002185.SZ,train,0,0.5099049210548401,0.7137299180030823,concat,17
002185.SZ:2021,002185.SZ,train,0,0.4899221658706665,0.7137299180030823,concat,17
002185.SZ:2022,002185.SZ,validation,0,0.47348421812057495,0.7137299180030823,concat,17
002185.SZ:2024,002185.SZ,test,0,0.5249096155166626,0.7137299180030823,concat,17
002198.SZ:2018,002198.SZ,train,0,0.6261736750602722,0.7137299180030823,concat,17
002198.SZ:2019,002198.SZ,train,0,0.4186537265777588,0.7137299180030823,concat,17
002198.SZ:2020,002198.SZ,train,0,0.6073038578033447,0.7137299180030823,concat,17
002198.SZ:2021,002198.SZ,train,0,0.4423281252384186,0.7137299180030823,concat,17
002198.SZ:2022,002198.SZ,validation,0,0.44610345363616943,0.7137299180030823,concat,17
002198.SZ:2024,002198.SZ,test,0,0.3660838007926941,0.7137299180030823,concat,17
002198.SZ:2025,002198.SZ,test,0,0.37691187858581543,0.7137299180030823,concat,17
002212.SZ:2017,002212.SZ,train,0,0.5385064482688904,0.7137299180030823,concat,17
002212.SZ:2018,002212.SZ,train,0,0.4563741087913513,0.7137299180030823,concat,17
002212.SZ:2019,002212.SZ,train,0,0.4798057973384857,0.7137299180030823,concat,17
002212.SZ:2020,002212.SZ,train,0,0.4904811680316925,0.7137299180030823,concat,17
002212.SZ:2021,002212.SZ,train,0,0.4647355079650879,0.7137299180030823,concat,17
002212.SZ:2022,002212.SZ,validation,0,0.5028634667396545,0.7137299180030823,concat,17
002212.SZ:2025,002212.SZ,test,0,0.5093721151351929,0.7137299180030823,concat,17
002223.SZ:2018,002223.SZ,train,0,0.40443918108940125,0.7137299180030823,concat,17
002223.SZ:2019,002223.SZ,train,0,0.4193127453327179,0.7137299180030823,concat,17
002223.SZ:2020,002223.SZ,train,0,0.4434683918952942,0.7137299180030823,concat,17
002223.SZ:2021,002223.SZ,train,0,0.3822692334651947,0.7137299180030823,concat,17
002223.SZ:2022,002223.SZ,validation,0,0.40601372718811035,0.7137299180030823,concat,17
002223.SZ:2024,002223.SZ,test,0,0.38561221957206726,0.7137299180030823,concat,17
002224.SZ:2017,002224.SZ,train,0,0.3330102860927582,0.7137299180030823,concat,17
002224.SZ:2019,002224.SZ,train,0,0.4004848301410675,0.7137299180030823,concat,17
002224.SZ:2021,002224.SZ,train,0,0.38114216923713684,0.7137299180030823,concat,17
002224.SZ:2024,002224.SZ,test,0,0.48001885414123535,0.7137299180030823,concat,17
002224.SZ:2025,002224.SZ,test,0,0.47330954670906067,0.7137299180030823,concat,17
002227.SZ:2021,002227.SZ,train,0,0.5280559062957764,0.7137299180030823,concat,17
002227.SZ:2022,002227.SZ,validation,0,0.5531253218650818,0.7137299180030823,concat,17
002227.SZ:2024,002227.SZ,test,0,0.5632424354553223,0.7137299180030823,concat,17
002227.SZ:2025,002227.SZ,test,1,0.5870782136917114,0.7137299180030823,concat,17
002246.SZ:2017,002246.SZ,train,0,0.47524669766426086,0.7137299180030823,concat,17
002246.SZ:2018,002246.SZ,train,0,0.5000737905502319,0.7137299180030823,concat,17
002246.SZ:2019,002246.SZ,train,0,0.4973739683628082,0.7137299180030823,concat,17
002246.SZ:2020,002246.SZ,train,0,0.4885130822658539,0.7137299180030823,concat,17
002246.SZ:2021,002246.SZ,train,0,0.49889516830444336,0.7137299180030823,concat,17
002246.SZ:2022,002246.SZ,validation,0,0.5097275972366333,0.7137299180030823,concat,17
002246.SZ:2024,002246.SZ,test,0,0.5260475873947144,0.7137299180030823,concat,17
002246.SZ:2025,002246.SZ,test,0,0.5460721254348755,0.7137299180030823,concat,17
002249.SZ:2017,002249.SZ,train,0,0.5118736624717712,0.7137299180030823,concat,17
002249.SZ:2020,002249.SZ,train,0,0.541388213634491,0.7137299180030823,concat,17
002249.SZ:2021,002249.SZ,train,0,0.5259391069412231,0.7137299180030823,concat,17
002249.SZ:2022,002249.SZ,validation,0,0.5214756727218628,0.7137299180030823,concat,17
002249.SZ:2024,002249.SZ,test,0,0.5016850829124451,0.7137299180030823,concat,17
002254.SZ:2017,002254.SZ,train,0,0.4528849124908447,0.7137299180030823,concat,17
002254.SZ:2018,002254.SZ,train,0,0.4366508722305298,0.7137299180030823,concat,17
002254.SZ:2019,002254.SZ,train,0,0.49720606207847595,0.7137299180030823,concat,17
002254.SZ:2020,002254.SZ,train,0,0.4684799611568451,0.7137299180030823,concat,17
002254.SZ:2021,002254.SZ,train,0,0.4685554802417755,0.7137299180030823,concat,17
002254.SZ:2022,002254.SZ,validation,0,0.4120109975337982,0.7137299180030823,concat,17
002254.SZ:2024,002254.SZ,test,0,0.5074108839035034,0.7137299180030823,concat,17
002254.SZ:2025,002254.SZ,test,0,0.54453444480896,0.7137299180030823,concat,17
002255.SZ:2017,002255.SZ,train,0,0.5128203630447388,0.7137299180030823,concat,17
002255.SZ:2018,002255.SZ,train,0,0.5242258906364441,0.7137299180030823,concat,17
002255.SZ:2022,002255.SZ,validation,0,0.46940237283706665,0.7137299180030823,concat,17
002255.SZ:2024,002255.SZ,test,0,0.4820047914981842,0.7137299180030823,concat,17
002255.SZ:2025,002255.SZ,test,0,0.47308841347694397,0.7137299180030823,concat,17
002256.SZ:2017,002256.SZ,train,0,0.48693713545799255,0.7137299180030823,concat,17
002256.SZ:2018,002256.SZ,train,0,0.48396775126457214,0.7137299180030823,concat,17
002256.SZ:2019,002256.SZ,train,1,0.6212647557258606,0.7137299180030823,concat,17
002256.SZ:2022,002256.SZ,validation,0,0.7356590032577515,0.7137299180030823,concat,17
002256.SZ:2024,002256.SZ,test,0,0.5911044478416443,0.7137299180030823,concat,17
002256.SZ:2025,002256.SZ,test,0,0.6317009329795837,0.7137299180030823,concat,17
002260.SZ:2017,002260.SZ,train,0,0.5331322550773621,0.7137299180030823,concat,17
002260.SZ:2018,002260.SZ,train,1,0.6846418380737305,0.7137299180030823,concat,17
002265.SZ:2017,002265.SZ,train,0,0.5195753574371338,0.7137299180030823,concat,17
002265.SZ:2018,002265.SZ,train,0,0.5106915831565857,0.7137299180030823,concat,17
002265.SZ:2019,002265.SZ,train,0,0.5620483160018921,0.7137299180030823,concat,17
002265.SZ:2020,002265.SZ,train,0,0.5297762751579285,0.7137299180030823,concat,17
002265.SZ:2021,002265.SZ,train,0,0.5705768465995789,0.7137299180030823,concat,17
002265.SZ:2022,002265.SZ,validation,0,0.5330503582954407,0.7137299180030823,concat,17
002265.SZ:2024,002265.SZ,test,0,0.5061470866203308,0.7137299180030823,concat,17
002265.SZ:2025,002265.SZ,test,0,0.5244702100753784,0.7137299180030823,concat,17
002267.SZ:2017,002267.SZ,train,0,0.495144248008728,0.7137299180030823,concat,17
002267.SZ:2018,002267.SZ,train,0,0.503511905670166,0.7137299180030823,concat,17
002267.SZ:2019,002267.SZ,train,0,0.5161087512969971,0.7137299180030823,concat,17
002267.SZ:2020,002267.SZ,train,0,0.49544739723205566,0.7137299180030823,concat,17
002267.SZ:2021,002267.SZ,train,0,0.5143536329269409,0.7137299180030823,concat,17
002267.SZ:2022,002267.SZ,validation,0,0.5125085115432739,0.7137299180030823,concat,17
002267.SZ:2024,002267.SZ,test,0,0.5031800866127014,0.7137299180030823,concat,17
002267.SZ:2025,002267.SZ,test,0,0.49362969398498535,0.7137299180030823,concat,17
002271.SZ:2017,002271.SZ,train,0,0.46226751804351807,0.7137299180030823,concat,17
002271.SZ:2018,002271.SZ,train,0,0.48342862725257874,0.7137299180030823,concat,17
002271.SZ:2019,002271.SZ,train,0,0.48600253462791443,0.7137299180030823,concat,17
002271.SZ:2020,002271.SZ,train,0,0.47338685393333435,0.7137299180030823,concat,17
002271.SZ:2021,002271.SZ,train,0,0.44480082392692566,0.7137299180030823,concat,17
002271.SZ:2022,002271.SZ,validation,0,0.46748292446136475,0.7137299180030823,concat,17
002271.SZ:2024,002271.SZ,test,0,0.5099502205848694,0.7137299180030823,concat,17
002271.SZ:2025,002271.SZ,test,0,0.53533935546875,0.7137299180030823,concat,17
002272.SZ:2017,002272.SZ,train,0,0.5350229740142822,0.7137299180030823,concat,17
002272.SZ:2019,002272.SZ,train,0,0.5100440979003906,0.7137299180030823,concat,17
002272.SZ:2020,002272.SZ,train,0,0.4940105974674225,0.7137299180030823,concat,17
002272.SZ:2021,002272.SZ,train,0,0.5148720741271973,0.7137299180030823,concat,17
002272.SZ:2022,002272.SZ,validation,0,0.5497360825538635,0.7137299180030823,concat,17
002272.SZ:2024,002272.SZ,test,0,0.5759513974189758,0.7137299180030823,concat,17
002272.SZ:2025,002272.SZ,test,0,0.597538411617279,0.7137299180030823,concat,17
002275.SZ:2017,002275.SZ,train,0,0.362615704536438,0.7137299180030823,concat,17
002275.SZ:2019,002275.SZ,train,0,0.3764699101448059,0.7137299180030823,concat,17
002275.SZ:2020,002275.SZ,train,0,0.3760618269443512,0.7137299180030823,concat,17
002275.SZ:2021,002275.SZ,train,0,0.40961921215057373,0.7137299180030823,concat,17
002275.SZ:2022,002275.SZ,validation,0,0.4286822974681854,0.7137299180030823,concat,17
002275.SZ:2024,002275.SZ,test,0,0.4262695908546448,0.7137299180030823,concat,17
002275.SZ:2025,002275.SZ,test,0,0.41307348012924194,0.7137299180030823,concat,17
002286.SZ:2017,002286.SZ,train,0,0.502842903137207,0.7137299180030823,concat,17
002286.SZ:2018,002286.SZ,train,0,0.5179912447929382,0.7137299180030823,concat,17
002286.SZ:2019,002286.SZ,train,0,0.5288923382759094,0.7137299180030823,concat,17
002286.SZ:2020,002286.SZ,train,0,0.5279959440231323,0.7137299180030823,concat,17
002286.SZ:2021,002286.SZ,train,0,0.5076187252998352,0.7137299180030823,concat,17
002286.SZ:2022,002286.SZ,validation,0,0.4896608889102936,0.7137299180030823,concat,17
002286.SZ:2024,002286.SZ,test,0,0.5072067975997925,0.7137299180030823,concat,17
002286.SZ:2025,002286.SZ,test,0,0.4938993453979492,0.7137299180030823,concat,17
002290.SZ:2017,002290.SZ,train,0,0.5341469645500183,0.7137299180030823,concat,17
002290.SZ:2019,002290.SZ,train,1,0.5636175870895386,0.7137299180030823,concat,17
002290.SZ:2021,002290.SZ,train,0,0.5175460577011108,0.7137299180030823,concat,17
002290.SZ:2022,002290.SZ,validation,0,0.4973534643650055,0.7137299180030823,concat,17
002290.SZ:2024,002290.SZ,test,0,0.5022836923599243,0.7137299180030823,concat,17
002290.SZ:2025,002290.SZ,test,0,0.5048612952232361,0.7137299180030823,concat,17
002293.SZ:2017,002293.SZ,train,0,0.4546080231666565,0.7137299180030823,concat,17
002293.SZ:2018,002293.SZ,train,0,0.4508124589920044,0.7137299180030823,concat,17
002293.SZ:2019,002293.SZ,train,0,0.429936945438385,0.7137299180030823,concat,17
002293.SZ:2020,002293.SZ,train,0,0.4269774258136749,0.7137299180030823,concat,17
002293.SZ:2021,002293.SZ,train,0,0.4366491436958313,0.7137299180030823,concat,17
002293.SZ:2022,002293.SZ,validation,0,0.4432154595851898,0.7137299180030823,concat,17
002293.SZ:2024,002293.SZ,test,0,0.45623794198036194,0.7137299180030823,concat,17
002293.SZ:2025,002293.SZ,test,0,0.46233245730400085,0.7137299180030823,concat,17
002294.SZ:2017,002294.SZ,train,0,0.33602777123451233,0.7137299180030823,concat,17
002294.SZ:2018,002294.SZ,train,0,0.3065442144870758,0.7137299180030823,concat,17
002294.SZ:2019,002294.SZ,train,0,0.3356962203979492,0.7137299180030823,concat,17
002294.SZ:2020,002294.SZ,train,0,0.3962032198905945,0.7137299180030823,concat,17
002294.SZ:2021,002294.SZ,train,0,0.4830642640590668,0.7137299180030823,concat,17
002294.SZ:2022,002294.SZ,validation,0,0.40890857577323914,0.7137299180030823,concat,17
002294.SZ:2024,002294.SZ,test,0,0.41804441809654236,0.7137299180030823,concat,17
002294.SZ:2025,002294.SZ,test,0,0.4291602373123169,0.7137299180030823,concat,17
002297.SZ:2019,002297.SZ,train,0,0.4986504018306732,0.7137299180030823,concat,17
002297.SZ:2020,002297.SZ,train,0,0.6208299994468689,0.7137299180030823,concat,17
002297.SZ:2021,002297.SZ,train,0,0.494403600692749,0.7137299180030823,concat,17
002297.SZ:2022,002297.SZ,validation,0,0.46883952617645264,0.7137299180030823,concat,17
002297.SZ:2024,002297.SZ,test,0,0.5004507899284363,0.7137299180030823,concat,17
002308.SZ:2017,002308.SZ,train,0,0.462752103805542,0.7137299180030823,concat,17
002308.SZ:2018,002308.SZ,train,0,0.4558509886264801,0.7137299180030823,concat,17
002308.SZ:2019,002308.SZ,train,0,0.4522841274738312,0.7137299180030823,concat,17
002308.SZ:2020,002308.SZ,train,0,0.6761479377746582,0.7137299180030823,concat,17
002308.SZ:2021,002308.SZ,train,0,0.4251619279384613,0.7137299180030823,concat,17
002308.SZ:2022,002308.SZ,validation,0,0.5687540769577026,0.7137299180030823,concat,17
002309.SZ:2017,002309.SZ,train,0,0.5539725422859192,0.7137299180030823,concat,17
002309.SZ:2018,002309.SZ,train,0,0.5534676313400269,0.7137299180030823,concat,17
002309.SZ:2019,002309.SZ,train,0,0.5535553693771362,0.7137299180030823,concat,17
002309.SZ:2020,002309.SZ,train,0,0.519457995891571,0.7137299180030823,concat,17
002309.SZ:2021,002309.SZ,train,0,0.6700158715248108,0.7137299180030823,concat,17
002309.SZ:2022,002309.SZ,validation,1,0.7137299180030823,0.7137299180030823,concat,17
002310.SZ:2018,002310.SZ,train,0,0.4767005443572998,0.7137299180030823,concat,17
002310.SZ:2019,002310.SZ,train,0,0.4945335388183594,0.7137299180030823,concat,17
002310.SZ:2022,002310.SZ,validation,0,0.5996943116188049,0.7137299180030823,concat,17
002316.SZ:2017,002316.SZ,train,0,0.5677627921104431,0.7137299180030823,concat,17
002316.SZ:2019,002316.SZ,train,0,0.45667174458503723,0.7137299180030823,concat,17
002316.SZ:2021,002316.SZ,train,0,0.6956706047058105,0.7137299180030823,concat,17
002316.SZ:2024,002316.SZ,test,1,0.587984561920166,0.7137299180030823,concat,17
002320.SZ:2019,002320.SZ,train,0,0.34526562690734863,0.7137299180030823,concat,17
002320.SZ:2020,002320.SZ,train,0,0.3427165746688843,0.7137299180030823,concat,17
002320.SZ:2021,002320.SZ,train,0,0.33618995547294617,0.7137299180030823,concat,17
002320.SZ:2022,002320.SZ,validation,0,0.4425615072250366,0.7137299180030823,concat,17
002320.SZ:2024,002320.SZ,test,0,0.36421096324920654,0.7137299180030823,concat,17
002325.SZ:2017,002325.SZ,train,0,0.5773613452911377,0.7137299180030823,concat,17
002325.SZ:2018,002325.SZ,train,0,0.572304368019104,0.7137299180030823,concat,17
002325.SZ:2021,002325.SZ,train,0,0.6033417582511902,0.7137299180030823,concat,17
002325.SZ:2022,002325.SZ,validation,0,0.6046689748764038,0.7137299180030823,concat,17
002325.SZ:2024,002325.SZ,test,1,0.7824692130088806,0.7137299180030823,concat,17
002332.SZ:2018,002332.SZ,train,0,0.5027049779891968,0.7137299180030823,concat,17
002332.SZ:2019,002332.SZ,train,0,0.48781538009643555,0.7137299180030823,concat,17
002332.SZ:2020,002332.SZ,train,0,0.47094786167144775,0.7137299180030823,concat,17
002332.SZ:2021,002332.SZ,train,0,0.4558323621749878,0.7137299180030823,concat,17
002332.SZ:2022,002332.SZ,validation,0,0.4446691870689392,0.7137299180030823,concat,17
002332.SZ:2025,002332.SZ,test,0,0.43642714619636536,0.7137299180030823,concat,17
002340.SZ:2017,002340.SZ,train,0,0.530402660369873,0.7137299180030823,concat,17
002340.SZ:2018,002340.SZ,train,0,0.5165987610816956,0.7137299180030823,concat,17
002340.SZ:2020,002340.SZ,train,0,0.5154051184654236,0.7137299180030823,concat,17
002340.SZ:2021,002340.SZ,train,0,0.5283498764038086,0.7137299180030823,concat,17
002340.SZ:2022,002340.SZ,validation,0,0.5202605128288269,0.7137299180030823,concat,17
002340.SZ:2024,002340.SZ,test,0,0.5263062119483948,0.7137299180030823,concat,17
002340.SZ:2025,002340.SZ,test,0,0.5258697867393494,0.7137299180030823,concat,17
002346.SZ:2017,002346.SZ,train,0,0.48525360226631165,0.7137299180030823,concat,17
002346.SZ:2018,002346.SZ,train,0,0.3929302394390106,0.7137299180030823,concat,17
002346.SZ:2021,002346.SZ,train,0,0.4697241485118866,0.7137299180030823,concat,17
002346.SZ:2022,002346.SZ,validation,0,0.4373657703399658,0.7137299180030823,concat,17
002346.SZ:2024,002346.SZ,test,0,0.47151753306388855,0.7137299180030823,concat,17
002350.SZ:2017,002350.SZ,train,0,0.5326316952705383,0.7137299180030823,concat,17
002350.SZ:2018,002350.SZ,train,0,0.5394002199172974,0.7137299180030823,concat,17
002350.SZ:2019,002350.SZ,train,0,0.5388675928115845,0.7137299180030823,concat,17
002350.SZ:2020,002350.SZ,train,0,0.5289011001586914,0.7137299180030823,concat,17
002350.SZ:2021,002350.SZ,train,0,0.5369998216629028,0.7137299180030823,concat,17
002350.SZ:2024,002350.SZ,test,0,0.5891286134719849,0.7137299180030823,concat,17
002350.SZ:2025,002350.SZ,test,0,0.5332167148590088,0.7137299180030823,concat,17
002360.SZ:2018,002360.SZ,train,0,0.4537099003791809,0.7137299180030823,concat,17
002360.SZ:2019,002360.SZ,train,0,0.4109562337398529,0.7137299180030823,concat,17
002360.SZ:2020,002360.SZ,train,0,0.4162670969963074,0.7137299180030823,concat,17
002360.SZ:2021,002360.SZ,train,0,0.4061613380908966,0.7137299180030823,concat,17
002360.SZ:2022,002360.SZ,validation,0,0.45783117413520813,0.7137299180030823,concat,17
002360.SZ:2024,002360.SZ,test,0,0.41976386308670044,0.7137299180030823,concat,17
002360.SZ:2025,002360.SZ,test,1,0.6074254512786865,0.7137299180030823,concat,17
002364.SZ:2017,002364.SZ,train,0,0.3849644064903259,0.7137299180030823,concat,17
002364.SZ:2018,002364.SZ,train,0,0.43361562490463257,0.7137299180030823,concat,17
002364.SZ:2019,002364.SZ,train,0,0.42666375637054443,0.7137299180030823,concat,17
002364.SZ:2020,002364.SZ,train,0,0.4860512614250183,0.7137299180030823,concat,17
002364.SZ:2021,002364.SZ,train,0,0.5258086323738098,0.7137299180030823,concat,17
002364.SZ:2022,002364.SZ,validation,0,0.5155182480812073,0.7137299180030823,concat,17
002364.SZ:2024,002364.SZ,test,0,0.5128033757209778,0.7137299180030823,concat,17
002364.SZ:2025,002364.SZ,test,0,0.4974493682384491,0.7137299180030823,concat,17
002365.SZ:2017,002365.SZ,train,0,0.36825600266456604,0.7137299180030823,concat,17
002365.SZ:2018,002365.SZ,train,0,0.42659446597099304,0.7137299180030823,concat,17
002365.SZ:2019,002365.SZ,train,0,0.42202848196029663,0.7137299180030823,concat,17
002365.SZ:2020,002365.SZ,train,0,0.4382917582988739,0.7137299180030823,concat,17
002365.SZ:2021,002365.SZ,train,0,0.4447166919708252,0.7137299180030823,concat,17
002365.SZ:2022,002365.SZ,validation,0,0.4506649374961853,0.7137299180030823,concat,17
002365.SZ:2024,002365.SZ,test,0,0.4581499397754669,0.7137299180030823,concat,17
002365.SZ:2025,002365.SZ,test,0,0.43461573123931885,0.7137299180030823,concat,17
002374.SZ:2017,002374.SZ,train,0,0.5133023262023926,0.7137299180030823,concat,17
002374.SZ:2019,002374.SZ,train,0,0.6938215494155884,0.7137299180030823,concat,17
002374.SZ:2020,002374.SZ,train,0,0.5498345494270325,0.7137299180030823,concat,17
002374.SZ:2021,002374.SZ,train,0,0.6251152753829956,0.7137299180030823,concat,17
002374.SZ:2022,002374.SZ,validation,0,0.7091330289840698,0.7137299180030823,concat,17
002374.SZ:2024,002374.SZ,test,0,0.6452146172523499,0.7137299180030823,concat,17
002374.SZ:2025,002374.SZ,test,0,0.6844882369041443,0.7137299180030823,concat,17
002378.SZ:2019,002378.SZ,train,0,0.5125211477279663,0.7137299180030823,concat,17
002378.SZ:2020,002378.SZ,train,0,0.5878521203994751,0.7137299180030823,concat,17
002378.SZ:2021,002378.SZ,train,0,0.49891749024391174,0.7137299180030823,concat,17
002378.SZ:2022,002378.SZ,validation,0,0.5009597539901733,0.7137299180030823,concat,17
002378.SZ:2024,002378.SZ,test,0,0.5000354647636414,0.7137299180030823,concat,17
002378.SZ:2025,002378.SZ,test,0,0.49383482336997986,0.7137299180030823,concat,17
002380.SZ:2017,002380.SZ,train,0,0.40702879428863525,0.7137299180030823,concat,17
002380.SZ:2018,002380.SZ,train,0,0.4041438698768616,0.7137299180030823,concat,17
002380.SZ:2019,002380.SZ,train,0,0.413940966129303,0.7137299180030823,concat,17
002380.SZ:2020,002380.SZ,train,0,0.4369571805000305,0.7137299180030823,concat,17
002380.SZ:2022,002380.SZ,validation,0,0.5269989967346191,0.7137299180030823,concat,17
002380.SZ:2024,002380.SZ,test,0,0.4882533848285675,0.7137299180030823,concat,17
002380.SZ:2025,002380.SZ,test,0,0.47126856446266174,0.7137299180030823,concat,17
002382.SZ:2017,002382.SZ,train,0,0.42810800671577454,0.7137299180030823,concat,17
002382.SZ:2018,002382.SZ,train,0,0.445072203874588,0.7137299180030823,concat,17
002382.SZ:2019,002382.SZ,train,0,0.4966641664505005,0.7137299180030823,concat,17
002382.SZ:2020,002382.SZ,train,0,0.48876869678497314,0.7137299180030823,concat,17
002382.SZ:2021,002382.SZ,train,0,0.4236496686935425,0.7137299180030823,concat,17
002382.SZ:2022,002382.SZ,validation,0,0.45785805583000183,0.7137299180030823,concat,17
002382.SZ:2024,002382.SZ,test,0,0.5785446166992188,0.7137299180030823,concat,17
002384.SZ:2017,002384.SZ,train,0,0.5494860410690308,0.7137299180030823,concat,17
002384.SZ:2018,002384.SZ,train,0,0.5453190207481384,0.7137299180030823,concat,17
002384.SZ:2019,002384.SZ,train,0,0.5301733613014221,0.7137299180030823,concat,17
002384.SZ:2020,002384.SZ,train,0,0.5230368971824646,0.7137299180030823,concat,17
002384.SZ:2021,002384.SZ,train,0,0.5109621286392212,0.7137299180030823,concat,17
002384.SZ:2022,002384.SZ,validation,0,0.5087006092071533,0.7137299180030823,concat,17
002384.SZ:2024,002384.SZ,test,0,0.5048534870147705,0.7137299180030823,concat,17
002384.SZ:2025,002384.SZ,test,0,0.5181877613067627,0.7137299180030823,concat,17
002391.SZ:2017,002391.SZ,train,0,0.49595460295677185,0.7137299180030823,concat,17
002391.SZ:2018,002391.SZ,train,0,0.45639878511428833,0.7137299180030823,concat,17
002391.SZ:2019,002391.SZ,train,0,0.4454208314418793,0.7137299180030823,concat,17
002391.SZ:2020,002391.SZ,train,0,0.4545956552028656,0.7137299180030823,concat,17
002391.SZ:2021,002391.SZ,train,0,0.48297175765037537,0.7137299180030823,concat,17
002391.SZ:2022,002391.SZ,validation,0,0.49765530228614807,0.7137299180030823,concat,17
002391.SZ:2024,002391.SZ,test,0,0.5297528505325317,0.7137299180030823,concat,17
002391.SZ:2025,002391.SZ,test,0,0.5546470284461975,0.7137299180030823,concat,17
002396.SZ:2017,002396.SZ,train,0,0.46089571714401245,0.7137299180030823,concat,17
002396.SZ:2021,002396.SZ,train,0,0.48131367564201355,0.7137299180030823,concat,17
002396.SZ:2022,002396.SZ,validation,0,0.4775385856628418,0.7137299180030823,concat,17
002396.SZ:2024,002396.SZ,test,0,0.49075955152511597,0.7137299180030823,concat,17
002396.SZ:2025,002396.SZ,test,0,0.5001358985900879,0.7137299180030823,concat,17
002402.SZ:2017,002402.SZ,train,0,0.4725496172904968,0.7137299180030823,concat,17
002402.SZ:2018,002402.SZ,train,0,0.46934831142425537,0.7137299180030823,concat,17
002402.SZ:2019,002402.SZ,train,0,0.4918418228626251,0.7137299180030823,concat,17
002402.SZ:2020,002402.SZ,train,0,0.48213067650794983,0.7137299180030823,concat,17
002402.SZ:2021,002402.SZ,train,0,0.48432421684265137,0.7137299180030823,concat,17
002402.SZ:2022,002402.SZ,validation,0,0.4762648940086365,0.7137299180030823,concat,17
002402.SZ:2024,002402.SZ,test,0,0.5178965330123901,0.7137299180030823,concat,17
002402.SZ:2025,002402.SZ,test,0,0.5273702144622803,0.7137299180030823,concat,17
002405.SZ:2017,002405.SZ,train,0,0.4622369110584259,0.7137299180030823,concat,17
002405.SZ:2018,002405.SZ,train,0,0.4670645296573639,0.7137299180030823,concat,17
002405.SZ:2019,002405.SZ,train,0,0.4623638987541199,0.7137299180030823,concat,17
002405.SZ:2020,002405.SZ,train,0,0.47512146830558777,0.7137299180030823,concat,17
002405.SZ:2021,002405.SZ,train,0,0.5640500783920288,0.7137299180030823,concat,17
002405.SZ:2022,002405.SZ,validation,0,0.4531237781047821,0.7137299180030823,concat,17
002405.SZ:2024,002405.SZ,test,0,0.6378177404403687,0.7137299180030823,concat,17
002405.SZ:2025,002405.SZ,test,0,0.6132301092147827,0.7137299180030823,concat,17
002410.SZ:2017,002410.SZ,train,0,0.39176446199417114,0.7137299180030823,concat,17
002410.SZ:2018,002410.SZ,train,0,0.4042316973209381,0.7137299180030823,concat,17
002410.SZ:2019,002410.SZ,train,0,0.4576420485973358,0.7137299180030823,concat,17
002410.SZ:2020,002410.SZ,train,0,0.49748826026916504,0.7137299180030823,concat,17
002410.SZ:2021,002410.SZ,train,0,0.47393009066581726,0.7137299180030823,concat,17
002410.SZ:2022,002410.SZ,validation,0,0.464026540517807,0.7137299180030823,concat,17
002410.SZ:2025,002410.SZ,test,0,0.5067186951637268,0.7137299180030823,concat,17
002413.SZ:2017,002413.SZ,train,0,0.3858495354652405,0.7137299180030823,concat,17
002413.SZ:2018,002413.SZ,train,0,0.43623581528663635,0.7137299180030823,concat,17
002413.SZ:2020,002413.SZ,train,0,0.47964799404144287,0.7137299180030823,concat,17
002413.SZ:2021,002413.SZ,train,0,0.4927041828632355,0.7137299180030823,concat,17
002413.SZ:2022,002413.SZ,validation,0,0.5666374564170837,0.7137299180030823,concat,17
002413.SZ:2024,002413.SZ,test,0,0.6102258563041687,0.7137299180030823,concat,17
002413.SZ:2025,002413.SZ,test,0,0.6064898371696472,0.7137299180030823,concat,17
002418.SZ:2019,002418.SZ,train,1,0.754409670829773,0.7137299180030823,concat,17
002418.SZ:2022,002418.SZ,validation,0,0.540848970413208,0.7137299180030823,concat,17
002418.SZ:2024,002418.SZ,test,0,0.5322169065475464,0.7137299180030823,concat,17
002418.SZ:2025,002418.SZ,test,0,0.5785296559333801,0.7137299180030823,concat,17
002426.SZ:2022,002426.SZ,validation,0,0.5563807487487793,0.7137299180030823,concat,17
002426.SZ:2024,002426.SZ,test,0,0.6355381608009338,0.7137299180030823,concat,17
002426.SZ:2025,002426.SZ,test,0,0.6395775079727173,0.7137299180030823,concat,17
002429.SZ:2017,002429.SZ,train,0,0.5115546584129333,0.7137299180030823,concat,17
002429.SZ:2018,002429.SZ,train,0,0.5195723176002502,0.7137299180030823,concat,17
002429.SZ:2019,002429.SZ,train,0,0.5264657139778137,0.7137299180030823,concat,17
002429.SZ:2020,002429.SZ,train,0,0.5146759152412415,0.7137299180030823,concat,17
002429.SZ:2022,002429.SZ,validation,0,0.5275636911392212,0.7137299180030823,concat,17
002429.SZ:2024,002429.SZ,test,0,0.48376908898353577,0.7137299180030823,concat,17
002429.SZ:2025,002429.SZ,test,0,0.4900118112564087,0.7137299180030823,concat,17
002433.SZ:2017,002433.SZ,train,0,0.4511343240737915,0.7137299180030823,concat,17
002433.SZ:2018,002433.SZ,train,0,0.47410568594932556,0.7137299180030823,concat,17
002433.SZ:2019,002433.SZ,train,0,0.485931932926178,0.7137299180030823,concat,17
002434.SZ:2017,002434.SZ,train,0,0.5210834741592407,0.7137299180030823,concat,17
002434.SZ:2018,002434.SZ,train,0,0.47814083099365234,0.7137299180030823,concat,17
000012.SZ:2017,000012.SZ,train,0,0.3708442151546478,0.8757041096687317,concat,42
000012.SZ:2019,000012.SZ,train,0,0.418546587228775,0.8757041096687317,concat,42
000012.SZ:2020,000012.SZ,train,0,0.38822323083877563,0.8757041096687317,concat,42
000012.SZ:2021,000012.SZ,train,0,0.31799212098121643,0.8757041096687317,concat,42
000012.SZ:2022,000012.SZ,validation,0,0.23570354282855988,0.8757041096687317,concat,42
000012.SZ:2024,000012.SZ,test,0,0.3764016330242157,0.8757041096687317,concat,42
000018.SZ:2017,000018.SZ,train,0,0.5194358825683594,0.8757041096687317,concat,42
000019.SZ:2017,000019.SZ,train,0,0.20646344125270844,0.8757041096687317,concat,42
000019.SZ:2018,000019.SZ,train,0,0.5255705714225769,0.8757041096687317,concat,42
000019.SZ:2020,000019.SZ,train,0,0.3516470789909363,0.8757041096687317,concat,42
000019.SZ:2021,000019.SZ,train,0,0.36010825634002686,0.8757041096687317,concat,42
000019.SZ:2022,000019.SZ,validation,0,0.369025319814682,0.8757041096687317,concat,42
000019.SZ:2024,000019.SZ,test,0,0.37163758277893066,0.8757041096687317,concat,42
000040.SZ:2017,000040.SZ,train,0,0.42865458130836487,0.8757041096687317,concat,42
000040.SZ:2022,000040.SZ,validation,0,0.623063862323761,0.8757041096687317,concat,42
000048.SZ:2020,000048.SZ,train,0,0.22175410389900208,0.8757041096687317,concat,42
000048.SZ:2021,000048.SZ,train,0,0.2750130891799927,0.8757041096687317,concat,42
000048.SZ:2022,000048.SZ,validation,0,0.3844166100025177,0.8757041096687317,concat,42
000048.SZ:2025,000048.SZ,test,0,0.3604777753353119,0.8757041096687317,concat,42
000055.SZ:2017,000055.SZ,train,0,0.37274065613746643,0.8757041096687317,concat,42
000055.SZ:2019,000055.SZ,train,0,0.20230890810489655,0.8757041096687317,concat,42
000055.SZ:2020,000055.SZ,train,0,0.473698228597641,0.8757041096687317,concat,42
000055.SZ:2021,000055.SZ,train,0,0.4153943359851837,0.8757041096687317,concat,42
000055.SZ:2022,000055.SZ,validation,0,0.47438591718673706,0.8757041096687317,concat,42
000055.SZ:2024,000055.SZ,test,0,0.47543206810951233,0.8757041096687317,concat,42
000055.SZ:2025,000055.SZ,test,0,0.5124952793121338,0.8757041096687317,concat,42
000068.SZ:2019,000068.SZ,train,0,0.7422925233840942,0.8757041096687317,concat,42
000068.SZ:2020,000068.SZ,train,0,0.5551407337188721,0.8757041096687317,concat,42
000068.SZ:2021,000068.SZ,train,0,0.7757430076599121,0.8757041096687317,concat,42
000068.SZ:2022,000068.SZ,validation,0,0.667397141456604,0.8757041096687317,concat,42
000068.SZ:2024,000068.SZ,test,0,0.22290228307247162,0.8757041096687317,concat,42
000068.SZ:2025,000068.SZ,test,0,0.5735976696014404,0.8757041096687317,concat,42
000099.SZ:2017,000099.SZ,train,0,0.45014292001724243,0.8757041096687317,concat,42
000099.SZ:2018,000099.SZ,train,0,0.4649204909801483,0.8757041096687317,concat,42
000099.SZ:2019,000099.SZ,train,0,0.41359204053878784,0.8757041096687317,concat,42
000099.SZ:2020,000099.SZ,train,0,0.3532336354255676,0.8757041096687317,concat,42
000099.SZ:2021,000099.SZ,train,0,0.3286455571651459,0.8757041096687317,concat,42
000099.SZ:2022,000099.SZ,validation,0,0.24911373853683472,0.8757041096687317,concat,42
000419.SZ:2017,000419.SZ,train,0,0.4644065499305725,0.8757041096687317,concat,42
000419.SZ:2018,000419.SZ,train,0,0.4358169734477997,0.8757041096687317,concat,42
000419.SZ:2019,000419.SZ,train,0,0.4355739951133728,0.8757041096687317,concat,42
000419.SZ:2020,000419.SZ,train,0,0.4217860698699951,0.8757041096687317,concat,42
000419.SZ:2021,000419.SZ,train,0,0.3901127874851227,0.8757041096687317,concat,42
000419.SZ:2022,000419.SZ,validation,0,0.398966521024704,0.8757041096687317,concat,42
000419.SZ:2024,000419.SZ,test,0,0.3853389024734497,0.8757041096687317,concat,42
000501.SZ:2017,000501.SZ,train,0,0.38594844937324524,0.8757041096687317,concat,42
000501.SZ:2018,000501.SZ,train,0,0.3884367346763611,0.8757041096687317,concat,42
000501.SZ:2019,000501.SZ,train,0,0.40033403038978577,0.8757041096687317,concat,42
000501.SZ:2020,000501.SZ,train,0,0.40455162525177,0.8757041096687317,concat,42
000501.SZ:2021,000501.SZ,train,0,0.44989022612571716,0.8757041096687317,concat,42
000501.SZ:2022,000501.SZ,validation,0,0.42919105291366577,0.8757041096687317,concat,42
000501.SZ:2024,000501.SZ,test,0,0.4996736943721771,0.8757041096687317,concat,42
000501.SZ:2025,000501.SZ,test,0,0.5070289969444275,0.8757041096687317,concat,42
000504.SZ:2018,000504.SZ,train,0,0.7485154867172241,0.8757041096687317,concat,42
000504.SZ:2019,000504.SZ,train,1,0.7497071027755737,0.8757041096687317,concat,42
000504.SZ:2021,000504.SZ,train,0,0.5500900745391846,0.8757041096687317,concat,42
000504.SZ:2022,000504.SZ,validation,0,0.6918169260025024,0.8757041096687317,concat,42
000504.SZ:2024,000504.SZ,test,1,0.689281165599823,0.8757041096687317,concat,42
000533.SZ:2019,000533.SZ,train,0,0.8451066613197327,0.8757041096687317,concat,42
000533.SZ:2020,000533.SZ,train,0,0.5967915654182434,0.8757041096687317,concat,42
000533.SZ:2021,000533.SZ,train,0,0.5412601828575134,0.8757041096687317,concat,42
000533.SZ:2022,000533.SZ,validation,0,0.5963057279586792,0.8757041096687317,concat,42
000533.SZ:2024,000533.SZ,test,0,0.5376095771789551,0.8757041096687317,concat,42
000533.SZ:2025,000533.SZ,test,0,0.5275794863700867,0.8757041096687317,concat,42
000534.SZ:2020,000534.SZ,train,0,0.4232863783836365,0.8757041096687317,concat,42
000534.SZ:2021,000534.SZ,train,0,0.40166139602661133,0.8757041096687317,concat,42
000534.SZ:2022,000534.SZ,validation,0,0.38909202814102173,0.8757041096687317,concat,42
000534.SZ:2024,000534.SZ,test,0,0.3834768533706665,0.8757041096687317,concat,42
000545.SZ:2017,000545.SZ,train,0,0.386851042509079,0.8757041096687317,concat,42
000545.SZ:2018,000545.SZ,train,0,0.3320530652999878,0.8757041096687317,concat,42
000545.SZ:2019,000545.SZ,train,0,0.44044730067253113,0.8757041096687317,concat,42
000545.SZ:2021,000545.SZ,train,0,0.6387825608253479,0.8757041096687317,concat,42
000545.SZ:2022,000545.SZ,validation,0,0.4311304986476898,0.8757041096687317,concat,42
000545.SZ:2024,000545.SZ,test,0,0.6088289618492126,0.8757041096687317,concat,42
000545.SZ:2025,000545.SZ,test,0,0.6770609021186829,0.8757041096687317,concat,42
000553.SZ:2017,000553.SZ,train,0,0.5195121765136719,0.8757041096687317,concat,42
000555.SZ:2017,000555.SZ,train,0,0.5099759101867676,0.8757041096687317,concat,42
000555.SZ:2022,000555.SZ,validation,0,0.47341835498809814,0.8757041096687317,concat,42
000555.SZ:2024,000555.SZ,test,0,0.517899751663208,0.8757041096687317,concat,42
000555.SZ:2025,000555.SZ,test,0,0.5963479280471802,0.8757041096687317,concat,42
000557.SZ:2020,000557.SZ,train,0,0.2651650607585907,0.8757041096687317,concat,42
000557.SZ:2021,000557.SZ,train,0,0.2245563268661499,0.8757041096687317,concat,42
000557.SZ:2022,000557.SZ,validation,0,0.22050318121910095,0.8757041096687317,concat,42
000557.SZ:2024,000557.SZ,test,0,0.148206889629364,0.8757041096687317,concat,42
000557.SZ:2025,000557.SZ,test,0,0.20589886605739594,0.8757041096687317,concat,42
000576.SZ:2017,000576.SZ,train,0,0.3801215589046478,0.8757041096687317,concat,42
000576.SZ:2021,000576.SZ,train,0,0.1289953738451004,0.8757041096687317,concat,42
000576.SZ:2022,000576.SZ,validation,0,0.2835753858089447,0.8757041096687317,concat,42
000576.SZ:2024,000576.SZ,test,0,0.6976264119148254,0.8757041096687317,concat,42
000576.SZ:2025,000576.SZ,test,0,0.3537895679473877,0.8757041096687317,concat,42
000581.SZ:2017,000581.SZ,train,0,0.2712142765522003,0.8757041096687317,concat,42
000581.SZ:2018,000581.SZ,train,0,0.24818125367164612,0.8757041096687317,concat,42
000581.SZ:2019,000581.SZ,train,0,0.24788324534893036,0.8757041096687317,concat,42
000581.SZ:2020,000581.SZ,train,0,0.29197752475738525,0.8757041096687317,concat,42
000581.SZ:2021,000581.SZ,train,0,0.31754621863365173,0.8757041096687317,concat,42
000581.SZ:2022,000581.SZ,validation,0,0.3245770335197449,0.8757041096687317,concat,42
000581.SZ:2024,000581.SZ,test,0,0.3449227213859558,0.8757041096687317,concat,42
000581.SZ:2025,000581.SZ,test,0,0.3628428280353546,0.8757041096687317,concat,42
000585.SZ:2017,000585.SZ,train,1,0.868747889995575,0.8757041096687317,concat,42
000589.SZ:2020,000589.SZ,train,0,0.4566633999347687,0.8757041096687317,concat,42
000589.SZ:2021,000589.SZ,train,0,0.29761919379234314,0.8757041096687317,concat,42
000589.SZ:2022,000589.SZ,validation,0,0.4759070575237274,0.8757041096687317,concat,42
000589.SZ:2024,000589.SZ,test,0,0.3955734372138977,0.8757041096687317,concat,42
000589.SZ:2025,000589.SZ,test,0,0.4596845209598541,0.8757041096687317,concat,42
000593.SZ:2017,000593.SZ,train,0,0.592108964920044,0.8757041096687317,concat,42
000593.SZ:2018,000593.SZ,train,0,0.413699209690094,0.8757041096687317,concat,42
000593.SZ:2019,000593.SZ,train,0,0.7110595107078552,0.8757041096687317,concat,42
000593.SZ:2020,000593.SZ,train,0,0.48836344480514526,0.8757041096687317,concat,42
000593.SZ:2021,000593.SZ,train,0,0.47855839133262634,0.8757041096687317,concat,42
000593.SZ:2022,000593.SZ,validation,0,0.43187785148620605,0.8757041096687317,concat,42
000593.SZ:2025,000593.SZ,test,0,0.5010334849357605,0.8757041096687317,concat,42
000598.SZ:2017,000598.SZ,train,0,0.3090031147003174,0.8757041096687317,concat,42
000598.SZ:2019,000598.SZ,train,0,0.3238484561443329,0.8757041096687317,concat,42
000598.SZ:2020,000598.SZ,train,0,0.3479100465774536,0.8757041096687317,concat,42
000598.SZ:2021,000598.SZ,train,0,0.33807599544525146,0.8757041096687317,concat,42
000598.SZ:2022,000598.SZ,validation,0,0.34940552711486816,0.8757041096687317,concat,42
000598.SZ:2024,000598.SZ,test,0,0.3481890559196472,0.8757041096687317,concat,42
000598.SZ:2025,000598.SZ,test,0,0.35538944602012634,0.8757041096687317,concat,42
000599.SZ:2017,000599.SZ,train,0,0.5397707223892212,0.8757041096687317,concat,42
000599.SZ:2018,000599.SZ,train,0,0.5423429608345032,0.8757041096687317,concat,42
000599.SZ:2019,000599.SZ,train,0,0.5456393957138062,0.8757041096687317,concat,42
000599.SZ:2020,000599.SZ,train,0,0.6174579858779907,0.8757041096687317,concat,42
000599.SZ:2021,000599.SZ,train,0,0.5744118094444275,0.8757041096687317,concat,42
000599.SZ:2022,000599.SZ,validation,0,0.6355475783348083,0.8757041096687317,concat,42
000599.SZ:2024,000599.SZ,test,0,0.6164016723632812,0.8757041096687317,concat,42
000599.SZ:2025,000599.SZ,test,0,0.658905029296875,0.8757041096687317,concat,42
000610.SZ:2020,000610.SZ,train,0,0.5296745300292969,0.8757041096687317,concat,42
000610.SZ:2021,000610.SZ,train,0,0.4332476556301117,0.8757041096687317,concat,42
000610.SZ:2022,000610.SZ,validation,0,0.6217178702354431,0.8757041096687317,concat,42
000610.SZ:2024,000610.SZ,test,0,0.7338117957115173,0.8757041096687317,concat,42
000610.SZ:2025,000610.SZ,test,1,0.862159252166748,0.8757041096687317,concat,42
000612.SZ:2020,000612.SZ,train,0,0.41829222440719604,0.8757041096687317,concat,42
000612.SZ:2021,000612.SZ,train,0,0.3021586537361145,0.8757041096687317,concat,42
000612.SZ:2022,000612.SZ,validation,0,0.37575772404670715,0.8757041096687317,concat,42
000612.SZ:2024,000612.SZ,test,0,0.292337566614151,0.8757041096687317,concat,42
000612.SZ:2025,000612.SZ,test,0,0.27234023809432983,0.8757041096687317,concat,42
000626.SZ:2017,000626.SZ,train,0,0.4585570991039276,0.8757041096687317,concat,42
000626.SZ:2018,000626.SZ,train,0,0.6090226173400879,0.8757041096687317,concat,42
000626.SZ:2020,000626.SZ,train,0,0.4651244580745697,0.8757041096687317,concat,42
000626.SZ:2021,000626.SZ,train,0,0.5208840370178223,0.8757041096687317,concat,42
000626.SZ:2022,000626.SZ,validation,0,0.44090354442596436,0.8757041096687317,concat,42
000626.SZ:2024,000626.SZ,test,0,0.5984817147254944,0.8757041096687317,concat,42
000626.SZ:2025,000626.SZ,test,0,0.5185997486114502,0.8757041096687317,concat,42
000629.SZ:2019,000629.SZ,train,0,0.16404779255390167,0.8757041096687317,concat,42
000629.SZ:2020,000629.SZ,train,0,0.16367098689079285,0.8757041096687317,concat,42
000629.SZ:2021,000629.SZ,train,0,0.3304823637008667,0.8757041096687317,concat,42
000629.SZ:2022,000629.SZ,validation,0,0.18510672450065613,0.8757041096687317,concat,42
000629.SZ:2024,000629.SZ,test,0,0.32191672921180725,0.8757041096687317,concat,42
000629.SZ:2025,000629.SZ,test,0,0.3254789412021637,0.8757041096687317,concat,42
000633.SZ:2018,000633.SZ,train,0,0.6531444191932678,0.8757041096687317,concat,42
000633.SZ:2019,000633.SZ,train,0,0.5714007019996643,0.8757041096687317,concat,42
000633.SZ:2022,000633.SZ,validation,0,0.4741950035095215,0.8757041096687317,concat,42
000633.SZ:2024,000633.SZ,test,0,0.43244844675064087,0.8757041096687317,concat,42
000633.SZ:2025,000633.SZ,test,0,0.467062771320343,0.8757041096687317,concat,42
000635.SZ:2018,000635.SZ,train,0,0.29122984409332275,0.8757041096687317,concat,42
000635.SZ:2019,000635.SZ,train,0,0.38253888487815857,0.8757041096687317,concat,42
000635.SZ:2021,000635.SZ,train,0,0.34808647632598877,0.8757041096687317,concat,42
000635.SZ:2022,000635.SZ,validation,0,0.3662656247615814,0.8757041096687317,concat,42
000650.SZ:2017,000650.SZ,train,0,0.22754038870334625,0.8757041096687317,concat,42
000650.SZ:2019,000650.SZ,train,0,0.2040117233991623,0.8757041096687317,concat,42
000650.SZ:2020,000650.SZ,train,0,0.16599725186824799,0.8757041096687317,concat,42
000650.SZ:2021,000650.SZ,train,0,0.1537817418575287,0.8757041096687317,concat,42
000650.SZ:2022,000650.SZ,validation,0,0.20064960420131683,0.8757041096687317,concat,42
000650.SZ:2024,000650.SZ,test,0,0.20658105611801147,0.8757041096687317,concat,42
000650.SZ:2025,000650.SZ,test,0,0.17061945796012878,0.8757041096687317,concat,42
000652.SZ:2017,000652.SZ,train,0,0.5034434795379639,0.8757041096687317,concat,42
000652.SZ:2018,000652.SZ,train,0,0.4781329929828644,0.8757041096687317,concat,42
000652.SZ:2019,000652.SZ,train,0,0.49755629897117615,0.8757041096687317,concat,42
000652.SZ:2020,000652.SZ,train,0,0.5096750259399414,0.8757041096687317,concat,42
000655.SZ:2017,000655.SZ,train,1,0.8157394528388977,0.8757041096687317,concat,42
000655.SZ:2019,000655.SZ,train,0,0.2384127527475357,0.8757041096687317,concat,42
000655.SZ:2020,000655.SZ,train,0,0.16159692406654358,0.8757041096687317,concat,42
000655.SZ:2021,000655.SZ,train,0,0.20263062417507172,0.8757041096687317,concat,42
000655.SZ:2022,000655.SZ,validation,0,0.15551885962486267,0.8757041096687317,concat,42
000655.SZ:2024,000655.SZ,test,0,0.13951531052589417,0.8757041096687317,concat,42
000655.SZ:2025,000655.SZ,test,0,0.21597500145435333,0.8757041096687317,concat,42
000656.SZ:2020,000656.SZ,train,0,0.40649285912513733,0.8757041096687317,concat,42
000656.SZ:2021,000656.SZ,train,0,0.391859769821167,0.8757041096687317,concat,42
000656.SZ:2022,000656.SZ,validation,0,0.4144551157951355,0.8757041096687317,concat,42
000662.SZ:2018,000662.SZ,train,0,0.2467346489429474,0.8757041096687317,concat,42
000665.SZ:2024,000665.SZ,test,0,0.6985467672348022,0.8757041096687317,concat,42
000668.SZ:2017,000668.SZ,train,0,0.6064948439598083,0.8757041096687317,concat,42
000668.SZ:2019,000668.SZ,train,0,0.42473018169403076,0.8757041096687317,concat,42
000668.SZ:2021,000668.SZ,train,0,0.4979894161224365,0.8757041096687317,concat,42
000668.SZ:2024,000668.SZ,test,1,0.5630128383636475,0.8757041096687317,concat,42
000670.SZ:2017,000670.SZ,train,0,0.3775644600391388,0.8757041096687317,concat,42
000670.SZ:2024,000670.SZ,test,0,0.6340397000312805,0.8757041096687317,concat,42
000670.SZ:2025,000670.SZ,test,0,0.6083638072013855,0.8757041096687317,concat,42
000695.SZ:2017,000695.SZ,train,0,0.5713142156600952,0.8757041096687317,concat,42
000695.SZ:2018,000695.SZ,train,0,0.5594961643218994,0.8757041096687317,concat,42
000695.SZ:2019,000695.SZ,train,0,0.3600287437438965,0.8757041096687317,concat,42
000695.SZ:2020,000695.SZ,train,0,0.4986138641834259,0.8757041096687317,concat,42
000695.SZ:2021,000695.SZ,train,0,0.5973092317581177,0.8757041096687317,concat,42
000695.SZ:2024,000695.SZ,test,0,0.6581167578697205,0.8757041096687317,concat,42
000695.SZ:2025,000695.SZ,test,0,0.6262142062187195,0.8757041096687317,concat,42
000709.SZ:2017,000709.SZ,train,0,0.5353207588195801,0.8757041096687317,concat,42
000709.SZ:2020,000709.SZ,train,0,0.5111854076385498,0.8757041096687317,concat,42
000709.SZ:2021,000709.SZ,train,0,0.5272569060325623,0.8757041096687317,concat,42
000709.SZ:2022,000709.SZ,validation,0,0.5097211003303528,0.8757041096687317,concat,42
000709.SZ:2024,000709.SZ,test,0,0.5352113842964172,0.8757041096687317,concat,42
000709.SZ:2025,000709.SZ,test,0,0.5415773987770081,0.8757041096687317,concat,42
000715.SZ:2017,000715.SZ,train,0,0.4123445153236389,0.8757041096687317,concat,42
000715.SZ:2018,000715.SZ,train,0,0.4087258577346802,0.8757041096687317,concat,42
000715.SZ:2019,000715.SZ,train,0,0.39873138070106506,0.8757041096687317,concat,42
000715.SZ:2020,000715.SZ,train,0,0.3493552803993225,0.8757041096687317,concat,42
000715.SZ:2021,000715.SZ,train,0,0.34043562412261963,0.8757041096687317,concat,42
000715.SZ:2022,000715.SZ,validation,0,0.31746605038642883,0.8757041096687317,concat,42
000715.SZ:2024,000715.SZ,test,0,0.29497456550598145,0.8757041096687317,concat,42
000715.SZ:2025,000715.SZ,test,0,0.3462270498275757,0.8757041096687317,concat,42
000718.SZ:2018,000718.SZ,train,0,0.32830744981765747,0.8757041096687317,concat,42
000718.SZ:2019,000718.SZ,train,0,0.31753337383270264,0.8757041096687317,concat,42
000718.SZ:2020,000718.SZ,train,0,0.31849804520606995,0.8757041096687317,concat,42
000718.SZ:2021,000718.SZ,train,0,0.32288676500320435,0.8757041096687317,concat,42
000718.SZ:2022,000718.SZ,validation,0,0.33243536949157715,0.8757041096687317,concat,42
000718.SZ:2024,000718.SZ,test,0,0.3742387890815735,0.8757041096687317,concat,42
000718.SZ:2025,000718.SZ,test,0,0.37338048219680786,0.8757041096687317,concat,42
000727.SZ:2017,000727.SZ,train,0,0.5158162713050842,0.8757041096687317,concat,42
000727.SZ:2021,000727.SZ,train,0,0.4616917073726654,0.8757041096687317,concat,42
000739.SZ:2018,000739.SZ,train,0,0.4698195457458496,0.8757041096687317,concat,42
000739.SZ:2019,000739.SZ,train,0,0.3729671537876129,0.8757041096687317,concat,42
000739.SZ:2020,000739.SZ,train,0,0.3109092116355896,0.8757041096687317,concat,42
000739.SZ:2021,000739.SZ,train,0,0.3103715181350708,0.8757041096687317,concat,42
000739.SZ:2022,000739.SZ,validation,0,0.35517072677612305,0.8757041096687317,concat,42
000739.SZ:2024,000739.SZ,test,0,0.3719390630722046,0.8757041096687317,concat,42
000739.SZ:2025,000739.SZ,test,0,0.36849871277809143,0.8757041096687317,concat,42
000786.SZ:2020,000786.SZ,train,0,0.39379873871803284,0.8757041096687317,concat,42
000786.SZ:2021,000786.SZ,train,0,0.268171489238739,0.8757041096687317,concat,42
000786.SZ:2022,000786.SZ,validation,0,0.2250622808933258,0.8757041096687317,concat,42
000786.SZ:2024,000786.SZ,test,0,0.21594184637069702,0.8757041096687317,concat,42
000786.SZ:2025,000786.SZ,test,0,0.24738945066928864,0.8757041096687317,concat,42
000797.SZ:2017,000797.SZ,train,0,0.37350010871887207,0.8757041096687317,concat,42
000797.SZ:2018,000797.SZ,train,0,0.46528467535972595,0.8757041096687317,concat,42
000797.SZ:2019,000797.SZ,train,0,0.42388954758644104,0.8757041096687317,concat,42
000797.SZ:2020,000797.SZ,train,0,0.4484250843524933,0.8757041096687317,concat,42
000797.SZ:2021,000797.SZ,train,0,0.3833858370780945,0.8757041096687317,concat,42
000797.SZ:2022,000797.SZ,validation,0,0.4288387894630432,0.8757041096687317,concat,42
000797.SZ:2024,000797.SZ,test,0,0.4012238681316376,0.8757041096687317,concat,42
000797.SZ:2025,000797.SZ,test,0,0.4389941692352295,0.8757041096687317,concat,42
000800.SZ:2017,000800.SZ,train,0,0.6030272841453552,0.8757041096687317,concat,42
000800.SZ:2019,000800.SZ,train,0,0.5229211449623108,0.8757041096687317,concat,42
000800.SZ:2020,000800.SZ,train,0,0.5006041526794434,0.8757041096687317,concat,42
000800.SZ:2021,000800.SZ,train,0,0.4516775608062744,0.8757041096687317,concat,42
000800.SZ:2022,000800.SZ,validation,0,0.3371908366680145,0.8757041096687317,concat,42
000800.SZ:2024,000800.SZ,test,0,0.5006138682365417,0.8757041096687317,concat,42
000800.SZ:2025,000800.SZ,test,0,0.5361724495887756,0.8757041096687317,concat,42
000807.SZ:2017,000807.SZ,train,0,0.5282857418060303,0.8757041096687317,concat,42
000807.SZ:2019,000807.SZ,train,0,0.6442199349403381,0.8757041096687317,concat,42
000807.SZ:2020,000807.SZ,train,0,0.4857034683227539,0.8757041096687317,concat,42
000807.SZ:2021,000807.SZ,train,0,0.42789676785469055,0.8757041096687317,concat,42
000807.SZ:2022,000807.SZ,validation,0,0.2397550493478775,0.8757041096687317,concat,42
000807.SZ:2024,000807.SZ,test,0,0.20632702112197876,0.8757041096687317,concat,42
000821.SZ:2022,000821.SZ,validation,0,0.4813593029975891,0.8757041096687317,concat,42
000821.SZ:2024,000821.SZ,test,0,0.45286476612091064,0.8757041096687317,concat,42
000821.SZ:2025,000821.SZ,test,1,0.4959501624107361,0.8757041096687317,concat,42
000822.SZ:2020,000822.SZ,train,0,0.3282228112220764,0.8757041096687317,concat,42
000823.SZ:2017,000823.SZ,train,0,0.4080091714859009,0.8757041096687317,concat,42
000823.SZ:2018,000823.SZ,train,0,0.4501245617866516,0.8757041096687317,concat,42
000823.SZ:2019,000823.SZ,train,0,0.4112848937511444,0.8757041096687317,concat,42
000823.SZ:2020,000823.SZ,train,0,0.38321974873542786,0.8757041096687317,concat,42
000823.SZ:2021,000823.SZ,train,0,0.4305785596370697,0.8757041096687317,concat,42
000823.SZ:2022,000823.SZ,validation,0,0.4301987886428833,0.8757041096687317,concat,42
000823.SZ:2024,000823.SZ,test,0,0.44865795969963074,0.8757041096687317,concat,42
000823.SZ:2025,000823.SZ,test,0,0.4550316333770752,0.8757041096687317,concat,42
000830.SZ:2017,000830.SZ,train,0,0.5131028294563293,0.8757041096687317,concat,42
000830.SZ:2018,000830.SZ,train,0,0.32297205924987793,0.8757041096687317,concat,42
000830.SZ:2019,000830.SZ,train,0,0.2501785159111023,0.8757041096687317,concat,42
000830.SZ:2020,000830.SZ,train,0,0.36840468645095825,0.8757041096687317,concat,42
000830.SZ:2021,000830.SZ,train,0,0.4350565969944,0.8757041096687317,concat,42
000830.SZ:2022,000830.SZ,validation,0,0.16277924180030823,0.8757041096687317,concat,42
000830.SZ:2024,000830.SZ,test,0,0.4268782436847687,0.8757041096687317,concat,42
000830.SZ:2025,000830.SZ,test,0,0.3476225733757019,0.8757041096687317,concat,42
000835.SZ:2018,000835.SZ,train,0,0.2806079387664795,0.8757041096687317,concat,42
000835.SZ:2019,000835.SZ,train,0,0.9101323485374451,0.8757041096687317,concat,42
000850.SZ:2017,000850.SZ,train,0,0.48086610436439514,0.8757041096687317,concat,42
000850.SZ:2018,000850.SZ,train,0,0.4845045506954193,0.8757041096687317,concat,42
000850.SZ:2019,000850.SZ,train,0,0.4878478944301605,0.8757041096687317,concat,42
000850.SZ:2021,000850.SZ,train,0,0.3992597460746765,0.8757041096687317,concat,42
000850.SZ:2022,000850.SZ,validation,0,0.35662922263145447,0.8757041096687317,concat,42
000850.SZ:2024,000850.SZ,test,0,0.4613955616950989,0.8757041096687317,concat,42
000850.SZ:2025,000850.SZ,test,0,0.3975585997104645,0.8757041096687317,concat,42
000861.SZ:2017,000861.SZ,train,0,0.4152221977710724,0.8757041096687317,concat,42
000861.SZ:2019,000861.SZ,train,0,0.4337688386440277,0.8757041096687317,concat,42
000861.SZ:2020,000861.SZ,train,0,0.4116525650024414,0.8757041096687317,concat,42
000861.SZ:2021,000861.SZ,train,0,0.4496232271194458,0.8757041096687317,concat,42
000861.SZ:2022,000861.SZ,validation,0,0.6982489228248596,0.8757041096687317,concat,42
000868.SZ:2021,000868.SZ,train,0,0.508267879486084,0.8757041096687317,concat,42
000868.SZ:2022,000868.SZ,validation,0,0.805365800857544,0.8757041096687317,concat,42
000883.SZ:2017,000883.SZ,train,0,0.31105682253837585,0.8757041096687317,concat,42
000883.SZ:2018,000883.SZ,train,0,0.3398106098175049,0.8757041096687317,concat,42
000883.SZ:2019,000883.SZ,train,0,0.3638843297958374,0.8757041096687317,concat,42
000883.SZ:2020,000883.SZ,train,0,0.39472004771232605,0.8757041096687317,concat,42
000883.SZ:2021,000883.SZ,train,0,0.32927507162094116,0.8757041096687317,concat,42
000883.SZ:2022,000883.SZ,validation,0,0.4104270339012146,0.8757041096687317,concat,42
000883.SZ:2024,000883.SZ,test,0,0.4537535011768341,0.8757041096687317,concat,42
000890.SZ:2017,000890.SZ,train,0,0.5071322917938232,0.8757041096687317,concat,42
000890.SZ:2019,000890.SZ,train,1,0.6173571944236755,0.8757041096687317,concat,42
000890.SZ:2022,000890.SZ,validation,0,0.4729216694831848,0.8757041096687317,concat,42
000890.SZ:2024,000890.SZ,test,0,0.7200887799263,0.8757041096687317,concat,42
000890.SZ:2025,000890.SZ,test,0,0.87717205286026,0.8757041096687317,concat,42
000897.SZ:2021,000897.SZ,train,0,0.3553645610809326,0.8757041096687317,concat,42
000897.SZ:2024,000897.SZ,test,0,0.32960182428359985,0.8757041096687317,concat,42
000903.SZ:2017,000903.SZ,train,0,0.45606306195259094,0.8757041096687317,concat,42
000903.SZ:2018,000903.SZ,train,0,0.4862259328365326,0.8757041096687317,concat,42
000903.SZ:2019,000903.SZ,train,0,0.4898858964443207,0.8757041096687317,concat,42
000903.SZ:2020,000903.SZ,train,0,0.4906848073005676,0.8757041096687317,concat,42
000903.SZ:2021,000903.SZ,train,0,0.4515936076641083,0.8757041096687317,concat,42
000903.SZ:2022,000903.SZ,validation,0,0.5494863390922546,0.8757041096687317,concat,42
000903.SZ:2024,000903.SZ,test,0,0.7455039024353027,0.8757041096687317,concat,42
000903.SZ:2025,000903.SZ,test,1,0.8008915781974792,0.8757041096687317,concat,42
000920.SZ:2017,000920.SZ,train,0,0.3381979465484619,0.8757041096687317,concat,42
000920.SZ:2018,000920.SZ,train,0,0.3614200949668884,0.8757041096687317,concat,42
000920.SZ:2019,000920.SZ,train,0,0.413602739572525,0.8757041096687317,concat,42
000920.SZ:2020,000920.SZ,train,0,0.39461132884025574,0.8757041096687317,concat,42
000920.SZ:2021,000920.SZ,train,0,0.37092655897140503,0.8757041096687317,concat,42
000920.SZ:2022,000920.SZ,validation,0,0.34698668122291565,0.8757041096687317,concat,42
000920.SZ:2024,000920.SZ,test,0,0.32917216420173645,0.8757041096687317,concat,42
000920.SZ:2025,000920.SZ,test,0,0.3152652382850647,0.8757041096687317,concat,42
000925.SZ:2017,000925.SZ,train,0,0.6596165895462036,0.8757041096687317,concat,42
000925.SZ:2018,000925.SZ,train,0,0.5261593461036682,0.8757041096687317,concat,42
000925.SZ:2019,000925.SZ,train,0,0.5605007410049438,0.8757041096687317,concat,42
000925.SZ:2020,000925.SZ,train,0,0.5430189371109009,0.8757041096687317,concat,42
000925.SZ:2021,000925.SZ,train,0,0.5651336908340454,0.8757041096687317,concat,42
000925.SZ:2022,000925.SZ,validation,0,0.4969389736652374,0.8757041096687317,concat,42
000925.SZ:2024,000925.SZ,test,0,0.5399028062820435,0.8757041096687317,concat,42
000925.SZ:2025,000925.SZ,test,0,0.5354185700416565,0.8757041096687317,concat,42
000933.SZ:2018,000933.SZ,train,0,0.5371609926223755,0.8757041096687317,concat,42
000933.SZ:2019,000933.SZ,train,0,0.5657822489738464,0.8757041096687317,concat,42
000933.SZ:2020,000933.SZ,train,0,0.5292896032333374,0.8757041096687317,concat,42
000933.SZ:2021,000933.SZ,train,0,0.5447020530700684,0.8757041096687317,concat,42
000933.SZ:2022,000933.SZ,validation,0,0.31508952379226685,0.8757041096687317,concat,42
000933.SZ:2024,000933.SZ,test,0,0.2410074919462204,0.8757041096687317,concat,42
000933.SZ:2025,000933.SZ,test,0,0.2816440761089325,0.8757041096687317,concat,42
000937.SZ:2017,000937.SZ,train,0,0.5409903526306152,0.8757041096687317,concat,42
000937.SZ:2018,000937.SZ,train,0,0.44520094990730286,0.8757041096687317,concat,42
000937.SZ:2019,000937.SZ,train,0,0.45016971230506897,0.8757041096687317,concat,42
000937.SZ:2020,000937.SZ,train,0,0.4237856864929199,0.8757041096687317,concat,42
000937.SZ:2024,000937.SZ,test,0,0.28485336899757385,0.8757041096687317,concat,42
000982.SZ:2022,000982.SZ,validation,0,0.24515724182128906,0.8757041096687317,concat,42
000989.SZ:2017,000989.SZ,train,0,0.15608982741832733,0.8757041096687317,concat,42
000989.SZ:2020,000989.SZ,train,0,0.27788493037223816,0.8757041096687317,concat,42
000989.SZ:2021,000989.SZ,train,0,0.3212020695209503,0.8757041096687317,concat,42
000989.SZ:2022,000989.SZ,validation,0,0.37321218848228455,0.8757041096687317,concat,42
000990.SZ:2020,000990.SZ,train,0,0.4182358384132385,0.8757041096687317,concat,42
000990.SZ:2021,000990.SZ,train,0,0.4345104396343231,0.8757041096687317,concat,42
000990.SZ:2022,000990.SZ,validation,0,0.3422912359237671,0.8757041096687317,concat,42
000990.SZ:2024,000990.SZ,test,0,0.42900046706199646,0.8757041096687317,concat,42
000990.SZ:2025,000990.SZ,test,0,0.43039965629577637,0.8757041096687317,concat,42
001201.SZ:2024,001201.SZ,test,0,0.7177982926368713,0.8757041096687317,concat,42
001201.SZ:2025,001201.SZ,test,0,0.5374494194984436,0.8757041096687317,concat,42
001215.SZ:2025,001215.SZ,test,0,0.3780384659767151,0.8757041096687317,concat,42
001216.SZ:2025,001216.SZ,test,0,0.22111885249614716,0.8757041096687317,concat,42
001296.SZ:2025,001296.SZ,test,0,0.30776292085647583,0.8757041096687317,concat,42
002002.SZ:2022,002002.SZ,validation,0,0.4289398193359375,0.8757041096687317,concat,42
002014.SZ:2017,002014.SZ,train,0,0.2878313958644867,0.8757041096687317,concat,42
002014.SZ:2018,002014.SZ,train,0,0.30803462862968445,0.8757041096687317,concat,42
002014.SZ:2019,002014.SZ,train,0,0.2989003658294678,0.8757041096687317,concat,42
002014.SZ:2020,002014.SZ,train,0,0.2537368834018707,0.8757041096687317,concat,42
002014.SZ:2021,002014.SZ,train,0,0.26402297616004944,0.8757041096687317,concat,42
002014.SZ:2022,002014.SZ,validation,0,0.3152651786804199,0.8757041096687317,concat,42
002014.SZ:2024,002014.SZ,test,0,0.2958921790122986,0.8757041096687317,concat,42
002016.SZ:2017,002016.SZ,train,0,0.35758504271507263,0.8757041096687317,concat,42
002016.SZ:2018,002016.SZ,train,0,0.25957155227661133,0.8757041096687317,concat,42
002016.SZ:2019,002016.SZ,train,0,0.2657589316368103,0.8757041096687317,concat,42
002016.SZ:2020,002016.SZ,train,0,0.2157912403345108,0.8757041096687317,concat,42
002016.SZ:2021,002016.SZ,train,0,0.2668946385383606,0.8757041096687317,concat,42
002016.SZ:2022,002016.SZ,validation,0,0.29194265604019165,0.8757041096687317,concat,42
002016.SZ:2024,002016.SZ,test,0,0.38223838806152344,0.8757041096687317,concat,42
002016.SZ:2025,002016.SZ,test,0,0.4383535087108612,0.8757041096687317,concat,42
002021.SZ:2017,002021.SZ,train,0,0.4918280839920044,0.8757041096687317,concat,42
002021.SZ:2018,002021.SZ,train,1,0.6149201393127441,0.8757041096687317,concat,42
002021.SZ:2025,002021.SZ,test,0,0.5049319267272949,0.8757041096687317,concat,42
002027.SZ:2019,002027.SZ,train,0,0.10467523336410522,0.8757041096687317,concat,42
002027.SZ:2020,002027.SZ,train,0,0.22049257159233093,0.8757041096687317,concat,42
002027.SZ:2021,002027.SZ,train,0,0.11067205667495728,0.8757041096687317,concat,42
002027.SZ:2022,002027.SZ,validation,0,0.07618360966444016,0.8757041096687317,concat,42
002027.SZ:2024,002027.SZ,test,0,0.08520401269197464,0.8757041096687317,concat,42
002027.SZ:2025,002027.SZ,test,0,0.08041059225797653,0.8757041096687317,concat,42
002033.SZ:2019,002033.SZ,train,0,0.10173261165618896,0.8757041096687317,concat,42
002033.SZ:2020,002033.SZ,train,0,0.09671732783317566,0.8757041096687317,concat,42
002033.SZ:2021,002033.SZ,train,0,0.18690448999404907,0.8757041096687317,concat,42
002033.SZ:2022,002033.SZ,validation,0,0.38890835642814636,0.8757041096687317,concat,42
002033.SZ:2024,002033.SZ,test,0,0.1384127140045166,0.8757041096687317,concat,42
002033.SZ:2025,002033.SZ,test,0,0.1849440038204193,0.8757041096687317,concat,42
002039.SZ:2017,002039.SZ,train,0,0.30275267362594604,0.8757041096687317,concat,42
002039.SZ:2019,002039.SZ,train,0,0.33322644233703613,0.8757041096687317,concat,42
002039.SZ:2020,002039.SZ,train,0,0.33034634590148926,0.8757041096687317,concat,42
002039.SZ:2021,002039.SZ,train,0,0.29449090361595154,0.8757041096687317,concat,42
002039.SZ:2022,002039.SZ,validation,0,0.36823728680610657,0.8757041096687317,concat,42
002039.SZ:2024,002039.SZ,test,0,0.3234565556049347,0.8757041096687317,concat,42
002040.SZ:2017,002040.SZ,train,0,0.28935566544532776,0.8757041096687317,concat,42
002040.SZ:2018,002040.SZ,train,0,0.33620965480804443,0.8757041096687317,concat,42
002040.SZ:2019,002040.SZ,train,0,0.29718315601348877,0.8757041096687317,concat,42
002040.SZ:2020,002040.SZ,train,0,0.2919255793094635,0.8757041096687317,concat,42
002040.SZ:2021,002040.SZ,train,0,0.2773849368095398,0.8757041096687317,concat,42
002040.SZ:2024,002040.SZ,test,0,0.29548180103302,0.8757041096687317,concat,42
002041.SZ:2017,002041.SZ,train,0,0.20742489397525787,0.8757041096687317,concat,42
002041.SZ:2018,002041.SZ,train,0,0.30106863379478455,0.8757041096687317,concat,42
002041.SZ:2019,002041.SZ,train,0,0.35536614060401917,0.8757041096687317,concat,42
002041.SZ:2020,002041.SZ,train,0,0.36098194122314453,0.8757041096687317,concat,42
002041.SZ:2021,002041.SZ,train,0,0.30665287375450134,0.8757041096687317,concat,42
002041.SZ:2022,002041.SZ,validation,0,0.2595336139202118,0.8757041096687317,concat,42
002041.SZ:2024,002041.SZ,test,0,0.2717236280441284,0.8757041096687317,concat,42
002041.SZ:2025,002041.SZ,test,0,0.3503774404525757,0.8757041096687317,concat,42
002046.SZ:2018,002046.SZ,train,0,0.48054689168930054,0.8757041096687317,concat,42
002046.SZ:2019,002046.SZ,train,0,0.48740699887275696,0.8757041096687317,concat,42
002046.SZ:2020,002046.SZ,train,0,0.48744121193885803,0.8757041096687317,concat,42
002046.SZ:2021,002046.SZ,train,0,0.4508242607116699,0.8757041096687317,concat,42
002046.SZ:2022,002046.SZ,validation,0,0.4544556736946106,0.8757041096687317,concat,42
002046.SZ:2024,002046.SZ,test,0,0.38849636912345886,0.8757041096687317,concat,42
002046.SZ:2025,002046.SZ,test,0,0.4249939024448395,0.8757041096687317,concat,42
002050.SZ:2017,002050.SZ,train,0,0.2952078580856323,0.8757041096687317,concat,42
002050.SZ:2018,002050.SZ,train,0,0.3537124693393707,0.8757041096687317,concat,42
002050.SZ:2019,002050.SZ,train,0,0.33865588903427124,0.8757041096687317,concat,42
002050.SZ:2020,002050.SZ,train,0,0.30873316526412964,0.8757041096687317,concat,42
002050.SZ:2021,002050.SZ,train,0,0.3201925754547119,0.8757041096687317,concat,42
002050.SZ:2022,002050.SZ,validation,0,0.38482871651649475,0.8757041096687317,concat,42
002050.SZ:2024,002050.SZ,test,0,0.3421150743961334,0.8757041096687317,concat,42
002050.SZ:2025,002050.SZ,test,0,0.35187509655952454,0.8757041096687317,concat,42
002053.SZ:2018,002053.SZ,train,0,0.3813701272010803,0.8757041096687317,concat,42
002053.SZ:2019,002053.SZ,train,0,0.41183069348335266,0.8757041096687317,concat,42
002053.SZ:2020,002053.SZ,train,0,0.35500502586364746,0.8757041096687317,concat,42
002053.SZ:2021,002053.SZ,train,0,0.39718809723854065,0.8757041096687317,concat,42
002053.SZ:2022,002053.SZ,validation,0,0.4016871452331543,0.8757041096687317,concat,42
002053.SZ:2024,002053.SZ,test,0,0.41078460216522217,0.8757041096687317,concat,42
002056.SZ:2020,002056.SZ,train,0,0.3532574474811554,0.8757041096687317,concat,42
002056.SZ:2021,002056.SZ,train,0,0.3232562839984894,0.8757041096687317,concat,42
002056.SZ:2022,002056.SZ,validation,0,0.36259546875953674,0.8757041096687317,concat,42
002056.SZ:2024,002056.SZ,test,0,0.3203382194042206,0.8757041096687317,concat,42
002056.SZ:2025,002056.SZ,test,0,0.3516339659690857,0.8757041096687317,concat,42
002064.SZ:2017,002064.SZ,train,0,0.5896106958389282,0.8757041096687317,concat,42
002064.SZ:2018,002064.SZ,train,0,0.3714058995246887,0.8757041096687317,concat,42
002064.SZ:2019,002064.SZ,train,0,0.3002106845378876,0.8757041096687317,concat,42
002064.SZ:2020,002064.SZ,train,0,0.2904541790485382,0.8757041096687317,concat,42
002064.SZ:2022,002064.SZ,validation,0,0.13652291893959045,0.8757041096687317,concat,42
002064.SZ:2024,002064.SZ,test,0,0.33794888854026794,0.8757041096687317,concat,42
002064.SZ:2025,002064.SZ,test,0,0.3290104866027832,0.8757041096687317,concat,42
002069.SZ:2017,002069.SZ,train,0,0.4727824926376343,0.8757041096687317,concat,42
002069.SZ:2018,002069.SZ,train,0,0.8225089907646179,0.8757041096687317,concat,42
002069.SZ:2019,002069.SZ,train,0,0.5114047527313232,0.8757041096687317,concat,42
002069.SZ:2020,002069.SZ,train,0,0.7988795042037964,0.8757041096687317,concat,42
002069.SZ:2021,002069.SZ,train,0,0.43199166655540466,0.8757041096687317,concat,42
002069.SZ:2022,002069.SZ,validation,1,0.4967207908630371,0.8757041096687317,concat,42
002069.SZ:2024,002069.SZ,test,0,0.5148241519927979,0.8757041096687317,concat,42
002071.SZ:2017,002071.SZ,train,0,0.3458309769630432,0.8757041096687317,concat,42
002092.SZ:2020,002092.SZ,train,0,0.49012550711631775,0.8757041096687317,concat,42
002092.SZ:2021,002092.SZ,train,0,0.5208578109741211,0.8757041096687317,concat,42
002092.SZ:2022,002092.SZ,validation,0,0.4261068105697632,0.8757041096687317,concat,42
002092.SZ:2024,002092.SZ,test,1,0.6209630966186523,0.8757041096687317,concat,42
002102.SZ:2025,002102.SZ,test,1,0.6000504493713379,0.8757041096687317,concat,42
002106.SZ:2017,002106.SZ,train,0,0.38374635577201843,0.8757041096687317,concat,42
002110.SZ:2019,002110.SZ,train,0,0.13192635774612427,0.8757041096687317,concat,42
002110.SZ:2020,002110.SZ,train,0,0.2880617082118988,0.8757041096687317,concat,42
002110.SZ:2021,002110.SZ,train,0,0.3607512414455414,0.8757041096687317,concat,42
002110.SZ:2022,002110.SZ,validation,0,0.3515620231628418,0.8757041096687317,concat,42
002110.SZ:2024,002110.SZ,test,0,0.5558364987373352,0.8757041096687317,concat,42
002110.SZ:2025,002110.SZ,test,0,0.5810447931289673,0.8757041096687317,concat,42
002112.SZ:2017,002112.SZ,train,0,0.5766212344169617,0.8757041096687317,concat,42
002112.SZ:2018,002112.SZ,train,0,0.7243728637695312,0.8757041096687317,concat,42
002112.SZ:2021,002112.SZ,train,0,0.5366964936256409,0.8757041096687317,concat,42
002112.SZ:2022,002112.SZ,validation,0,0.5563295483589172,0.8757041096687317,concat,42
002112.SZ:2024,002112.SZ,test,0,0.516667366027832,0.8757041096687317,concat,42
002112.SZ:2025,002112.SZ,test,0,0.4795905351638794,0.8757041096687317,concat,42
002117.SZ:2019,002117.SZ,train,0,0.26874426007270813,0.8757041096687317,concat,42
002117.SZ:2020,002117.SZ,train,0,0.23299959301948547,0.8757041096687317,concat,42
002117.SZ:2021,002117.SZ,train,0,0.3161468505859375,0.8757041096687317,concat,42
002117.SZ:2022,002117.SZ,validation,0,0.30800750851631165,0.8757041096687317,concat,42
002117.SZ:2024,002117.SZ,test,0,0.33081865310668945,0.8757041096687317,concat,42
002120.SZ:2017,002120.SZ,train,0,0.16572116315364838,0.8757041096687317,concat,42
002120.SZ:2018,002120.SZ,train,0,0.16515536606311798,0.8757041096687317,concat,42
002120.SZ:2019,002120.SZ,train,0,0.19590981304645538,0.8757041096687317,concat,42
002120.SZ:2020,002120.SZ,train,0,0.23166008293628693,0.8757041096687317,concat,42
002120.SZ:2021,002120.SZ,train,0,0.3850061595439911,0.8757041096687317,concat,42
002120.SZ:2022,002120.SZ,validation,0,0.4091348350048065,0.8757041096687317,concat,42
002120.SZ:2024,002120.SZ,test,0,0.3798047602176666,0.8757041096687317,concat,42
002120.SZ:2025,002120.SZ,test,0,0.3482104241847992,0.8757041096687317,concat,42
002121.SZ:2017,002121.SZ,train,0,0.5269389748573303,0.8757041096687317,concat,42
002121.SZ:2018,002121.SZ,train,0,0.5013133883476257,0.8757041096687317,concat,42
002121.SZ:2022,002121.SZ,validation,0,0.7774088382720947,0.8757041096687317,concat,42
002121.SZ:2024,002121.SZ,test,0,0.7296679019927979,0.8757041096687317,concat,42
002121.SZ:2025,002121.SZ,test,0,0.7733266353607178,0.8757041096687317,concat,42
002125.SZ:2017,002125.SZ,train,0,0.5109041333198547,0.8757041096687317,concat,42
002125.SZ:2018,002125.SZ,train,0,0.4926545321941376,0.8757041096687317,concat,42
002125.SZ:2019,002125.SZ,train,0,0.49194207787513733,0.8757041096687317,concat,42
002125.SZ:2020,002125.SZ,train,0,0.5052449107170105,0.8757041096687317,concat,42
002125.SZ:2021,002125.SZ,train,0,0.5243289470672607,0.8757041096687317,concat,42
002125.SZ:2022,002125.SZ,validation,0,0.4119207561016083,0.8757041096687317,concat,42
002125.SZ:2024,002125.SZ,test,0,0.33745914697647095,0.8757041096687317,concat,42
002125.SZ:2025,002125.SZ,test,0,0.3381444215774536,0.8757041096687317,concat,42
002140.SZ:2017,002140.SZ,train,0,0.4974806308746338,0.8757041096687317,concat,42
002140.SZ:2018,002140.SZ,train,0,0.5503207445144653,0.8757041096687317,concat,42
002140.SZ:2019,002140.SZ,train,0,0.4953344762325287,0.8757041096687317,concat,42
002140.SZ:2020,002140.SZ,train,0,0.48463717103004456,0.8757041096687317,concat,42
002140.SZ:2021,002140.SZ,train,0,0.4842997193336487,0.8757041096687317,concat,42
002140.SZ:2022,002140.SZ,validation,0,0.46271052956581116,0.8757041096687317,concat,42
002140.SZ:2024,002140.SZ,test,0,0.4771580398082733,0.8757041096687317,concat,42
002140.SZ:2025,002140.SZ,test,0,0.47696560621261597,0.8757041096687317,concat,42
002141.SZ:2017,002141.SZ,train,0,0.3154096007347107,0.8757041096687317,concat,42
002141.SZ:2018,002141.SZ,train,0,0.44579821825027466,0.8757041096687317,concat,42
002141.SZ:2019,002141.SZ,train,0,0.49299582839012146,0.8757041096687317,concat,42
002141.SZ:2020,002141.SZ,train,0,0.46914440393447876,0.8757041096687317,concat,42
002141.SZ:2021,002141.SZ,train,0,0.8845413327217102,0.8757041096687317,concat,42
002141.SZ:2022,002141.SZ,validation,0,0.4853072762489319,0.8757041096687317,concat,42
002145.SZ:2017,002145.SZ,train,0,0.47243815660476685,0.8757041096687317,concat,42
002145.SZ:2018,002145.SZ,train,0,0.36741217970848083,0.8757041096687317,concat,42
002145.SZ:2019,002145.SZ,train,0,0.3338707387447357,0.8757041096687317,concat,42
002145.SZ:2020,002145.SZ,train,0,0.34657981991767883,0.8757041096687317,concat,42
002154.SZ:2018,002154.SZ,train,0,0.4718324840068817,0.8757041096687317,concat,42
002154.SZ:2020,002154.SZ,train,0,0.409286230802536,0.8757041096687317,concat,42
002154.SZ:2021,002154.SZ,train,0,0.3149571418762207,0.8757041096687317,concat,42
002154.SZ:2022,002154.SZ,validation,0,0.3414420783519745,0.8757041096687317,concat,42
002154.SZ:2024,002154.SZ,test,0,0.2855322062969208,0.8757041096687317,concat,42
002154.SZ:2025,002154.SZ,test,0,0.34949222207069397,0.8757041096687317,concat,42
002160.SZ:2022,002160.SZ,validation,0,0.5276041626930237,0.8757041096687317,concat,42
002160.SZ:2024,002160.SZ,test,0,0.5324075222015381,0.8757041096687317,concat,42
002160.SZ:2025,002160.SZ,test,0,0.5296728610992432,0.8757041096687317,concat,42
002169.SZ:2020,002169.SZ,train,0,0.5081467628479004,0.8757041096687317,concat,42
002169.SZ:2021,002169.SZ,train,0,0.42166057229042053,0.8757041096687317,concat,42
002169.SZ:2022,002169.SZ,validation,0,0.4329562187194824,0.8757041096687317,concat,42
002169.SZ:2024,002169.SZ,test,0,0.6044359803199768,0.8757041096687317,concat,42
002181.SZ:2017,002181.SZ,train,0,0.35918542742729187,0.8757041096687317,concat,42
002181.SZ:2018,002181.SZ,train,0,0.26815322041511536,0.8757041096687317,concat,42
002181.SZ:2019,002181.SZ,train,0,0.3011772632598877,0.8757041096687317,concat,42
002181.SZ:2020,002181.SZ,train,0,0.23211844265460968,0.8757041096687317,concat,42
002181.SZ:2021,002181.SZ,train,0,0.22102761268615723,0.8757041096687317,concat,42
002181.SZ:2022,002181.SZ,validation,0,0.32378795742988586,0.8757041096687317,concat,42
002181.SZ:2024,002181.SZ,test,0,0.4537174105644226,0.8757041096687317,concat,42
002181.SZ:2025,002181.SZ,test,0,0.4137580990791321,0.8757041096687317,concat,42
002185.SZ:2017,002185.SZ,train,0,0.35945063829421997,0.8757041096687317,concat,42
002185.SZ:2018,002185.SZ,train,0,0.3787059485912323,0.8757041096687317,concat,42
002185.SZ:2020,002185.SZ,train,0,0.41722342371940613,0.8757041096687317,concat,42
002185.SZ:2021,002185.SZ,train,0,0.36412814259529114,0.8757041096687317,concat,42
002185.SZ:2022,002185.SZ,validation,0,0.32701748609542847,0.8757041096687317,concat,42
002185.SZ:2024,002185.SZ,test,0,0.4765487611293793,0.8757041096687317,concat,42
002198.SZ:2018,002198.SZ,train,0,0.7547646760940552,0.8757041096687317,concat,42
002198.SZ:2019,002198.SZ,train,0,0.2735633850097656,0.8757041096687317,concat,42
002198.SZ:2020,002198.SZ,train,0,0.6783391237258911,0.8757041096687317,concat,42
002198.SZ:2021,002198.SZ,train,0,0.2926052510738373,0.8757041096687317,concat,42
002198.SZ:2022,002198.SZ,validation,0,0.3500099182128906,0.8757041096687317,concat,42
002198.SZ:2024,002198.SZ,test,0,0.16041845083236694,0.8757041096687317,concat,42
002198.SZ:2025,002198.SZ,test,0,0.20124223828315735,0.8757041096687317,concat,42
002212.SZ:2017,002212.SZ,train,0,0.5032536387443542,0.8757041096687317,concat,42
002212.SZ:2018,002212.SZ,train,0,0.35815268754959106,0.8757041096687317,concat,42
002212.SZ:2019,002212.SZ,train,0,0.3649838864803314,0.8757041096687317,concat,42
002212.SZ:2020,002212.SZ,train,0,0.39591553807258606,0.8757041096687317,concat,42
002212.SZ:2021,002212.SZ,train,0,0.3645694851875305,0.8757041096687317,concat,42
002212.SZ:2022,002212.SZ,validation,0,0.4303845465183258,0.8757041096687317,concat,42
002212.SZ:2025,002212.SZ,test,0,0.4644031524658203,0.8757041096687317,concat,42
002223.SZ:2018,002223.SZ,train,0,0.2641701400279999,0.8757041096687317,concat,42
002223.SZ:2019,002223.SZ,train,0,0.23894965648651123,0.8757041096687317,concat,42
002223.SZ:2020,002223.SZ,train,0,0.30062946677207947,0.8757041096687317,concat,42
002223.SZ:2021,002223.SZ,train,0,0.12193021923303604,0.8757041096687317,concat,42
002223.SZ:2022,002223.SZ,validation,0,0.21614083647727966,0.8757041096687317,concat,42
002223.SZ:2024,002223.SZ,test,0,0.16950289905071259,0.8757041096687317,concat,42
002224.SZ:2017,002224.SZ,train,0,0.10732600092887878,0.8757041096687317,concat,42
002224.SZ:2019,002224.SZ,train,0,0.2217598855495453,0.8757041096687317,concat,42
002224.SZ:2021,002224.SZ,train,0,0.18333935737609863,0.8757041096687317,concat,42
002224.SZ:2024,002224.SZ,test,0,0.3496798574924469,0.8757041096687317,concat,42
002224.SZ:2025,002224.SZ,test,0,0.3821634352207184,0.8757041096687317,concat,42
002227.SZ:2021,002227.SZ,train,0,0.4979281723499298,0.8757041096687317,concat,42
002227.SZ:2022,002227.SZ,validation,0,0.5570498704910278,0.8757041096687317,concat,42
002227.SZ:2024,002227.SZ,test,0,0.5717740654945374,0.8757041096687317,concat,42
002227.SZ:2025,002227.SZ,test,1,0.6109983921051025,0.8757041096687317,concat,42
002246.SZ:2017,002246.SZ,train,0,0.4092969298362732,0.8757041096687317,concat,42
002246.SZ:2018,002246.SZ,train,0,0.44101575016975403,0.8757041096687317,concat,42
002246.SZ:2019,002246.SZ,train,0,0.443622887134552,0.8757041096687317,concat,42
002246.SZ:2020,002246.SZ,train,0,0.4043999910354614,0.8757041096687317,concat,42
002246.SZ:2021,002246.SZ,train,0,0.42656251788139343,0.8757041096687317,concat,42
002246.SZ:2022,002246.SZ,validation,0,0.4482361078262329,0.8757041096687317,concat,42
002246.SZ:2024,002246.SZ,test,0,0.4910745322704315,0.8757041096687317,concat,42
002246.SZ:2025,002246.SZ,test,0,0.525757372379303,0.8757041096687317,concat,42
002249.SZ:2017,002249.SZ,train,0,0.4407394528388977,0.8757041096687317,concat,42
002249.SZ:2020,002249.SZ,train,0,0.5230409502983093,0.8757041096687317,concat,42
002249.SZ:2021,002249.SZ,train,0,0.4957604706287384,0.8757041096687317,concat,42
002249.SZ:2022,002249.SZ,validation,0,0.4894813597202301,0.8757041096687317,concat,42
002249.SZ:2024,002249.SZ,test,0,0.4167042076587677,0.8757041096687317,concat,42
002254.SZ:2017,002254.SZ,train,0,0.29816868901252747,0.8757041096687317,concat,42
002254.SZ:2018,002254.SZ,train,0,0.27381086349487305,0.8757041096687317,concat,42
002254.SZ:2019,002254.SZ,train,0,0.40108633041381836,0.8757041096687317,concat,42
002254.SZ:2020,002254.SZ,train,0,0.32956063747406006,0.8757041096687317,concat,42
002254.SZ:2021,002254.SZ,train,0,0.32814034819602966,0.8757041096687317,concat,42
002254.SZ:2022,002254.SZ,validation,0,0.22389782965183258,0.8757041096687317,concat,42
002254.SZ:2024,002254.SZ,test,0,0.4199953079223633,0.8757041096687317,concat,42
002254.SZ:2025,002254.SZ,test,0,0.5206270813941956,0.8757041096687317,concat,42
002255.SZ:2017,002255.SZ,train,0,0.4683639407157898,0.8757041096687317,concat,42
002255.SZ:2018,002255.SZ,train,0,0.5006349682807922,0.8757041096687317,concat,42
002255.SZ:2022,002255.SZ,validation,0,0.37494993209838867,0.8757041096687317,concat,42
002255.SZ:2024,002255.SZ,test,0,0.40043750405311584,0.8757041096687317,concat,42
002255.SZ:2025,002255.SZ,test,0,0.3765387535095215,0.8757041096687317,concat,42
002256.SZ:2017,002256.SZ,train,0,0.3644539415836334,0.8757041096687317,concat,42
002256.SZ:2018,002256.SZ,train,0,0.36664360761642456,0.8757041096687317,concat,42
002256.SZ:2019,002256.SZ,train,1,0.6926137208938599,0.8757041096687317,concat,42
002256.SZ:2022,002256.SZ,validation,0,0.8546403646469116,0.8757041096687317,concat,42
002256.SZ:2024,002256.SZ,test,0,0.5924699902534485,0.8757041096687317,concat,42
002256.SZ:2025,002256.SZ,test,0,0.6896668076515198,0.8757041096687317,concat,42
002260.SZ:2017,002260.SZ,train,0,0.5297390222549438,0.8757041096687317,concat,42
002260.SZ:2018,002260.SZ,train,1,0.7698144912719727,0.8757041096687317,concat,42
002265.SZ:2017,002265.SZ,train,0,0.4971283972263336,0.8757041096687317,concat,42
002265.SZ:2018,002265.SZ,train,0,0.4683026075363159,0.8757041096687317,concat,42
002265.SZ:2019,002265.SZ,train,0,0.5746839642524719,0.8757041096687317,concat,42
002265.SZ:2020,002265.SZ,train,0,0.5035474896430969,0.8757041096687317,concat,42
002265.SZ:2021,002265.SZ,train,0,0.5857303142547607,0.8757041096687317,concat,42
002265.SZ:2022,002265.SZ,validation,0,0.5025025606155396,0.8757041096687317,concat,42
002265.SZ:2024,002265.SZ,test,0,0.44025176763534546,0.8757041096687317,concat,42
002265.SZ:2025,002265.SZ,test,0,0.48510053753852844,0.8757041096687317,concat,42
002267.SZ:2017,002267.SZ,train,0,0.36447373032569885,0.8757041096687317,concat,42
002267.SZ:2018,002267.SZ,train,0,0.39018967747688293,0.8757041096687317,concat,42
002267.SZ:2019,002267.SZ,train,0,0.4322788119316101,0.8757041096687317,concat,42
002267.SZ:2020,002267.SZ,train,0,0.3638436794281006,0.8757041096687317,concat,42
002267.SZ:2021,002267.SZ,train,0,0.4349260628223419,0.8757041096687317,concat,42
002267.SZ:2022,002267.SZ,validation,0,0.42229679226875305,0.8757041096687317,concat,42
002267.SZ:2024,002267.SZ,test,0,0.3913295567035675,0.8757041096687317,concat,42
002267.SZ:2025,002267.SZ,test,0,0.37269827723503113,0.8757041096687317,concat,42
002271.SZ:2017,002271.SZ,train,0,0.36551254987716675,0.8757041096687317,concat,42
002271.SZ:2018,002271.SZ,train,0,0.4249996244907379,0.8757041096687317,concat,42
002271.SZ:2019,002271.SZ,train,0,0.41177305579185486,0.8757041096687317,concat,42
002271.SZ:2020,002271.SZ,train,0,0.37882933020591736,0.8757041096687317,concat,42
002271.SZ:2021,002271.SZ,train,0,0.2943938076496124,0.8757041096687317,concat,42
002271.SZ:2022,002271.SZ,validation,0,0.35025689005851746,0.8757041096687317,concat,42
002271.SZ:2024,002271.SZ,test,0,0.4473211467266083,0.8757041096687317,concat,42
002271.SZ:2025,002271.SZ,test,0,0.5169242024421692,0.8757041096687317,concat,42
002272.SZ:2017,002272.SZ,train,0,0.5092648863792419,0.8757041096687317,concat,42
002272.SZ:2019,002272.SZ,train,0,0.4578269124031067,0.8757041096687317,concat,42
002272.SZ:2020,002272.SZ,train,0,0.44361889362335205,0.8757041096687317,concat,42
002272.SZ:2021,002272.SZ,train,0,0.49463507533073425,0.8757041096687317,concat,42
002272.SZ:2022,002272.SZ,validation,0,0.5264877080917358,0.8757041096687317,concat,42
002272.SZ:2024,002272.SZ,test,0,0.5949680805206299,0.8757041096687317,concat,42
002272.SZ:2025,002272.SZ,test,0,0.6193755269050598,0.8757041096687317,concat,42
002275.SZ:2017,002275.SZ,train,0,0.11557576060295105,0.8757041096687317,concat,42
002275.SZ:2019,002275.SZ,train,0,0.1474161148071289,0.8757041096687317,concat,42
002275.SZ:2020,002275.SZ,train,0,0.15226653218269348,0.8757041096687317,concat,42
002275.SZ:2021,002275.SZ,train,0,0.20139001309871674,0.8757041096687317,concat,42
002275.SZ:2022,002275.SZ,validation,0,0.258071631193161,0.8757041096687317,concat,42
002275.SZ:2024,002275.SZ,test,0,0.23378659784793854,0.8757041096687317,concat,42
002275.SZ:2025,002275.SZ,test,0,0.20935030281543732,0.8757041096687317,concat,42
002286.SZ:2017,002286.SZ,train,0,0.4011348783969879,0.8757041096687317,concat,42
002286.SZ:2018,002286.SZ,train,0,0.44323307275772095,0.8757041096687317,concat,42
002286.SZ:2019,002286.SZ,train,0,0.4734712243080139,0.8757041096687317,concat,42
002286.SZ:2020,002286.SZ,train,0,0.4695056080818176,0.8757041096687317,concat,42
002286.SZ:2021,002286.SZ,train,0,0.4101721942424774,0.8757041096687317,concat,42
002286.SZ:2022,002286.SZ,validation,0,0.37694859504699707,0.8757041096687317,concat,42
002286.SZ:2024,002286.SZ,test,0,0.40374425053596497,0.8757041096687317,concat,42
002286.SZ:2025,002286.SZ,test,0,0.37469029426574707,0.8757041096687317,concat,42
002290.SZ:2017,002290.SZ,train,0,0.5041796565055847,0.8757041096687317,concat,42
002290.SZ:2019,002290.SZ,train,1,0.5614954233169556,0.8757041096687317,concat,42
002290.SZ:2021,002290.SZ,train,0,0.48004022240638733,0.8757041096687317,concat,42
002290.SZ:2022,002290.SZ,validation,0,0.43167543411254883,0.8757041096687317,concat,42
002290.SZ:2024,002290.SZ,test,0,0.4305151700973511,0.8757041096687317,concat,42
002290.SZ:2025,002290.SZ,test,0,0.4446636736392975,0.8757041096687317,concat,42
002293.SZ:2017,002293.SZ,train,0,0.32227352261543274,0.8757041096687317,concat,42
002293.SZ:2018,002293.SZ,train,0,0.34045618772506714,0.8757041096687317,concat,42
002293.SZ:2019,002293.SZ,train,0,0.32953256368637085,0.8757041096687317,concat,42
002293.SZ:2020,002293.SZ,train,0,0.25979891419410706,0.8757041096687317,concat,42
002293.SZ:2021,002293.SZ,train,0,0.2730216681957245,0.8757041096687317,concat,42
002293.SZ:2022,002293.SZ,validation,0,0.2937171161174774,0.8757041096687317,concat,42
002293.SZ:2024,002293.SZ,test,0,0.3198930025100708,0.8757041096687317,concat,42
002293.SZ:2025,002293.SZ,test,0,0.32134702801704407,0.8757041096687317,concat,42
002294.SZ:2017,002294.SZ,train,0,0.09026405960321426,0.8757041096687317,concat,42
002294.SZ:2018,002294.SZ,train,0,0.06962312012910843,0.8757041096687317,concat,42
002294.SZ:2019,002294.SZ,train,0,0.0870920866727829,0.8757041096687317,concat,42
002294.SZ:2020,002294.SZ,train,0,0.1419147104024887,0.8757041096687317,concat,42
002294.SZ:2021,002294.SZ,train,0,0.3050779104232788,0.8757041096687317,concat,42
002294.SZ:2022,002294.SZ,validation,0,0.20356325805187225,0.8757041096687317,concat,42
002294.SZ:2024,002294.SZ,test,0,0.2226335108280182,0.8757041096687317,concat,42
002294.SZ:2025,002294.SZ,test,0,0.22939519584178925,0.8757041096687317,concat,42
002297.SZ:2019,002297.SZ,train,0,0.44416138529777527,0.8757041096687317,concat,42
002297.SZ:2020,002297.SZ,train,0,0.698742151260376,0.8757041096687317,concat,42
002297.SZ:2021,002297.SZ,train,0,0.42336317896842957,0.8757041096687317,concat,42
002297.SZ:2022,002297.SZ,validation,0,0.3917044997215271,0.8757041096687317,concat,42
002297.SZ:2024,002297.SZ,test,0,0.44599294662475586,0.8757041096687317,concat,42
002308.SZ:2017,002308.SZ,train,0,0.3305390179157257,0.8757041096687317,concat,42
002308.SZ:2018,002308.SZ,train,0,0.324096143245697,0.8757041096687317,concat,42
002308.SZ:2019,002308.SZ,train,0,0.3225913643836975,0.8757041096687317,concat,42
002308.SZ:2020,002308.SZ,train,0,0.8348398208618164,0.8757041096687317,concat,42
002308.SZ:2021,002308.SZ,train,0,0.3054749369621277,0.8757041096687317,concat,42
002308.SZ:2022,002308.SZ,validation,0,0.6690768003463745,0.8757041096687317,concat,42
002309.SZ:2017,002309.SZ,train,0,0.5666487812995911,0.8757041096687317,concat,42
002309.SZ:2018,002309.SZ,train,0,0.557405948638916,0.8757041096687317,concat,42
002309.SZ:2019,002309.SZ,train,0,0.5700202584266663,0.8757041096687317,concat,42
002309.SZ:2020,002309.SZ,train,0,0.4834836721420288,0.8757041096687317,concat,42
002309.SZ:2021,002309.SZ,train,0,0.7950156331062317,0.8757041096687317,concat,42
002309.SZ:2022,002309.SZ,validation,1,0.8757041096687317,0.8757041096687317,concat,42
002310.SZ:2018,002310.SZ,train,0,0.39962977170944214,0.8757041096687317,concat,42
002310.SZ:2019,002310.SZ,train,0,0.4754732549190521,0.8757041096687317,concat,42
002310.SZ:2022,002310.SZ,validation,0,0.6398981809616089,0.8757041096687317,concat,42
002316.SZ:2017,002316.SZ,train,0,0.5710605978965759,0.8757041096687317,concat,42
002316.SZ:2019,002316.SZ,train,0,0.27779215574264526,0.8757041096687317,concat,42
002316.SZ:2021,002316.SZ,train,0,0.8544719815254211,0.8757041096687317,concat,42
002316.SZ:2024,002316.SZ,test,1,0.6445852518081665,0.8757041096687317,concat,42
002320.SZ:2019,002320.SZ,train,0,0.12927041947841644,0.8757041096687317,concat,42
002320.SZ:2020,002320.SZ,train,0,0.12203193455934525,0.8757041096687317,concat,42
002320.SZ:2021,002320.SZ,train,0,0.10841839760541916,0.8757041096687317,concat,42
002320.SZ:2022,002320.SZ,validation,0,0.23417174816131592,0.8757041096687317,concat,42
002320.SZ:2024,002320.SZ,test,0,0.09078776836395264,0.8757041096687317,concat,42
002325.SZ:2017,002325.SZ,train,0,0.5799111723899841,0.8757041096687317,concat,42
002325.SZ:2018,002325.SZ,train,0,0.5816274285316467,0.8757041096687317,concat,42
002325.SZ:2021,002325.SZ,train,0,0.6372666358947754,0.8757041096687317,concat,42
002325.SZ:2022,002325.SZ,validation,0,0.6373922228813171,0.8757041096687317,concat,42
002325.SZ:2024,002325.SZ,test,1,0.915075421333313,0.8757041096687317,concat,42
002332.SZ:2018,002332.SZ,train,0,0.4444102644920349,0.8757041096687317,concat,42
002332.SZ:2019,002332.SZ,train,0,0.41082051396369934,0.8757041096687317,concat,42
002332.SZ:2020,002332.SZ,train,0,0.35973361134529114,0.8757041096687317,concat,42
002332.SZ:2021,002332.SZ,train,0,0.31032246351242065,0.8757041096687317,concat,42
002332.SZ:2022,002332.SZ,validation,0,0.2931744158267975,0.8757041096687317,concat,42
002332.SZ:2025,002332.SZ,test,0,0.29681098461151123,0.8757041096687317,concat,42
002340.SZ:2017,002340.SZ,train,0,0.5099316835403442,0.8757041096687317,concat,42
002340.SZ:2018,002340.SZ,train,0,0.48978593945503235,0.8757041096687317,concat,42
002340.SZ:2020,002340.SZ,train,0,0.4778561592102051,0.8757041096687317,concat,42
002340.SZ:2021,002340.SZ,train,0,0.49751782417297363,0.8757041096687317,concat,42
002340.SZ:2022,002340.SZ,validation,0,0.48070719838142395,0.8757041096687317,concat,42
002340.SZ:2024,002340.SZ,test,0,0.4970601499080658,0.8757041096687317,concat,42
002340.SZ:2025,002340.SZ,test,0,0.503811240196228,0.8757041096687317,concat,42
002346.SZ:2017,002346.SZ,train,0,0.4147358536720276,0.8757041096687317,concat,42
002346.SZ:2018,002346.SZ,train,0,0.22032198309898376,0.8757041096687317,concat,42
002346.SZ:2021,002346.SZ,train,0,0.3314986228942871,0.8757041096687317,concat,42
002346.SZ:2022,002346.SZ,validation,0,0.2670873701572418,0.8757041096687317,concat,42
002346.SZ:2024,002346.SZ,test,0,0.3351246416568756,0.8757041096687317,concat,42
002350.SZ:2017,002350.SZ,train,0,0.5091724395751953,0.8757041096687317,concat,42
002350.SZ:2018,002350.SZ,train,0,0.5331156253814697,0.8757041096687317,concat,42
002350.SZ:2019,002350.SZ,train,0,0.5164865851402283,0.8757041096687317,concat,42
002350.SZ:2020,002350.SZ,train,0,0.4998946487903595,0.8757041096687317,concat,42
002350.SZ:2021,002350.SZ,train,0,0.5129603743553162,0.8757041096687317,concat,42
002350.SZ:2024,002350.SZ,test,0,0.6184830665588379,0.8757041096687317,concat,42
002350.SZ:2025,002350.SZ,test,0,0.5078468322753906,0.8757041096687317,concat,42
002360.SZ:2018,002360.SZ,train,0,0.2972818911075592,0.8757041096687317,concat,42
002360.SZ:2019,002360.SZ,train,0,0.18060439825057983,0.8757041096687317,concat,42
002360.SZ:2020,002360.SZ,train,0,0.237009659409523,0.8757041096687317,concat,42
002360.SZ:2021,002360.SZ,train,0,0.2175494134426117,0.8757041096687317,concat,42
002360.SZ:2022,002360.SZ,validation,0,0.3250316381454468,0.8757041096687317,concat,42
002360.SZ:2024,002360.SZ,test,0,0.24265442788600922,0.8757041096687317,concat,42
002360.SZ:2025,002360.SZ,test,1,0.6310585141181946,0.8757041096687317,concat,42
002364.SZ:2017,002364.SZ,train,0,0.24283277988433838,0.8757041096687317,concat,42
002364.SZ:2018,002364.SZ,train,0,0.34944161772727966,0.8757041096687317,concat,42
002364.SZ:2019,002364.SZ,train,0,0.3431548476219177,0.8757041096687317,concat,42
002364.SZ:2020,002364.SZ,train,0,0.44438111782073975,0.8757041096687317,concat,42
002364.SZ:2021,002364.SZ,train,0,0.49457913637161255,0.8757041096687317,concat,42
002364.SZ:2022,002364.SZ,validation,0,0.4877910912036896,0.8757041096687317,concat,42
002364.SZ:2024,002364.SZ,test,0,0.48928624391555786,0.8757041096687317,concat,42
002364.SZ:2025,002364.SZ,test,0,0.4425911605358124,0.8757041096687317,concat,42
002365.SZ:2017,002365.SZ,train,0,0.17520761489868164,0.8757041096687317,concat,42
002365.SZ:2018,002365.SZ,train,0,0.23225170373916626,0.8757041096687317,concat,42
002365.SZ:2019,002365.SZ,train,0,0.19287197291851044,0.8757041096687317,concat,42
002365.SZ:2020,002365.SZ,train,0,0.2311323881149292,0.8757041096687317,concat,42
002365.SZ:2021,002365.SZ,train,0,0.27903109788894653,0.8757041096687317,concat,42
002365.SZ:2022,002365.SZ,validation,0,0.3361319303512573,0.8757041096687317,concat,42
002365.SZ:2024,002365.SZ,test,0,0.3572028875350952,0.8757041096687317,concat,42
002365.SZ:2025,002365.SZ,test,0,0.30873772501945496,0.8757041096687317,concat,42
002374.SZ:2017,002374.SZ,train,0,0.45527857542037964,0.8757041096687317,concat,42
002374.SZ:2019,002374.SZ,train,0,0.8119194507598877,0.8757041096687317,concat,42
002374.SZ:2020,002374.SZ,train,0,0.5435305833816528,0.8757041096687317,concat,42
002374.SZ:2021,002374.SZ,train,0,0.6650354862213135,0.8757041096687317,concat,42
002374.SZ:2022,002374.SZ,validation,0,0.8357034921646118,0.8757041096687317,concat,42
002374.SZ:2024,002374.SZ,test,0,0.6993297338485718,0.8757041096687317,concat,42
002374.SZ:2025,002374.SZ,test,0,0.7688788771629333,0.8757041096687317,concat,42
002378.SZ:2019,002378.SZ,train,0,0.4777946472167969,0.8757041096687317,concat,42
002378.SZ:2020,002378.SZ,train,0,0.6446434259414673,0.8757041096687317,concat,42
002378.SZ:2021,002378.SZ,train,0,0.42395132780075073,0.8757041096687317,concat,42
002378.SZ:2022,002378.SZ,validation,0,0.447723388671875,0.8757041096687317,concat,42
002378.SZ:2024,002378.SZ,test,0,0.4649030268192291,0.8757041096687317,concat,42
002378.SZ:2025,002378.SZ,test,0,0.427482545375824,0.8757041096687317,concat,42
002380.SZ:2017,002380.SZ,train,0,0.27386239171028137,0.8757041096687317,concat,42
002380.SZ:2018,002380.SZ,train,0,0.2634143531322479,0.8757041096687317,concat,42
002380.SZ:2019,002380.SZ,train,0,0.28234580159187317,0.8757041096687317,concat,42
002380.SZ:2020,002380.SZ,train,0,0.32527944445610046,0.8757041096687317,concat,42
002380.SZ:2022,002380.SZ,validation,0,0.4950467050075531,0.8757041096687317,concat,42
002380.SZ:2024,002380.SZ,test,0,0.41714754700660706,0.8757041096687317,concat,42
002380.SZ:2025,002380.SZ,test,0,0.38540923595428467,0.8757041096687317,concat,42
002382.SZ:2017,002382.SZ,train,0,0.26145732402801514,0.8757041096687317,concat,42
002382.SZ:2018,002382.SZ,train,0,0.2742045223712921,0.8757041096687317,concat,42
002382.SZ:2019,002382.SZ,train,0,0.38550490140914917,0.8757041096687317,concat,42
002382.SZ:2020,002382.SZ,train,0,0.3602209985256195,0.8757041096687317,concat,42
002382.SZ:2021,002382.SZ,train,0,0.19050434231758118,0.8757041096687317,concat,42
002382.SZ:2022,002382.SZ,validation,0,0.27811509370803833,0.8757041096687317,concat,42
002382.SZ:2024,002382.SZ,test,0,0.6084775924682617,0.8757041096687317,concat,42
002384.SZ:2017,002384.SZ,train,0,0.5579608082771301,0.8757041096687317,concat,42
002384.SZ:2018,002384.SZ,train,0,0.5285391211509705,0.8757041096687317,concat,42
002384.SZ:2019,002384.SZ,train,0,0.5127555727958679,0.8757041096687317,concat,42
002384.SZ:2020,002384.SZ,train,0,0.5029570460319519,0.8757041096687317,concat,42
002384.SZ:2021,002384.SZ,train,0,0.4555143713951111,0.8757041096687317,concat,42
002384.SZ:2022,002384.SZ,validation,0,0.4422857463359833,0.8757041096687317,concat,42
002384.SZ:2024,002384.SZ,test,0,0.42234984040260315,0.8757041096687317,concat,42
002384.SZ:2025,002384.SZ,test,0,0.46693018078804016,0.8757041096687317,concat,42
002391.SZ:2017,002391.SZ,train,0,0.4069308340549469,0.8757041096687317,concat,42
002391.SZ:2018,002391.SZ,train,0,0.3058323860168457,0.8757041096687317,concat,42
002391.SZ:2019,002391.SZ,train,0,0.2676633894443512,0.8757041096687317,concat,42
002391.SZ:2020,002391.SZ,train,0,0.32078567147254944,0.8757041096687317,concat,42
002391.SZ:2021,002391.SZ,train,0,0.3929764926433563,0.8757041096687317,concat,42
002391.SZ:2022,002391.SZ,validation,0,0.40562760829925537,0.8757041096687317,concat,42
002391.SZ:2024,002391.SZ,test,0,0.4980125427246094,0.8757041096687317,concat,42
002391.SZ:2025,002391.SZ,test,0,0.5552647113800049,0.8757041096687317,concat,42
002396.SZ:2017,002396.SZ,train,0,0.3720313310623169,0.8757041096687317,concat,42
002396.SZ:2021,002396.SZ,train,0,0.4016437232494354,0.8757041096687317,concat,42
002396.SZ:2022,002396.SZ,validation,0,0.4004906415939331,0.8757041096687317,concat,42
002396.SZ:2024,002396.SZ,test,0,0.4203742742538452,0.8757041096687317,concat,42
002396.SZ:2025,002396.SZ,test,0,0.4539119005203247,0.8757041096687317,concat,42
002402.SZ:2017,002402.SZ,train,0,0.3911493718624115,0.8757041096687317,concat,42
002402.SZ:2018,002402.SZ,train,0,0.37704288959503174,0.8757041096687317,concat,42
002402.SZ:2019,002402.SZ,train,0,0.4111816883087158,0.8757041096687317,concat,42
002402.SZ:2020,002402.SZ,train,0,0.37292513251304626,0.8757041096687317,concat,42
002402.SZ:2021,002402.SZ,train,0,0.3878476321697235,0.8757041096687317,concat,42
002402.SZ:2022,002402.SZ,validation,0,0.395398885011673,0.8757041096687317,concat,42
002402.SZ:2024,002402.SZ,test,0,0.4776388108730316,0.8757041096687317,concat,42
002402.SZ:2025,002402.SZ,test,0,0.4941316545009613,0.8757041096687317,concat,42
002405.SZ:2017,002405.SZ,train,0,0.30459266901016235,0.8757041096687317,concat,42
002405.SZ:2018,002405.SZ,train,0,0.3328450322151184,0.8757041096687317,concat,42
002405.SZ:2019,002405.SZ,train,0,0.3137432336807251,0.8757041096687317,concat,42
002405.SZ:2020,002405.SZ,train,0,0.3487335443496704,0.8757041096687317,concat,42
002405.SZ:2021,002405.SZ,train,0,0.5737197399139404,0.8757041096687317,concat,42
002405.SZ:2022,002405.SZ,validation,0,0.35185688734054565,0.8757041096687317,concat,42
002405.SZ:2024,002405.SZ,test,0,0.7134537696838379,0.8757041096687317,concat,42
002405.SZ:2025,002405.SZ,test,0,0.6761133074760437,0.8757041096687317,concat,42
002410.SZ:2017,002410.SZ,train,0,0.1779429316520691,0.8757041096687317,concat,42
002410.SZ:2018,002410.SZ,train,0,0.20283499360084534,0.8757041096687317,concat,42
002410.SZ:2019,002410.SZ,train,0,0.31462326645851135,0.8757041096687317,concat,42
002410.SZ:2020,002410.SZ,train,0,0.40094873309135437,0.8757041096687317,concat,42
002410.SZ:2021,002410.SZ,train,0,0.3069792091846466,0.8757041096687317,concat,42
002410.SZ:2022,002410.SZ,validation,0,0.3066227436065674,0.8757041096687317,concat,42
002410.SZ:2025,002410.SZ,test,0,0.42016366124153137,0.8757041096687317,concat,42
002413.SZ:2017,002413.SZ,train,0,0.23648902773857117,0.8757041096687317,concat,42
002413.SZ:2018,002413.SZ,train,0,0.3194986879825592,0.8757041096687317,concat,42
002413.SZ:2020,002413.SZ,train,0,0.3948878049850464,0.8757041096687317,concat,42
002413.SZ:2021,002413.SZ,train,0,0.40022939443588257,0.8757041096687317,concat,42
002413.SZ:2022,002413.SZ,validation,0,0.570639967918396,0.8757041096687317,concat,42
002413.SZ:2024,002413.SZ,test,0,0.6669514775276184,0.8757041096687317,concat,42
002413.SZ:2025,002413.SZ,test,0,0.6592022180557251,0.8757041096687317,concat,42
002418.SZ:2019,002418.SZ,train,1,0.8982499241828918,0.8757041096687317,concat,42
002418.SZ:2022,002418.SZ,validation,0,0.5195909738540649,0.8757041096687317,concat,42
002418.SZ:2024,002418.SZ,test,0,0.5053386688232422,0.8757041096687317,concat,42
002418.SZ:2025,002418.SZ,test,0,0.5936747789382935,0.8757041096687317,concat,42
002426.SZ:2022,002426.SZ,validation,0,0.5443423986434937,0.8757041096687317,concat,42
002426.SZ:2024,002426.SZ,test,0,0.7338199615478516,0.8757041096687317,concat,42
002426.SZ:2025,002426.SZ,test,0,0.7321919798851013,0.8757041096687317,concat,42
002429.SZ:2017,002429.SZ,train,0,0.46960434317588806,0.8757041096687317,concat,42
002429.SZ:2018,002429.SZ,train,0,0.47105783224105835,0.8757041096687317,concat,42
002429.SZ:2019,002429.SZ,train,0,0.48901018500328064,0.8757041096687317,concat,42
002429.SZ:2020,002429.SZ,train,0,0.44414451718330383,0.8757041096687317,concat,42
002429.SZ:2022,002429.SZ,validation,0,0.49259644746780396,0.8757041096687317,concat,42
002429.SZ:2024,002429.SZ,test,0,0.3728444576263428,0.8757041096687317,concat,42
002429.SZ:2025,002429.SZ,test,0,0.4064067006111145,0.8757041096687317,concat,42
002433.SZ:2017,002433.SZ,train,0,0.37759989500045776,0.8757041096687317,concat,42
002433.SZ:2018,002433.SZ,train,0,0.406127005815506,0.8757041096687317,concat,42
002433.SZ:2019,002433.SZ,train,0,0.41919589042663574,0.8757041096687317,concat,42
002434.SZ:2017,002434.SZ,train,0,0.462820827960968,0.8757041096687317,concat,42
002434.SZ:2018,002434.SZ,train,0,0.37577053904533386,0.8757041096687317,concat,42
000012.SZ:2017,000012.SZ,train,0,0.4864928126335144,0.6343522071838379,concat,2026
000012.SZ:2019,000012.SZ,train,0,0.4987427592277527,0.6343522071838379,concat,2026
000012.SZ:2020,000012.SZ,train,0,0.49470406770706177,0.6343522071838379,concat,2026
000012.SZ:2021,000012.SZ,train,0,0.48206424713134766,0.6343522071838379,concat,2026
000012.SZ:2022,000012.SZ,validation,0,0.4677117168903351,0.6343522071838379,concat,2026
000012.SZ:2024,000012.SZ,test,0,0.4896292984485626,0.6343522071838379,concat,2026
000018.SZ:2017,000018.SZ,train,0,0.5311070084571838,0.6343522071838379,concat,2026
000019.SZ:2017,000019.SZ,train,0,0.41800224781036377,0.6343522071838379,concat,2026
000019.SZ:2018,000019.SZ,train,0,0.5137215852737427,0.6343522071838379,concat,2026
000019.SZ:2020,000019.SZ,train,0,0.48583748936653137,0.6343522071838379,concat,2026
000019.SZ:2021,000019.SZ,train,0,0.486370325088501,0.6343522071838379,concat,2026
000019.SZ:2022,000019.SZ,validation,0,0.4863588809967041,0.6343522071838379,concat,2026
000019.SZ:2024,000019.SZ,test,0,0.4841095805168152,0.6343522071838379,concat,2026
000040.SZ:2017,000040.SZ,train,0,0.49044710397720337,0.6343522071838379,concat,2026
000040.SZ:2022,000040.SZ,validation,0,0.5352156758308411,0.6343522071838379,concat,2026
000048.SZ:2020,000048.SZ,train,0,0.4464237689971924,0.6343522071838379,concat,2026
000048.SZ:2021,000048.SZ,train,0,0.45635032653808594,0.6343522071838379,concat,2026
000048.SZ:2022,000048.SZ,validation,0,0.4763437509536743,0.6343522071838379,concat,2026
000048.SZ:2025,000048.SZ,test,0,0.4826856851577759,0.6343522071838379,concat,2026
000055.SZ:2017,000055.SZ,train,0,0.4977858066558838,0.6343522071838379,concat,2026
000055.SZ:2019,000055.SZ,train,0,0.4601106345653534,0.6343522071838379,concat,2026
000055.SZ:2020,000055.SZ,train,0,0.5015019178390503,0.6343522071838379,concat,2026
000055.SZ:2021,000055.SZ,train,0,0.48792940378189087,0.6343522071838379,concat,2026
000055.SZ:2022,000055.SZ,validation,0,0.49912509322166443,0.6343522071838379,concat,2026
000055.SZ:2024,000055.SZ,test,0,0.5017674565315247,0.6343522071838379,concat,2026
000055.SZ:2025,000055.SZ,test,0,0.5091328024864197,0.6343522071838379,concat,2026
000068.SZ:2019,000068.SZ,train,0,0.5923866033554077,0.6343522071838379,concat,2026
000068.SZ:2020,000068.SZ,train,0,0.516413688659668,0.6343522071838379,concat,2026
000068.SZ:2021,000068.SZ,train,0,0.6023030877113342,0.6343522071838379,concat,2026
000068.SZ:2022,000068.SZ,validation,0,0.5483358502388,0.6343522071838379,concat,2026
000068.SZ:2024,000068.SZ,test,0,0.43950220942497253,0.6343522071838379,concat,2026
000068.SZ:2025,000068.SZ,test,0,0.5246289968490601,0.6343522071838379,concat,2026
000099.SZ:2017,000099.SZ,train,0,0.4979843497276306,0.6343522071838379,concat,2026
000099.SZ:2018,000099.SZ,train,0,0.4921550750732422,0.6343522071838379,concat,2026
000099.SZ:2019,000099.SZ,train,0,0.48399531841278076,0.6343522071838379,concat,2026
000099.SZ:2020,000099.SZ,train,0,0.48021599650382996,0.6343522071838379,concat,2026
000099.SZ:2021,000099.SZ,train,0,0.4689215123653412,0.6343522071838379,concat,2026
000099.SZ:2022,000099.SZ,validation,0,0.44967028498649597,0.6343522071838379,concat,2026
000419.SZ:2017,000419.SZ,train,0,0.49474912881851196,0.6343522071838379,concat,2026
000419.SZ:2018,000419.SZ,train,0,0.4930754005908966,0.6343522071838379,concat,2026
000419.SZ:2019,000419.SZ,train,0,0.4903734028339386,0.6343522071838379,concat,2026
000419.SZ:2020,000419.SZ,train,0,0.4887734651565552,0.6343522071838379,concat,2026
000419.SZ:2021,000419.SZ,train,0,0.4816017150878906,0.6343522071838379,concat,2026
000419.SZ:2022,000419.SZ,validation,0,0.48250189423561096,0.6343522071838379,concat,2026
000419.SZ:2024,000419.SZ,test,0,0.4813564121723175,0.6343522071838379,concat,2026
000501.SZ:2017,000501.SZ,train,0,0.49699831008911133,0.6343522071838379,concat,2026
000501.SZ:2018,000501.SZ,train,0,0.4931010901927948,0.6343522071838379,concat,2026
000501.SZ:2019,000501.SZ,train,0,0.49798014760017395,0.6343522071838379,concat,2026
000501.SZ:2020,000501.SZ,train,0,0.49698406457901,0.6343522071838379,concat,2026
000501.SZ:2021,000501.SZ,train,0,0.5008987188339233,0.6343522071838379,concat,2026
000501.SZ:2022,000501.SZ,validation,0,0.49456098675727844,0.6343522071838379,concat,2026
000501.SZ:2024,000501.SZ,test,0,0.511371374130249,0.6343522071838379,concat,2026
000501.SZ:2025,000501.SZ,test,0,0.5096966624259949,0.6343522071838379,concat,2026
000504.SZ:2018,000504.SZ,train,0,0.5765685439109802,0.6343522071838379,concat,2026
000504.SZ:2019,000504.SZ,train,1,0.5759738683700562,0.6343522071838379,concat,2026
000504.SZ:2021,000504.SZ,train,0,0.531100332736969,0.6343522071838379,concat,2026
000504.SZ:2022,000504.SZ,validation,0,0.5753977298736572,0.6343522071838379,concat,2026
000504.SZ:2024,000504.SZ,test,1,0.571263313293457,0.6343522071838379,concat,2026
000533.SZ:2019,000533.SZ,train,0,0.6243429780006409,0.6343522071838379,concat,2026
000533.SZ:2020,000533.SZ,train,0,0.5479558110237122,0.6343522071838379,concat,2026
000533.SZ:2021,000533.SZ,train,0,0.533795952796936,0.6343522071838379,concat,2026
000533.SZ:2022,000533.SZ,validation,0,0.5483881235122681,0.6343522071838379,concat,2026
000533.SZ:2024,000533.SZ,test,0,0.5343135595321655,0.6343522071838379,concat,2026
000533.SZ:2025,000533.SZ,test,0,0.5337677597999573,0.6343522071838379,concat,2026
000534.SZ:2020,000534.SZ,train,0,0.4815300703048706,0.6343522071838379,concat,2026
000534.SZ:2021,000534.SZ,train,0,0.47719907760620117,0.6343522071838379,concat,2026
000534.SZ:2022,000534.SZ,validation,0,0.47534576058387756,0.6343522071838379,concat,2026
000534.SZ:2024,000534.SZ,test,0,0.47417548298835754,0.6343522071838379,concat,2026
000545.SZ:2017,000545.SZ,train,0,0.4842222332954407,0.6343522071838379,concat,2026
000545.SZ:2018,000545.SZ,train,0,0.4750775098800659,0.6343522071838379,concat,2026
000545.SZ:2019,000545.SZ,train,0,0.4953100085258484,0.6343522071838379,concat,2026
000545.SZ:2021,000545.SZ,train,0,0.5352135896682739,0.6343522071838379,concat,2026
000545.SZ:2022,000545.SZ,validation,0,0.49341222643852234,0.6343522071838379,concat,2026
000545.SZ:2024,000545.SZ,test,0,0.5309866666793823,0.6343522071838379,concat,2026
000545.SZ:2025,000545.SZ,test,0,0.5429801344871521,0.6343522071838379,concat,2026
000553.SZ:2017,000553.SZ,train,0,0.514677882194519,0.6343522071838379,concat,2026
000555.SZ:2017,000555.SZ,train,0,0.5189123749732971,0.6343522071838379,concat,2026
000555.SZ:2022,000555.SZ,validation,0,0.508399486541748,0.6343522071838379,concat,2026
000555.SZ:2024,000555.SZ,test,0,0.5182490348815918,0.6343522071838379,concat,2026
000555.SZ:2025,000555.SZ,test,0,0.5377930998802185,0.6343522071838379,concat,2026
000557.SZ:2020,000557.SZ,train,0,0.4444156289100647,0.6343522071838379,concat,2026
000557.SZ:2021,000557.SZ,train,0,0.42631253600120544,0.6343522071838379,concat,2026
000557.SZ:2022,000557.SZ,validation,0,0.4263334572315216,0.6343522071838379,concat,2026
000557.SZ:2024,000557.SZ,test,0,0.4099210202693939,0.6343522071838379,concat,2026
000557.SZ:2025,000557.SZ,test,0,0.4340128004550934,0.6343522071838379,concat,2026
000576.SZ:2017,000576.SZ,train,0,0.4788842499256134,0.6343522071838379,concat,2026
000576.SZ:2021,000576.SZ,train,0,0.41464290022850037,0.6343522071838379,concat,2026
000576.SZ:2022,000576.SZ,validation,0,0.44681644439697266,0.6343522071838379,concat,2026
000576.SZ:2024,000576.SZ,test,0,0.5651057958602905,0.6343522071838379,concat,2026
000576.SZ:2025,000576.SZ,test,0,0.4570522904396057,0.6343522071838379,concat,2026
000581.SZ:2017,000581.SZ,train,0,0.45665988326072693,0.6343522071838379,concat,2026
000581.SZ:2018,000581.SZ,train,0,0.45524299144744873,0.6343522071838379,concat,2026
000581.SZ:2019,000581.SZ,train,0,0.4567771255970001,0.6343522071838379,concat,2026
000581.SZ:2020,000581.SZ,train,0,0.4674800634384155,0.6343522071838379,concat,2026
000581.SZ:2021,000581.SZ,train,0,0.47556665539741516,0.6343522071838379,concat,2026
000581.SZ:2022,000581.SZ,validation,0,0.4771832227706909,0.6343522071838379,concat,2026
000581.SZ:2024,000581.SZ,test,0,0.48197993636131287,0.6343522071838379,concat,2026
000581.SZ:2025,000581.SZ,test,0,0.4840768277645111,0.6343522071838379,concat,2026
000585.SZ:2017,000585.SZ,train,1,0.6514387130737305,0.6343522071838379,concat,2026
000589.SZ:2020,000589.SZ,train,0,0.5097837448120117,0.6343522071838379,concat,2026
000589.SZ:2021,000589.SZ,train,0,0.4735897481441498,0.6343522071838379,concat,2026
000589.SZ:2022,000589.SZ,validation,0,0.503233790397644,0.6343522071838379,concat,2026
000589.SZ:2024,000589.SZ,test,0,0.49598780274391174,0.6343522071838379,concat,2026
000589.SZ:2025,000589.SZ,test,0,0.5034656524658203,0.6343522071838379,concat,2026
000593.SZ:2017,000593.SZ,train,0,0.5147812962532043,0.6343522071838379,concat,2026
000593.SZ:2018,000593.SZ,train,0,0.48660415410995483,0.6343522071838379,concat,2026
000593.SZ:2019,000593.SZ,train,0,0.5576682686805725,0.6343522071838379,concat,2026
000593.SZ:2020,000593.SZ,train,0,0.5040932893753052,0.6343522071838379,concat,2026
000593.SZ:2021,000593.SZ,train,0,0.5032154321670532,0.6343522071838379,concat,2026
000593.SZ:2022,000593.SZ,validation,0,0.5004041194915771,0.6343522071838379,concat,2026
000593.SZ:2025,000593.SZ,test,0,0.5113663673400879,0.6343522071838379,concat,2026
000598.SZ:2017,000598.SZ,train,0,0.4675074517726898,0.6343522071838379,concat,2026
000598.SZ:2019,000598.SZ,train,0,0.47068920731544495,0.6343522071838379,concat,2026
000598.SZ:2020,000598.SZ,train,0,0.4721425771713257,0.6343522071838379,concat,2026
000598.SZ:2021,000598.SZ,train,0,0.4693097174167633,0.6343522071838379,concat,2026
000598.SZ:2022,000598.SZ,validation,0,0.47252172231674194,0.6343522071838379,concat,2026
000598.SZ:2024,000598.SZ,test,0,0.47251150012016296,0.6343522071838379,concat,2026
000598.SZ:2025,000598.SZ,test,0,0.475025475025177,0.6343522071838379,concat,2026
000599.SZ:2017,000599.SZ,train,0,0.5205962657928467,0.6343522071838379,concat,2026
000599.SZ:2018,000599.SZ,train,0,0.5192062258720398,0.6343522071838379,concat,2026
000599.SZ:2019,000599.SZ,train,0,0.5196248888969421,0.6343522071838379,concat,2026
000599.SZ:2020,000599.SZ,train,0,0.532916784286499,0.6343522071838379,concat,2026
000599.SZ:2021,000599.SZ,train,0,0.5248131155967712,0.6343522071838379,concat,2026
000599.SZ:2022,000599.SZ,validation,0,0.537522554397583,0.6343522071838379,concat,2026
000599.SZ:2024,000599.SZ,test,0,0.5376120209693909,0.6343522071838379,concat,2026
000599.SZ:2025,000599.SZ,test,0,0.5437208414077759,0.6343522071838379,concat,2026
000610.SZ:2020,000610.SZ,train,0,0.4998083710670471,0.6343522071838379,concat,2026
000610.SZ:2021,000610.SZ,train,0,0.4894804358482361,0.6343522071838379,concat,2026
000610.SZ:2022,000610.SZ,validation,0,0.5265412926673889,0.6343522071838379,concat,2026
000610.SZ:2024,000610.SZ,test,0,0.5635381937026978,0.6343522071838379,concat,2026
000610.SZ:2025,000610.SZ,test,1,0.6048723459243774,0.6343522071838379,concat,2026
000612.SZ:2020,000612.SZ,train,0,0.5037279725074768,0.6343522071838379,concat,2026
000612.SZ:2021,000612.SZ,train,0,0.48461925983428955,0.6343522071838379,concat,2026
000612.SZ:2022,000612.SZ,validation,0,0.4855184853076935,0.6343522071838379,concat,2026
000612.SZ:2024,000612.SZ,test,0,0.4818669557571411,0.6343522071838379,concat,2026
000612.SZ:2025,000612.SZ,test,0,0.4773722290992737,0.6343522071838379,concat,2026
000626.SZ:2017,000626.SZ,train,0,0.5087840557098389,0.6343522071838379,concat,2026
000626.SZ:2018,000626.SZ,train,0,0.5347850322723389,0.6343522071838379,concat,2026
000626.SZ:2020,000626.SZ,train,0,0.5084586143493652,0.6343522071838379,concat,2026
000626.SZ:2021,000626.SZ,train,0,0.5159876346588135,0.6343522071838379,concat,2026
000626.SZ:2022,000626.SZ,validation,0,0.5057616233825684,0.6343522071838379,concat,2026
000626.SZ:2024,000626.SZ,test,0,0.53220134973526,0.6343522071838379,concat,2026
000626.SZ:2025,000626.SZ,test,0,0.5240194201469421,0.6343522071838379,concat,2026
000629.SZ:2019,000629.SZ,train,0,0.4568255841732025,0.6343522071838379,concat,2026
000629.SZ:2020,000629.SZ,train,0,0.45922380685806274,0.6343522071838379,concat,2026
000629.SZ:2021,000629.SZ,train,0,0.46817833185195923,0.6343522071838379,concat,2026
000629.SZ:2022,000629.SZ,validation,0,0.4687175452709198,0.6343522071838379,concat,2026
000629.SZ:2024,000629.SZ,test,0,0.473349004983902,0.6343522071838379,concat,2026
000629.SZ:2025,000629.SZ,test,0,0.4653102159500122,0.6343522071838379,concat,2026
000633.SZ:2018,000633.SZ,train,0,0.5433650612831116,0.6343522071838379,concat,2026
000633.SZ:2019,000633.SZ,train,0,0.5054179430007935,0.6343522071838379,concat,2026
000633.SZ:2022,000633.SZ,validation,0,0.5057904720306396,0.6343522071838379,concat,2026
000633.SZ:2024,000633.SZ,test,0,0.4912613034248352,0.6343522071838379,concat,2026
000633.SZ:2025,000633.SZ,test,0,0.5066890716552734,0.6343522071838379,concat,2026
000635.SZ:2018,000635.SZ,train,0,0.4678269028663635,0.6343522071838379,concat,2026
000635.SZ:2019,000635.SZ,train,0,0.48307695984840393,0.6343522071838379,concat,2026
000635.SZ:2021,000635.SZ,train,0,0.4680590033531189,0.6343522071838379,concat,2026
000635.SZ:2022,000635.SZ,validation,0,0.46917521953582764,0.6343522071838379,concat,2026
000650.SZ:2017,000650.SZ,train,0,0.460894912481308,0.6343522071838379,concat,2026
000650.SZ:2019,000650.SZ,train,0,0.4518739581108093,0.6343522071838379,concat,2026
000650.SZ:2020,000650.SZ,train,0,0.4381362199783325,0.6343522071838379,concat,2026
000650.SZ:2021,000650.SZ,train,0,0.4289901554584503,0.6343522071838379,concat,2026
000650.SZ:2022,000650.SZ,validation,0,0.4488200843334198,0.6343522071838379,concat,2026
000650.SZ:2024,000650.SZ,test,0,0.4339195787906647,0.6343522071838379,concat,2026
000650.SZ:2025,000650.SZ,test,0,0.4147678017616272,0.6343522071838379,concat,2026
000652.SZ:2017,000652.SZ,train,0,0.5184465646743774,0.6343522071838379,concat,2026
000652.SZ:2018,000652.SZ,train,0,0.5141855478286743,0.6343522071838379,concat,2026
000652.SZ:2019,000652.SZ,train,0,0.5177202224731445,0.6343522071838379,concat,2026
000652.SZ:2020,000652.SZ,train,0,0.5230100750923157,0.6343522071838379,concat,2026
000655.SZ:2017,000655.SZ,train,1,0.6129679679870605,0.6343522071838379,concat,2026
000655.SZ:2019,000655.SZ,train,0,0.4476642608642578,0.6343522071838379,concat,2026
000655.SZ:2020,000655.SZ,train,0,0.4291357398033142,0.6343522071838379,concat,2026
000655.SZ:2021,000655.SZ,train,0,0.42073965072631836,0.6343522071838379,concat,2026
000655.SZ:2022,000655.SZ,validation,0,0.4066491425037384,0.6343522071838379,concat,2026
000655.SZ:2024,000655.SZ,test,0,0.39719513058662415,0.6343522071838379,concat,2026
000655.SZ:2025,000655.SZ,test,0,0.4188554883003235,0.6343522071838379,concat,2026
000656.SZ:2020,000656.SZ,train,0,0.4895249903202057,0.6343522071838379,concat,2026
000656.SZ:2021,000656.SZ,train,0,0.4833039343357086,0.6343522071838379,concat,2026
000656.SZ:2022,000656.SZ,validation,0,0.4940809905529022,0.6343522071838379,concat,2026
000662.SZ:2018,000662.SZ,train,0,0.4591185450553894,0.6343522071838379,concat,2026
000665.SZ:2024,000665.SZ,test,0,0.5555321574211121,0.6343522071838379,concat,2026
000668.SZ:2017,000668.SZ,train,0,0.5942532420158386,0.6343522071838379,concat,2026
000668.SZ:2019,000668.SZ,train,0,0.49561670422554016,0.6343522071838379,concat,2026
000668.SZ:2021,000668.SZ,train,0,0.5418530106544495,0.6343522071838379,concat,2026
000668.SZ:2024,000668.SZ,test,1,0.5683863162994385,0.6343522071838379,concat,2026
000670.SZ:2017,000670.SZ,train,0,0.48144271969795227,0.6343522071838379,concat,2026
000670.SZ:2024,000670.SZ,test,0,0.5621383190155029,0.6343522071838379,concat,2026
000670.SZ:2025,000670.SZ,test,0,0.5496568083763123,0.6343522071838379,concat,2026
000695.SZ:2017,000695.SZ,train,0,0.5308928489685059,0.6343522071838379,concat,2026
000695.SZ:2018,000695.SZ,train,0,0.5285604596138,0.6343522071838379,concat,2026
000695.SZ:2019,000695.SZ,train,0,0.4957990050315857,0.6343522071838379,concat,2026
000695.SZ:2020,000695.SZ,train,0,0.516846776008606,0.6343522071838379,concat,2026
000695.SZ:2021,000695.SZ,train,0,0.5397433638572693,0.6343522071838379,concat,2026
000695.SZ:2024,000695.SZ,test,0,0.5441412925720215,0.6343522071838379,concat,2026
000695.SZ:2025,000695.SZ,test,0,0.5398378968238831,0.6343522071838379,concat,2026
000709.SZ:2017,000709.SZ,train,0,0.5154641270637512,0.6343522071838379,concat,2026
000709.SZ:2020,000709.SZ,train,0,0.5142658948898315,0.6343522071838379,concat,2026
000709.SZ:2021,000709.SZ,train,0,0.5160541534423828,0.6343522071838379,concat,2026
000709.SZ:2022,000709.SZ,validation,0,0.5136825442314148,0.6343522071838379,concat,2026
000709.SZ:2024,000709.SZ,test,0,0.5181447863578796,0.6343522071838379,concat,2026
000709.SZ:2025,000709.SZ,test,0,0.5194757580757141,0.6343522071838379,concat,2026
000715.SZ:2017,000715.SZ,train,0,0.4862045645713806,0.6343522071838379,concat,2026
000715.SZ:2018,000715.SZ,train,0,0.48565712571144104,0.6343522071838379,concat,2026
000715.SZ:2019,000715.SZ,train,0,0.4838390648365021,0.6343522071838379,concat,2026
000715.SZ:2020,000715.SZ,train,0,0.47641950845718384,0.6343522071838379,concat,2026
000715.SZ:2021,000715.SZ,train,0,0.46869784593582153,0.6343522071838379,concat,2026
000715.SZ:2022,000715.SZ,validation,0,0.4626787006855011,0.6343522071838379,concat,2026
000715.SZ:2024,000715.SZ,test,0,0.45622316002845764,0.6343522071838379,concat,2026
000715.SZ:2025,000715.SZ,test,0,0.46964797377586365,0.6343522071838379,concat,2026
000718.SZ:2018,000718.SZ,train,0,0.4594198167324066,0.6343522071838379,concat,2026
000718.SZ:2019,000718.SZ,train,0,0.45147520303726196,0.6343522071838379,concat,2026
000718.SZ:2020,000718.SZ,train,0,0.4539636969566345,0.6343522071838379,concat,2026
000718.SZ:2021,000718.SZ,train,0,0.45938846468925476,0.6343522071838379,concat,2026
000718.SZ:2022,000718.SZ,validation,0,0.46225255727767944,0.6343522071838379,concat,2026
000718.SZ:2024,000718.SZ,test,0,0.47883298993110657,0.6343522071838379,concat,2026
000718.SZ:2025,000718.SZ,test,0,0.4851492941379547,0.6343522071838379,concat,2026
000727.SZ:2017,000727.SZ,train,0,0.516216516494751,0.6343522071838379,concat,2026
000727.SZ:2021,000727.SZ,train,0,0.5164481401443481,0.6343522071838379,concat,2026
000739.SZ:2018,000739.SZ,train,0,0.5041784644126892,0.6343522071838379,concat,2026
000739.SZ:2019,000739.SZ,train,0,0.4926750063896179,0.6343522071838379,concat,2026
000739.SZ:2020,000739.SZ,train,0,0.48186951875686646,0.6343522071838379,concat,2026
000739.SZ:2021,000739.SZ,train,0,0.4811173379421234,0.6343522071838379,concat,2026
000739.SZ:2022,000739.SZ,validation,0,0.48869773745536804,0.6343522071838379,concat,2026
000739.SZ:2024,000739.SZ,test,0,0.4930660128593445,0.6343522071838379,concat,2026
000739.SZ:2025,000739.SZ,test,0,0.49255362153053284,0.6343522071838379,concat,2026
000786.SZ:2020,000786.SZ,train,0,0.49092739820480347,0.6343522071838379,concat,2026
000786.SZ:2021,000786.SZ,train,0,0.47549405694007874,0.6343522071838379,concat,2026
000786.SZ:2022,000786.SZ,validation,0,0.4680607318878174,0.6343522071838379,concat,2026
000786.SZ:2024,000786.SZ,test,0,0.4650611877441406,0.6343522071838379,concat,2026
000786.SZ:2025,000786.SZ,test,0,0.4752902090549469,0.6343522071838379,concat,2026
000797.SZ:2017,000797.SZ,train,0,0.4775320589542389,0.6343522071838379,concat,2026
000797.SZ:2018,000797.SZ,train,0,0.5146946907043457,0.6343522071838379,concat,2026
000797.SZ:2019,000797.SZ,train,0,0.49962934851646423,0.6343522071838379,concat,2026
000797.SZ:2020,000797.SZ,train,0,0.505476176738739,0.6343522071838379,concat,2026
000797.SZ:2021,000797.SZ,train,0,0.48174554109573364,0.6343522071838379,concat,2026
000797.SZ:2022,000797.SZ,validation,0,0.5005860328674316,0.6343522071838379,concat,2026
000797.SZ:2024,000797.SZ,test,0,0.4893377721309662,0.6343522071838379,concat,2026
000797.SZ:2025,000797.SZ,test,0,0.5025705695152283,0.6343522071838379,concat,2026
000800.SZ:2017,000800.SZ,train,0,0.5253214836120605,0.6343522071838379,concat,2026
000800.SZ:2019,000800.SZ,train,0,0.5132256150245667,0.6343522071838379,concat,2026
000800.SZ:2020,000800.SZ,train,0,0.5156739354133606,0.6343522071838379,concat,2026
000800.SZ:2021,000800.SZ,train,0,0.5047459602355957,0.6343522071838379,concat,2026
000800.SZ:2022,000800.SZ,validation,0,0.49172741174697876,0.6343522071838379,concat,2026
000800.SZ:2024,000800.SZ,test,0,0.5130903720855713,0.6343522071838379,concat,2026
000800.SZ:2025,000800.SZ,test,0,0.5176946520805359,0.6343522071838379,concat,2026
000807.SZ:2017,000807.SZ,train,0,0.5146190524101257,0.6343522071838379,concat,2026
000807.SZ:2019,000807.SZ,train,0,0.5368006825447083,0.6343522071838379,concat,2026
000807.SZ:2020,000807.SZ,train,0,0.511581540107727,0.6343522071838379,concat,2026
000807.SZ:2021,000807.SZ,train,0,0.5035861730575562,0.6343522071838379,concat,2026
000807.SZ:2022,000807.SZ,validation,0,0.47805455327033997,0.6343522071838379,concat,2026
000807.SZ:2024,000807.SZ,test,0,0.47061052918434143,0.6343522071838379,concat,2026
000821.SZ:2022,000821.SZ,validation,0,0.511900007724762,0.6343522071838379,concat,2026
000821.SZ:2024,000821.SZ,test,0,0.504741907119751,0.6343522071838379,concat,2026
000821.SZ:2025,000821.SZ,test,1,0.5157713294029236,0.6343522071838379,concat,2026
000822.SZ:2020,000822.SZ,train,0,0.4811593294143677,0.6343522071838379,concat,2026
000823.SZ:2017,000823.SZ,train,0,0.49875926971435547,0.6343522071838379,concat,2026
000823.SZ:2018,000823.SZ,train,0,0.5067447423934937,0.6343522071838379,concat,2026
000823.SZ:2019,000823.SZ,train,0,0.5026114583015442,0.6343522071838379,concat,2026
000823.SZ:2020,000823.SZ,train,0,0.4982655942440033,0.6343522071838379,concat,2026
000823.SZ:2021,000823.SZ,train,0,0.4994538426399231,0.6343522071838379,concat,2026
000823.SZ:2022,000823.SZ,validation,0,0.5020256638526917,0.6343522071838379,concat,2026
000823.SZ:2024,000823.SZ,test,0,0.5004143118858337,0.6343522071838379,concat,2026
000823.SZ:2025,000823.SZ,test,0,0.501731812953949,0.6343522071838379,concat,2026
000830.SZ:2017,000830.SZ,train,0,0.5112031102180481,0.6343522071838379,concat,2026
000830.SZ:2018,000830.SZ,train,0,0.48331955075263977,0.6343522071838379,concat,2026
000830.SZ:2019,000830.SZ,train,0,0.47492048144340515,0.6343522071838379,concat,2026
000830.SZ:2020,000830.SZ,train,0,0.49412965774536133,0.6343522071838379,concat,2026
000830.SZ:2021,000830.SZ,train,0,0.505568265914917,0.6343522071838379,concat,2026
000830.SZ:2022,000830.SZ,validation,0,0.4608116149902344,0.6343522071838379,concat,2026
000830.SZ:2024,000830.SZ,test,0,0.5066961050033569,0.6343522071838379,concat,2026
000830.SZ:2025,000830.SZ,test,0,0.49397003650665283,0.6343522071838379,concat,2026
000835.SZ:2018,000835.SZ,train,0,0.4567507803440094,0.6343522071838379,concat,2026
000835.SZ:2019,000835.SZ,train,0,0.6454739570617676,0.6343522071838379,concat,2026
000850.SZ:2017,000850.SZ,train,0,0.500541090965271,0.6343522071838379,concat,2026
000850.SZ:2018,000850.SZ,train,0,0.5001301765441895,0.6343522071838379,concat,2026
000850.SZ:2019,000850.SZ,train,0,0.502352237701416,0.6343522071838379,concat,2026
000850.SZ:2021,000850.SZ,train,0,0.48570168018341064,0.6343522071838379,concat,2026
000850.SZ:2022,000850.SZ,validation,0,0.47731316089630127,0.6343522071838379,concat,2026
000850.SZ:2024,000850.SZ,test,0,0.49978122115135193,0.6343522071838379,concat,2026
000850.SZ:2025,000850.SZ,test,0,0.48666664958000183,0.6343522071838379,concat,2026
000861.SZ:2017,000861.SZ,train,0,0.48132404685020447,0.6343522071838379,concat,2026
000861.SZ:2019,000861.SZ,train,0,0.4904487431049347,0.6343522071838379,concat,2026
000861.SZ:2020,000861.SZ,train,0,0.4897785782814026,0.6343522071838379,concat,2026
000861.SZ:2021,000861.SZ,train,0,0.4952695965766907,0.6343522071838379,concat,2026
000861.SZ:2022,000861.SZ,validation,0,0.5879362225532532,0.6343522071838379,concat,2026
000868.SZ:2021,000868.SZ,train,0,0.5200772881507874,0.6343522071838379,concat,2026
000868.SZ:2022,000868.SZ,validation,0,0.5955935120582581,0.6343522071838379,concat,2026
000883.SZ:2017,000883.SZ,train,0,0.47781994938850403,0.6343522071838379,concat,2026
000883.SZ:2018,000883.SZ,train,0,0.4834068715572357,0.6343522071838379,concat,2026
000883.SZ:2019,000883.SZ,train,0,0.4877229332923889,0.6343522071838379,concat,2026
000883.SZ:2020,000883.SZ,train,0,0.49277395009994507,0.6343522071838379,concat,2026
000883.SZ:2021,000883.SZ,train,0,0.483541876077652,0.6343522071838379,concat,2026
000883.SZ:2022,000883.SZ,validation,0,0.4940917193889618,0.6343522071838379,concat,2026
000883.SZ:2024,000883.SZ,test,0,0.5014662146568298,0.6343522071838379,concat,2026
000890.SZ:2017,000890.SZ,train,0,0.5121755003929138,0.6343522071838379,concat,2026
000890.SZ:2019,000890.SZ,train,1,0.5447570085525513,0.6343522071838379,concat,2026
000890.SZ:2022,000890.SZ,validation,0,0.5072692632675171,0.6343522071838379,concat,2026
000890.SZ:2024,000890.SZ,test,0,0.5697887539863586,0.6343522071838379,concat,2026
000890.SZ:2025,000890.SZ,test,0,0.6306024789810181,0.6343522071838379,concat,2026
000897.SZ:2021,000897.SZ,train,0,0.47070780396461487,0.6343522071838379,concat,2026
000897.SZ:2024,000897.SZ,test,0,0.4699268639087677,0.6343522071838379,concat,2026
000903.SZ:2017,000903.SZ,train,0,0.497742235660553,0.6343522071838379,concat,2026
000903.SZ:2018,000903.SZ,train,0,0.5047260522842407,0.6343522071838379,concat,2026
000903.SZ:2019,000903.SZ,train,0,0.5096190571784973,0.6343522071838379,concat,2026
000903.SZ:2020,000903.SZ,train,0,0.5131511092185974,0.6343522071838379,concat,2026
000903.SZ:2021,000903.SZ,train,0,0.5097909569740295,0.6343522071838379,concat,2026
000903.SZ:2022,000903.SZ,validation,0,0.5247838497161865,0.6343522071838379,concat,2026
000903.SZ:2024,000903.SZ,test,0,0.5765771865844727,0.6343522071838379,concat,2026
000903.SZ:2025,000903.SZ,test,1,0.5854782462120056,0.6343522071838379,concat,2026
000920.SZ:2017,000920.SZ,train,0,0.46897193789482117,0.6343522071838379,concat,2026
000920.SZ:2018,000920.SZ,train,0,0.47527873516082764,0.6343522071838379,concat,2026
000920.SZ:2019,000920.SZ,train,0,0.48739874362945557,0.6343522071838379,concat,2026
000920.SZ:2020,000920.SZ,train,0,0.4817250669002533,0.6343522071838379,concat,2026
000920.SZ:2021,000920.SZ,train,0,0.4808896780014038,0.6343522071838379,concat,2026
000920.SZ:2022,000920.SZ,validation,0,0.4781072735786438,0.6343522071838379,concat,2026
000920.SZ:2024,000920.SZ,test,0,0.4762062430381775,0.6343522071838379,concat,2026
000920.SZ:2025,000920.SZ,test,0,0.4743540585041046,0.6343522071838379,concat,2026
000925.SZ:2017,000925.SZ,train,0,0.5538892149925232,0.6343522071838379,concat,2026
000925.SZ:2018,000925.SZ,train,0,0.5154867172241211,0.6343522071838379,concat,2026
000925.SZ:2019,000925.SZ,train,0,0.5251873135566711,0.6343522071838379,concat,2026
000925.SZ:2020,000925.SZ,train,0,0.5235855579376221,0.6343522071838379,concat,2026
000925.SZ:2021,000925.SZ,train,0,0.5225437879562378,0.6343522071838379,concat,2026
000925.SZ:2022,000925.SZ,validation,0,0.5073028802871704,0.6343522071838379,concat,2026
000925.SZ:2024,000925.SZ,test,0,0.5138972997665405,0.6343522071838379,concat,2026
000925.SZ:2025,000925.SZ,test,0,0.5082175135612488,0.6343522071838379,concat,2026
000933.SZ:2018,000933.SZ,train,0,0.516046941280365,0.6343522071838379,concat,2026
000933.SZ:2019,000933.SZ,train,0,0.5224326848983765,0.6343522071838379,concat,2026
000933.SZ:2020,000933.SZ,train,0,0.5112524628639221,0.6343522071838379,concat,2026
000933.SZ:2021,000933.SZ,train,0,0.5178467631340027,0.6343522071838379,concat,2026
000933.SZ:2022,000933.SZ,validation,0,0.4837542474269867,0.6343522071838379,concat,2026
000933.SZ:2024,000933.SZ,test,0,0.4693463146686554,0.6343522071838379,concat,2026
000933.SZ:2025,000933.SZ,test,0,0.4806108772754669,0.6343522071838379,concat,2026
000937.SZ:2017,000937.SZ,train,0,0.5090555548667908,0.6343522071838379,concat,2026
000937.SZ:2018,000937.SZ,train,0,0.494127094745636,0.6343522071838379,concat,2026
000937.SZ:2019,000937.SZ,train,0,0.4935537874698639,0.6343522071838379,concat,2026
000937.SZ:2020,000937.SZ,train,0,0.4901178479194641,0.6343522071838379,concat,2026
000937.SZ:2024,000937.SZ,test,0,0.4654683768749237,0.6343522071838379,concat,2026
000982.SZ:2022,000982.SZ,validation,0,0.4234563708305359,0.6343522071838379,concat,2026
000989.SZ:2017,000989.SZ,train,0,0.42938748002052307,0.6343522071838379,concat,2026
000989.SZ:2020,000989.SZ,train,0,0.4786466360092163,0.6343522071838379,concat,2026
000989.SZ:2021,000989.SZ,train,0,0.47788795828819275,0.6343522071838379,concat,2026
000989.SZ:2022,000989.SZ,validation,0,0.4858965277671814,0.6343522071838379,concat,2026
000990.SZ:2020,000990.SZ,train,0,0.49023663997650146,0.6343522071838379,concat,2026
000990.SZ:2021,000990.SZ,train,0,0.4955326020717621,0.6343522071838379,concat,2026
000990.SZ:2022,000990.SZ,validation,0,0.48099055886268616,0.6343522071838379,concat,2026
000990.SZ:2024,000990.SZ,test,0,0.49693307280540466,0.6343522071838379,concat,2026
000990.SZ:2025,000990.SZ,test,0,0.4955782890319824,0.6343522071838379,concat,2026
001201.SZ:2024,001201.SZ,test,0,0.5706408023834229,0.6343522071838379,concat,2026
001201.SZ:2025,001201.SZ,test,0,0.5072491765022278,0.6343522071838379,concat,2026
001215.SZ:2025,001215.SZ,test,0,0.48620885610580444,0.6343522071838379,concat,2026
001216.SZ:2025,001216.SZ,test,0,0.4518291652202606,0.6343522071838379,concat,2026
001296.SZ:2025,001296.SZ,test,0,0.4712974429130554,0.6343522071838379,concat,2026
002002.SZ:2022,002002.SZ,validation,0,0.49601584672927856,0.6343522071838379,concat,2026
002014.SZ:2017,002014.SZ,train,0,0.4747222363948822,0.6343522071838379,concat,2026
002014.SZ:2018,002014.SZ,train,0,0.4767661690711975,0.6343522071838379,concat,2026
002014.SZ:2019,002014.SZ,train,0,0.4777202010154724,0.6343522071838379,concat,2026
002014.SZ:2020,002014.SZ,train,0,0.4740961492061615,0.6343522071838379,concat,2026
002014.SZ:2021,002014.SZ,train,0,0.4767575263977051,0.6343522071838379,concat,2026
002014.SZ:2022,002014.SZ,validation,0,0.4804151654243469,0.6343522071838379,concat,2026
002014.SZ:2024,002014.SZ,test,0,0.47965919971466064,0.6343522071838379,concat,2026
002016.SZ:2017,002016.SZ,train,0,0.4714388847351074,0.6343522071838379,concat,2026
002016.SZ:2018,002016.SZ,train,0,0.44527098536491394,0.6343522071838379,concat,2026
002016.SZ:2019,002016.SZ,train,0,0.44403475522994995,0.6343522071838379,concat,2026
002016.SZ:2020,002016.SZ,train,0,0.4323354959487915,0.6343522071838379,concat,2026
002016.SZ:2021,002016.SZ,train,0,0.44868233799934387,0.6343522071838379,concat,2026
002016.SZ:2022,002016.SZ,validation,0,0.4579382836818695,0.6343522071838379,concat,2026
002016.SZ:2024,002016.SZ,test,0,0.486004114151001,0.6343522071838379,concat,2026
002016.SZ:2025,002016.SZ,test,0,0.5056108236312866,0.6343522071838379,concat,2026
002021.SZ:2017,002021.SZ,train,0,0.5039265155792236,0.6343522071838379,concat,2026
002021.SZ:2018,002021.SZ,train,1,0.5366795063018799,0.6343522071838379,concat,2026
002021.SZ:2025,002021.SZ,test,0,0.5226751565933228,0.6343522071838379,concat,2026
002027.SZ:2019,002027.SZ,train,0,0.4219093322753906,0.6343522071838379,concat,2026
002027.SZ:2020,002027.SZ,train,0,0.4622058868408203,0.6343522071838379,concat,2026
002027.SZ:2021,002027.SZ,train,0,0.42546752095222473,0.6343522071838379,concat,2026
002027.SZ:2022,002027.SZ,validation,0,0.410629540681839,0.6343522071838379,concat,2026
002027.SZ:2024,002027.SZ,test,0,0.41296184062957764,0.6343522071838379,concat,2026
002027.SZ:2025,002027.SZ,test,0,0.40994638204574585,0.6343522071838379,concat,2026
002033.SZ:2019,002033.SZ,train,0,0.3724115788936615,0.6343522071838379,concat,2026
002033.SZ:2020,002033.SZ,train,0,0.37024569511413574,0.6343522071838379,concat,2026
002033.SZ:2021,002033.SZ,train,0,0.4064769148826599,0.6343522071838379,concat,2026
002033.SZ:2022,002033.SZ,validation,0,0.47178107500076294,0.6343522071838379,concat,2026
002033.SZ:2024,002033.SZ,test,0,0.4141536355018616,0.6343522071838379,concat,2026
002033.SZ:2025,002033.SZ,test,0,0.43101248145103455,0.6343522071838379,concat,2026
002039.SZ:2017,002039.SZ,train,0,0.4783058166503906,0.6343522071838379,concat,2026
002039.SZ:2019,002039.SZ,train,0,0.4738882780075073,0.6343522071838379,concat,2026
002039.SZ:2020,002039.SZ,train,0,0.4756014049053192,0.6343522071838379,concat,2026
002039.SZ:2021,002039.SZ,train,0,0.4665907323360443,0.6343522071838379,concat,2026
002039.SZ:2022,002039.SZ,validation,0,0.4768245220184326,0.6343522071838379,concat,2026
002039.SZ:2024,002039.SZ,test,0,0.46963515877723694,0.6343522071838379,concat,2026
002040.SZ:2017,002040.SZ,train,0,0.44235408306121826,0.6343522071838379,concat,2026
002040.SZ:2018,002040.SZ,train,0,0.4690452516078949,0.6343522071838379,concat,2026
002040.SZ:2019,002040.SZ,train,0,0.4606793522834778,0.6343522071838379,concat,2026
002040.SZ:2020,002040.SZ,train,0,0.4579339325428009,0.6343522071838379,concat,2026
002040.SZ:2021,002040.SZ,train,0,0.4565185010433197,0.6343522071838379,concat,2026
002040.SZ:2024,002040.SZ,test,0,0.46146130561828613,0.6343522071838379,concat,2026
002041.SZ:2017,002041.SZ,train,0,0.4332585334777832,0.6343522071838379,concat,2026
002041.SZ:2018,002041.SZ,train,0,0.45183032751083374,0.6343522071838379,concat,2026
002041.SZ:2019,002041.SZ,train,0,0.4632578194141388,0.6343522071838379,concat,2026
002041.SZ:2020,002041.SZ,train,0,0.4676210284233093,0.6343522071838379,concat,2026
002041.SZ:2021,002041.SZ,train,0,0.45448511838912964,0.6343522071838379,concat,2026
002041.SZ:2022,002041.SZ,validation,0,0.44729799032211304,0.6343522071838379,concat,2026
002041.SZ:2024,002041.SZ,test,0,0.4513915777206421,0.6343522071838379,concat,2026
002041.SZ:2025,002041.SZ,test,0,0.4667746424674988,0.6343522071838379,concat,2026
002046.SZ:2018,002046.SZ,train,0,0.5005199313163757,0.6343522071838379,concat,2026
002046.SZ:2019,002046.SZ,train,0,0.4992663264274597,0.6343522071838379,concat,2026
002046.SZ:2020,002046.SZ,train,0,0.5029186606407166,0.6343522071838379,concat,2026
002046.SZ:2021,002046.SZ,train,0,0.49628475308418274,0.6343522071838379,concat,2026
002046.SZ:2022,002046.SZ,validation,0,0.4981834292411804,0.6343522071838379,concat,2026
002046.SZ:2024,002046.SZ,test,0,0.48220816254615784,0.6343522071838379,concat,2026
002046.SZ:2025,002046.SZ,test,0,0.4898158609867096,0.6343522071838379,concat,2026
002050.SZ:2017,002050.SZ,train,0,0.4736282527446747,0.6343522071838379,concat,2026
002050.SZ:2018,002050.SZ,train,0,0.4784960448741913,0.6343522071838379,concat,2026
002050.SZ:2019,002050.SZ,train,0,0.48128002882003784,0.6343522071838379,concat,2026
002050.SZ:2020,002050.SZ,train,0,0.47863879799842834,0.6343522071838379,concat,2026
002050.SZ:2021,002050.SZ,train,0,0.47667837142944336,0.6343522071838379,concat,2026
002050.SZ:2022,002050.SZ,validation,0,0.487697958946228,0.6343522071838379,concat,2026
002050.SZ:2024,002050.SZ,test,0,0.48459091782569885,0.6343522071838379,concat,2026
002050.SZ:2025,002050.SZ,test,0,0.487160861492157,0.6343522071838379,concat,2026
002053.SZ:2018,002053.SZ,train,0,0.481353223323822,0.6343522071838379,concat,2026
002053.SZ:2019,002053.SZ,train,0,0.4853692650794983,0.6343522071838379,concat,2026
002053.SZ:2020,002053.SZ,train,0,0.4728459119796753,0.6343522071838379,concat,2026
002053.SZ:2021,002053.SZ,train,0,0.481157511472702,0.6343522071838379,concat,2026
002053.SZ:2022,002053.SZ,validation,0,0.4822838008403778,0.6343522071838379,concat,2026
002053.SZ:2024,002053.SZ,test,0,0.48018109798431396,0.6343522071838379,concat,2026
002056.SZ:2020,002056.SZ,train,0,0.4856812059879303,0.6343522071838379,concat,2026
002056.SZ:2021,002056.SZ,train,0,0.4834636151790619,0.6343522071838379,concat,2026
002056.SZ:2022,002056.SZ,validation,0,0.49226078391075134,0.6343522071838379,concat,2026
002056.SZ:2024,002056.SZ,test,0,0.48675188422203064,0.6343522071838379,concat,2026
002056.SZ:2025,002056.SZ,test,0,0.4901036322116852,0.6343522071838379,concat,2026
002064.SZ:2017,002064.SZ,train,0,0.536321759223938,0.6343522071838379,concat,2026
002064.SZ:2018,002064.SZ,train,0,0.4856552183628082,0.6343522071838379,concat,2026
002064.SZ:2019,002064.SZ,train,0,0.48040640354156494,0.6343522071838379,concat,2026
002064.SZ:2020,002064.SZ,train,0,0.48120179772377014,0.6343522071838379,concat,2026
002064.SZ:2022,002064.SZ,validation,0,0.43613171577453613,0.6343522071838379,concat,2026
002064.SZ:2024,002064.SZ,test,0,0.4795873463153839,0.6343522071838379,concat,2026
002064.SZ:2025,002064.SZ,test,0,0.4802740216255188,0.6343522071838379,concat,2026
002069.SZ:2017,002069.SZ,train,0,0.5112361907958984,0.6343522071838379,concat,2026
002069.SZ:2018,002069.SZ,train,0,0.5970441102981567,0.6343522071838379,concat,2026
002069.SZ:2019,002069.SZ,train,0,0.5180322527885437,0.6343522071838379,concat,2026
002069.SZ:2020,002069.SZ,train,0,0.5907357335090637,0.6343522071838379,concat,2026
002069.SZ:2021,002069.SZ,train,0,0.5035818219184875,0.6343522071838379,concat,2026
002069.SZ:2022,002069.SZ,validation,1,0.5145619511604309,0.6343522071838379,concat,2026
002069.SZ:2024,002069.SZ,test,0,0.5191388130187988,0.6343522071838379,concat,2026
002071.SZ:2017,002071.SZ,train,0,0.4994770884513855,0.6343522071838379,concat,2026
002092.SZ:2020,002092.SZ,train,0,0.5184494853019714,0.6343522071838379,concat,2026
002092.SZ:2021,002092.SZ,train,0,0.521626353263855,0.6343522071838379,concat,2026
002092.SZ:2022,002092.SZ,validation,0,0.5020344853401184,0.6343522071838379,concat,2026
002092.SZ:2024,002092.SZ,test,1,0.5330383777618408,0.6343522071838379,concat,2026
002102.SZ:2025,002102.SZ,test,1,0.5321734547615051,0.6343522071838379,concat,2026
002106.SZ:2017,002106.SZ,train,0,0.48784783482551575,0.6343522071838379,concat,2026
002110.SZ:2019,002110.SZ,train,0,0.4484901428222656,0.6343522071838379,concat,2026
002110.SZ:2020,002110.SZ,train,0,0.47775012254714966,0.6343522071838379,concat,2026
002110.SZ:2021,002110.SZ,train,0,0.4929296672344208,0.6343522071838379,concat,2026
002110.SZ:2022,002110.SZ,validation,0,0.48775798082351685,0.6343522071838379,concat,2026
002110.SZ:2024,002110.SZ,test,0,0.5188748836517334,0.6343522071838379,concat,2026
002110.SZ:2025,002110.SZ,test,0,0.5253051519393921,0.6343522071838379,concat,2026
002112.SZ:2017,002112.SZ,train,0,0.5419983863830566,0.6343522071838379,concat,2026
002112.SZ:2018,002112.SZ,train,0,0.591224730014801,0.6343522071838379,concat,2026
002112.SZ:2021,002112.SZ,train,0,0.5302661061286926,0.6343522071838379,concat,2026
002112.SZ:2022,002112.SZ,validation,0,0.5379142165184021,0.6343522071838379,concat,2026
002112.SZ:2024,002112.SZ,test,0,0.5268270373344421,0.6343522071838379,concat,2026
002112.SZ:2025,002112.SZ,test,0,0.5246778726577759,0.6343522071838379,concat,2026
002117.SZ:2019,002117.SZ,train,0,0.470662385225296,0.6343522071838379,concat,2026
002117.SZ:2020,002117.SZ,train,0,0.46405431628227234,0.6343522071838379,concat,2026
002117.SZ:2021,002117.SZ,train,0,0.4731772840023041,0.6343522071838379,concat,2026
002117.SZ:2022,002117.SZ,validation,0,0.4714486300945282,0.6343522071838379,concat,2026
002117.SZ:2024,002117.SZ,test,0,0.4749915897846222,0.6343522071838379,concat,2026
002120.SZ:2017,002120.SZ,train,0,0.45710280537605286,0.6343522071838379,concat,2026
002120.SZ:2018,002120.SZ,train,0,0.4573076367378235,0.6343522071838379,concat,2026
002120.SZ:2019,002120.SZ,train,0,0.45744508504867554,0.6343522071838379,concat,2026
002120.SZ:2020,002120.SZ,train,0,0.47892308235168457,0.6343522071838379,concat,2026
002120.SZ:2021,002120.SZ,train,0,0.49033063650131226,0.6343522071838379,concat,2026
002120.SZ:2022,002120.SZ,validation,0,0.49773573875427246,0.6343522071838379,concat,2026
002120.SZ:2024,002120.SZ,test,0,0.49207019805908203,0.6343522071838379,concat,2026
002120.SZ:2025,002120.SZ,test,0,0.4880671799182892,0.6343522071838379,concat,2026
002121.SZ:2017,002121.SZ,train,0,0.5153838396072388,0.6343522071838379,concat,2026
002121.SZ:2018,002121.SZ,train,0,0.5074212551116943,0.6343522071838379,concat,2026
002121.SZ:2022,002121.SZ,validation,0,0.5878369212150574,0.6343522071838379,concat,2026
002121.SZ:2024,002121.SZ,test,0,0.5723751187324524,0.6343522071838379,concat,2026
002121.SZ:2025,002121.SZ,test,0,0.5831636786460876,0.6343522071838379,concat,2026
002125.SZ:2017,002125.SZ,train,0,0.5043832659721375,0.6343522071838379,concat,2026
002125.SZ:2018,002125.SZ,train,0,0.5034148097038269,0.6343522071838379,concat,2026
002125.SZ:2019,002125.SZ,train,0,0.5022105574607849,0.6343522071838379,concat,2026
002125.SZ:2020,002125.SZ,train,0,0.5064314007759094,0.6343522071838379,concat,2026
002125.SZ:2021,002125.SZ,train,0,0.5101631283760071,0.6343522071838379,concat,2026
002125.SZ:2022,002125.SZ,validation,0,0.4890407621860504,0.6343522071838379,concat,2026
002125.SZ:2024,002125.SZ,test,0,0.48026591539382935,0.6343522071838379,concat,2026
002125.SZ:2025,002125.SZ,test,0,0.47837594151496887,0.6343522071838379,concat,2026
002140.SZ:2017,002140.SZ,train,0,0.5088990330696106,0.6343522071838379,concat,2026
002140.SZ:2018,002140.SZ,train,0,0.5270504951477051,0.6343522071838379,concat,2026
002140.SZ:2019,002140.SZ,train,0,0.5153475999832153,0.6343522071838379,concat,2026
002140.SZ:2020,002140.SZ,train,0,0.5124159455299377,0.6343522071838379,concat,2026
002140.SZ:2021,002140.SZ,train,0,0.5098416805267334,0.6343522071838379,concat,2026
002140.SZ:2022,002140.SZ,validation,0,0.5079069137573242,0.6343522071838379,concat,2026
002140.SZ:2024,002140.SZ,test,0,0.5097576379776001,0.6343522071838379,concat,2026
002140.SZ:2025,002140.SZ,test,0,0.5091046690940857,0.6343522071838379,concat,2026
002141.SZ:2017,002141.SZ,train,0,0.44211485981941223,0.6343522071838379,concat,2026
002141.SZ:2018,002141.SZ,train,0,0.493099570274353,0.6343522071838379,concat,2026
002141.SZ:2019,002141.SZ,train,0,0.5023515820503235,0.6343522071838379,concat,2026
002141.SZ:2020,002141.SZ,train,0,0.5012287497520447,0.6343522071838379,concat,2026
002141.SZ:2021,002141.SZ,train,0,0.6282625198364258,0.6343522071838379,concat,2026
002141.SZ:2022,002141.SZ,validation,0,0.5070739388465881,0.6343522071838379,concat,2026
002145.SZ:2017,002145.SZ,train,0,0.500751256942749,0.6343522071838379,concat,2026
002145.SZ:2018,002145.SZ,train,0,0.48111939430236816,0.6343522071838379,concat,2026
002145.SZ:2019,002145.SZ,train,0,0.4831461012363434,0.6343522071838379,concat,2026
002145.SZ:2020,002145.SZ,train,0,0.48315751552581787,0.6343522071838379,concat,2026
002154.SZ:2018,002154.SZ,train,0,0.5060392022132874,0.6343522071838379,concat,2026
002154.SZ:2020,002154.SZ,train,0,0.4908502399921417,0.6343522071838379,concat,2026
002154.SZ:2021,002154.SZ,train,0,0.47710973024368286,0.6343522071838379,concat,2026
002154.SZ:2022,002154.SZ,validation,0,0.47827932238578796,0.6343522071838379,concat,2026
002154.SZ:2024,002154.SZ,test,0,0.4731554388999939,0.6343522071838379,concat,2026
002154.SZ:2025,002154.SZ,test,0,0.4810149371623993,0.6343522071838379,concat,2026
002160.SZ:2022,002160.SZ,validation,0,0.5221551656723022,0.6343522071838379,concat,2026
002160.SZ:2024,002160.SZ,test,0,0.5252957344055176,0.6343522071838379,concat,2026
002160.SZ:2025,002160.SZ,test,0,0.5236369967460632,0.6343522071838379,concat,2026
002169.SZ:2020,002169.SZ,train,0,0.5155519247055054,0.6343522071838379,concat,2026
002169.SZ:2021,002169.SZ,train,0,0.49463021755218506,0.6343522071838379,concat,2026
002169.SZ:2022,002169.SZ,validation,0,0.49353742599487305,0.6343522071838379,concat,2026
002169.SZ:2024,002169.SZ,test,0,0.5337949991226196,0.6343522071838379,concat,2026
002181.SZ:2017,002181.SZ,train,0,0.4800265431404114,0.6343522071838379,concat,2026
002181.SZ:2018,002181.SZ,train,0,0.42972612380981445,0.6343522071838379,concat,2026
002181.SZ:2019,002181.SZ,train,0,0.4445839822292328,0.6343522071838379,concat,2026
002181.SZ:2020,002181.SZ,train,0,0.4167623817920685,0.6343522071838379,concat,2026
002181.SZ:2021,002181.SZ,train,0,0.42395251989364624,0.6343522071838379,concat,2026
002181.SZ:2022,002181.SZ,validation,0,0.4563932418823242,0.6343522071838379,concat,2026
002181.SZ:2024,002181.SZ,test,0,0.48941171169281006,0.6343522071838379,concat,2026
002181.SZ:2025,002181.SZ,test,0,0.4858292043209076,0.6343522071838379,concat,2026
002185.SZ:2017,002185.SZ,train,0,0.4861769676208496,0.6343522071838379,concat,2026
002185.SZ:2018,002185.SZ,train,0,0.4891486167907715,0.6343522071838379,concat,2026
002185.SZ:2020,002185.SZ,train,0,0.499610960483551,0.6343522071838379,concat,2026
002185.SZ:2021,002185.SZ,train,0,0.48905614018440247,0.6343522071838379,concat,2026
002185.SZ:2022,002185.SZ,validation,0,0.4798286259174347,0.6343522071838379,concat,2026
002185.SZ:2024,002185.SZ,test,0,0.5066869854927063,0.6343522071838379,concat,2026
002198.SZ:2018,002198.SZ,train,0,0.5797106027603149,0.6343522071838379,concat,2026
002198.SZ:2019,002198.SZ,train,0,0.4555172920227051,0.6343522071838379,concat,2026
002198.SZ:2020,002198.SZ,train,0,0.5537007451057434,0.6343522071838379,concat,2026
002198.SZ:2021,002198.SZ,train,0,0.47083809971809387,0.6343522071838379,concat,2026
002198.SZ:2022,002198.SZ,validation,0,0.46955639123916626,0.6343522071838379,concat,2026
002198.SZ:2024,002198.SZ,test,0,0.41878819465637207,0.6343522071838379,concat,2026
002198.SZ:2025,002198.SZ,test,0,0.4209616780281067,0.6343522071838379,concat,2026
002212.SZ:2017,002212.SZ,train,0,0.506099283695221,0.6343522071838379,concat,2026
002212.SZ:2018,002212.SZ,train,0,0.47388938069343567,0.6343522071838379,concat,2026
002212.SZ:2019,002212.SZ,train,0,0.4869314730167389,0.6343522071838379,concat,2026
002212.SZ:2020,002212.SZ,train,0,0.49404141306877136,0.6343522071838379,concat,2026
002212.SZ:2021,002212.SZ,train,0,0.47565749287605286,0.6343522071838379,concat,2026
002212.SZ:2022,002212.SZ,validation,0,0.4934862554073334,0.6343522071838379,concat,2026
002212.SZ:2025,002212.SZ,test,0,0.5037845969200134,0.6343522071838379,concat,2026
002223.SZ:2018,002223.SZ,train,0,0.45248088240623474,0.6343522071838379,concat,2026
002223.SZ:2019,002223.SZ,train,0,0.459248423576355,0.6343522071838379,concat,2026
002223.SZ:2020,002223.SZ,train,0,0.4735752046108246,0.6343522071838379,concat,2026
002223.SZ:2021,002223.SZ,train,0,0.43265488743782043,0.6343522071838379,concat,2026
002223.SZ:2022,002223.SZ,validation,0,0.4485169053077698,0.6343522071838379,concat,2026
002223.SZ:2024,002223.SZ,test,0,0.4385739862918854,0.6343522071838379,concat,2026
002224.SZ:2017,002224.SZ,train,0,0.390828400850296,0.6343522071838379,concat,2026
002224.SZ:2019,002224.SZ,train,0,0.42559683322906494,0.6343522071838379,concat,2026
002224.SZ:2021,002224.SZ,train,0,0.4175254702568054,0.6343522071838379,concat,2026
002224.SZ:2024,002224.SZ,test,0,0.47793614864349365,0.6343522071838379,concat,2026
002224.SZ:2025,002224.SZ,test,0,0.47593066096305847,0.6343522071838379,concat,2026
002227.SZ:2021,002227.SZ,train,0,0.5095308423042297,0.6343522071838379,concat,2026
002227.SZ:2022,002227.SZ,validation,0,0.5191435217857361,0.6343522071838379,concat,2026
002227.SZ:2024,002227.SZ,test,0,0.5238991379737854,0.6343522071838379,concat,2026
002227.SZ:2025,002227.SZ,test,1,0.5327926874160767,0.6343522071838379,concat,2026
002246.SZ:2017,002246.SZ,train,0,0.4946728050708771,0.6343522071838379,concat,2026
002246.SZ:2018,002246.SZ,train,0,0.4951857924461365,0.6343522071838379,concat,2026
002246.SZ:2019,002246.SZ,train,0,0.4973684251308441,0.6343522071838379,concat,2026
002246.SZ:2020,002246.SZ,train,0,0.48971790075302124,0.6343522071838379,concat,2026
002246.SZ:2021,002246.SZ,train,0,0.4920244812965393,0.6343522071838379,concat,2026
002246.SZ:2022,002246.SZ,validation,0,0.4945727586746216,0.6343522071838379,concat,2026
002246.SZ:2024,002246.SZ,test,0,0.5032107830047607,0.6343522071838379,concat,2026
002246.SZ:2025,002246.SZ,test,0,0.511193037033081,0.6343522071838379,concat,2026
002249.SZ:2017,002249.SZ,train,0,0.49479255080223083,0.6343522071838379,concat,2026
002249.SZ:2020,002249.SZ,train,0,0.5166544318199158,0.6343522071838379,concat,2026
002249.SZ:2021,002249.SZ,train,0,0.5094761848449707,0.6343522071838379,concat,2026
002249.SZ:2022,002249.SZ,validation,0,0.5108578205108643,0.6343522071838379,concat,2026
002249.SZ:2024,002249.SZ,test,0,0.49813711643218994,0.6343522071838379,concat,2026
002254.SZ:2017,002254.SZ,train,0,0.46883711218833923,0.6343522071838379,concat,2026
002254.SZ:2018,002254.SZ,train,0,0.4601016938686371,0.6343522071838379,concat,2026
002254.SZ:2019,002254.SZ,train,0,0.48907873034477234,0.6343522071838379,concat,2026
002254.SZ:2020,002254.SZ,train,0,0.4733605682849884,0.6343522071838379,concat,2026
002254.SZ:2021,002254.SZ,train,0,0.4718829095363617,0.6343522071838379,concat,2026
002254.SZ:2022,002254.SZ,validation,0,0.4523378908634186,0.6343522071838379,concat,2026
002254.SZ:2024,002254.SZ,test,0,0.48822230100631714,0.6343522071838379,concat,2026
002254.SZ:2025,002254.SZ,test,0,0.5035926103591919,0.6343522071838379,concat,2026
002255.SZ:2017,002255.SZ,train,0,0.5055700540542603,0.6343522071838379,concat,2026
002255.SZ:2018,002255.SZ,train,0,0.5105393528938293,0.6343522071838379,concat,2026
002255.SZ:2022,002255.SZ,validation,0,0.48658880591392517,0.6343522071838379,concat,2026
002255.SZ:2024,002255.SZ,test,0,0.4919908344745636,0.6343522071838379,concat,2026
002255.SZ:2025,002255.SZ,test,0,0.48522520065307617,0.6343522071838379,concat,2026
002256.SZ:2017,002256.SZ,train,0,0.4790624678134918,0.6343522071838379,concat,2026
002256.SZ:2018,002256.SZ,train,0,0.4801000654697418,0.6343522071838379,concat,2026
002256.SZ:2019,002256.SZ,train,1,0.5622254014015198,0.6343522071838379,concat,2026
002256.SZ:2022,002256.SZ,validation,0,0.625126838684082,0.6343522071838379,concat,2026
002256.SZ:2024,002256.SZ,test,0,0.5367286205291748,0.6343522071838379,concat,2026
002256.SZ:2025,002256.SZ,test,0,0.5619482398033142,0.6343522071838379,concat,2026
002260.SZ:2017,002260.SZ,train,0,0.512519359588623,0.6343522071838379,concat,2026
002260.SZ:2018,002260.SZ,train,1,0.6191020607948303,0.6343522071838379,concat,2026
002265.SZ:2017,002265.SZ,train,0,0.5134679079055786,0.6343522071838379,concat,2026
002265.SZ:2018,002265.SZ,train,0,0.5046647787094116,0.6343522071838379,concat,2026
002265.SZ:2019,002265.SZ,train,0,0.5336424708366394,0.6343522071838379,concat,2026
002265.SZ:2020,002265.SZ,train,0,0.5114565491676331,0.6343522071838379,concat,2026
002265.SZ:2021,002265.SZ,train,0,0.5319781303405762,0.6343522071838379,concat,2026
002265.SZ:2022,002265.SZ,validation,0,0.5106151103973389,0.6343522071838379,concat,2026
002265.SZ:2024,002265.SZ,test,0,0.4993728995323181,0.6343522071838379,concat,2026
002265.SZ:2025,002265.SZ,test,0,0.5063741207122803,0.6343522071838379,concat,2026
002267.SZ:2017,002267.SZ,train,0,0.4954925775527954,0.6343522071838379,concat,2026
002267.SZ:2018,002267.SZ,train,0,0.4994046688079834,0.6343522071838379,concat,2026
002267.SZ:2019,002267.SZ,train,0,0.5037891864776611,0.6343522071838379,concat,2026
002267.SZ:2020,002267.SZ,train,0,0.4978345036506653,0.6343522071838379,concat,2026
002267.SZ:2021,002267.SZ,train,0,0.504550039768219,0.6343522071838379,concat,2026
002267.SZ:2022,002267.SZ,validation,0,0.5015944242477417,0.6343522071838379,concat,2026
002267.SZ:2024,002267.SZ,test,0,0.4969858229160309,0.6343522071838379,concat,2026
002267.SZ:2025,002267.SZ,test,0,0.49309760332107544,0.6343522071838379,concat,2026
002271.SZ:2017,002271.SZ,train,0,0.4951185882091522,0.6343522071838379,concat,2026
002271.SZ:2018,002271.SZ,train,0,0.5026165843009949,0.6343522071838379,concat,2026
002271.SZ:2019,002271.SZ,train,0,0.49815621972084045,0.6343522071838379,concat,2026
002271.SZ:2020,002271.SZ,train,0,0.4967954754829407,0.6343522071838379,concat,2026
002271.SZ:2021,002271.SZ,train,0,0.48126649856567383,0.6343522071838379,concat,2026
002271.SZ:2022,002271.SZ,validation,0,0.4860336184501648,0.6343522071838379,concat,2026
002271.SZ:2024,002271.SZ,test,0,0.4979904890060425,0.6343522071838379,concat,2026
002271.SZ:2025,002271.SZ,test,0,0.5126782059669495,0.6343522071838379,concat,2026
002272.SZ:2017,002272.SZ,train,0,0.5181426405906677,0.6343522071838379,concat,2026
002272.SZ:2019,002272.SZ,train,0,0.5028847455978394,0.6343522071838379,concat,2026
002272.SZ:2020,002272.SZ,train,0,0.5007435083389282,0.6343522071838379,concat,2026
002272.SZ:2021,002272.SZ,train,0,0.5118576884269714,0.6343522071838379,concat,2026
002272.SZ:2022,002272.SZ,validation,0,0.5197867751121521,0.6343522071838379,concat,2026
002272.SZ:2024,002272.SZ,test,0,0.5430415272712708,0.6343522071838379,concat,2026
002272.SZ:2025,002272.SZ,test,0,0.5504869818687439,0.6343522071838379,concat,2026
002275.SZ:2017,002275.SZ,train,0,0.415030837059021,0.6343522071838379,concat,2026
002275.SZ:2019,002275.SZ,train,0,0.4247210621833801,0.6343522071838379,concat,2026
002275.SZ:2020,002275.SZ,train,0,0.42455801367759705,0.6343522071838379,concat,2026
002275.SZ:2021,002275.SZ,train,0,0.4403790533542633,0.6343522071838379,concat,2026
002275.SZ:2022,002275.SZ,validation,0,0.4546242356300354,0.6343522071838379,concat,2026
002275.SZ:2024,002275.SZ,test,0,0.45438510179519653,0.6343522071838379,concat,2026
002275.SZ:2025,002275.SZ,test,0,0.450042188167572,0.6343522071838379,concat,2026
002286.SZ:2017,002286.SZ,train,0,0.4913114309310913,0.6343522071838379,concat,2026
002286.SZ:2018,002286.SZ,train,0,0.4935835897922516,0.6343522071838379,concat,2026
002286.SZ:2019,002286.SZ,train,0,0.5053713321685791,0.6343522071838379,concat,2026
002286.SZ:2020,002286.SZ,train,0,0.5042685270309448,0.6343522071838379,concat,2026
002286.SZ:2021,002286.SZ,train,0,0.5010627508163452,0.6343522071838379,concat,2026
002286.SZ:2022,002286.SZ,validation,0,0.49235668778419495,0.6343522071838379,concat,2026
002286.SZ:2024,002286.SZ,test,0,0.500026285648346,0.6343522071838379,concat,2026
002286.SZ:2025,002286.SZ,test,0,0.49364209175109863,0.6343522071838379,concat,2026
002290.SZ:2017,002290.SZ,train,0,0.514245331287384,0.6343522071838379,concat,2026
002290.SZ:2019,002290.SZ,train,1,0.5403314828872681,0.6343522071838379,concat,2026
002290.SZ:2021,002290.SZ,train,0,0.5189273357391357,0.6343522071838379,concat,2026
002290.SZ:2022,002290.SZ,validation,0,0.5051177740097046,0.6343522071838379,concat,2026
002290.SZ:2024,002290.SZ,test,0,0.5052250623703003,0.6343522071838379,concat,2026
002290.SZ:2025,002290.SZ,test,0,0.5102546811103821,0.6343522071838379,concat,2026
002293.SZ:2017,002293.SZ,train,0,0.4733402132987976,0.6343522071838379,concat,2026
002293.SZ:2018,002293.SZ,train,0,0.4792892038822174,0.6343522071838379,concat,2026
002293.SZ:2019,002293.SZ,train,0,0.478666216135025,0.6343522071838379,concat,2026
002293.SZ:2020,002293.SZ,train,0,0.46616047620773315,0.6343522071838379,concat,2026
002293.SZ:2021,002293.SZ,train,0,0.4689575731754303,0.6343522071838379,concat,2026
002293.SZ:2022,002293.SZ,validation,0,0.47221359610557556,0.6343522071838379,concat,2026
002293.SZ:2024,002293.SZ,test,0,0.4786653220653534,0.6343522071838379,concat,2026
002293.SZ:2025,002293.SZ,test,0,0.47889289259910583,0.6343522071838379,concat,2026
002294.SZ:2017,002294.SZ,train,0,0.4074486792087555,0.6343522071838379,concat,2026
002294.SZ:2018,002294.SZ,train,0,0.38777464628219604,0.6343522071838379,concat,2026
002294.SZ:2019,002294.SZ,train,0,0.40501174330711365,0.6343522071838379,concat,2026
002294.SZ:2020,002294.SZ,train,0,0.4374690055847168,0.6343522071838379,concat,2026
002294.SZ:2021,002294.SZ,train,0,0.48839032649993896,0.6343522071838379,concat,2026
002294.SZ:2022,002294.SZ,validation,0,0.4383176863193512,0.6343522071838379,concat,2026
002294.SZ:2024,002294.SZ,test,0,0.44379234313964844,0.6343522071838379,concat,2026
002294.SZ:2025,002294.SZ,test,0,0.4512161910533905,0.6343522071838379,concat,2026
002297.SZ:2019,002297.SZ,train,0,0.4946445822715759,0.6343522071838379,concat,2026
002297.SZ:2020,002297.SZ,train,0,0.5693713426589966,0.6343522071838379,concat,2026
002297.SZ:2021,002297.SZ,train,0,0.48895227909088135,0.6343522071838379,concat,2026
002297.SZ:2022,002297.SZ,validation,0,0.4800475537776947,0.6343522071838379,concat,2026
002297.SZ:2024,002297.SZ,test,0,0.4984399080276489,0.6343522071838379,concat,2026
002308.SZ:2017,002308.SZ,train,0,0.46626535058021545,0.6343522071838379,concat,2026
002308.SZ:2018,002308.SZ,train,0,0.4622698724269867,0.6343522071838379,concat,2026
002308.SZ:2019,002308.SZ,train,0,0.46242114901542664,0.6343522071838379,concat,2026
002308.SZ:2020,002308.SZ,train,0,0.6070461273193359,0.6343522071838379,concat,2026
002308.SZ:2021,002308.SZ,train,0,0.44228410720825195,0.6343522071838379,concat,2026
002308.SZ:2022,002308.SZ,validation,0,0.5401962995529175,0.6343522071838379,concat,2026
002309.SZ:2017,002309.SZ,train,0,0.5336815118789673,0.6343522071838379,concat,2026
002309.SZ:2018,002309.SZ,train,0,0.5329962372779846,0.6343522071838379,concat,2026
002309.SZ:2019,002309.SZ,train,0,0.5383735299110413,0.6343522071838379,concat,2026
002309.SZ:2020,002309.SZ,train,0,0.5149207711219788,0.6343522071838379,concat,2026
002309.SZ:2021,002309.SZ,train,0,0.6003301739692688,0.6343522071838379,concat,2026
002309.SZ:2022,002309.SZ,validation,1,0.6343522071838379,0.6343522071838379,concat,2026
002310.SZ:2018,002310.SZ,train,0,0.49022531509399414,0.6343522071838379,concat,2026
002310.SZ:2019,002310.SZ,train,0,0.5029653906822205,0.6343522071838379,concat,2026
002310.SZ:2022,002310.SZ,validation,0,0.5437012910842896,0.6343522071838379,concat,2026
002316.SZ:2017,002316.SZ,train,0,0.5272467732429504,0.6343522071838379,concat,2026
002316.SZ:2019,002316.SZ,train,0,0.4767545461654663,0.6343522071838379,concat,2026
002316.SZ:2021,002316.SZ,train,0,0.6098942160606384,0.6343522071838379,concat,2026
002316.SZ:2024,002316.SZ,test,1,0.5589421391487122,0.6343522071838379,concat,2026
002320.SZ:2019,002320.SZ,train,0,0.390537291765213,0.6343522071838379,concat,2026
002320.SZ:2020,002320.SZ,train,0,0.3889191448688507,0.6343522071838379,concat,2026
002320.SZ:2021,002320.SZ,train,0,0.38157111406326294,0.6343522071838379,concat,2026
002320.SZ:2022,002320.SZ,validation,0,0.4510691165924072,0.6343522071838379,concat,2026
002320.SZ:2024,002320.SZ,test,0,0.4108767807483673,0.6343522071838379,concat,2026
002325.SZ:2017,002325.SZ,train,0,0.5389734506607056,0.6343522071838379,concat,2026
002325.SZ:2018,002325.SZ,train,0,0.5404074788093567,0.6343522071838379,concat,2026
002325.SZ:2021,002325.SZ,train,0,0.544634222984314,0.6343522071838379,concat,2026
002325.SZ:2022,002325.SZ,validation,0,0.5496658086776733,0.6343522071838379,concat,2026
002325.SZ:2024,002325.SZ,test,1,0.6704294085502625,0.6343522071838379,concat,2026
002332.SZ:2018,002332.SZ,train,0,0.4906587302684784,0.6343522071838379,concat,2026
002332.SZ:2019,002332.SZ,train,0,0.4891565442085266,0.6343522071838379,concat,2026
002332.SZ:2020,002332.SZ,train,0,0.4821231961250305,0.6343522071838379,concat,2026
002332.SZ:2021,002332.SZ,train,0,0.47407135367393494,0.6343522071838379,concat,2026
002332.SZ:2022,002332.SZ,validation,0,0.4699237644672394,0.6343522071838379,concat,2026
002332.SZ:2025,002332.SZ,test,0,0.46332550048828125,0.6343522071838379,concat,2026
002340.SZ:2017,002340.SZ,train,0,0.5114070177078247,0.6343522071838379,concat,2026
002340.SZ:2018,002340.SZ,train,0,0.5056320428848267,0.6343522071838379,concat,2026
002340.SZ:2020,002340.SZ,train,0,0.5063695907592773,0.6343522071838379,concat,2026
002340.SZ:2021,002340.SZ,train,0,0.5089847445487976,0.6343522071838379,concat,2026
002340.SZ:2022,002340.SZ,validation,0,0.5069642066955566,0.6343522071838379,concat,2026
002340.SZ:2024,002340.SZ,test,0,0.5129076242446899,0.6343522071838379,concat,2026
002340.SZ:2025,002340.SZ,test,0,0.5123279094696045,0.6343522071838379,concat,2026
002346.SZ:2017,002346.SZ,train,0,0.4840500056743622,0.6343522071838379,concat,2026
002346.SZ:2018,002346.SZ,train,0,0.43845808506011963,0.6343522071838379,concat,2026
002346.SZ:2021,002346.SZ,train,0,0.4813825488090515,0.6343522071838379,concat,2026
002346.SZ:2022,002346.SZ,validation,0,0.4556697607040405,0.6343522071838379,concat,2026
002346.SZ:2024,002346.SZ,test,0,0.4853905141353607,0.6343522071838379,concat,2026
002350.SZ:2017,002350.SZ,train,0,0.520859956741333,0.6343522071838379,concat,2026
002350.SZ:2018,002350.SZ,train,0,0.530388355255127,0.6343522071838379,concat,2026
002350.SZ:2019,002350.SZ,train,0,0.5247946381568909,0.6343522071838379,concat,2026
002350.SZ:2020,002350.SZ,train,0,0.520930290222168,0.6343522071838379,concat,2026
002350.SZ:2021,002350.SZ,train,0,0.5217983722686768,0.6343522071838379,concat,2026
002350.SZ:2024,002350.SZ,test,0,0.5407121181488037,0.6343522071838379,concat,2026
002350.SZ:2025,002350.SZ,test,0,0.5149045586585999,0.6343522071838379,concat,2026
002360.SZ:2018,002360.SZ,train,0,0.46435990929603577,0.6343522071838379,concat,2026
002360.SZ:2019,002360.SZ,train,0,0.44168224930763245,0.6343522071838379,concat,2026
002360.SZ:2020,002360.SZ,train,0,0.44931289553642273,0.6343522071838379,concat,2026
002360.SZ:2021,002360.SZ,train,0,0.44431519508361816,0.6343522071838379,concat,2026
002360.SZ:2022,002360.SZ,validation,0,0.4669857919216156,0.6343522071838379,concat,2026
002360.SZ:2024,002360.SZ,test,0,0.4498460292816162,0.6343522071838379,concat,2026
002360.SZ:2025,002360.SZ,test,1,0.5353408455848694,0.6343522071838379,concat,2026
002364.SZ:2017,002364.SZ,train,0,0.43428835272789,0.6343522071838379,concat,2026
002364.SZ:2018,002364.SZ,train,0,0.4588624835014343,0.6343522071838379,concat,2026
002364.SZ:2019,002364.SZ,train,0,0.47106093168258667,0.6343522071838379,concat,2026
002364.SZ:2020,002364.SZ,train,0,0.5034817457199097,0.6343522071838379,concat,2026
002364.SZ:2021,002364.SZ,train,0,0.5175212025642395,0.6343522071838379,concat,2026
002364.SZ:2022,002364.SZ,validation,0,0.5183969140052795,0.6343522071838379,concat,2026
002364.SZ:2024,002364.SZ,test,0,0.5169641971588135,0.6343522071838379,concat,2026
002364.SZ:2025,002364.SZ,test,0,0.5064210295677185,0.6343522071838379,concat,2026
002365.SZ:2017,002365.SZ,train,0,0.41043707728385925,0.6343522071838379,concat,2026
002365.SZ:2018,002365.SZ,train,0,0.45472249388694763,0.6343522071838379,concat,2026
002365.SZ:2019,002365.SZ,train,0,0.4492935836315155,0.6343522071838379,concat,2026
002365.SZ:2020,002365.SZ,train,0,0.46249261498451233,0.6343522071838379,concat,2026
002365.SZ:2021,002365.SZ,train,0,0.4649028182029724,0.6343522071838379,concat,2026
002365.SZ:2022,002365.SZ,validation,0,0.4723620116710663,0.6343522071838379,concat,2026
002365.SZ:2024,002365.SZ,test,0,0.47212299704551697,0.6343522071838379,concat,2026
002365.SZ:2025,002365.SZ,test,0,0.45377495884895325,0.6343522071838379,concat,2026
002374.SZ:2017,002374.SZ,train,0,0.5039659142494202,0.6343522071838379,concat,2026
002374.SZ:2019,002374.SZ,train,0,0.61241614818573,0.6343522071838379,concat,2026
002374.SZ:2020,002374.SZ,train,0,0.5218237042427063,0.6343522071838379,concat,2026
002374.SZ:2021,002374.SZ,train,0,0.56448894739151,0.6343522071838379,concat,2026
002374.SZ:2022,002374.SZ,validation,0,0.6322576999664307,0.6343522071838379,concat,2026
002374.SZ:2024,002374.SZ,test,0,0.5841412544250488,0.6343522071838379,concat,2026
002374.SZ:2025,002374.SZ,test,0,0.6079304814338684,0.6343522071838379,concat,2026
002378.SZ:2019,002378.SZ,train,0,0.5070207715034485,0.6343522071838379,concat,2026
002378.SZ:2020,002378.SZ,train,0,0.5409506559371948,0.6343522071838379,concat,2026
002378.SZ:2021,002378.SZ,train,0,0.500954270362854,0.6343522071838379,concat,2026
002378.SZ:2022,002378.SZ,validation,0,0.5005664229393005,0.6343522071838379,concat,2026
002378.SZ:2024,002378.SZ,test,0,0.5048230886459351,0.6343522071838379,concat,2026
002378.SZ:2025,002378.SZ,test,0,0.49757635593414307,0.6343522071838379,concat,2026
002380.SZ:2017,002380.SZ,train,0,0.4326496124267578,0.6343522071838379,concat,2026
002380.SZ:2018,002380.SZ,train,0,0.43940064311027527,0.6343522071838379,concat,2026
002380.SZ:2019,002380.SZ,train,0,0.4453617334365845,0.6343522071838379,concat,2026
002380.SZ:2020,002380.SZ,train,0,0.4638069272041321,0.6343522071838379,concat,2026
002380.SZ:2022,002380.SZ,validation,0,0.5125007629394531,0.6343522071838379,concat,2026
002380.SZ:2024,002380.SZ,test,0,0.4948435127735138,0.6343522071838379,concat,2026
002380.SZ:2025,002380.SZ,test,0,0.4871681034564972,0.6343522071838379,concat,2026
002382.SZ:2017,002382.SZ,train,0,0.46612948179244995,0.6343522071838379,concat,2026
002382.SZ:2018,002382.SZ,train,0,0.4740152359008789,0.6343522071838379,concat,2026
002382.SZ:2019,002382.SZ,train,0,0.482561856508255,0.6343522071838379,concat,2026
002382.SZ:2020,002382.SZ,train,0,0.48005571961402893,0.6343522071838379,concat,2026
002382.SZ:2021,002382.SZ,train,0,0.4521305561065674,0.6343522071838379,concat,2026
002382.SZ:2022,002382.SZ,validation,0,0.46952342987060547,0.6343522071838379,concat,2026
002382.SZ:2024,002382.SZ,test,0,0.5220538973808289,0.6343522071838379,concat,2026
002384.SZ:2017,002384.SZ,train,0,0.5302300453186035,0.6343522071838379,concat,2026
002384.SZ:2018,002384.SZ,train,0,0.5249645709991455,0.6343522071838379,concat,2026
002384.SZ:2019,002384.SZ,train,0,0.5208099484443665,0.6343522071838379,concat,2026
002384.SZ:2020,002384.SZ,train,0,0.5196771621704102,0.6343522071838379,concat,2026
002384.SZ:2021,002384.SZ,train,0,0.5116453170776367,0.6343522071838379,concat,2026
002384.SZ:2022,002384.SZ,validation,0,0.5094137787818909,0.6343522071838379,concat,2026
002384.SZ:2024,002384.SZ,test,0,0.5048034191131592,0.6343522071838379,concat,2026
002384.SZ:2025,002384.SZ,test,0,0.5109884142875671,0.6343522071838379,concat,2026
002391.SZ:2017,002391.SZ,train,0,0.4903871715068817,0.6343522071838379,concat,2026
002391.SZ:2018,002391.SZ,train,0,0.47448301315307617,0.6343522071838379,concat,2026
002391.SZ:2019,002391.SZ,train,0,0.47029104828834534,0.6343522071838379,concat,2026
002391.SZ:2020,002391.SZ,train,0,0.4747549295425415,0.6343522071838379,concat,2026
002391.SZ:2021,002391.SZ,train,0,0.49061545729637146,0.6343522071838379,concat,2026
002391.SZ:2022,002391.SZ,validation,0,0.4929645359516144,0.6343522071838379,concat,2026
002391.SZ:2024,002391.SZ,test,0,0.5079001188278198,0.6343522071838379,concat,2026
002391.SZ:2025,002391.SZ,test,0,0.5230154991149902,0.6343522071838379,concat,2026
002396.SZ:2017,002396.SZ,train,0,0.4857974350452423,0.6343522071838379,concat,2026
002396.SZ:2021,002396.SZ,train,0,0.49662652611732483,0.6343522071838379,concat,2026
002396.SZ:2022,002396.SZ,validation,0,0.495077908039093,0.6343522071838379,concat,2026
002396.SZ:2024,002396.SZ,test,0,0.4976015090942383,0.6343522071838379,concat,2026
002396.SZ:2025,002396.SZ,test,0,0.5041850209236145,0.6343522071838379,concat,2026
002402.SZ:2017,002402.SZ,train,0,0.4936094284057617,0.6343522071838379,concat,2026
002402.SZ:2018,002402.SZ,train,0,0.493337482213974,0.6343522071838379,concat,2026
002402.SZ:2019,002402.SZ,train,0,0.5006511807441711,0.6343522071838379,concat,2026
002402.SZ:2020,002402.SZ,train,0,0.49359235167503357,0.6343522071838379,concat,2026
002402.SZ:2021,002402.SZ,train,0,0.4955618977546692,0.6343522071838379,concat,2026
002402.SZ:2022,002402.SZ,validation,0,0.494486540555954,0.6343522071838379,concat,2026
002402.SZ:2024,002402.SZ,test,0,0.5115291476249695,0.6343522071838379,concat,2026
002402.SZ:2025,002402.SZ,test,0,0.5177353024482727,0.6343522071838379,concat,2026
002405.SZ:2017,002405.SZ,train,0,0.47034433484077454,0.6343522071838379,concat,2026
002405.SZ:2018,002405.SZ,train,0,0.4766779839992523,0.6343522071838379,concat,2026
002405.SZ:2019,002405.SZ,train,0,0.4655306041240692,0.6343522071838379,concat,2026
002405.SZ:2020,002405.SZ,train,0,0.4769454896450043,0.6343522071838379,concat,2026
002405.SZ:2021,002405.SZ,train,0,0.5158671736717224,0.6343522071838379,concat,2026
002405.SZ:2022,002405.SZ,validation,0,0.45930907130241394,0.6343522071838379,concat,2026
002405.SZ:2024,002405.SZ,test,0,0.5656591653823853,0.6343522071838379,concat,2026
002405.SZ:2025,002405.SZ,test,0,0.5515475273132324,0.6343522071838379,concat,2026
002410.SZ:2017,002410.SZ,train,0,0.42632636427879333,0.6343522071838379,concat,2026
002410.SZ:2018,002410.SZ,train,0,0.4338702857494354,0.6343522071838379,concat,2026
002410.SZ:2019,002410.SZ,train,0,0.46300265192985535,0.6343522071838379,concat,2026
002410.SZ:2020,002410.SZ,train,0,0.4844629764556885,0.6343522071838379,concat,2026
002410.SZ:2021,002410.SZ,train,0,0.46682384610176086,0.6343522071838379,concat,2026
002410.SZ:2022,002410.SZ,validation,0,0.46616891026496887,0.6343522071838379,concat,2026
002410.SZ:2025,002410.SZ,test,0,0.48865827918052673,0.6343522071838379,concat,2026
002413.SZ:2017,002413.SZ,train,0,0.4109572768211365,0.6343522071838379,concat,2026
002413.SZ:2018,002413.SZ,train,0,0.45203837752342224,0.6343522071838379,concat,2026
002413.SZ:2020,002413.SZ,train,0,0.49025681614875793,0.6343522071838379,concat,2026
002413.SZ:2021,002413.SZ,train,0,0.49004191160202026,0.6343522071838379,concat,2026
002413.SZ:2022,002413.SZ,validation,0,0.5332387685775757,0.6343522071838379,concat,2026
002413.SZ:2024,002413.SZ,test,0,0.5670499205589294,0.6343522071838379,concat,2026
002413.SZ:2025,002413.SZ,test,0,0.5661495923995972,0.6343522071838379,concat,2026
002418.SZ:2019,002418.SZ,train,1,0.6549462676048279,0.6343522071838379,concat,2026
002418.SZ:2022,002418.SZ,validation,0,0.5230907797813416,0.6343522071838379,concat,2026
002418.SZ:2024,002418.SZ,test,0,0.5128639936447144,0.6343522071838379,concat,2026
002418.SZ:2025,002418.SZ,test,0,0.5378974676132202,0.6343522071838379,concat,2026
002426.SZ:2022,002426.SZ,validation,0,0.5156019330024719,0.6343522071838379,concat,2026
002426.SZ:2024,002426.SZ,test,0,0.5739604234695435,0.6343522071838379,concat,2026
002426.SZ:2025,002426.SZ,test,0,0.5723962783813477,0.6343522071838379,concat,2026
002429.SZ:2017,002429.SZ,train,0,0.5034502148628235,0.6343522071838379,concat,2026
002429.SZ:2018,002429.SZ,train,0,0.5035760402679443,0.6343522071838379,concat,2026
002429.SZ:2019,002429.SZ,train,0,0.5094475746154785,0.6343522071838379,concat,2026
002429.SZ:2020,002429.SZ,train,0,0.5012753009796143,0.6343522071838379,concat,2026
002429.SZ:2022,002429.SZ,validation,0,0.5147061347961426,0.6343522071838379,concat,2026
002429.SZ:2024,002429.SZ,test,0,0.49314385652542114,0.6343522071838379,concat,2026
002429.SZ:2025,002429.SZ,test,0,0.492553174495697,0.6343522071838379,concat,2026
002433.SZ:2017,002433.SZ,train,0,0.49095290899276733,0.6343522071838379,concat,2026
002433.SZ:2018,002433.SZ,train,0,0.4911384880542755,0.6343522071838379,concat,2026
002433.SZ:2019,002433.SZ,train,0,0.49303489923477173,0.6343522071838379,concat,2026
002434.SZ:2017,002434.SZ,train,0,0.49918392300605774,0.6343522071838379,concat,2026
002434.SZ:2018,002434.SZ,train,0,0.48549365997314453,0.6343522071838379,concat,2026
000012.SZ:2017,000012.SZ,train,0,0.4384761452674866,0.6969813108444214,cross_attention,17
000012.SZ:2019,000012.SZ,train,0,0.45469895005226135,0.6969813108444214,cross_attention,17
000012.SZ:2020,000012.SZ,train,0,0.45179954171180725,0.6969813108444214,cross_attention,17
000012.SZ:2021,000012.SZ,train,0,0.4327755570411682,0.6969813108444214,cross_attention,17
000012.SZ:2022,000012.SZ,validation,0,0.39780136942863464,0.6969813108444214,cross_attention,17
000012.SZ:2024,000012.SZ,test,0,0.4371253252029419,0.6969813108444214,cross_attention,17
000018.SZ:2017,000018.SZ,train,0,0.4791991412639618,0.6969813108444214,cross_attention,17
000019.SZ:2017,000019.SZ,train,0,0.2889213263988495,0.6969813108444214,cross_attention,17
000019.SZ:2018,000019.SZ,train,0,0.46274110674858093,0.6969813108444214,cross_attention,17
000019.SZ:2020,000019.SZ,train,0,0.37256553769111633,0.6969813108444214,cross_attention,17
000019.SZ:2021,000019.SZ,train,0,0.37427234649658203,0.6969813108444214,cross_attention,17
000019.SZ:2022,000019.SZ,validation,0,0.38218969106674194,0.6969813108444214,cross_attention,17
000019.SZ:2024,000019.SZ,test,0,0.3814721703529358,0.6969813108444214,cross_attention,17
000040.SZ:2017,000040.SZ,train,0,0.4134802520275116,0.6969813108444214,cross_attention,17
000040.SZ:2022,000040.SZ,validation,0,0.5462194085121155,0.6969813108444214,cross_attention,17
000048.SZ:2020,000048.SZ,train,0,0.3130522072315216,0.6969813108444214,cross_attention,17
000048.SZ:2021,000048.SZ,train,0,0.3569123446941376,0.6969813108444214,cross_attention,17
000048.SZ:2022,000048.SZ,validation,0,0.39456334710121155,0.6969813108444214,cross_attention,17
000048.SZ:2025,000048.SZ,test,0,0.4061844050884247,0.6969813108444214,cross_attention,17
000055.SZ:2017,000055.SZ,train,0,0.40328115224838257,0.6969813108444214,cross_attention,17
000055.SZ:2019,000055.SZ,train,0,0.3053993582725525,0.6969813108444214,cross_attention,17
000055.SZ:2020,000055.SZ,train,0,0.45833227038383484,0.6969813108444214,cross_attention,17
000055.SZ:2021,000055.SZ,train,0,0.42600926756858826,0.6969813108444214,cross_attention,17
000055.SZ:2022,000055.SZ,validation,0,0.4494929313659668,0.6969813108444214,cross_attention,17
000055.SZ:2024,000055.SZ,test,0,0.45124551653862,0.6969813108444214,cross_attention,17
000055.SZ:2025,000055.SZ,test,0,0.4716143310070038,0.6969813108444214,cross_attention,17
000068.SZ:2019,000068.SZ,train,0,0.6562490463256836,0.6969813108444214,cross_attention,17
000068.SZ:2020,000068.SZ,train,0,0.5004202127456665,0.6969813108444214,cross_attention,17
000068.SZ:2021,000068.SZ,train,0,0.6681930422782898,0.6969813108444214,cross_attention,17
000068.SZ:2022,000068.SZ,validation,0,0.5618272423744202,0.6969813108444214,cross_attention,17
000068.SZ:2024,000068.SZ,test,0,0.30867427587509155,0.6969813108444214,cross_attention,17
000068.SZ:2025,000068.SZ,test,0,0.5035418272018433,0.6969813108444214,cross_attention,17
000099.SZ:2017,000099.SZ,train,0,0.46487346291542053,0.6969813108444214,cross_attention,17
000099.SZ:2018,000099.SZ,train,0,0.45210736989974976,0.6969813108444214,cross_attention,17
000099.SZ:2019,000099.SZ,train,0,0.4362771213054657,0.6969813108444214,cross_attention,17
000099.SZ:2020,000099.SZ,train,0,0.428118497133255,0.6969813108444214,cross_attention,17
000099.SZ:2021,000099.SZ,train,0,0.39420291781425476,0.6969813108444214,cross_attention,17
000099.SZ:2022,000099.SZ,validation,0,0.3555976450443268,0.6969813108444214,cross_attention,17
000419.SZ:2017,000419.SZ,train,0,0.45340582728385925,0.6969813108444214,cross_attention,17
000419.SZ:2018,000419.SZ,train,0,0.44813960790634155,0.6969813108444214,cross_attention,17
000419.SZ:2019,000419.SZ,train,0,0.4453076720237732,0.6969813108444214,cross_attention,17
000419.SZ:2020,000419.SZ,train,0,0.43775537610054016,0.6969813108444214,cross_attention,17
000419.SZ:2021,000419.SZ,train,0,0.4262975752353668,0.6969813108444214,cross_attention,17
000419.SZ:2022,000419.SZ,validation,0,0.4336046278476715,0.6969813108444214,cross_attention,17
000419.SZ:2024,000419.SZ,test,0,0.4301796555519104,0.6969813108444214,cross_attention,17
000501.SZ:2017,000501.SZ,train,0,0.4244605004787445,0.6969813108444214,cross_attention,17
000501.SZ:2018,000501.SZ,train,0,0.41161543130874634,0.6969813108444214,cross_attention,17
000501.SZ:2019,000501.SZ,train,0,0.4284914433956146,0.6969813108444214,cross_attention,17
000501.SZ:2020,000501.SZ,train,0,0.4225606322288513,0.6969813108444214,cross_attention,17
000501.SZ:2021,000501.SZ,train,0,0.4395931363105774,0.6969813108444214,cross_attention,17
000501.SZ:2022,000501.SZ,validation,0,0.42866969108581543,0.6969813108444214,cross_attention,17
000501.SZ:2024,000501.SZ,test,0,0.45812860131263733,0.6969813108444214,cross_attention,17
000501.SZ:2025,000501.SZ,test,0,0.45689645409584045,0.6969813108444214,cross_attention,17
000504.SZ:2018,000504.SZ,train,0,0.6728004813194275,0.6969813108444214,cross_attention,17
000504.SZ:2019,000504.SZ,train,1,0.6639663577079773,0.6969813108444214,cross_attention,17
000504.SZ:2021,000504.SZ,train,0,0.49020251631736755,0.6969813108444214,cross_attention,17
000504.SZ:2022,000504.SZ,validation,0,0.5894361138343811,0.6969813108444214,cross_attention,17
000504.SZ:2024,000504.SZ,test,1,0.6086997389793396,0.6969813108444214,cross_attention,17
000533.SZ:2019,000533.SZ,train,0,0.6844895482063293,0.6969813108444214,cross_attention,17
000533.SZ:2020,000533.SZ,train,0,0.5364143252372742,0.6969813108444214,cross_attention,17
000533.SZ:2021,000533.SZ,train,0,0.506345272064209,0.6969813108444214,cross_attention,17
000533.SZ:2022,000533.SZ,validation,0,0.5383089780807495,0.6969813108444214,cross_attention,17
000533.SZ:2024,000533.SZ,test,0,0.5065892338752747,0.6969813108444214,cross_attention,17
000533.SZ:2025,000533.SZ,test,0,0.5015124678611755,0.6969813108444214,cross_attention,17
000534.SZ:2020,000534.SZ,train,0,0.440440833568573,0.6969813108444214,cross_attention,17
000534.SZ:2021,000534.SZ,train,0,0.4301140010356903,0.6969813108444214,cross_attention,17
000534.SZ:2022,000534.SZ,validation,0,0.42285946011543274,0.6969813108444214,cross_attention,17
000534.SZ:2024,000534.SZ,test,0,0.4073469340801239,0.6969813108444214,cross_attention,17
000545.SZ:2017,000545.SZ,train,0,0.41079965233802795,0.6969813108444214,cross_attention,17
000545.SZ:2018,000545.SZ,train,0,0.41019073128700256,0.6969813108444214,cross_attention,17
000545.SZ:2019,000545.SZ,train,0,0.43394750356674194,0.6969813108444214,cross_attention,17
000545.SZ:2021,000545.SZ,train,0,0.5501610636711121,0.6969813108444214,cross_attention,17
000545.SZ:2022,000545.SZ,validation,0,0.45154306292533875,0.6969813108444214,cross_attention,17
000545.SZ:2024,000545.SZ,test,0,0.5298077464103699,0.6969813108444214,cross_attention,17
000545.SZ:2025,000545.SZ,test,0,0.5647319555282593,0.6969813108444214,cross_attention,17
000553.SZ:2017,000553.SZ,train,0,0.5009472966194153,0.6969813108444214,cross_attention,17
000555.SZ:2017,000555.SZ,train,0,0.4926989674568176,0.6969813108444214,cross_attention,17
000555.SZ:2022,000555.SZ,validation,0,0.44641560316085815,0.6969813108444214,cross_attention,17
000555.SZ:2024,000555.SZ,test,0,0.48198962211608887,0.6969813108444214,cross_attention,17
000555.SZ:2025,000555.SZ,test,0,0.5136834979057312,0.6969813108444214,cross_attention,17
000557.SZ:2020,000557.SZ,train,0,0.36087316274642944,0.6969813108444214,cross_attention,17
000557.SZ:2021,000557.SZ,train,0,0.3281187415122986,0.6969813108444214,cross_attention,17
000557.SZ:2022,000557.SZ,validation,0,0.32333308458328247,0.6969813108444214,cross_attention,17
000557.SZ:2024,000557.SZ,test,0,0.2963307201862335,0.6969813108444214,cross_attention,17
000557.SZ:2025,000557.SZ,test,0,0.3432105481624603,0.6969813108444214,cross_attention,17
000576.SZ:2017,000576.SZ,train,0,0.40625426173210144,0.6969813108444214,cross_attention,17
000576.SZ:2021,000576.SZ,train,0,0.23469647765159607,0.6969813108444214,cross_attention,17
000576.SZ:2022,000576.SZ,validation,0,0.3540189564228058,0.6969813108444214,cross_attention,17
000576.SZ:2024,000576.SZ,test,0,0.5697371363639832,0.6969813108444214,cross_attention,17
000576.SZ:2025,000576.SZ,test,0,0.36334022879600525,0.6969813108444214,cross_attention,17
000581.SZ:2017,000581.SZ,train,0,0.3412841856479645,0.6969813108444214,cross_attention,17
000581.SZ:2018,000581.SZ,train,0,0.333187073469162,0.6969813108444214,cross_attention,17
000581.SZ:2019,000581.SZ,train,0,0.3382788896560669,0.6969813108444214,cross_attention,17
000581.SZ:2020,000581.SZ,train,0,0.36298972368240356,0.6969813108444214,cross_attention,17
000581.SZ:2021,000581.SZ,train,0,0.368618369102478,0.6969813108444214,cross_attention,17
000581.SZ:2022,000581.SZ,validation,0,0.3714762330055237,0.6969813108444214,cross_attention,17
000581.SZ:2024,000581.SZ,test,0,0.41215813159942627,0.6969813108444214,cross_attention,17
000581.SZ:2025,000581.SZ,test,0,0.42035603523254395,0.6969813108444214,cross_attention,17
000585.SZ:2017,000585.SZ,train,1,0.7453201413154602,0.6969813108444214,cross_attention,17
000589.SZ:2020,000589.SZ,train,0,0.4628341495990753,0.6969813108444214,cross_attention,17
000589.SZ:2021,000589.SZ,train,0,0.3928546607494354,0.6969813108444214,cross_attention,17
000589.SZ:2022,000589.SZ,validation,0,0.45590755343437195,0.6969813108444214,cross_attention,17
000589.SZ:2024,000589.SZ,test,0,0.43974411487579346,0.6969813108444214,cross_attention,17
000589.SZ:2025,000589.SZ,test,0,0.45755666494369507,0.6969813108444214,cross_attention,17
000593.SZ:2017,000593.SZ,train,0,0.5267554521560669,0.6969813108444214,cross_attention,17
000593.SZ:2018,000593.SZ,train,0,0.44787731766700745,0.6969813108444214,cross_attention,17
000593.SZ:2019,000593.SZ,train,0,0.5994616150856018,0.6969813108444214,cross_attention,17
000593.SZ:2020,000593.SZ,train,0,0.47135379910469055,0.6969813108444214,cross_attention,17
000593.SZ:2021,000593.SZ,train,0,0.4680597484111786,0.6969813108444214,cross_attention,17
000593.SZ:2022,000593.SZ,validation,0,0.4589674174785614,0.6969813108444214,cross_attention,17
000593.SZ:2025,000593.SZ,test,0,0.4775843024253845,0.6969813108444214,cross_attention,17
000598.SZ:2017,000598.SZ,train,0,0.3905801475048065,0.6969813108444214,cross_attention,17
000598.SZ:2019,000598.SZ,train,0,0.3991212248802185,0.6969813108444214,cross_attention,17
000598.SZ:2020,000598.SZ,train,0,0.40471741557121277,0.6969813108444214,cross_attention,17
000598.SZ:2021,000598.SZ,train,0,0.3972257971763611,0.6969813108444214,cross_attention,17
000598.SZ:2022,000598.SZ,validation,0,0.4024149179458618,0.6969813108444214,cross_attention,17
000598.SZ:2024,000598.SZ,test,0,0.4018891453742981,0.6969813108444214,cross_attention,17
000598.SZ:2025,000598.SZ,test,0,0.40506085753440857,0.6969813108444214,cross_attention,17
000599.SZ:2017,000599.SZ,train,0,0.48855680227279663,0.6969813108444214,cross_attention,17
000599.SZ:2018,000599.SZ,train,0,0.4823104739189148,0.6969813108444214,cross_attention,17
000599.SZ:2019,000599.SZ,train,0,0.4846212565898895,0.6969813108444214,cross_attention,17
000599.SZ:2020,000599.SZ,train,0,0.5307649970054626,0.6969813108444214,cross_attention,17
000599.SZ:2021,000599.SZ,train,0,0.5008304715156555,0.6969813108444214,cross_attention,17
000599.SZ:2022,000599.SZ,validation,0,0.539546012878418,0.6969813108444214,cross_attention,17
000599.SZ:2024,000599.SZ,test,0,0.5213342308998108,0.6969813108444214,cross_attention,17
000599.SZ:2025,000599.SZ,test,0,0.548356831073761,0.6969813108444214,cross_attention,17
000610.SZ:2020,000610.SZ,train,0,0.48239806294441223,0.6969813108444214,cross_attention,17
000610.SZ:2021,000610.SZ,train,0,0.42411330342292786,0.6969813108444214,cross_attention,17
000610.SZ:2022,000610.SZ,validation,0,0.5400859713554382,0.6969813108444214,cross_attention,17
000610.SZ:2024,000610.SZ,test,0,0.611881673336029,0.6969813108444214,cross_attention,17
000610.SZ:2025,000610.SZ,test,1,0.6962123513221741,0.6969813108444214,cross_attention,17
000612.SZ:2020,000612.SZ,train,0,0.4665347933769226,0.6969813108444214,cross_attention,17
000612.SZ:2021,000612.SZ,train,0,0.4125184416770935,0.6969813108444214,cross_attention,17
000612.SZ:2022,000612.SZ,validation,0,0.4104686677455902,0.6969813108444214,cross_attention,17
000612.SZ:2024,000612.SZ,test,0,0.41281425952911377,0.6969813108444214,cross_attention,17
000612.SZ:2025,000612.SZ,test,0,0.4072587788105011,0.6969813108444214,cross_attention,17
000626.SZ:2017,000626.SZ,train,0,0.4337466359138489,0.6969813108444214,cross_attention,17
000626.SZ:2018,000626.SZ,train,0,0.5038444995880127,0.6969813108444214,cross_attention,17
000626.SZ:2020,000626.SZ,train,0,0.454413503408432,0.6969813108444214,cross_attention,17
000626.SZ:2021,000626.SZ,train,0,0.46242257952690125,0.6969813108444214,cross_attention,17
000626.SZ:2022,000626.SZ,validation,0,0.45792290568351746,0.6969813108444214,cross_attention,17
000626.SZ:2024,000626.SZ,test,0,0.4979237914085388,0.6969813108444214,cross_attention,17
000626.SZ:2025,000626.SZ,test,0,0.48781344294548035,0.6969813108444214,cross_attention,17
000629.SZ:2019,000629.SZ,train,0,0.338019996881485,0.6969813108444214,cross_attention,17
000629.SZ:2020,000629.SZ,train,0,0.37050068378448486,0.6969813108444214,cross_attention,17
000629.SZ:2021,000629.SZ,train,0,0.39388617873191833,0.6969813108444214,cross_attention,17
000629.SZ:2022,000629.SZ,validation,0,0.39004310965538025,0.6969813108444214,cross_attention,17
000629.SZ:2024,000629.SZ,test,0,0.37772414088249207,0.6969813108444214,cross_attention,17
000629.SZ:2025,000629.SZ,test,0,0.38882821798324585,0.6969813108444214,cross_attention,17
000633.SZ:2018,000633.SZ,train,0,0.564595103263855,0.6969813108444214,cross_attention,17
000633.SZ:2019,000633.SZ,train,0,0.4809523820877075,0.6969813108444214,cross_attention,17
000633.SZ:2022,000633.SZ,validation,0,0.4541151821613312,0.6969813108444214,cross_attention,17
000633.SZ:2024,000633.SZ,test,0,0.40188220143318176,0.6969813108444214,cross_attention,17
000633.SZ:2025,000633.SZ,test,0,0.46292752027511597,0.6969813108444214,cross_attention,17
000635.SZ:2018,000635.SZ,train,0,0.4017355442047119,0.6969813108444214,cross_attention,17
000635.SZ:2019,000635.SZ,train,0,0.4374091327190399,0.6969813108444214,cross_attention,17
000635.SZ:2021,000635.SZ,train,0,0.39348354935646057,0.6969813108444214,cross_attention,17
000635.SZ:2022,000635.SZ,validation,0,0.40505078434944153,0.6969813108444214,cross_attention,17
000650.SZ:2017,000650.SZ,train,0,0.3687516152858734,0.6969813108444214,cross_attention,17
000650.SZ:2019,000650.SZ,train,0,0.34180372953414917,0.6969813108444214,cross_attention,17
000650.SZ:2020,000650.SZ,train,0,0.31430143117904663,0.6969813108444214,cross_attention,17
000650.SZ:2021,000650.SZ,train,0,0.3050362169742584,0.6969813108444214,cross_attention,17
000650.SZ:2022,000650.SZ,validation,0,0.3373200595378876,0.6969813108444214,cross_attention,17
000650.SZ:2024,000650.SZ,test,0,0.31138038635253906,0.6969813108444214,cross_attention,17
000650.SZ:2025,000650.SZ,test,0,0.2798362076282501,0.6969813108444214,cross_attention,17
000652.SZ:2017,000652.SZ,train,0,0.4233871102333069,0.6969813108444214,cross_attention,17
000652.SZ:2018,000652.SZ,train,0,0.42448604106903076,0.6969813108444214,cross_attention,17
000652.SZ:2019,000652.SZ,train,0,0.4428158104419708,0.6969813108444214,cross_attention,17
000652.SZ:2020,000652.SZ,train,0,0.4514327347278595,0.6969813108444214,cross_attention,17
000655.SZ:2017,000655.SZ,train,1,0.6709502339363098,0.6969813108444214,cross_attention,17
000655.SZ:2019,000655.SZ,train,0,0.3642163574695587,0.6969813108444214,cross_attention,17
000655.SZ:2020,000655.SZ,train,0,0.32482779026031494,0.6969813108444214,cross_attention,17
000655.SZ:2021,000655.SZ,train,0,0.2927294671535492,0.6969813108444214,cross_attention,17
000655.SZ:2022,000655.SZ,validation,0,0.2648121118545532,0.6969813108444214,cross_attention,17
000655.SZ:2024,000655.SZ,test,0,0.26001712679862976,0.6969813108444214,cross_attention,17
000655.SZ:2025,000655.SZ,test,0,0.2834727466106415,0.6969813108444214,cross_attention,17
000656.SZ:2020,000656.SZ,train,0,0.347848117351532,0.6969813108444214,cross_attention,17
000656.SZ:2021,000656.SZ,train,0,0.3497123122215271,0.6969813108444214,cross_attention,17
000656.SZ:2022,000656.SZ,validation,0,0.36493489146232605,0.6969813108444214,cross_attention,17
000662.SZ:2018,000662.SZ,train,0,0.36544090509414673,0.6969813108444214,cross_attention,17
000665.SZ:2024,000665.SZ,test,0,0.5987022519111633,0.6969813108444214,cross_attention,17
000668.SZ:2017,000668.SZ,train,0,0.5269936323165894,0.6969813108444214,cross_attention,17
000668.SZ:2019,000668.SZ,train,0,0.35995882749557495,0.6969813108444214,cross_attention,17
000668.SZ:2021,000668.SZ,train,0,0.4058268070220947,0.6969813108444214,cross_attention,17
000668.SZ:2024,000668.SZ,test,1,0.49241015315055847,0.6969813108444214,cross_attention,17
000670.SZ:2017,000670.SZ,train,0,0.3956514596939087,0.6969813108444214,cross_attention,17
000670.SZ:2024,000670.SZ,test,0,0.543287456035614,0.6969813108444214,cross_attention,17
000670.SZ:2025,000670.SZ,test,0,0.5403736233711243,0.6969813108444214,cross_attention,17
000695.SZ:2017,000695.SZ,train,0,0.5087006092071533,0.6969813108444214,cross_attention,17
000695.SZ:2018,000695.SZ,train,0,0.5104405283927917,0.6969813108444214,cross_attention,17
000695.SZ:2019,000695.SZ,train,0,0.44694000482559204,0.6969813108444214,cross_attention,17
000695.SZ:2020,000695.SZ,train,0,0.47777220606803894,0.6969813108444214,cross_attention,17
000695.SZ:2021,000695.SZ,train,0,0.5366260409355164,0.6969813108444214,cross_attention,17
000695.SZ:2024,000695.SZ,test,0,0.5586899518966675,0.6969813108444214,cross_attention,17
000695.SZ:2025,000695.SZ,test,0,0.5270121097564697,0.6969813108444214,cross_attention,17
000709.SZ:2017,000709.SZ,train,0,0.45859023928642273,0.6969813108444214,cross_attention,17
000709.SZ:2020,000709.SZ,train,0,0.45545852184295654,0.6969813108444214,cross_attention,17
000709.SZ:2021,000709.SZ,train,0,0.45688390731811523,0.6969813108444214,cross_attention,17
000709.SZ:2022,000709.SZ,validation,0,0.4546704590320587,0.6969813108444214,cross_attention,17
000709.SZ:2024,000709.SZ,test,0,0.46359357237815857,0.6969813108444214,cross_attention,17
000709.SZ:2025,000709.SZ,test,0,0.46638211607933044,0.6969813108444214,cross_attention,17
000715.SZ:2017,000715.SZ,train,0,0.4377337694168091,0.6969813108444214,cross_attention,17
000715.SZ:2018,000715.SZ,train,0,0.4440461993217468,0.6969813108444214,cross_attention,17
000715.SZ:2019,000715.SZ,train,0,0.44029557704925537,0.6969813108444214,cross_attention,17
000715.SZ:2020,000715.SZ,train,0,0.4211873412132263,0.6969813108444214,cross_attention,17
000715.SZ:2021,000715.SZ,train,0,0.39851197600364685,0.6969813108444214,cross_attention,17
000715.SZ:2022,000715.SZ,validation,0,0.379550576210022,0.6969813108444214,cross_attention,17
000715.SZ:2024,000715.SZ,test,0,0.36222702264785767,0.6969813108444214,cross_attention,17
000715.SZ:2025,000715.SZ,test,0,0.40379345417022705,0.6969813108444214,cross_attention,17
000718.SZ:2018,000718.SZ,train,0,0.3259066939353943,0.6969813108444214,cross_attention,17
000718.SZ:2019,000718.SZ,train,0,0.30639272928237915,0.6969813108444214,cross_attention,17
000718.SZ:2020,000718.SZ,train,0,0.2883836627006531,0.6969813108444214,cross_attention,17
000718.SZ:2021,000718.SZ,train,0,0.3054603934288025,0.6969813108444214,cross_attention,17
000718.SZ:2022,000718.SZ,validation,0,0.31623950600624084,0.6969813108444214,cross_attention,17
000718.SZ:2024,000718.SZ,test,0,0.34835284948349,0.6969813108444214,cross_attention,17
000718.SZ:2025,000718.SZ,test,0,0.3592070937156677,0.6969813108444214,cross_attention,17
000727.SZ:2017,000727.SZ,train,0,0.4998880922794342,0.6969813108444214,cross_attention,17
000727.SZ:2021,000727.SZ,train,0,0.4732700288295746,0.6969813108444214,cross_attention,17
000739.SZ:2018,000739.SZ,train,0,0.4674884080886841,0.6969813108444214,cross_attention,17
000739.SZ:2019,000739.SZ,train,0,0.44035860896110535,0.6969813108444214,cross_attention,17
000739.SZ:2020,000739.SZ,train,0,0.41974928975105286,0.6969813108444214,cross_attention,17
000739.SZ:2021,000739.SZ,train,0,0.4048146605491638,0.6969813108444214,cross_attention,17
000739.SZ:2022,000739.SZ,validation,0,0.4085995554924011,0.6969813108444214,cross_attention,17
000739.SZ:2024,000739.SZ,test,0,0.41846758127212524,0.6969813108444214,cross_attention,17
000739.SZ:2025,000739.SZ,test,0,0.423380970954895,0.6969813108444214,cross_attention,17
000786.SZ:2020,000786.SZ,train,0,0.4498802721500397,0.6969813108444214,cross_attention,17
000786.SZ:2021,000786.SZ,train,0,0.3886960446834564,0.6969813108444214,cross_attention,17
000786.SZ:2022,000786.SZ,validation,0,0.380122572183609,0.6969813108444214,cross_attention,17
000786.SZ:2024,000786.SZ,test,0,0.37770238518714905,0.6969813108444214,cross_attention,17
000786.SZ:2025,000786.SZ,test,0,0.39486628770828247,0.6969813108444214,cross_attention,17
000797.SZ:2017,000797.SZ,train,0,0.3601361811161041,0.6969813108444214,cross_attention,17
000797.SZ:2018,000797.SZ,train,0,0.38328543305397034,0.6969813108444214,cross_attention,17
000797.SZ:2019,000797.SZ,train,0,0.3447383642196655,0.6969813108444214,cross_attention,17
000797.SZ:2020,000797.SZ,train,0,0.3585062623023987,0.6969813108444214,cross_attention,17
000797.SZ:2021,000797.SZ,train,0,0.35727882385253906,0.6969813108444214,cross_attention,17
000797.SZ:2022,000797.SZ,validation,0,0.3749817907810211,0.6969813108444214,cross_attention,17
000797.SZ:2024,000797.SZ,test,0,0.3618975281715393,0.6969813108444214,cross_attention,17
000797.SZ:2025,000797.SZ,test,0,0.367383748292923,0.6969813108444214,cross_attention,17
000800.SZ:2017,000800.SZ,train,0,0.5246583223342896,0.6969813108444214,cross_attention,17
000800.SZ:2019,000800.SZ,train,0,0.4767790138721466,0.6969813108444214,cross_attention,17
000800.SZ:2020,000800.SZ,train,0,0.47501519322395325,0.6969813108444214,cross_attention,17
000800.SZ:2021,000800.SZ,train,0,0.4135383069515228,0.6969813108444214,cross_attention,17
000800.SZ:2022,000800.SZ,validation,0,0.42771708965301514,0.6969813108444214,cross_attention,17
000800.SZ:2024,000800.SZ,test,0,0.4636043906211853,0.6969813108444214,cross_attention,17
000800.SZ:2025,000800.SZ,test,0,0.4705543518066406,0.6969813108444214,cross_attention,17
000807.SZ:2017,000807.SZ,train,0,0.4639182686805725,0.6969813108444214,cross_attention,17
000807.SZ:2019,000807.SZ,train,0,0.5425395965576172,0.6969813108444214,cross_attention,17
000807.SZ:2020,000807.SZ,train,0,0.45983076095581055,0.6969813108444214,cross_attention,17
000807.SZ:2021,000807.SZ,train,0,0.4435212314128876,0.6969813108444214,cross_attention,17
000807.SZ:2022,000807.SZ,validation,0,0.4069342315196991,0.6969813108444214,cross_attention,17
000807.SZ:2024,000807.SZ,test,0,0.3910830616950989,0.6969813108444214,cross_attention,17
000821.SZ:2022,000821.SZ,validation,0,0.4544985890388489,0.6969813108444214,cross_attention,17
000821.SZ:2024,000821.SZ,test,0,0.4223887324333191,0.6969813108444214,cross_attention,17
000821.SZ:2025,000821.SZ,test,1,0.433389812707901,0.6969813108444214,cross_attention,17
000822.SZ:2020,000822.SZ,train,0,0.4264374077320099,0.6969813108444214,cross_attention,17
000823.SZ:2017,000823.SZ,train,0,0.44583502411842346,0.6969813108444214,cross_attention,17
000823.SZ:2018,000823.SZ,train,0,0.4551560580730438,0.6969813108444214,cross_attention,17
000823.SZ:2019,000823.SZ,train,0,0.4513908624649048,0.6969813108444214,cross_attention,17
000823.SZ:2020,000823.SZ,train,0,0.44479212164878845,0.6969813108444214,cross_attention,17
000823.SZ:2021,000823.SZ,train,0,0.4478433132171631,0.6969813108444214,cross_attention,17
000823.SZ:2022,000823.SZ,validation,0,0.45156440138816833,0.6969813108444214,cross_attention,17
000823.SZ:2024,000823.SZ,test,0,0.4581294655799866,0.6969813108444214,cross_attention,17
000823.SZ:2025,000823.SZ,test,0,0.45880797505378723,0.6969813108444214,cross_attention,17
000830.SZ:2017,000830.SZ,train,0,0.4602930545806885,0.6969813108444214,cross_attention,17
000830.SZ:2018,000830.SZ,train,0,0.41040968894958496,0.6969813108444214,cross_attention,17
000830.SZ:2019,000830.SZ,train,0,0.3910370469093323,0.6969813108444214,cross_attention,17
000830.SZ:2020,000830.SZ,train,0,0.42348217964172363,0.6969813108444214,cross_attention,17
000830.SZ:2021,000830.SZ,train,0,0.4490429759025574,0.6969813108444214,cross_attention,17
000830.SZ:2022,000830.SZ,validation,0,0.37634703516960144,0.6969813108444214,cross_attention,17
000830.SZ:2024,000830.SZ,test,0,0.45508986711502075,0.6969813108444214,cross_attention,17
000830.SZ:2025,000830.SZ,test,0,0.4354323744773865,0.6969813108444214,cross_attention,17
000835.SZ:2018,000835.SZ,train,0,0.3501777648925781,0.6969813108444214,cross_attention,17
000835.SZ:2019,000835.SZ,train,0,0.7894089818000793,0.6969813108444214,cross_attention,17
000850.SZ:2017,000850.SZ,train,0,0.4753301739692688,0.6969813108444214,cross_attention,17
000850.SZ:2018,000850.SZ,train,0,0.4719250798225403,0.6969813108444214,cross_attention,17
000850.SZ:2019,000850.SZ,train,0,0.46905720233917236,0.6969813108444214,cross_attention,17
000850.SZ:2021,000850.SZ,train,0,0.4326404333114624,0.6969813108444214,cross_attention,17
000850.SZ:2022,000850.SZ,validation,0,0.3919268846511841,0.6969813108444214,cross_attention,17
000850.SZ:2024,000850.SZ,test,0,0.4591180384159088,0.6969813108444214,cross_attention,17
000850.SZ:2025,000850.SZ,test,0,0.42424172163009644,0.6969813108444214,cross_attention,17
000861.SZ:2017,000861.SZ,train,0,0.4014204442501068,0.6969813108444214,cross_attention,17
000861.SZ:2019,000861.SZ,train,0,0.41654452681541443,0.6969813108444214,cross_attention,17
000861.SZ:2020,000861.SZ,train,0,0.4070541560649872,0.6969813108444214,cross_attention,17
000861.SZ:2021,000861.SZ,train,0,0.43057170510292053,0.6969813108444214,cross_attention,17
000861.SZ:2022,000861.SZ,validation,0,0.615960955619812,0.6969813108444214,cross_attention,17
000868.SZ:2021,000868.SZ,train,0,0.48482611775398254,0.6969813108444214,cross_attention,17
000868.SZ:2022,000868.SZ,validation,0,0.6484571695327759,0.6969813108444214,cross_attention,17
000883.SZ:2017,000883.SZ,train,0,0.4075426757335663,0.6969813108444214,cross_attention,17
000883.SZ:2018,000883.SZ,train,0,0.412943035364151,0.6969813108444214,cross_attention,17
000883.SZ:2019,000883.SZ,train,0,0.42284372448921204,0.6969813108444214,cross_attention,17
000883.SZ:2020,000883.SZ,train,0,0.4354071021080017,0.6969813108444214,cross_attention,17
000883.SZ:2021,000883.SZ,train,0,0.42038556933403015,0.6969813108444214,cross_attention,17
000883.SZ:2022,000883.SZ,validation,0,0.4342537820339203,0.6969813108444214,cross_attention,17
000883.SZ:2024,000883.SZ,test,0,0.4418065845966339,0.6969813108444214,cross_attention,17
000890.SZ:2017,000890.SZ,train,0,0.4325922727584839,0.6969813108444214,cross_attention,17
000890.SZ:2019,000890.SZ,train,1,0.5070397257804871,0.6969813108444214,cross_attention,17
000890.SZ:2022,000890.SZ,validation,0,0.4327428638935089,0.6969813108444214,cross_attention,17
000890.SZ:2024,000890.SZ,test,0,0.5980935096740723,0.6969813108444214,cross_attention,17
000890.SZ:2025,000890.SZ,test,0,0.7269594073295593,0.6969813108444214,cross_attention,17
000897.SZ:2021,000897.SZ,train,0,0.34597551822662354,0.6969813108444214,cross_attention,17
000897.SZ:2024,000897.SZ,test,0,0.29694974422454834,0.6969813108444214,cross_attention,17
000903.SZ:2017,000903.SZ,train,0,0.4481608271598816,0.6969813108444214,cross_attention,17
000903.SZ:2018,000903.SZ,train,0,0.45752203464508057,0.6969813108444214,cross_attention,17
000903.SZ:2019,000903.SZ,train,0,0.47214585542678833,0.6969813108444214,cross_attention,17
000903.SZ:2020,000903.SZ,train,0,0.48093104362487793,0.6969813108444214,cross_attention,17
000903.SZ:2021,000903.SZ,train,0,0.4648027718067169,0.6969813108444214,cross_attention,17
000903.SZ:2022,000903.SZ,validation,0,0.4827081859111786,0.6969813108444214,cross_attention,17
000903.SZ:2024,000903.SZ,test,0,0.5969675183296204,0.6969813108444214,cross_attention,17
000903.SZ:2025,000903.SZ,test,1,0.6350021362304688,0.6969813108444214,cross_attention,17
000920.SZ:2017,000920.SZ,train,0,0.40294188261032104,0.6969813108444214,cross_attention,17
000920.SZ:2018,000920.SZ,train,0,0.4160294532775879,0.6969813108444214,cross_attention,17
000920.SZ:2019,000920.SZ,train,0,0.43087145686149597,0.6969813108444214,cross_attention,17
000920.SZ:2020,000920.SZ,train,0,0.4215548634529114,0.6969813108444214,cross_attention,17
000920.SZ:2021,000920.SZ,train,0,0.4241275191307068,0.6969813108444214,cross_attention,17
000920.SZ:2022,000920.SZ,validation,0,0.4166273772716522,0.6969813108444214,cross_attention,17
000920.SZ:2024,000920.SZ,test,0,0.4039183557033539,0.6969813108444214,cross_attention,17
000920.SZ:2025,000920.SZ,test,0,0.40165719389915466,0.6969813108444214,cross_attention,17
000925.SZ:2017,000925.SZ,train,0,0.5749525427818298,0.6969813108444214,cross_attention,17
000925.SZ:2018,000925.SZ,train,0,0.492519736289978,0.6969813108444214,cross_attention,17
000925.SZ:2019,000925.SZ,train,0,0.5120907425880432,0.6969813108444214,cross_attention,17
000925.SZ:2020,000925.SZ,train,0,0.5038830637931824,0.6969813108444214,cross_attention,17
000925.SZ:2021,000925.SZ,train,0,0.5135603547096252,0.6969813108444214,cross_attention,17
000925.SZ:2022,000925.SZ,validation,0,0.4754956066608429,0.6969813108444214,cross_attention,17
000925.SZ:2024,000925.SZ,test,0,0.4973197877407074,0.6969813108444214,cross_attention,17
000925.SZ:2025,000925.SZ,test,0,0.49050232768058777,0.6969813108444214,cross_attention,17
000933.SZ:2018,000933.SZ,train,0,0.45028409361839294,0.6969813108444214,cross_attention,17
000933.SZ:2019,000933.SZ,train,0,0.46704918146133423,0.6969813108444214,cross_attention,17
000933.SZ:2020,000933.SZ,train,0,0.4503684639930725,0.6969813108444214,cross_attention,17
000933.SZ:2021,000933.SZ,train,0,0.4626140296459198,0.6969813108444214,cross_attention,17
000933.SZ:2022,000933.SZ,validation,0,0.4114314019680023,0.6969813108444214,cross_attention,17
000933.SZ:2024,000933.SZ,test,0,0.37596750259399414,0.6969813108444214,cross_attention,17
000933.SZ:2025,000933.SZ,test,0,0.40319502353668213,0.6969813108444214,cross_attention,17
000937.SZ:2017,000937.SZ,train,0,0.49462416768074036,0.6969813108444214,cross_attention,17
000937.SZ:2018,000937.SZ,train,0,0.4548598527908325,0.6969813108444214,cross_attention,17
000937.SZ:2019,000937.SZ,train,0,0.4522647261619568,0.6969813108444214,cross_attention,17
000937.SZ:2020,000937.SZ,train,0,0.44498831033706665,0.6969813108444214,cross_attention,17
000937.SZ:2024,000937.SZ,test,0,0.3739379942417145,0.6969813108444214,cross_attention,17
000982.SZ:2022,000982.SZ,validation,0,0.2977413535118103,0.6969813108444214,cross_attention,17
000989.SZ:2017,000989.SZ,train,0,0.3058244585990906,0.6969813108444214,cross_attention,17
000989.SZ:2020,000989.SZ,train,0,0.41221827268600464,0.6969813108444214,cross_attention,17
000989.SZ:2021,000989.SZ,train,0,0.41057366132736206,0.6969813108444214,cross_attention,17
000989.SZ:2022,000989.SZ,validation,0,0.418797105550766,0.6969813108444214,cross_attention,17
000990.SZ:2020,000990.SZ,train,0,0.4584541916847229,0.6969813108444214,cross_attention,17
000990.SZ:2021,000990.SZ,train,0,0.46908023953437805,0.6969813108444214,cross_attention,17
000990.SZ:2022,000990.SZ,validation,0,0.4310036599636078,0.6969813108444214,cross_attention,17
000990.SZ:2024,000990.SZ,test,0,0.47009557485580444,0.6969813108444214,cross_attention,17
000990.SZ:2025,000990.SZ,test,0,0.46720585227012634,0.6969813108444214,cross_attention,17
001201.SZ:2024,001201.SZ,test,0,0.6238894462585449,0.6969813108444214,cross_attention,17
001201.SZ:2025,001201.SZ,test,0,0.5009273886680603,0.6969813108444214,cross_attention,17
001215.SZ:2025,001215.SZ,test,0,0.4313552677631378,0.6969813108444214,cross_attention,17
001216.SZ:2025,001216.SZ,test,0,0.34268221259117126,0.6969813108444214,cross_attention,17
001296.SZ:2025,001296.SZ,test,0,0.38644763827323914,0.6969813108444214,cross_attention,17
002002.SZ:2022,002002.SZ,validation,0,0.43906062841415405,0.6969813108444214,cross_attention,17
002014.SZ:2017,002014.SZ,train,0,0.39506566524505615,0.6969813108444214,cross_attention,17
002014.SZ:2018,002014.SZ,train,0,0.3995126485824585,0.6969813108444214,cross_attention,17
002014.SZ:2019,002014.SZ,train,0,0.4051094651222229,0.6969813108444214,cross_attention,17
002014.SZ:2020,002014.SZ,train,0,0.3960864841938019,0.6969813108444214,cross_attention,17
002014.SZ:2021,002014.SZ,train,0,0.4030075669288635,0.6969813108444214,cross_attention,17
002014.SZ:2022,002014.SZ,validation,0,0.40652450919151306,0.6969813108444214,cross_attention,17
002014.SZ:2024,002014.SZ,test,0,0.4040316641330719,0.6969813108444214,cross_attention,17
002016.SZ:2017,002016.SZ,train,0,0.3786451518535614,0.6969813108444214,cross_attention,17
002016.SZ:2018,002016.SZ,train,0,0.2811531722545624,0.6969813108444214,cross_attention,17
002016.SZ:2019,002016.SZ,train,0,0.27846869826316833,0.6969813108444214,cross_attention,17
002016.SZ:2020,002016.SZ,train,0,0.3091188967227936,0.6969813108444214,cross_attention,17
002016.SZ:2021,002016.SZ,train,0,0.31099873781204224,0.6969813108444214,cross_attention,17
002016.SZ:2022,002016.SZ,validation,0,0.29483333230018616,0.6969813108444214,cross_attention,17
002016.SZ:2024,002016.SZ,test,0,0.3543650209903717,0.6969813108444214,cross_attention,17
002016.SZ:2025,002016.SZ,test,0,0.3868155777454376,0.6969813108444214,cross_attention,17
002021.SZ:2017,002021.SZ,train,0,0.47457271814346313,0.6969813108444214,cross_attention,17
002021.SZ:2018,002021.SZ,train,1,0.5482348799705505,0.6969813108444214,cross_attention,17
002021.SZ:2025,002021.SZ,test,0,0.42888298630714417,0.6969813108444214,cross_attention,17
002027.SZ:2019,002027.SZ,train,0,0.28618714213371277,0.6969813108444214,cross_attention,17
002027.SZ:2020,002027.SZ,train,0,0.3790336847305298,0.6969813108444214,cross_attention,17
002027.SZ:2021,002027.SZ,train,0,0.30766764283180237,0.6969813108444214,cross_attention,17
002027.SZ:2022,002027.SZ,validation,0,0.2926371693611145,0.6969813108444214,cross_attention,17
002027.SZ:2024,002027.SZ,test,0,0.29508790373802185,0.6969813108444214,cross_attention,17
002027.SZ:2025,002027.SZ,test,0,0.2848013639450073,0.6969813108444214,cross_attention,17
002033.SZ:2019,002033.SZ,train,0,0.22457222640514374,0.6969813108444214,cross_attention,17
002033.SZ:2020,002033.SZ,train,0,0.22248825430870056,0.6969813108444214,cross_attention,17
002033.SZ:2021,002033.SZ,train,0,0.2733111083507538,0.6969813108444214,cross_attention,17
002033.SZ:2022,002033.SZ,validation,0,0.41139474511146545,0.6969813108444214,cross_attention,17
002033.SZ:2024,002033.SZ,test,0,0.30929532647132874,0.6969813108444214,cross_attention,17
002033.SZ:2025,002033.SZ,test,0,0.3316572606563568,0.6969813108444214,cross_attention,17
002039.SZ:2017,002039.SZ,train,0,0.41611289978027344,0.6969813108444214,cross_attention,17
002039.SZ:2019,002039.SZ,train,0,0.39322376251220703,0.6969813108444214,cross_attention,17
002039.SZ:2020,002039.SZ,train,0,0.4029771685600281,0.6969813108444214,cross_attention,17
002039.SZ:2021,002039.SZ,train,0,0.38488540053367615,0.6969813108444214,cross_attention,17
002039.SZ:2022,002039.SZ,validation,0,0.4038609266281128,0.6969813108444214,cross_attention,17
002039.SZ:2024,002039.SZ,test,0,0.4011550545692444,0.6969813108444214,cross_attention,17
002040.SZ:2017,002040.SZ,train,0,0.3641732633113861,0.6969813108444214,cross_attention,17
002040.SZ:2018,002040.SZ,train,0,0.4062797725200653,0.6969813108444214,cross_attention,17
002040.SZ:2019,002040.SZ,train,0,0.3881324827671051,0.6969813108444214,cross_attention,17
002040.SZ:2020,002040.SZ,train,0,0.3878602087497711,0.6969813108444214,cross_attention,17
002040.SZ:2021,002040.SZ,train,0,0.38803356885910034,0.6969813108444214,cross_attention,17
002040.SZ:2024,002040.SZ,test,0,0.39483019709587097,0.6969813108444214,cross_attention,17
002041.SZ:2017,002041.SZ,train,0,0.28625690937042236,0.6969813108444214,cross_attention,17
002041.SZ:2018,002041.SZ,train,0,0.33531543612480164,0.6969813108444214,cross_attention,17
002041.SZ:2019,002041.SZ,train,0,0.36366990208625793,0.6969813108444214,cross_attention,17
002041.SZ:2020,002041.SZ,train,0,0.3811397850513458,0.6969813108444214,cross_attention,17
002041.SZ:2021,002041.SZ,train,0,0.36369088292121887,0.6969813108444214,cross_attention,17
002041.SZ:2022,002041.SZ,validation,0,0.34688928723335266,0.6969813108444214,cross_attention,17
002041.SZ:2024,002041.SZ,test,0,0.33908575773239136,0.6969813108444214,cross_attention,17
002041.SZ:2025,002041.SZ,test,0,0.37539011240005493,0.6969813108444214,cross_attention,17
002046.SZ:2018,002046.SZ,train,0,0.47539979219436646,0.6969813108444214,cross_attention,17
002046.SZ:2019,002046.SZ,train,0,0.4718618094921112,0.6969813108444214,cross_attention,17
002046.SZ:2020,002046.SZ,train,0,0.4760892689228058,0.6969813108444214,cross_attention,17
002046.SZ:2021,002046.SZ,train,0,0.4622005522251129,0.6969813108444214,cross_attention,17
002046.SZ:2022,002046.SZ,validation,0,0.4593202471733093,0.6969813108444214,cross_attention,17
002046.SZ:2024,002046.SZ,test,0,0.4248550236225128,0.6969813108444214,cross_attention,17
002046.SZ:2025,002046.SZ,test,0,0.4394824504852295,0.6969813108444214,cross_attention,17
002050.SZ:2017,002050.SZ,train,0,0.3922426104545593,0.6969813108444214,cross_attention,17
002050.SZ:2018,002050.SZ,train,0,0.387671560049057,0.6969813108444214,cross_attention,17
002050.SZ:2019,002050.SZ,train,0,0.4037347733974457,0.6969813108444214,cross_attention,17
002050.SZ:2020,002050.SZ,train,0,0.398002564907074,0.6969813108444214,cross_attention,17
002050.SZ:2021,002050.SZ,train,0,0.39813995361328125,0.6969813108444214,cross_attention,17
002050.SZ:2022,002050.SZ,validation,0,0.4190731942653656,0.6969813108444214,cross_attention,17
002050.SZ:2024,002050.SZ,test,0,0.4110598564147949,0.6969813108444214,cross_attention,17
002050.SZ:2025,002050.SZ,test,0,0.41853004693984985,0.6969813108444214,cross_attention,17
002053.SZ:2018,002053.SZ,train,0,0.42120683193206787,0.6969813108444214,cross_attention,17
002053.SZ:2019,002053.SZ,train,0,0.4459100067615509,0.6969813108444214,cross_attention,17
002053.SZ:2020,002053.SZ,train,0,0.40804409980773926,0.6969813108444214,cross_attention,17
002053.SZ:2021,002053.SZ,train,0,0.4346006512641907,0.6969813108444214,cross_attention,17
002053.SZ:2022,002053.SZ,validation,0,0.4382971525192261,0.6969813108444214,cross_attention,17
002053.SZ:2024,002053.SZ,test,0,0.4281294643878937,0.6969813108444214,cross_attention,17
002056.SZ:2020,002056.SZ,train,0,0.42641690373420715,0.6969813108444214,cross_attention,17
002056.SZ:2021,002056.SZ,train,0,0.4140409827232361,0.6969813108444214,cross_attention,17
002056.SZ:2022,002056.SZ,validation,0,0.4254274070262909,0.6969813108444214,cross_attention,17
002056.SZ:2024,002056.SZ,test,0,0.4221496284008026,0.6969813108444214,cross_attention,17
002056.SZ:2025,002056.SZ,test,0,0.4222453534603119,0.6969813108444214,cross_attention,17
002064.SZ:2017,002064.SZ,train,0,0.526756227016449,0.6969813108444214,cross_attention,17
002064.SZ:2018,002064.SZ,train,0,0.42260587215423584,0.6969813108444214,cross_attention,17
002064.SZ:2019,002064.SZ,train,0,0.41004499793052673,0.6969813108444214,cross_attention,17
002064.SZ:2020,002064.SZ,train,0,0.4046489894390106,0.6969813108444214,cross_attention,17
002064.SZ:2022,002064.SZ,validation,0,0.31500566005706787,0.6969813108444214,cross_attention,17
002064.SZ:2024,002064.SZ,test,0,0.40638625621795654,0.6969813108444214,cross_attention,17
002064.SZ:2025,002064.SZ,test,0,0.4102191627025604,0.6969813108444214,cross_attention,17
002069.SZ:2017,002069.SZ,train,0,0.4400603473186493,0.6969813108444214,cross_attention,17
002069.SZ:2018,002069.SZ,train,0,0.6426271200180054,0.6969813108444214,cross_attention,17
002069.SZ:2019,002069.SZ,train,0,0.4610597491264343,0.6969813108444214,cross_attention,17
002069.SZ:2020,002069.SZ,train,0,0.6309022307395935,0.6969813108444214,cross_attention,17
002069.SZ:2021,002069.SZ,train,0,0.4334608316421509,0.6969813108444214,cross_attention,17
002069.SZ:2022,002069.SZ,validation,1,0.4577404260635376,0.6969813108444214,cross_attention,17
002069.SZ:2024,002069.SZ,test,0,0.46231889724731445,0.6969813108444214,cross_attention,17
002071.SZ:2017,002071.SZ,train,0,0.41551631689071655,0.6969813108444214,cross_attention,17
002092.SZ:2020,002092.SZ,train,0,0.4732911288738251,0.6969813108444214,cross_attention,17
002092.SZ:2021,002092.SZ,train,0,0.47499197721481323,0.6969813108444214,cross_attention,17
002092.SZ:2022,002092.SZ,validation,0,0.44288861751556396,0.6969813108444214,cross_attention,17
002092.SZ:2024,002092.SZ,test,1,0.5337874889373779,0.6969813108444214,cross_attention,17
002102.SZ:2025,002102.SZ,test,1,0.506384015083313,0.6969813108444214,cross_attention,17
002106.SZ:2017,002106.SZ,train,0,0.4134998321533203,0.6969813108444214,cross_attention,17
002110.SZ:2019,002110.SZ,train,0,0.3241489827632904,0.6969813108444214,cross_attention,17
002110.SZ:2020,002110.SZ,train,0,0.3807787597179413,0.6969813108444214,cross_attention,17
002110.SZ:2021,002110.SZ,train,0,0.4270641803741455,0.6969813108444214,cross_attention,17
002110.SZ:2022,002110.SZ,validation,0,0.4038175940513611,0.6969813108444214,cross_attention,17
002110.SZ:2024,002110.SZ,test,0,0.48546814918518066,0.6969813108444214,cross_attention,17
002110.SZ:2025,002110.SZ,test,0,0.49789896607398987,0.6969813108444214,cross_attention,17
002112.SZ:2017,002112.SZ,train,0,0.5206525921821594,0.6969813108444214,cross_attention,17
002112.SZ:2018,002112.SZ,train,0,0.6048058867454529,0.6969813108444214,cross_attention,17
002112.SZ:2021,002112.SZ,train,0,0.4834672808647156,0.6969813108444214,cross_attention,17
002112.SZ:2022,002112.SZ,validation,0,0.5079939961433411,0.6969813108444214,cross_attention,17
002112.SZ:2024,002112.SZ,test,0,0.45313718914985657,0.6969813108444214,cross_attention,17
002112.SZ:2025,002112.SZ,test,0,0.47362932562828064,0.6969813108444214,cross_attention,17
002117.SZ:2019,002117.SZ,train,0,0.38675445318222046,0.6969813108444214,cross_attention,17
002117.SZ:2020,002117.SZ,train,0,0.376973420381546,0.6969813108444214,cross_attention,17
002117.SZ:2021,002117.SZ,train,0,0.4050309956073761,0.6969813108444214,cross_attention,17
002117.SZ:2022,002117.SZ,validation,0,0.39077311754226685,0.6969813108444214,cross_attention,17
002117.SZ:2024,002117.SZ,test,0,0.4022860825061798,0.6969813108444214,cross_attention,17
002120.SZ:2017,002120.SZ,train,0,0.3501706123352051,0.6969813108444214,cross_attention,17
002120.SZ:2018,002120.SZ,train,0,0.35189440846443176,0.6969813108444214,cross_attention,17
002120.SZ:2019,002120.SZ,train,0,0.3548069894313812,0.6969813108444214,cross_attention,17
002120.SZ:2020,002120.SZ,train,0,0.396128386259079,0.6969813108444214,cross_attention,17
002120.SZ:2021,002120.SZ,train,0,0.43398526310920715,0.6969813108444214,cross_attention,17
002120.SZ:2022,002120.SZ,validation,0,0.44497838616371155,0.6969813108444214,cross_attention,17
002120.SZ:2024,002120.SZ,test,0,0.44091203808784485,0.6969813108444214,cross_attention,17
002120.SZ:2025,002120.SZ,test,0,0.4337954819202423,0.6969813108444214,cross_attention,17
002121.SZ:2017,002121.SZ,train,0,0.4782167077064514,0.6969813108444214,cross_attention,17
002121.SZ:2018,002121.SZ,train,0,0.4680224061012268,0.6969813108444214,cross_attention,17
002121.SZ:2022,002121.SZ,validation,0,0.6334586143493652,0.6969813108444214,cross_attention,17
002121.SZ:2024,002121.SZ,test,0,0.5917637348175049,0.6969813108444214,cross_attention,17
002121.SZ:2025,002121.SZ,test,0,0.6202082633972168,0.6969813108444214,cross_attention,17
002125.SZ:2017,002125.SZ,train,0,0.4790872037410736,0.6969813108444214,cross_attention,17
002125.SZ:2018,002125.SZ,train,0,0.45969292521476746,0.6969813108444214,cross_attention,17
002125.SZ:2019,002125.SZ,train,0,0.4510960876941681,0.6969813108444214,cross_attention,17
002125.SZ:2020,002125.SZ,train,0,0.4558080732822418,0.6969813108444214,cross_attention,17
002125.SZ:2021,002125.SZ,train,0,0.4792073369026184,0.6969813108444214,cross_attention,17
002125.SZ:2022,002125.SZ,validation,0,0.4197305142879486,0.6969813108444214,cross_attention,17
002125.SZ:2024,002125.SZ,test,0,0.41161319613456726,0.6969813108444214,cross_attention,17
002125.SZ:2025,002125.SZ,test,0,0.4140898287296295,0.6969813108444214,cross_attention,17
002140.SZ:2017,002140.SZ,train,0,0.4479351043701172,0.6969813108444214,cross_attention,17
002140.SZ:2018,002140.SZ,train,0,0.49784448742866516,0.6969813108444214,cross_attention,17
002140.SZ:2019,002140.SZ,train,0,0.44165802001953125,0.6969813108444214,cross_attention,17
002140.SZ:2020,002140.SZ,train,0,0.45527029037475586,0.6969813108444214,cross_attention,17
002140.SZ:2021,002140.SZ,train,0,0.4516868591308594,0.6969813108444214,cross_attention,17
002140.SZ:2022,002140.SZ,validation,0,0.4464004337787628,0.6969813108444214,cross_attention,17
002140.SZ:2024,002140.SZ,test,0,0.44864633679389954,0.6969813108444214,cross_attention,17
002140.SZ:2025,002140.SZ,test,0,0.44660645723342896,0.6969813108444214,cross_attention,17
002141.SZ:2017,002141.SZ,train,0,0.3295603096485138,0.6969813108444214,cross_attention,17
002141.SZ:2018,002141.SZ,train,0,0.45392054319381714,0.6969813108444214,cross_attention,17
002141.SZ:2019,002141.SZ,train,0,0.48727524280548096,0.6969813108444214,cross_attention,17
002141.SZ:2020,002141.SZ,train,0,0.48550331592559814,0.6969813108444214,cross_attention,17
002141.SZ:2021,002141.SZ,train,0,0.7226676344871521,0.6969813108444214,cross_attention,17
002141.SZ:2022,002141.SZ,validation,0,0.4657297134399414,0.6969813108444214,cross_attention,17
002145.SZ:2017,002145.SZ,train,0,0.4668678045272827,0.6969813108444214,cross_attention,17
002145.SZ:2018,002145.SZ,train,0,0.42230868339538574,0.6969813108444214,cross_attention,17
002145.SZ:2019,002145.SZ,train,0,0.418628066778183,0.6969813108444214,cross_attention,17
002145.SZ:2020,002145.SZ,train,0,0.41636893153190613,0.6969813108444214,cross_attention,17
002154.SZ:2018,002154.SZ,train,0,0.46904751658439636,0.6969813108444214,cross_attention,17
002154.SZ:2020,002154.SZ,train,0,0.42753031849861145,0.6969813108444214,cross_attention,17
002154.SZ:2021,002154.SZ,train,0,0.4007086157798767,0.6969813108444214,cross_attention,17
002154.SZ:2022,002154.SZ,validation,0,0.4000268876552582,0.6969813108444214,cross_attention,17
002154.SZ:2024,002154.SZ,test,0,0.38667061924934387,0.6969813108444214,cross_attention,17
002154.SZ:2025,002154.SZ,test,0,0.4047214388847351,0.6969813108444214,cross_attention,17
002160.SZ:2022,002160.SZ,validation,0,0.46961355209350586,0.6969813108444214,cross_attention,17
002160.SZ:2024,002160.SZ,test,0,0.4625035524368286,0.6969813108444214,cross_attention,17
002160.SZ:2025,002160.SZ,test,0,0.47391074895858765,0.6969813108444214,cross_attention,17
002169.SZ:2020,002169.SZ,train,0,0.49065253138542175,0.6969813108444214,cross_attention,17
002169.SZ:2021,002169.SZ,train,0,0.45185381174087524,0.6969813108444214,cross_attention,17
002169.SZ:2022,002169.SZ,validation,0,0.4369635581970215,0.6969813108444214,cross_attention,17
002169.SZ:2024,002169.SZ,test,0,0.5327895879745483,0.6969813108444214,cross_attention,17
002181.SZ:2017,002181.SZ,train,0,0.41802066564559937,0.6969813108444214,cross_attention,17
002181.SZ:2018,002181.SZ,train,0,0.3183494806289673,0.6969813108444214,cross_attention,17
002181.SZ:2019,002181.SZ,train,0,0.34449395537376404,0.6969813108444214,cross_attention,17
002181.SZ:2020,002181.SZ,train,0,0.29842108488082886,0.6969813108444214,cross_attention,17
002181.SZ:2021,002181.SZ,train,0,0.30338549613952637,0.6969813108444214,cross_attention,17
002181.SZ:2022,002181.SZ,validation,0,0.3518659174442291,0.6969813108444214,cross_attention,17
002181.SZ:2024,002181.SZ,test,0,0.4652427136898041,0.6969813108444214,cross_attention,17
002181.SZ:2025,002181.SZ,test,0,0.4501922130584717,0.6969813108444214,cross_attention,17
002185.SZ:2017,002185.SZ,train,0,0.434744268655777,0.6969813108444214,cross_attention,17
002185.SZ:2018,002185.SZ,train,0,0.4304862916469574,0.6969813108444214,cross_attention,17
002185.SZ:2020,002185.SZ,train,0,0.4672161042690277,0.6969813108444214,cross_attention,17
002185.SZ:2021,002185.SZ,train,0,0.43836334347724915,0.6969813108444214,cross_attention,17
002185.SZ:2022,002185.SZ,validation,0,0.41438624262809753,0.6969813108444214,cross_attention,17
002185.SZ:2024,002185.SZ,test,0,0.47478145360946655,0.6969813108444214,cross_attention,17
002198.SZ:2018,002198.SZ,train,0,0.6031286716461182,0.6969813108444214,cross_attention,17
002198.SZ:2019,002198.SZ,train,0,0.35716158151626587,0.6969813108444214,cross_attention,17
002198.SZ:2020,002198.SZ,train,0,0.5769410729408264,0.6969813108444214,cross_attention,17
002198.SZ:2021,002198.SZ,train,0,0.39120087027549744,0.6969813108444214,cross_attention,17
002198.SZ:2022,002198.SZ,validation,0,0.38295626640319824,0.6969813108444214,cross_attention,17
002198.SZ:2024,002198.SZ,test,0,0.28836387395858765,0.6969813108444214,cross_attention,17
002198.SZ:2025,002198.SZ,test,0,0.29118674993515015,0.6969813108444214,cross_attention,17
002212.SZ:2017,002212.SZ,train,0,0.48067277669906616,0.6969813108444214,cross_attention,17
002212.SZ:2018,002212.SZ,train,0,0.39753106236457825,0.6969813108444214,cross_attention,17
002212.SZ:2019,002212.SZ,train,0,0.42958158254623413,0.6969813108444214,cross_attention,17
002212.SZ:2020,002212.SZ,train,0,0.44272246956825256,0.6969813108444214,cross_attention,17
002212.SZ:2021,002212.SZ,train,0,0.4055689871311188,0.6969813108444214,cross_attention,17
002212.SZ:2022,002212.SZ,validation,0,0.4580429196357727,0.6969813108444214,cross_attention,17
002212.SZ:2025,002212.SZ,test,0,0.4732855558395386,0.6969813108444214,cross_attention,17
002223.SZ:2018,002223.SZ,train,0,0.3355679512023926,0.6969813108444214,cross_attention,17
002223.SZ:2019,002223.SZ,train,0,0.36448392271995544,0.6969813108444214,cross_attention,17
002223.SZ:2020,002223.SZ,train,0,0.3892172873020172,0.6969813108444214,cross_attention,17
002223.SZ:2021,002223.SZ,train,0,0.3244682848453522,0.6969813108444214,cross_attention,17
002223.SZ:2022,002223.SZ,validation,0,0.334845632314682,0.6969813108444214,cross_attention,17
002223.SZ:2024,002223.SZ,test,0,0.3142452538013458,0.6969813108444214,cross_attention,17
002224.SZ:2017,002224.SZ,train,0,0.24488459527492523,0.6969813108444214,cross_attention,17
002224.SZ:2019,002224.SZ,train,0,0.30319729447364807,0.6969813108444214,cross_attention,17
002224.SZ:2021,002224.SZ,train,0,0.29838529229164124,0.6969813108444214,cross_attention,17
002224.SZ:2024,002224.SZ,test,0,0.4217188060283661,0.6969813108444214,cross_attention,17
002224.SZ:2025,002224.SZ,test,0,0.4158097803592682,0.6969813108444214,cross_attention,17
002227.SZ:2021,002227.SZ,train,0,0.47850239276885986,0.6969813108444214,cross_attention,17
002227.SZ:2022,002227.SZ,validation,0,0.5109953284263611,0.6969813108444214,cross_attention,17
002227.SZ:2024,002227.SZ,test,0,0.5224722623825073,0.6969813108444214,cross_attention,17
002227.SZ:2025,002227.SZ,test,1,0.5449138283729553,0.6969813108444214,cross_attention,17
002246.SZ:2017,002246.SZ,train,0,0.4232204258441925,0.6969813108444214,cross_attention,17
002246.SZ:2018,002246.SZ,train,0,0.4468846321105957,0.6969813108444214,cross_attention,17
002246.SZ:2019,002246.SZ,train,0,0.44732916355133057,0.6969813108444214,cross_attention,17
002246.SZ:2020,002246.SZ,train,0,0.4339256286621094,0.6969813108444214,cross_attention,17
002246.SZ:2021,002246.SZ,train,0,0.4449530839920044,0.6969813108444214,cross_attention,17
002246.SZ:2022,002246.SZ,validation,0,0.4522140622138977,0.6969813108444214,cross_attention,17
002246.SZ:2024,002246.SZ,test,0,0.47299009561538696,0.6969813108444214,cross_attention,17
002246.SZ:2025,002246.SZ,test,0,0.5043069124221802,0.6969813108444214,cross_attention,17
002249.SZ:2017,002249.SZ,train,0,0.45611143112182617,0.6969813108444214,cross_attention,17
002249.SZ:2020,002249.SZ,train,0,0.49032077193260193,0.6969813108444214,cross_attention,17
002249.SZ:2021,002249.SZ,train,0,0.47574591636657715,0.6969813108444214,cross_attention,17
002249.SZ:2022,002249.SZ,validation,0,0.46668723225593567,0.6969813108444214,cross_attention,17
002249.SZ:2024,002249.SZ,test,0,0.45603153109550476,0.6969813108444214,cross_attention,17
002254.SZ:2017,002254.SZ,train,0,0.3950892388820648,0.6969813108444214,cross_attention,17
002254.SZ:2018,002254.SZ,train,0,0.3720173239707947,0.6969813108444214,cross_attention,17
002254.SZ:2019,002254.SZ,train,0,0.42469698190689087,0.6969813108444214,cross_attention,17
002254.SZ:2020,002254.SZ,train,0,0.39637601375579834,0.6969813108444214,cross_attention,17
002254.SZ:2021,002254.SZ,train,0,0.39793264865875244,0.6969813108444214,cross_attention,17
002254.SZ:2022,002254.SZ,validation,0,0.3403586149215698,0.6969813108444214,cross_attention,17
002254.SZ:2024,002254.SZ,test,0,0.4373731017112732,0.6969813108444214,cross_attention,17
002254.SZ:2025,002254.SZ,test,0,0.4774118959903717,0.6969813108444214,cross_attention,17
002255.SZ:2017,002255.SZ,train,0,0.4560324251651764,0.6969813108444214,cross_attention,17
002255.SZ:2018,002255.SZ,train,0,0.47363054752349854,0.6969813108444214,cross_attention,17
002255.SZ:2022,002255.SZ,validation,0,0.3964587152004242,0.6969813108444214,cross_attention,17
002255.SZ:2024,002255.SZ,test,0,0.4135989844799042,0.6969813108444214,cross_attention,17
002255.SZ:2025,002255.SZ,test,0,0.40638554096221924,0.6969813108444214,cross_attention,17
002256.SZ:2017,002256.SZ,train,0,0.42171114683151245,0.6969813108444214,cross_attention,17
002256.SZ:2018,002256.SZ,train,0,0.41816553473472595,0.6969813108444214,cross_attention,17
002256.SZ:2019,002256.SZ,train,1,0.5868369936943054,0.6969813108444214,cross_attention,17
002256.SZ:2022,002256.SZ,validation,0,0.7169665694236755,0.6969813108444214,cross_attention,17
002256.SZ:2024,002256.SZ,test,0,0.5564478635787964,0.6969813108444214,cross_attention,17
002256.SZ:2025,002256.SZ,test,0,0.6016892194747925,0.6969813108444214,cross_attention,17
002260.SZ:2017,002260.SZ,train,0,0.48073744773864746,0.6969813108444214,cross_attention,17
002260.SZ:2018,002260.SZ,train,1,0.6298673748970032,0.6969813108444214,cross_attention,17
002265.SZ:2017,002265.SZ,train,0,0.46307918429374695,0.6969813108444214,cross_attention,17
002265.SZ:2018,002265.SZ,train,0,0.4615676999092102,0.6969813108444214,cross_attention,17
002265.SZ:2019,002265.SZ,train,0,0.5272337198257446,0.6969813108444214,cross_attention,17
002265.SZ:2020,002265.SZ,train,0,0.49028995633125305,0.6969813108444214,cross_attention,17
002265.SZ:2021,002265.SZ,train,0,0.5342268347740173,0.6969813108444214,cross_attention,17
002265.SZ:2022,002265.SZ,validation,0,0.48730596899986267,0.6969813108444214,cross_attention,17
002265.SZ:2024,002265.SZ,test,0,0.45355910062789917,0.6969813108444214,cross_attention,17
002265.SZ:2025,002265.SZ,test,0,0.46968477964401245,0.6969813108444214,cross_attention,17
002267.SZ:2017,002267.SZ,train,0,0.4395394027233124,0.6969813108444214,cross_attention,17
002267.SZ:2018,002267.SZ,train,0,0.4527745246887207,0.6969813108444214,cross_attention,17
002267.SZ:2019,002267.SZ,train,0,0.44869962334632874,0.6969813108444214,cross_attention,17
002267.SZ:2020,002267.SZ,train,0,0.44627952575683594,0.6969813108444214,cross_attention,17
002267.SZ:2021,002267.SZ,train,0,0.45467859506607056,0.6969813108444214,cross_attention,17
002267.SZ:2022,002267.SZ,validation,0,0.44666898250579834,0.6969813108444214,cross_attention,17
002267.SZ:2024,002267.SZ,test,0,0.435876727104187,0.6969813108444214,cross_attention,17
002267.SZ:2025,002267.SZ,test,0,0.429820716381073,0.6969813108444214,cross_attention,17
002271.SZ:2017,002271.SZ,train,0,0.42110002040863037,0.6969813108444214,cross_attention,17
002271.SZ:2018,002271.SZ,train,0,0.4307906925678253,0.6969813108444214,cross_attention,17
002271.SZ:2019,002271.SZ,train,0,0.4402032494544983,0.6969813108444214,cross_attention,17
002271.SZ:2020,002271.SZ,train,0,0.43278685212135315,0.6969813108444214,cross_attention,17
002271.SZ:2021,002271.SZ,train,0,0.4032624065876007,0.6969813108444214,cross_attention,17
002271.SZ:2022,002271.SZ,validation,0,0.42224568128585815,0.6969813108444214,cross_attention,17
002271.SZ:2024,002271.SZ,test,0,0.4613906443119049,0.6969813108444214,cross_attention,17
002271.SZ:2025,002271.SZ,test,0,0.49312373995780945,0.6969813108444214,cross_attention,17
002272.SZ:2017,002272.SZ,train,0,0.48949986696243286,0.6969813108444214,cross_attention,17
002272.SZ:2019,002272.SZ,train,0,0.45495709776878357,0.6969813108444214,cross_attention,17
002272.SZ:2020,002272.SZ,train,0,0.4447132349014282,0.6969813108444214,cross_attention,17
002272.SZ:2021,002272.SZ,train,0,0.446608304977417,0.6969813108444214,cross_attention,17
002272.SZ:2022,002272.SZ,validation,0,0.48637405037879944,0.6969813108444214,cross_attention,17
002272.SZ:2024,002272.SZ,test,0,0.5334925651550293,0.6969813108444214,cross_attention,17
002272.SZ:2025,002272.SZ,test,0,0.5525704026222229,0.6969813108444214,cross_attention,17
002275.SZ:2017,002275.SZ,train,0,0.2888537347316742,0.6969813108444214,cross_attention,17
002275.SZ:2019,002275.SZ,train,0,0.3024560809135437,0.6969813108444214,cross_attention,17
002275.SZ:2020,002275.SZ,train,0,0.29934239387512207,0.6969813108444214,cross_attention,17
002275.SZ:2021,002275.SZ,train,0,0.3363353908061981,0.6969813108444214,cross_attention,17
002275.SZ:2022,002275.SZ,validation,0,0.35753965377807617,0.6969813108444214,cross_attention,17
002275.SZ:2024,002275.SZ,test,0,0.35722067952156067,0.6969813108444214,cross_attention,17
002275.SZ:2025,002275.SZ,test,0,0.34241771697998047,0.6969813108444214,cross_attention,17
002286.SZ:2017,002286.SZ,train,0,0.4541526436805725,0.6969813108444214,cross_attention,17
002286.SZ:2018,002286.SZ,train,0,0.4528972804546356,0.6969813108444214,cross_attention,17
002286.SZ:2019,002286.SZ,train,0,0.4729081392288208,0.6969813108444214,cross_attention,17
002286.SZ:2020,002286.SZ,train,0,0.477382093667984,0.6969813108444214,cross_attention,17
002286.SZ:2021,002286.SZ,train,0,0.46691951155662537,0.6969813108444214,cross_attention,17
002286.SZ:2022,002286.SZ,validation,0,0.4327581524848938,0.6969813108444214,cross_attention,17
002286.SZ:2024,002286.SZ,test,0,0.46594876050949097,0.6969813108444214,cross_attention,17
002286.SZ:2025,002286.SZ,test,0,0.4493143558502197,0.6969813108444214,cross_attention,17
002290.SZ:2017,002290.SZ,train,0,0.4785717725753784,0.6969813108444214,cross_attention,17
002290.SZ:2019,002290.SZ,train,1,0.5212647914886475,0.6969813108444214,cross_attention,17
002290.SZ:2021,002290.SZ,train,0,0.47400709986686707,0.6969813108444214,cross_attention,17
002290.SZ:2022,002290.SZ,validation,0,0.4480355978012085,0.6969813108444214,cross_attention,17
002290.SZ:2024,002290.SZ,test,0,0.4580371677875519,0.6969813108444214,cross_attention,17
002290.SZ:2025,002290.SZ,test,0,0.46393540501594543,0.6969813108444214,cross_attention,17
002293.SZ:2017,002293.SZ,train,0,0.3931123614311218,0.6969813108444214,cross_attention,17
002293.SZ:2018,002293.SZ,train,0,0.39175310730934143,0.6969813108444214,cross_attention,17
002293.SZ:2019,002293.SZ,train,0,0.3657504618167877,0.6969813108444214,cross_attention,17
002293.SZ:2020,002293.SZ,train,0,0.37167152762413025,0.6969813108444214,cross_attention,17
002293.SZ:2021,002293.SZ,train,0,0.37997734546661377,0.6969813108444214,cross_attention,17
002293.SZ:2022,002293.SZ,validation,0,0.3820857107639313,0.6969813108444214,cross_attention,17
002293.SZ:2024,002293.SZ,test,0,0.3968389928340912,0.6969813108444214,cross_attention,17
002293.SZ:2025,002293.SZ,test,0,0.40566253662109375,0.6969813108444214,cross_attention,17
002294.SZ:2017,002294.SZ,train,0,0.27054983377456665,0.6969813108444214,cross_attention,17
002294.SZ:2018,002294.SZ,train,0,0.22735746204853058,0.6969813108444214,cross_attention,17
002294.SZ:2019,002294.SZ,train,0,0.2713395953178406,0.6969813108444214,cross_attention,17
002294.SZ:2020,002294.SZ,train,0,0.35188063979148865,0.6969813108444214,cross_attention,17
002294.SZ:2021,002294.SZ,train,0,0.44916099309921265,0.6969813108444214,cross_attention,17
002294.SZ:2022,002294.SZ,validation,0,0.3420118987560272,0.6969813108444214,cross_attention,17
002294.SZ:2024,002294.SZ,test,0,0.353470116853714,0.6969813108444214,cross_attention,17
002294.SZ:2025,002294.SZ,test,0,0.36631256341934204,0.6969813108444214,cross_attention,17
002297.SZ:2019,002297.SZ,train,0,0.44409942626953125,0.6969813108444214,cross_attention,17
002297.SZ:2020,002297.SZ,train,0,0.5924822092056274,0.6969813108444214,cross_attention,17
002297.SZ:2021,002297.SZ,train,0,0.43394219875335693,0.6969813108444214,cross_attention,17
002297.SZ:2022,002297.SZ,validation,0,0.4082530736923218,0.6969813108444214,cross_attention,17
002297.SZ:2024,002297.SZ,test,0,0.4411888122558594,0.6969813108444214,cross_attention,17
002308.SZ:2017,002308.SZ,train,0,0.39763861894607544,0.6969813108444214,cross_attention,17
002308.SZ:2018,002308.SZ,train,0,0.383866548538208,0.6969813108444214,cross_attention,17
002308.SZ:2019,002308.SZ,train,0,0.3808300793170929,0.6969813108444214,cross_attention,17
002308.SZ:2020,002308.SZ,train,0,0.665370523929596,0.6969813108444214,cross_attention,17
002308.SZ:2021,002308.SZ,train,0,0.3204898536205292,0.6969813108444214,cross_attention,17
002308.SZ:2022,002308.SZ,validation,0,0.526553750038147,0.6969813108444214,cross_attention,17
002309.SZ:2017,002309.SZ,train,0,0.49375155568122864,0.6969813108444214,cross_attention,17
002309.SZ:2018,002309.SZ,train,0,0.504307210445404,0.6969813108444214,cross_attention,17
002309.SZ:2019,002309.SZ,train,0,0.5210272669792175,0.6969813108444214,cross_attention,17
002309.SZ:2020,002309.SZ,train,0,0.48870888352394104,0.6969813108444214,cross_attention,17
002309.SZ:2021,002309.SZ,train,0,0.6393094658851624,0.6969813108444214,cross_attention,17
002309.SZ:2022,002309.SZ,validation,1,0.6969813108444214,0.6969813108444214,cross_attention,17
002310.SZ:2018,002310.SZ,train,0,0.4048628807067871,0.6969813108444214,cross_attention,17
002310.SZ:2019,002310.SZ,train,0,0.4232724905014038,0.6969813108444214,cross_attention,17
002310.SZ:2022,002310.SZ,validation,0,0.5501601696014404,0.6969813108444214,cross_attention,17
002316.SZ:2017,002316.SZ,train,0,0.5247162580490112,0.6969813108444214,cross_attention,17
002316.SZ:2019,002316.SZ,train,0,0.40913844108581543,0.6969813108444214,cross_attention,17
002316.SZ:2021,002316.SZ,train,0,0.6825820207595825,0.6969813108444214,cross_attention,17
002316.SZ:2024,002316.SZ,test,1,0.5453988909721375,0.6969813108444214,cross_attention,17
002320.SZ:2019,002320.SZ,train,0,0.25855687260627747,0.6969813108444214,cross_attention,17
002320.SZ:2020,002320.SZ,train,0,0.25768473744392395,0.6969813108444214,cross_attention,17
002320.SZ:2021,002320.SZ,train,0,0.2482224404811859,0.6969813108444214,cross_attention,17
002320.SZ:2022,002320.SZ,validation,0,0.3738647401332855,0.6969813108444214,cross_attention,17
002320.SZ:2024,002320.SZ,test,0,0.302741140127182,0.6969813108444214,cross_attention,17
002325.SZ:2017,002325.SZ,train,0,0.5355592370033264,0.6969813108444214,cross_attention,17
002325.SZ:2018,002325.SZ,train,0,0.5365773439407349,0.6969813108444214,cross_attention,17
002325.SZ:2021,002325.SZ,train,0,0.5538980960845947,0.6969813108444214,cross_attention,17
002325.SZ:2022,002325.SZ,validation,0,0.5589615702629089,0.6969813108444214,cross_attention,17
002325.SZ:2024,002325.SZ,test,1,0.7593823075294495,0.6969813108444214,cross_attention,17
002332.SZ:2018,002332.SZ,train,0,0.44247642159461975,0.6969813108444214,cross_attention,17
002332.SZ:2019,002332.SZ,train,0,0.4282788932323456,0.6969813108444214,cross_attention,17
002332.SZ:2020,002332.SZ,train,0,0.41552311182022095,0.6969813108444214,cross_attention,17
002332.SZ:2021,002332.SZ,train,0,0.3994983732700348,0.6969813108444214,cross_attention,17
002332.SZ:2022,002332.SZ,validation,0,0.38698288798332214,0.6969813108444214,cross_attention,17
002332.SZ:2025,002332.SZ,test,0,0.37679681181907654,0.6969813108444214,cross_attention,17
002340.SZ:2017,002340.SZ,train,0,0.4637373089790344,0.6969813108444214,cross_attention,17
002340.SZ:2018,002340.SZ,train,0,0.4483706057071686,0.6969813108444214,cross_attention,17
002340.SZ:2020,002340.SZ,train,0,0.4494720697402954,0.6969813108444214,cross_attention,17
002340.SZ:2021,002340.SZ,train,0,0.46365368366241455,0.6969813108444214,cross_attention,17
002340.SZ:2022,002340.SZ,validation,0,0.4557056725025177,0.6969813108444214,cross_attention,17
002340.SZ:2024,002340.SZ,test,0,0.4694521725177765,0.6969813108444214,cross_attention,17
002340.SZ:2025,002340.SZ,test,0,0.46622970700263977,0.6969813108444214,cross_attention,17
002346.SZ:2017,002346.SZ,train,0,0.41249334812164307,0.6969813108444214,cross_attention,17
002346.SZ:2018,002346.SZ,train,0,0.3099028468132019,0.6969813108444214,cross_attention,17
002346.SZ:2021,002346.SZ,train,0,0.39752423763275146,0.6969813108444214,cross_attention,17
002346.SZ:2022,002346.SZ,validation,0,0.3497568666934967,0.6969813108444214,cross_attention,17
002346.SZ:2024,002346.SZ,test,0,0.39508819580078125,0.6969813108444214,cross_attention,17
002350.SZ:2017,002350.SZ,train,0,0.4820798635482788,0.6969813108444214,cross_attention,17
002350.SZ:2018,002350.SZ,train,0,0.49830180406570435,0.6969813108444214,cross_attention,17
002350.SZ:2019,002350.SZ,train,0,0.48395976424217224,0.6969813108444214,cross_attention,17
002350.SZ:2020,002350.SZ,train,0,0.4862528145313263,0.6969813108444214,cross_attention,17
002350.SZ:2021,002350.SZ,train,0,0.4910576343536377,0.6969813108444214,cross_attention,17
002350.SZ:2024,002350.SZ,test,0,0.5463417768478394,0.6969813108444214,cross_attention,17
002350.SZ:2025,002350.SZ,test,0,0.48846352100372314,0.6969813108444214,cross_attention,17
002360.SZ:2018,002360.SZ,train,0,0.3889331519603729,0.6969813108444214,cross_attention,17
002360.SZ:2019,002360.SZ,train,0,0.3452383875846863,0.6969813108444214,cross_attention,17
002360.SZ:2020,002360.SZ,train,0,0.3454303741455078,0.6969813108444214,cross_attention,17
002360.SZ:2021,002360.SZ,train,0,0.32980281114578247,0.6969813108444214,cross_attention,17
002360.SZ:2022,002360.SZ,validation,0,0.3890322744846344,0.6969813108444214,cross_attention,17
002360.SZ:2024,002360.SZ,test,0,0.33559104800224304,0.6969813108444214,cross_attention,17
002360.SZ:2025,002360.SZ,test,1,0.568835973739624,0.6969813108444214,cross_attention,17
002364.SZ:2017,002364.SZ,train,0,0.3041209280490875,0.6969813108444214,cross_attention,17
002364.SZ:2018,002364.SZ,train,0,0.35724547505378723,0.6969813108444214,cross_attention,17
002364.SZ:2019,002364.SZ,train,0,0.3686703145503998,0.6969813108444214,cross_attention,17
002364.SZ:2020,002364.SZ,train,0,0.4453275203704834,0.6969813108444214,cross_attention,17
002364.SZ:2021,002364.SZ,train,0,0.4673210382461548,0.6969813108444214,cross_attention,17
002364.SZ:2022,002364.SZ,validation,0,0.4588155746459961,0.6969813108444214,cross_attention,17
002364.SZ:2024,002364.SZ,test,0,0.46734026074409485,0.6969813108444214,cross_attention,17
002364.SZ:2025,002364.SZ,test,0,0.4566614627838135,0.6969813108444214,cross_attention,17
002365.SZ:2017,002365.SZ,train,0,0.28117385506629944,0.6969813108444214,cross_attention,17
002365.SZ:2018,002365.SZ,train,0,0.365343302488327,0.6969813108444214,cross_attention,17
002365.SZ:2019,002365.SZ,train,0,0.36570772528648376,0.6969813108444214,cross_attention,17
002365.SZ:2020,002365.SZ,train,0,0.38436222076416016,0.6969813108444214,cross_attention,17
002365.SZ:2021,002365.SZ,train,0,0.3845849931240082,0.6969813108444214,cross_attention,17
002365.SZ:2022,002365.SZ,validation,0,0.3929027318954468,0.6969813108444214,cross_attention,17
002365.SZ:2024,002365.SZ,test,0,0.3973107635974884,0.6969813108444214,cross_attention,17
002365.SZ:2025,002365.SZ,test,0,0.36980077624320984,0.6969813108444214,cross_attention,17
002374.SZ:2017,002374.SZ,train,0,0.43161922693252563,0.6969813108444214,cross_attention,17
002374.SZ:2019,002374.SZ,train,0,0.660408079624176,0.6969813108444214,cross_attention,17
002374.SZ:2020,002374.SZ,train,0,0.5046870708465576,0.6969813108444214,cross_attention,17
002374.SZ:2021,002374.SZ,train,0,0.5800909996032715,0.6969813108444214,cross_attention,17
002374.SZ:2022,002374.SZ,validation,0,0.6654052138328552,0.6969813108444214,cross_attention,17
002374.SZ:2024,002374.SZ,test,0,0.6010371446609497,0.6969813108444214,cross_attention,17
002374.SZ:2025,002374.SZ,test,0,0.6391876339912415,0.6969813108444214,cross_attention,17
002378.SZ:2019,002378.SZ,train,0,0.4521639049053192,0.6969813108444214,cross_attention,17
002378.SZ:2020,002378.SZ,train,0,0.5513011813163757,0.6969813108444214,cross_attention,17
002378.SZ:2021,002378.SZ,train,0,0.45368409156799316,0.6969813108444214,cross_attention,17
002378.SZ:2022,002378.SZ,validation,0,0.42825645208358765,0.6969813108444214,cross_attention,17
002378.SZ:2024,002378.SZ,test,0,0.43105483055114746,0.6969813108444214,cross_attention,17
002378.SZ:2025,002378.SZ,test,0,0.43335580825805664,0.6969813108444214,cross_attention,17
002380.SZ:2017,002380.SZ,train,0,0.3184555470943451,0.6969813108444214,cross_attention,17
002380.SZ:2018,002380.SZ,train,0,0.3213900923728943,0.6969813108444214,cross_attention,17
002380.SZ:2019,002380.SZ,train,0,0.34127384424209595,0.6969813108444214,cross_attention,17
002380.SZ:2020,002380.SZ,train,0,0.37854939699172974,0.6969813108444214,cross_attention,17
002380.SZ:2022,002380.SZ,validation,0,0.45371612906455994,0.6969813108444214,cross_attention,17
002380.SZ:2024,002380.SZ,test,0,0.42976170778274536,0.6969813108444214,cross_attention,17
002380.SZ:2025,002380.SZ,test,0,0.41000276803970337,0.6969813108444214,cross_attention,17
002382.SZ:2017,002382.SZ,train,0,0.37527480721473694,0.6969813108444214,cross_attention,17
002382.SZ:2018,002382.SZ,train,0,0.39505258202552795,0.6969813108444214,cross_attention,17
002382.SZ:2019,002382.SZ,train,0,0.4326789975166321,0.6969813108444214,cross_attention,17
002382.SZ:2020,002382.SZ,train,0,0.42387476563453674,0.6969813108444214,cross_attention,17
002382.SZ:2021,002382.SZ,train,0,0.36508703231811523,0.6969813108444214,cross_attention,17
002382.SZ:2022,002382.SZ,validation,0,0.3954036831855774,0.6969813108444214,cross_attention,17
002382.SZ:2024,002382.SZ,test,0,0.5334138870239258,0.6969813108444214,cross_attention,17
002384.SZ:2017,002384.SZ,train,0,0.501671552658081,0.6969813108444214,cross_attention,17
002384.SZ:2018,002384.SZ,train,0,0.49944666028022766,0.6969813108444214,cross_attention,17
002384.SZ:2019,002384.SZ,train,0,0.4851606488227844,0.6969813108444214,cross_attention,17
002384.SZ:2020,002384.SZ,train,0,0.4813457727432251,0.6969813108444214,cross_attention,17
002384.SZ:2021,002384.SZ,train,0,0.46816977858543396,0.6969813108444214,cross_attention,17
002384.SZ:2022,002384.SZ,validation,0,0.464165061712265,0.6969813108444214,cross_attention,17
002384.SZ:2024,002384.SZ,test,0,0.4604247808456421,0.6969813108444214,cross_attention,17
002384.SZ:2025,002384.SZ,test,0,0.47616735100746155,0.6969813108444214,cross_attention,17
002391.SZ:2017,002391.SZ,train,0,0.43775129318237305,0.6969813108444214,cross_attention,17
002391.SZ:2018,002391.SZ,train,0,0.40709516406059265,0.6969813108444214,cross_attention,17
002391.SZ:2019,002391.SZ,train,0,0.398810476064682,0.6969813108444214,cross_attention,17
002391.SZ:2020,002391.SZ,train,0,0.39497965574264526,0.6969813108444214,cross_attention,17
002391.SZ:2021,002391.SZ,train,0,0.4257873594760895,0.6969813108444214,cross_attention,17
002391.SZ:2022,002391.SZ,validation,0,0.4390411972999573,0.6969813108444214,cross_attention,17
002391.SZ:2024,002391.SZ,test,0,0.4607464075088501,0.6969813108444214,cross_attention,17
002391.SZ:2025,002391.SZ,test,0,0.5031087398529053,0.6969813108444214,cross_attention,17
002396.SZ:2017,002396.SZ,train,0,0.39509493112564087,0.6969813108444214,cross_attention,17
002396.SZ:2021,002396.SZ,train,0,0.41973331570625305,0.6969813108444214,cross_attention,17
002396.SZ:2022,002396.SZ,validation,0,0.3986959457397461,0.6969813108444214,cross_attention,17
002396.SZ:2024,002396.SZ,test,0,0.42767268419265747,0.6969813108444214,cross_attention,17
002396.SZ:2025,002396.SZ,test,0,0.4313372075557709,0.6969813108444214,cross_attention,17
002402.SZ:2017,002402.SZ,train,0,0.4222051203250885,0.6969813108444214,cross_attention,17
002402.SZ:2018,002402.SZ,train,0,0.42108288407325745,0.6969813108444214,cross_attention,17
002402.SZ:2019,002402.SZ,train,0,0.44776058197021484,0.6969813108444214,cross_attention,17
002402.SZ:2020,002402.SZ,train,0,0.4340744614601135,0.6969813108444214,cross_attention,17
002402.SZ:2021,002402.SZ,train,0,0.42966505885124207,0.6969813108444214,cross_attention,17
002402.SZ:2022,002402.SZ,validation,0,0.4092751443386078,0.6969813108444214,cross_attention,17
002402.SZ:2024,002402.SZ,test,0,0.4575367569923401,0.6969813108444214,cross_attention,17
002402.SZ:2025,002402.SZ,test,0,0.4790107011795044,0.6969813108444214,cross_attention,17
002405.SZ:2017,002405.SZ,train,0,0.3804011046886444,0.6969813108444214,cross_attention,17
002405.SZ:2018,002405.SZ,train,0,0.3964294195175171,0.6969813108444214,cross_attention,17
002405.SZ:2019,002405.SZ,train,0,0.39237967133522034,0.6969813108444214,cross_attention,17
002405.SZ:2020,002405.SZ,train,0,0.4167935252189636,0.6969813108444214,cross_attention,17
002405.SZ:2021,002405.SZ,train,0,0.5285302400588989,0.6969813108444214,cross_attention,17
002405.SZ:2022,002405.SZ,validation,0,0.38229385018348694,0.6969813108444214,cross_attention,17
002405.SZ:2024,002405.SZ,test,0,0.6071106195449829,0.6969813108444214,cross_attention,17
002405.SZ:2025,002405.SZ,test,0,0.5825888514518738,0.6969813108444214,cross_attention,17
002410.SZ:2017,002410.SZ,train,0,0.26870355010032654,0.6969813108444214,cross_attention,17
002410.SZ:2018,002410.SZ,train,0,0.29155275225639343,0.6969813108444214,cross_attention,17
002410.SZ:2019,002410.SZ,train,0,0.3760240972042084,0.6969813108444214,cross_attention,17
002410.SZ:2020,002410.SZ,train,0,0.44738489389419556,0.6969813108444214,cross_attention,17
002410.SZ:2021,002410.SZ,train,0,0.40854018926620483,0.6969813108444214,cross_attention,17
002410.SZ:2022,002410.SZ,validation,0,0.401909202337265,0.6969813108444214,cross_attention,17
002410.SZ:2025,002410.SZ,test,0,0.4588924050331116,0.6969813108444214,cross_attention,17
002413.SZ:2017,002413.SZ,train,0,0.28100907802581787,0.6969813108444214,cross_attention,17
002413.SZ:2018,002413.SZ,train,0,0.35523509979248047,0.6969813108444214,cross_attention,17
002413.SZ:2020,002413.SZ,train,0,0.426408052444458,0.6969813108444214,cross_attention,17
002413.SZ:2021,002413.SZ,train,0,0.42954695224761963,0.6969813108444214,cross_attention,17
002413.SZ:2022,002413.SZ,validation,0,0.5275733470916748,0.6969813108444214,cross_attention,17
002413.SZ:2024,002413.SZ,test,0,0.5769256353378296,0.6969813108444214,cross_attention,17
002413.SZ:2025,002413.SZ,test,0,0.5744747519493103,0.6969813108444214,cross_attention,17
002418.SZ:2019,002418.SZ,train,1,0.7335457801818848,0.6969813108444214,cross_attention,17
002418.SZ:2022,002418.SZ,validation,0,0.5031713843345642,0.6969813108444214,cross_attention,17
002418.SZ:2024,002418.SZ,test,0,0.4883115291595459,0.6969813108444214,cross_attention,17
002418.SZ:2025,002418.SZ,test,0,0.5329846143722534,0.6969813108444214,cross_attention,17
002426.SZ:2022,002426.SZ,validation,0,0.49451783299446106,0.6969813108444214,cross_attention,17
002426.SZ:2024,002426.SZ,test,0,0.6022040843963623,0.6969813108444214,cross_attention,17
002426.SZ:2025,002426.SZ,test,0,0.6015183925628662,0.6969813108444214,cross_attention,17
002429.SZ:2017,002429.SZ,train,0,0.4674873650074005,0.6969813108444214,cross_attention,17
002429.SZ:2018,002429.SZ,train,0,0.4421168267726898,0.6969813108444214,cross_attention,17
002429.SZ:2019,002429.SZ,train,0,0.47599223256111145,0.6969813108444214,cross_attention,17
002429.SZ:2020,002429.SZ,train,0,0.4307067394256592,0.6969813108444214,cross_attention,17
002429.SZ:2022,002429.SZ,validation,0,0.4863901734352112,0.6969813108444214,cross_attention,17
002429.SZ:2024,002429.SZ,test,0,0.43828094005584717,0.6969813108444214,cross_attention,17
002429.SZ:2025,002429.SZ,test,0,0.42660200595855713,0.6969813108444214,cross_attention,17
002433.SZ:2017,002433.SZ,train,0,0.3716999590396881,0.6969813108444214,cross_attention,17
002433.SZ:2018,002433.SZ,train,0,0.39636650681495667,0.6969813108444214,cross_attention,17
002433.SZ:2019,002433.SZ,train,0,0.4111136496067047,0.6969813108444214,cross_attention,17
002434.SZ:2017,002434.SZ,train,0,0.4629468619823456,0.6969813108444214,cross_attention,17
002434.SZ:2018,002434.SZ,train,0,0.4121505320072174,0.6969813108444214,cross_attention,17
000012.SZ:2017,000012.SZ,train,0,0.43422630429267883,0.7905946969985962,cross_attention,42
000012.SZ:2019,000012.SZ,train,0,0.4693188965320587,0.7905946969985962,cross_attention,42
000012.SZ:2020,000012.SZ,train,0,0.450906366109848,0.7905946969985962,cross_attention,42
000012.SZ:2021,000012.SZ,train,0,0.3946866989135742,0.7905946969985962,cross_attention,42
000012.SZ:2022,000012.SZ,validation,0,0.325451135635376,0.7905946969985962,cross_attention,42
000012.SZ:2024,000012.SZ,test,0,0.436889111995697,0.7905946969985962,cross_attention,42
000018.SZ:2017,000018.SZ,train,0,0.5251568555831909,0.7905946969985962,cross_attention,42
000019.SZ:2017,000019.SZ,train,0,0.3201628625392914,0.7905946969985962,cross_attention,42
000019.SZ:2018,000019.SZ,train,0,0.5201272368431091,0.7905946969985962,cross_attention,42
000019.SZ:2020,000019.SZ,train,0,0.4091985523700714,0.7905946969985962,cross_attention,42
000019.SZ:2021,000019.SZ,train,0,0.4143248498439789,0.7905946969985962,cross_attention,42
000019.SZ:2022,000019.SZ,validation,0,0.419696569442749,0.7905946969985962,cross_attention,42
000019.SZ:2024,000019.SZ,test,0,0.42000943422317505,0.7905946969985962,cross_attention,42
000040.SZ:2017,000040.SZ,train,0,0.4682731628417969,0.7905946969985962,cross_attention,42
000040.SZ:2022,000040.SZ,validation,0,0.5963912010192871,0.7905946969985962,cross_attention,42
000048.SZ:2020,000048.SZ,train,0,0.29639577865600586,0.7905946969985962,cross_attention,42
000048.SZ:2021,000048.SZ,train,0,0.34847787022590637,0.7905946969985962,cross_attention,42
000048.SZ:2022,000048.SZ,validation,0,0.4321182668209076,0.7905946969985962,cross_attention,42
000048.SZ:2025,000048.SZ,test,0,0.4203185439109802,0.7905946969985962,cross_attention,42
000055.SZ:2017,000055.SZ,train,0,0.4166697859764099,0.7905946969985962,cross_attention,42
000055.SZ:2019,000055.SZ,train,0,0.29533106088638306,0.7905946969985962,cross_attention,42
000055.SZ:2020,000055.SZ,train,0,0.5058004856109619,0.7905946969985962,cross_attention,42
000055.SZ:2021,000055.SZ,train,0,0.465838223695755,0.7905946969985962,cross_attention,42
000055.SZ:2022,000055.SZ,validation,0,0.5004400610923767,0.7905946969985962,cross_attention,42
000055.SZ:2024,000055.SZ,test,0,0.5035346150398254,0.7905946969985962,cross_attention,42
000055.SZ:2025,000055.SZ,test,0,0.5264164209365845,0.7905946969985962,cross_attention,42
000068.SZ:2019,000068.SZ,train,0,0.6815054416656494,0.7905946969985962,cross_attention,42
000068.SZ:2020,000068.SZ,train,0,0.5424546003341675,0.7905946969985962,cross_attention,42
000068.SZ:2021,000068.SZ,train,0,0.7078832983970642,0.7905946969985962,cross_attention,42
000068.SZ:2022,000068.SZ,validation,0,0.6193063855171204,0.7905946969985962,cross_attention,42
000068.SZ:2024,000068.SZ,test,0,0.3222646117210388,0.7905946969985962,cross_attention,42
000068.SZ:2025,000068.SZ,test,0,0.5593396425247192,0.7905946969985962,cross_attention,42
000099.SZ:2017,000099.SZ,train,0,0.4920213520526886,0.7905946969985962,cross_attention,42
000099.SZ:2018,000099.SZ,train,0,0.4992823302745819,0.7905946969985962,cross_attention,42
000099.SZ:2019,000099.SZ,train,0,0.4741072952747345,0.7905946969985962,cross_attention,42
000099.SZ:2020,000099.SZ,train,0,0.4298035800457001,0.7905946969985962,cross_attention,42
000099.SZ:2021,000099.SZ,train,0,0.41243425011634827,0.7905946969985962,cross_attention,42
000099.SZ:2022,000099.SZ,validation,0,0.3501037657260895,0.7905946969985962,cross_attention,42
000419.SZ:2017,000419.SZ,train,0,0.49450746178627014,0.7905946969985962,cross_attention,42
000419.SZ:2018,000419.SZ,train,0,0.47943076491355896,0.7905946969985962,cross_attention,42
000419.SZ:2019,000419.SZ,train,0,0.4745261073112488,0.7905946969985962,cross_attention,42
000419.SZ:2020,000419.SZ,train,0,0.4655587673187256,0.7905946969985962,cross_attention,42
000419.SZ:2021,000419.SZ,train,0,0.4486721456050873,0.7905946969985962,cross_attention,42
000419.SZ:2022,000419.SZ,validation,0,0.4559100866317749,0.7905946969985962,cross_attention,42
000419.SZ:2024,000419.SZ,test,0,0.4479193091392517,0.7905946969985962,cross_attention,42
000501.SZ:2017,000501.SZ,train,0,0.4383951425552368,0.7905946969985962,cross_attention,42
000501.SZ:2018,000501.SZ,train,0,0.4377448558807373,0.7905946969985962,cross_attention,42
000501.SZ:2019,000501.SZ,train,0,0.44716328382492065,0.7905946969985962,cross_attention,42
000501.SZ:2020,000501.SZ,train,0,0.4499751627445221,0.7905946969985962,cross_attention,42
000501.SZ:2021,000501.SZ,train,0,0.4799002408981323,0.7905946969985962,cross_attention,42
000501.SZ:2022,000501.SZ,validation,0,0.46638864278793335,0.7905946969985962,cross_attention,42
000501.SZ:2024,000501.SZ,test,0,0.513013482093811,0.7905946969985962,cross_attention,42
000501.SZ:2025,000501.SZ,test,0,0.5159204602241516,0.7905946969985962,cross_attention,42
000504.SZ:2018,000504.SZ,train,0,0.6700339913368225,0.7905946969985962,cross_attention,42
000504.SZ:2019,000504.SZ,train,1,0.680987536907196,0.7905946969985962,cross_attention,42
000504.SZ:2021,000504.SZ,train,0,0.5440991520881653,0.7905946969985962,cross_attention,42
000504.SZ:2022,000504.SZ,validation,0,0.6537083387374878,0.7905946969985962,cross_attention,42
000504.SZ:2024,000504.SZ,test,1,0.642624020576477,0.7905946969985962,cross_attention,42
000533.SZ:2019,000533.SZ,train,0,0.7550147771835327,0.7905946969985962,cross_attention,42
000533.SZ:2020,000533.SZ,train,0,0.574842631816864,0.7905946969985962,cross_attention,42
000533.SZ:2021,000533.SZ,train,0,0.5326451063156128,0.7905946969985962,cross_attention,42
000533.SZ:2022,000533.SZ,validation,0,0.5747242569923401,0.7905946969985962,cross_attention,42
000533.SZ:2024,000533.SZ,test,0,0.5319679379463196,0.7905946969985962,cross_attention,42
000533.SZ:2025,000533.SZ,test,0,0.5225485563278198,0.7905946969985962,cross_attention,42
000534.SZ:2020,000534.SZ,train,0,0.47461116313934326,0.7905946969985962,cross_attention,42
000534.SZ:2021,000534.SZ,train,0,0.46189361810684204,0.7905946969985962,cross_attention,42
000534.SZ:2022,000534.SZ,validation,0,0.45213040709495544,0.7905946969985962,cross_attention,42
000534.SZ:2024,000534.SZ,test,0,0.4451671242713928,0.7905946969985962,cross_attention,42
000545.SZ:2017,000545.SZ,train,0,0.442813903093338,0.7905946969985962,cross_attention,42
000545.SZ:2018,000545.SZ,train,0,0.40252310037612915,0.7905946969985962,cross_attention,42
000545.SZ:2019,000545.SZ,train,0,0.47208231687545776,0.7905946969985962,cross_attention,42
000545.SZ:2021,000545.SZ,train,0,0.6071727871894836,0.7905946969985962,cross_attention,42
000545.SZ:2022,000545.SZ,validation,0,0.4778740108013153,0.7905946969985962,cross_attention,42
000545.SZ:2024,000545.SZ,test,0,0.5873880386352539,0.7905946969985962,cross_attention,42
000545.SZ:2025,000545.SZ,test,0,0.6237591505050659,0.7905946969985962,cross_attention,42
000553.SZ:2017,000553.SZ,train,0,0.5394258499145508,0.7905946969985962,cross_attention,42
000555.SZ:2017,000555.SZ,train,0,0.5277235507965088,0.7905946969985962,cross_attention,42
000555.SZ:2022,000555.SZ,validation,0,0.5045404434204102,0.7905946969985962,cross_attention,42
000555.SZ:2024,000555.SZ,test,0,0.5335608124732971,0.7905946969985962,cross_attention,42
000555.SZ:2025,000555.SZ,test,0,0.5797518491744995,0.7905946969985962,cross_attention,42
000557.SZ:2020,000557.SZ,train,0,0.3668999671936035,0.7905946969985962,cross_attention,42
000557.SZ:2021,000557.SZ,train,0,0.3348581790924072,0.7905946969985962,cross_attention,42
000557.SZ:2022,000557.SZ,validation,0,0.3289993405342102,0.7905946969985962,cross_attention,42
000557.SZ:2024,000557.SZ,test,0,0.24960699677467346,0.7905946969985962,cross_attention,42
000557.SZ:2025,000557.SZ,test,0,0.3103112280368805,0.7905946969985962,cross_attention,42
000576.SZ:2017,000576.SZ,train,0,0.41552308201789856,0.7905946969985962,cross_attention,42
000576.SZ:2021,000576.SZ,train,0,0.24214158952236176,0.7905946969985962,cross_attention,42
000576.SZ:2022,000576.SZ,validation,0,0.37652090191841125,0.7905946969985962,cross_attention,42
000576.SZ:2024,000576.SZ,test,0,0.6382848024368286,0.7905946969985962,cross_attention,42
000576.SZ:2025,000576.SZ,test,0,0.42119571566581726,0.7905946969985962,cross_attention,42
000581.SZ:2017,000581.SZ,train,0,0.3683089315891266,0.7905946969985962,cross_attention,42
000581.SZ:2018,000581.SZ,train,0,0.3448803126811981,0.7905946969985962,cross_attention,42
000581.SZ:2019,000581.SZ,train,0,0.34511804580688477,0.7905946969985962,cross_attention,42
000581.SZ:2020,000581.SZ,train,0,0.3762529194355011,0.7905946969985962,cross_attention,42
000581.SZ:2021,000581.SZ,train,0,0.39368271827697754,0.7905946969985962,cross_attention,42
000581.SZ:2022,000581.SZ,validation,0,0.3969830274581909,0.7905946969985962,cross_attention,42
000581.SZ:2024,000581.SZ,test,0,0.41662517189979553,0.7905946969985962,cross_attention,42
000581.SZ:2025,000581.SZ,test,0,0.4297924041748047,0.7905946969985962,cross_attention,42
000585.SZ:2017,000585.SZ,train,1,0.7732492685317993,0.7905946969985962,cross_attention,42
000589.SZ:2020,000589.SZ,train,0,0.5035988092422485,0.7905946969985962,cross_attention,42
000589.SZ:2021,000589.SZ,train,0,0.3752771019935608,0.7905946969985962,cross_attention,42
000589.SZ:2022,000589.SZ,validation,0,0.50374835729599,0.7905946969985962,cross_attention,42
000589.SZ:2024,000589.SZ,test,0,0.45563894510269165,0.7905946969985962,cross_attention,42
000589.SZ:2025,000589.SZ,test,0,0.49821266531944275,0.7905946969985962,cross_attention,42
000593.SZ:2017,000593.SZ,train,0,0.562004804611206,0.7905946969985962,cross_attention,42
000593.SZ:2018,000593.SZ,train,0,0.4691736400127411,0.7905946969985962,cross_attention,42
000593.SZ:2019,000593.SZ,train,0,0.6536335945129395,0.7905946969985962,cross_attention,42
000593.SZ:2020,000593.SZ,train,0,0.5107685923576355,0.7905946969985962,cross_attention,42
000593.SZ:2021,000593.SZ,train,0,0.5065075755119324,0.7905946969985962,cross_attention,42
000593.SZ:2022,000593.SZ,validation,0,0.48026779294013977,0.7905946969985962,cross_attention,42
000593.SZ:2025,000593.SZ,test,0,0.5192318558692932,0.7905946969985962,cross_attention,42
000598.SZ:2017,000598.SZ,train,0,0.3882286548614502,0.7905946969985962,cross_attention,42
000598.SZ:2019,000598.SZ,train,0,0.4011204242706299,0.7905946969985962,cross_attention,42
000598.SZ:2020,000598.SZ,train,0,0.41530928015708923,0.7905946969985962,cross_attention,42
000598.SZ:2021,000598.SZ,train,0,0.40964531898498535,0.7905946969985962,cross_attention,42
000598.SZ:2022,000598.SZ,validation,0,0.4160495102405548,0.7905946969985962,cross_attention,42
000598.SZ:2024,000598.SZ,test,0,0.4157904088497162,0.7905946969985962,cross_attention,42
000598.SZ:2025,000598.SZ,test,0,0.42082732915878296,0.7905946969985962,cross_attention,42
000599.SZ:2017,000599.SZ,train,0,0.5419471859931946,0.7905946969985962,cross_attention,42
000599.SZ:2018,000599.SZ,train,0,0.5358760356903076,0.7905946969985962,cross_attention,42
000599.SZ:2019,000599.SZ,train,0,0.5403521656990051,0.7905946969985962,cross_attention,42
000599.SZ:2020,000599.SZ,train,0,0.5829262137413025,0.7905946969985962,cross_attention,42
000599.SZ:2021,000599.SZ,train,0,0.5592550039291382,0.7905946969985962,cross_attention,42
000599.SZ:2022,000599.SZ,validation,0,0.5966964960098267,0.7905946969985962,cross_attention,42
000599.SZ:2024,000599.SZ,test,0,0.5887179374694824,0.7905946969985962,cross_attention,42
000599.SZ:2025,000599.SZ,test,0,0.6127723455429077,0.7905946969985962,cross_attention,42
000610.SZ:2020,000610.SZ,train,0,0.5273448824882507,0.7905946969985962,cross_attention,42
000610.SZ:2021,000610.SZ,train,0,0.4687369763851166,0.7905946969985962,cross_attention,42
000610.SZ:2022,000610.SZ,validation,0,0.5814374685287476,0.7905946969985962,cross_attention,42
000610.SZ:2024,000610.SZ,test,0,0.6709268093109131,0.7905946969985962,cross_attention,42
000610.SZ:2025,000610.SZ,test,1,0.7725999355316162,0.7905946969985962,cross_attention,42
000612.SZ:2020,000612.SZ,train,0,0.4647705852985382,0.7905946969985962,cross_attention,42
000612.SZ:2021,000612.SZ,train,0,0.37403470277786255,0.7905946969985962,cross_attention,42
000612.SZ:2022,000612.SZ,validation,0,0.43066108226776123,0.7905946969985962,cross_attention,42
000612.SZ:2024,000612.SZ,test,0,0.3682160973548889,0.7905946969985962,cross_attention,42
000612.SZ:2025,000612.SZ,test,0,0.35349011421203613,0.7905946969985962,cross_attention,42
000626.SZ:2017,000626.SZ,train,0,0.48651790618896484,0.7905946969985962,cross_attention,42
000626.SZ:2018,000626.SZ,train,0,0.5727672576904297,0.7905946969985962,cross_attention,42
000626.SZ:2020,000626.SZ,train,0,0.5002315044403076,0.7905946969985962,cross_attention,42
000626.SZ:2021,000626.SZ,train,0,0.5221936702728271,0.7905946969985962,cross_attention,42
000626.SZ:2022,000626.SZ,validation,0,0.4862199127674103,0.7905946969985962,cross_attention,42
000626.SZ:2024,000626.SZ,test,0,0.5670003294944763,0.7905946969985962,cross_attention,42
000626.SZ:2025,000626.SZ,test,0,0.548976719379425,0.7905946969985962,cross_attention,42
000629.SZ:2019,000629.SZ,train,0,0.2522406578063965,0.7905946969985962,cross_attention,42
000629.SZ:2020,000629.SZ,train,0,0.2651343047618866,0.7905946969985962,cross_attention,42
000629.SZ:2021,000629.SZ,train,0,0.40458133816719055,0.7905946969985962,cross_attention,42
000629.SZ:2022,000629.SZ,validation,0,0.2766978144645691,0.7905946969985962,cross_attention,42
000629.SZ:2024,000629.SZ,test,0,0.3948327898979187,0.7905946969985962,cross_attention,42
000629.SZ:2025,000629.SZ,test,0,0.4017191231250763,0.7905946969985962,cross_attention,42
000633.SZ:2018,000633.SZ,train,0,0.6148720979690552,0.7905946969985962,cross_attention,42
000633.SZ:2019,000633.SZ,train,0,0.5522637963294983,0.7905946969985962,cross_attention,42
000633.SZ:2022,000633.SZ,validation,0,0.4994598627090454,0.7905946969985962,cross_attention,42
000633.SZ:2024,000633.SZ,test,0,0.46292662620544434,0.7905946969985962,cross_attention,42
000633.SZ:2025,000633.SZ,test,0,0.499711811542511,0.7905946969985962,cross_attention,42
000635.SZ:2018,000635.SZ,train,0,0.3726489543914795,0.7905946969985962,cross_attention,42
000635.SZ:2019,000635.SZ,train,0,0.43861231207847595,0.7905946969985962,cross_attention,42
000635.SZ:2021,000635.SZ,train,0,0.4198645353317261,0.7905946969985962,cross_attention,42
000635.SZ:2022,000635.SZ,validation,0,0.4314405024051666,0.7905946969985962,cross_attention,42
000650.SZ:2017,000650.SZ,train,0,0.3194807171821594,0.7905946969985962,cross_attention,42
000650.SZ:2019,000650.SZ,train,0,0.2989748418331146,0.7905946969985962,cross_attention,42
000650.SZ:2020,000650.SZ,train,0,0.2646937370300293,0.7905946969985962,cross_attention,42
000650.SZ:2021,000650.SZ,train,0,0.2527635991573334,0.7905946969985962,cross_attention,42
000650.SZ:2022,000650.SZ,validation,0,0.29590359330177307,0.7905946969985962,cross_attention,42
000650.SZ:2024,000650.SZ,test,0,0.30832597613334656,0.7905946969985962,cross_attention,42
000650.SZ:2025,000650.SZ,test,0,0.27829450368881226,0.7905946969985962,cross_attention,42
000652.SZ:2017,000652.SZ,train,0,0.5056101679801941,0.7905946969985962,cross_attention,42
000652.SZ:2018,000652.SZ,train,0,0.4933948218822479,0.7905946969985962,cross_attention,42
000652.SZ:2019,000652.SZ,train,0,0.5101022124290466,0.7905946969985962,cross_attention,42
000652.SZ:2020,000652.SZ,train,0,0.52256840467453,0.7905946969985962,cross_attention,42
000655.SZ:2017,000655.SZ,train,1,0.7294842600822449,0.7905946969985962,cross_attention,42
000655.SZ:2019,000655.SZ,train,0,0.3336719274520874,0.7905946969985962,cross_attention,42
000655.SZ:2020,000655.SZ,train,0,0.26393815875053406,0.7905946969985962,cross_attention,42
000655.SZ:2021,000655.SZ,train,0,0.31311872601509094,0.7905946969985962,cross_attention,42
000655.SZ:2022,000655.SZ,validation,0,0.27326449751853943,0.7905946969985962,cross_attention,42
000655.SZ:2024,000655.SZ,test,0,0.24748840928077698,0.7905946969985962,cross_attention,42
000655.SZ:2025,000655.SZ,test,0,0.32340115308761597,0.7905946969985962,cross_attention,42
000656.SZ:2020,000656.SZ,train,0,0.43590497970581055,0.7905946969985962,cross_attention,42
000656.SZ:2021,000656.SZ,train,0,0.4259226620197296,0.7905946969985962,cross_attention,42
000656.SZ:2022,000656.SZ,validation,0,0.4455202519893646,0.7905946969985962,cross_attention,42
000662.SZ:2018,000662.SZ,train,0,0.34727972745895386,0.7905946969985962,cross_attention,42
000665.SZ:2024,000665.SZ,test,0,0.641692042350769,0.7905946969985962,cross_attention,42
000668.SZ:2017,000668.SZ,train,0,0.5861079096794128,0.7905946969985962,cross_attention,42
000668.SZ:2019,000668.SZ,train,0,0.465535044670105,0.7905946969985962,cross_attention,42
000668.SZ:2021,000668.SZ,train,0,0.5190884470939636,0.7905946969985962,cross_attention,42
000668.SZ:2024,000668.SZ,test,1,0.5694465637207031,0.7905946969985962,cross_attention,42
000670.SZ:2017,000670.SZ,train,0,0.4592535197734833,0.7905946969985962,cross_attention,42
000670.SZ:2024,000670.SZ,test,0,0.5900001525878906,0.7905946969985962,cross_attention,42
000670.SZ:2025,000670.SZ,test,0,0.5868785381317139,0.7905946969985962,cross_attention,42
000695.SZ:2017,000695.SZ,train,0,0.5632100105285645,0.7905946969985962,cross_attention,42
000695.SZ:2018,000695.SZ,train,0,0.5542276501655579,0.7905946969985962,cross_attention,42
000695.SZ:2019,000695.SZ,train,0,0.4314081072807312,0.7905946969985962,cross_attention,42
000695.SZ:2020,000695.SZ,train,0,0.5175684094429016,0.7905946969985962,cross_attention,42
000695.SZ:2021,000695.SZ,train,0,0.5758786797523499,0.7905946969985962,cross_attention,42
000695.SZ:2024,000695.SZ,test,0,0.6135904788970947,0.7905946969985962,cross_attention,42
000695.SZ:2025,000695.SZ,test,0,0.5926757454872131,0.7905946969985962,cross_attention,42
000709.SZ:2017,000709.SZ,train,0,0.5338613390922546,0.7905946969985962,cross_attention,42
000709.SZ:2020,000709.SZ,train,0,0.5218470692634583,0.7905946969985962,cross_attention,42
000709.SZ:2021,000709.SZ,train,0,0.5296564102172852,0.7905946969985962,cross_attention,42
000709.SZ:2022,000709.SZ,validation,0,0.5194782018661499,0.7905946969985962,cross_attention,42
000709.SZ:2024,000709.SZ,test,0,0.5358395576477051,0.7905946969985962,cross_attention,42
000709.SZ:2025,000709.SZ,test,0,0.5381824374198914,0.7905946969985962,cross_attention,42
000715.SZ:2017,000715.SZ,train,0,0.4635077714920044,0.7905946969985962,cross_attention,42
000715.SZ:2018,000715.SZ,train,0,0.46079155802726746,0.7905946969985962,cross_attention,42
000715.SZ:2019,000715.SZ,train,0,0.4528202414512634,0.7905946969985962,cross_attention,42
000715.SZ:2020,000715.SZ,train,0,0.4153129756450653,0.7905946969985962,cross_attention,42
000715.SZ:2021,000715.SZ,train,0,0.42417535185813904,0.7905946969985962,cross_attention,42
000715.SZ:2022,000715.SZ,validation,0,0.4091441035270691,0.7905946969985962,cross_attention,42
000715.SZ:2024,000715.SZ,test,0,0.3941296339035034,0.7905946969985962,cross_attention,42
000715.SZ:2025,000715.SZ,test,0,0.4223887324333191,0.7905946969985962,cross_attention,42
000718.SZ:2018,000718.SZ,train,0,0.3784983456134796,0.7905946969985962,cross_attention,42
000718.SZ:2019,000718.SZ,train,0,0.3686755895614624,0.7905946969985962,cross_attention,42
000718.SZ:2020,000718.SZ,train,0,0.37126556038856506,0.7905946969985962,cross_attention,42
000718.SZ:2021,000718.SZ,train,0,0.37509652972221375,0.7905946969985962,cross_attention,42
000718.SZ:2022,000718.SZ,validation,0,0.38485971093177795,0.7905946969985962,cross_attention,42
000718.SZ:2024,000718.SZ,test,0,0.4250754117965698,0.7905946969985962,cross_attention,42
000718.SZ:2025,000718.SZ,test,0,0.42547059059143066,0.7905946969985962,cross_attention,42
000727.SZ:2017,000727.SZ,train,0,0.5108194947242737,0.7905946969985962,cross_attention,42
000727.SZ:2021,000727.SZ,train,0,0.491225004196167,0.7905946969985962,cross_attention,42
000739.SZ:2018,000739.SZ,train,0,0.5060369372367859,0.7905946969985962,cross_attention,42
000739.SZ:2019,000739.SZ,train,0,0.4446534514427185,0.7905946969985962,cross_attention,42
000739.SZ:2020,000739.SZ,train,0,0.3955781161785126,0.7905946969985962,cross_attention,42
000739.SZ:2021,000739.SZ,train,0,0.387657105922699,0.7905946969985962,cross_attention,42
000739.SZ:2022,000739.SZ,validation,0,0.41904065012931824,0.7905946969985962,cross_attention,42
000739.SZ:2024,000739.SZ,test,0,0.4352104365825653,0.7905946969985962,cross_attention,42
000739.SZ:2025,000739.SZ,test,0,0.4339763820171356,0.7905946969985962,cross_attention,42
000786.SZ:2020,000786.SZ,train,0,0.46357908844947815,0.7905946969985962,cross_attention,42
000786.SZ:2021,000786.SZ,train,0,0.35013583302497864,0.7905946969985962,cross_attention,42
000786.SZ:2022,000786.SZ,validation,0,0.3134496212005615,0.7905946969985962,cross_attention,42
000786.SZ:2024,000786.SZ,test,0,0.3095510005950928,0.7905946969985962,cross_attention,42
000786.SZ:2025,000786.SZ,test,0,0.3381199240684509,0.7905946969985962,cross_attention,42
000797.SZ:2017,000797.SZ,train,0,0.4179232120513916,0.7905946969985962,cross_attention,42
000797.SZ:2018,000797.SZ,train,0,0.4761791527271271,0.7905946969985962,cross_attention,42
000797.SZ:2019,000797.SZ,train,0,0.4533359408378601,0.7905946969985962,cross_attention,42
000797.SZ:2020,000797.SZ,train,0,0.4665091931819916,0.7905946969985962,cross_attention,42
000797.SZ:2021,000797.SZ,train,0,0.424856036901474,0.7905946969985962,cross_attention,42
000797.SZ:2022,000797.SZ,validation,0,0.46055981516838074,0.7905946969985962,cross_attention,42
000797.SZ:2024,000797.SZ,test,0,0.4389997720718384,0.7905946969985962,cross_attention,42
000797.SZ:2025,000797.SZ,test,0,0.4635663628578186,0.7905946969985962,cross_attention,42
000800.SZ:2017,000800.SZ,train,0,0.5766226053237915,0.7905946969985962,cross_attention,42
000800.SZ:2019,000800.SZ,train,0,0.5295210480690002,0.7905946969985962,cross_attention,42
000800.SZ:2020,000800.SZ,train,0,0.5262772440910339,0.7905946969985962,cross_attention,42
000800.SZ:2021,000800.SZ,train,0,0.4760684669017792,0.7905946969985962,cross_attention,42
000800.SZ:2022,000800.SZ,validation,0,0.40453317761421204,0.7905946969985962,cross_attention,42
000800.SZ:2024,000800.SZ,test,0,0.5194154977798462,0.7905946969985962,cross_attention,42
000800.SZ:2025,000800.SZ,test,0,0.5288262963294983,0.7905946969985962,cross_attention,42
000807.SZ:2017,000807.SZ,train,0,0.5310840606689453,0.7905946969985962,cross_attention,42
000807.SZ:2019,000807.SZ,train,0,0.6024456024169922,0.7905946969985962,cross_attention,42
000807.SZ:2020,000807.SZ,train,0,0.5059147477149963,0.7905946969985962,cross_attention,42
000807.SZ:2021,000807.SZ,train,0,0.4645407497882843,0.7905946969985962,cross_attention,42
000807.SZ:2022,000807.SZ,validation,0,0.3257785737514496,0.7905946969985962,cross_attention,42
000807.SZ:2024,000807.SZ,test,0,0.294396311044693,0.7905946969985962,cross_attention,42
000821.SZ:2022,000821.SZ,validation,0,0.5097245573997498,0.7905946969985962,cross_attention,42
000821.SZ:2024,000821.SZ,test,0,0.4803088903427124,0.7905946969985962,cross_attention,42
000821.SZ:2025,000821.SZ,test,1,0.5075096487998962,0.7905946969985962,cross_attention,42
000822.SZ:2020,000822.SZ,train,0,0.39702028036117554,0.7905946969985962,cross_attention,42
000823.SZ:2017,000823.SZ,train,0,0.47237175703048706,0.7905946969985962,cross_attention,42
000823.SZ:2018,000823.SZ,train,0,0.4949771761894226,0.7905946969985962,cross_attention,42
000823.SZ:2019,000823.SZ,train,0,0.46567702293395996,0.7905946969985962,cross_attention,42
000823.SZ:2020,000823.SZ,train,0,0.44795888662338257,0.7905946969985962,cross_attention,42
000823.SZ:2021,000823.SZ,train,0,0.4778607189655304,0.7905946969985962,cross_attention,42
000823.SZ:2022,000823.SZ,validation,0,0.4773838520050049,0.7905946969985962,cross_attention,42
000823.SZ:2024,000823.SZ,test,0,0.4982917904853821,0.7905946969985962,cross_attention,42
000823.SZ:2025,000823.SZ,test,0,0.49978014826774597,0.7905946969985962,cross_attention,42
000830.SZ:2017,000830.SZ,train,0,0.5199024677276611,0.7905946969985962,cross_attention,42
000830.SZ:2018,000830.SZ,train,0,0.39576050639152527,0.7905946969985962,cross_attention,42
000830.SZ:2019,000830.SZ,train,0,0.33633920550346375,0.7905946969985962,cross_attention,42
000830.SZ:2020,000830.SZ,train,0,0.42464563250541687,0.7905946969985962,cross_attention,42
000830.SZ:2021,000830.SZ,train,0,0.470129132270813,0.7905946969985962,cross_attention,42
000830.SZ:2022,000830.SZ,validation,0,0.257645845413208,0.7905946969985962,cross_attention,42
000830.SZ:2024,000830.SZ,test,0,0.4660814106464386,0.7905946969985962,cross_attention,42
000830.SZ:2025,000830.SZ,test,0,0.4111175537109375,0.7905946969985962,cross_attention,42
000835.SZ:2018,000835.SZ,train,0,0.3632766306400299,0.7905946969985962,cross_attention,42
000835.SZ:2019,000835.SZ,train,0,0.824346125125885,0.7905946969985962,cross_attention,42
000850.SZ:2017,000850.SZ,train,0,0.4993056058883667,0.7905946969985962,cross_attention,42
000850.SZ:2018,000850.SZ,train,0,0.5004304051399231,0.7905946969985962,cross_attention,42
000850.SZ:2019,000850.SZ,train,0,0.5017425417900085,0.7905946969985962,cross_attention,42
000850.SZ:2021,000850.SZ,train,0,0.45654579997062683,0.7905946969985962,cross_attention,42
000850.SZ:2022,000850.SZ,validation,0,0.41880181431770325,0.7905946969985962,cross_attention,42
000850.SZ:2024,000850.SZ,test,0,0.4927164614200592,0.7905946969985962,cross_attention,42
000850.SZ:2025,000850.SZ,test,0,0.45418471097946167,0.7905946969985962,cross_attention,42
000861.SZ:2017,000861.SZ,train,0,0.4514468312263489,0.7905946969985962,cross_attention,42
000861.SZ:2019,000861.SZ,train,0,0.4667450487613678,0.7905946969985962,cross_attention,42
000861.SZ:2020,000861.SZ,train,0,0.4527418911457062,0.7905946969985962,cross_attention,42
000861.SZ:2021,000861.SZ,train,0,0.4891642928123474,0.7905946969985962,cross_attention,42
000861.SZ:2022,000861.SZ,validation,0,0.6584250330924988,0.7905946969985962,cross_attention,42
000868.SZ:2021,000868.SZ,train,0,0.5271168947219849,0.7905946969985962,cross_attention,42
000868.SZ:2022,000868.SZ,validation,0,0.7017759084701538,0.7905946969985962,cross_attention,42
000883.SZ:2017,000883.SZ,train,0,0.38728970289230347,0.7905946969985962,cross_attention,42
000883.SZ:2018,000883.SZ,train,0,0.4100668430328369,0.7905946969985962,cross_attention,42
000883.SZ:2019,000883.SZ,train,0,0.42662662267684937,0.7905946969985962,cross_attention,42
000883.SZ:2020,000883.SZ,train,0,0.44765836000442505,0.7905946969985962,cross_attention,42
000883.SZ:2021,000883.SZ,train,0,0.4010898470878601,0.7905946969985962,cross_attention,42
000883.SZ:2022,000883.SZ,validation,0,0.45949411392211914,0.7905946969985962,cross_attention,42
000883.SZ:2024,000883.SZ,test,0,0.48674172163009644,0.7905946969985962,cross_attention,42
000890.SZ:2017,000890.SZ,train,0,0.5187503099441528,0.7905946969985962,cross_attention,42
000890.SZ:2019,000890.SZ,train,1,0.6057432293891907,0.7905946969985962,cross_attention,42
000890.SZ:2022,000890.SZ,validation,0,0.5005391836166382,0.7905946969985962,cross_attention,42
000890.SZ:2024,000890.SZ,test,0,0.6555595397949219,0.7905946969985962,cross_attention,42
000890.SZ:2025,000890.SZ,test,0,0.7842860817909241,0.7905946969985962,cross_attention,42
000897.SZ:2021,000897.SZ,train,0,0.40036723017692566,0.7905946969985962,cross_attention,42
000897.SZ:2024,000897.SZ,test,0,0.3744688332080841,0.7905946969985962,cross_attention,42
000903.SZ:2017,000903.SZ,train,0,0.49178847670555115,0.7905946969985962,cross_attention,42
000903.SZ:2018,000903.SZ,train,0,0.505311906337738,0.7905946969985962,cross_attention,42
000903.SZ:2019,000903.SZ,train,0,0.520535945892334,0.7905946969985962,cross_attention,42
000903.SZ:2020,000903.SZ,train,0,0.5255839824676514,0.7905946969985962,cross_attention,42
000903.SZ:2021,000903.SZ,train,0,0.4986899793148041,0.7905946969985962,cross_attention,42
000903.SZ:2022,000903.SZ,validation,0,0.5416548252105713,0.7905946969985962,cross_attention,42
000903.SZ:2024,000903.SZ,test,0,0.6600831151008606,0.7905946969985962,cross_attention,42
000903.SZ:2025,000903.SZ,test,1,0.7073291540145874,0.7905946969985962,cross_attention,42
000920.SZ:2017,000920.SZ,train,0,0.4147675931453705,0.7905946969985962,cross_attention,42
000920.SZ:2018,000920.SZ,train,0,0.42942601442337036,0.7905946969985962,cross_attention,42
000920.SZ:2019,000920.SZ,train,0,0.4658140540122986,0.7905946969985962,cross_attention,42
000920.SZ:2020,000920.SZ,train,0,0.45366033911705017,0.7905946969985962,cross_attention,42
000920.SZ:2021,000920.SZ,train,0,0.4326919615268707,0.7905946969985962,cross_attention,42
000920.SZ:2022,000920.SZ,validation,0,0.4108361601829529,0.7905946969985962,cross_attention,42
000920.SZ:2024,000920.SZ,test,0,0.40286770462989807,0.7905946969985962,cross_attention,42
000920.SZ:2025,000920.SZ,test,0,0.393789142370224,0.7905946969985962,cross_attention,42
000925.SZ:2017,000925.SZ,train,0,0.6111457347869873,0.7905946969985962,cross_attention,42
000925.SZ:2018,000925.SZ,train,0,0.5349780917167664,0.7905946969985962,cross_attention,42
000925.SZ:2019,000925.SZ,train,0,0.5565339922904968,0.7905946969985962,cross_attention,42
000925.SZ:2020,000925.SZ,train,0,0.5476527214050293,0.7905946969985962,cross_attention,42
000925.SZ:2021,000925.SZ,train,0,0.5585829615592957,0.7905946969985962,cross_attention,42
000925.SZ:2022,000925.SZ,validation,0,0.5230446457862854,0.7905946969985962,cross_attention,42
000925.SZ:2024,000925.SZ,test,0,0.5457918643951416,0.7905946969985962,cross_attention,42
000925.SZ:2025,000925.SZ,test,0,0.54283607006073,0.7905946969985962,cross_attention,42
000933.SZ:2018,000933.SZ,train,0,0.5351744294166565,0.7905946969985962,cross_attention,42
000933.SZ:2019,000933.SZ,train,0,0.5517176985740662,0.7905946969985962,cross_attention,42
000933.SZ:2020,000933.SZ,train,0,0.5329042673110962,0.7905946969985962,cross_attention,42
000933.SZ:2021,000933.SZ,train,0,0.5417531132698059,0.7905946969985962,cross_attention,42
000933.SZ:2022,000933.SZ,validation,0,0.38982707262039185,0.7905946969985962,cross_attention,42
000933.SZ:2024,000933.SZ,test,0,0.3249439597129822,0.7905946969985962,cross_attention,42
000933.SZ:2025,000933.SZ,test,0,0.36158207058906555,0.7905946969985962,cross_attention,42
000937.SZ:2017,000937.SZ,train,0,0.5413902401924133,0.7905946969985962,cross_attention,42
000937.SZ:2018,000937.SZ,train,0,0.4945574402809143,0.7905946969985962,cross_attention,42
000937.SZ:2019,000937.SZ,train,0,0.49266454577445984,0.7905946969985962,cross_attention,42
000937.SZ:2020,000937.SZ,train,0,0.4770148694515228,0.7905946969985962,cross_attention,42
000937.SZ:2024,000937.SZ,test,0,0.3677055239677429,0.7905946969985962,cross_attention,42
000982.SZ:2022,000982.SZ,validation,0,0.34316954016685486,0.7905946969985962,cross_attention,42
000989.SZ:2017,000989.SZ,train,0,0.25302502512931824,0.7905946969985962,cross_attention,42
000989.SZ:2020,000989.SZ,train,0,0.37173590064048767,0.7905946969985962,cross_attention,42
000989.SZ:2021,000989.SZ,train,0,0.39729535579681396,0.7905946969985962,cross_attention,42
000989.SZ:2022,000989.SZ,validation,0,0.43340009450912476,0.7905946969985962,cross_attention,42
000990.SZ:2020,000990.SZ,train,0,0.4714437425136566,0.7905946969985962,cross_attention,42
000990.SZ:2021,000990.SZ,train,0,0.48176300525665283,0.7905946969985962,cross_attention,42
000990.SZ:2022,000990.SZ,validation,0,0.4131876230239868,0.7905946969985962,cross_attention,42
000990.SZ:2024,000990.SZ,test,0,0.4803110659122467,0.7905946969985962,cross_attention,42
000990.SZ:2025,000990.SZ,test,0,0.48004719614982605,0.7905946969985962,cross_attention,42
001201.SZ:2024,001201.SZ,test,0,0.6549578905105591,0.7905946969985962,cross_attention,42
001201.SZ:2025,001201.SZ,test,0,0.5359727144241333,0.7905946969985962,cross_attention,42
001215.SZ:2025,001215.SZ,test,0,0.4391554594039917,0.7905946969985962,cross_attention,42
001216.SZ:2025,001216.SZ,test,0,0.31475555896759033,0.7905946969985962,cross_attention,42
001296.SZ:2025,001296.SZ,test,0,0.39221346378326416,0.7905946969985962,cross_attention,42
002002.SZ:2022,002002.SZ,validation,0,0.4724965989589691,0.7905946969985962,cross_attention,42
002014.SZ:2017,002014.SZ,train,0,0.3739938735961914,0.7905946969985962,cross_attention,42
002014.SZ:2018,002014.SZ,train,0,0.38856327533721924,0.7905946969985962,cross_attention,42
002014.SZ:2019,002014.SZ,train,0,0.382216215133667,0.7905946969985962,cross_attention,42
002014.SZ:2020,002014.SZ,train,0,0.3481239378452301,0.7905946969985962,cross_attention,42
002014.SZ:2021,002014.SZ,train,0,0.35742947459220886,0.7905946969985962,cross_attention,42
002014.SZ:2022,002014.SZ,validation,0,0.3927760720252991,0.7905946969985962,cross_attention,42
002014.SZ:2024,002014.SZ,test,0,0.3776130676269531,0.7905946969985962,cross_attention,42
002016.SZ:2017,002016.SZ,train,0,0.40589019656181335,0.7905946969985962,cross_attention,42
002016.SZ:2018,002016.SZ,train,0,0.32336416840553284,0.7905946969985962,cross_attention,42
002016.SZ:2019,002016.SZ,train,0,0.329459547996521,0.7905946969985962,cross_attention,42
002016.SZ:2020,002016.SZ,train,0,0.2917042076587677,0.7905946969985962,cross_attention,42
002016.SZ:2021,002016.SZ,train,0,0.33202674984931946,0.7905946969985962,cross_attention,42
002016.SZ:2022,002016.SZ,validation,0,0.3542262017726898,0.7905946969985962,cross_attention,42
002016.SZ:2024,002016.SZ,test,0,0.4282801151275635,0.7905946969985962,cross_attention,42
002016.SZ:2025,002016.SZ,test,0,0.47117698192596436,0.7905946969985962,cross_attention,42
002021.SZ:2017,002021.SZ,train,0,0.5108539462089539,0.7905946969985962,cross_attention,42
002021.SZ:2018,002021.SZ,train,1,0.5938451290130615,0.7905946969985962,cross_attention,42
002021.SZ:2025,002021.SZ,test,0,0.5054425001144409,0.7905946969985962,cross_attention,42
002027.SZ:2019,002027.SZ,train,0,0.20487858355045319,0.7905946969985962,cross_attention,42
002027.SZ:2020,002027.SZ,train,0,0.3274068236351013,0.7905946969985962,cross_attention,42
002027.SZ:2021,002027.SZ,train,0,0.21577928960323334,0.7905946969985962,cross_attention,42
002027.SZ:2022,002027.SZ,validation,0,0.1636701375246048,0.7905946969985962,cross_attention,42
002027.SZ:2024,002027.SZ,test,0,0.17682327330112457,0.7905946969985962,cross_attention,42
002027.SZ:2025,002027.SZ,test,0,0.17239215970039368,0.7905946969985962,cross_attention,42
002033.SZ:2019,002033.SZ,train,0,0.2110426127910614,0.7905946969985962,cross_attention,42
002033.SZ:2020,002033.SZ,train,0,0.20261675119400024,0.7905946969985962,cross_attention,42
002033.SZ:2021,002033.SZ,train,0,0.3110675811767578,0.7905946969985962,cross_attention,42
002033.SZ:2022,002033.SZ,validation,0,0.46013015508651733,0.7905946969985962,cross_attention,42
002033.SZ:2024,002033.SZ,test,0,0.24452728033065796,0.7905946969985962,cross_attention,42
002033.SZ:2025,002033.SZ,test,0,0.29373687505722046,0.7905946969985962,cross_attention,42
002039.SZ:2017,002039.SZ,train,0,0.3390054702758789,0.7905946969985962,cross_attention,42
002039.SZ:2019,002039.SZ,train,0,0.392253577709198,0.7905946969985962,cross_attention,42
002039.SZ:2020,002039.SZ,train,0,0.38818472623825073,0.7905946969985962,cross_attention,42
002039.SZ:2021,002039.SZ,train,0,0.36703240871429443,0.7905946969985962,cross_attention,42
002039.SZ:2022,002039.SZ,validation,0,0.41786471009254456,0.7905946969985962,cross_attention,42
002039.SZ:2024,002039.SZ,test,0,0.3885093033313751,0.7905946969985962,cross_attention,42
002040.SZ:2017,002040.SZ,train,0,0.39165863394737244,0.7905946969985962,cross_attention,42
002040.SZ:2018,002040.SZ,train,0,0.42049771547317505,0.7905946969985962,cross_attention,42
002040.SZ:2019,002040.SZ,train,0,0.39178362488746643,0.7905946969985962,cross_attention,42
002040.SZ:2020,002040.SZ,train,0,0.3885253369808197,0.7905946969985962,cross_attention,42
002040.SZ:2021,002040.SZ,train,0,0.3765069544315338,0.7905946969985962,cross_attention,42
002040.SZ:2024,002040.SZ,test,0,0.3931480944156647,0.7905946969985962,cross_attention,42
002041.SZ:2017,002041.SZ,train,0,0.3141237199306488,0.7905946969985962,cross_attention,42
002041.SZ:2018,002041.SZ,train,0,0.38435986638069153,0.7905946969985962,cross_attention,42
002041.SZ:2019,002041.SZ,train,0,0.41241368651390076,0.7905946969985962,cross_attention,42
002041.SZ:2020,002041.SZ,train,0,0.42102980613708496,0.7905946969985962,cross_attention,42
002041.SZ:2021,002041.SZ,train,0,0.3870398700237274,0.7905946969985962,cross_attention,42
002041.SZ:2022,002041.SZ,validation,0,0.3507985472679138,0.7905946969985962,cross_attention,42
002041.SZ:2024,002041.SZ,test,0,0.3567865192890167,0.7905946969985962,cross_attention,42
002041.SZ:2025,002041.SZ,test,0,0.41117429733276367,0.7905946969985962,cross_attention,42
002046.SZ:2018,002046.SZ,train,0,0.5138501524925232,0.7905946969985962,cross_attention,42
002046.SZ:2019,002046.SZ,train,0,0.5105418562889099,0.7905946969985962,cross_attention,42
002046.SZ:2020,002046.SZ,train,0,0.5138500332832336,0.7905946969985962,cross_attention,42
002046.SZ:2021,002046.SZ,train,0,0.5021622776985168,0.7905946969985962,cross_attention,42
002046.SZ:2022,002046.SZ,validation,0,0.4988430142402649,0.7905946969985962,cross_attention,42
002046.SZ:2024,002046.SZ,test,0,0.4515298008918762,0.7905946969985962,cross_attention,42
002046.SZ:2025,002046.SZ,test,0,0.480670303106308,0.7905946969985962,cross_attention,42
002050.SZ:2017,002050.SZ,train,0,0.378307580947876,0.7905946969985962,cross_attention,42
002050.SZ:2018,002050.SZ,train,0,0.4182850122451782,0.7905946969985962,cross_attention,42
002050.SZ:2019,002050.SZ,train,0,0.40614619851112366,0.7905946969985962,cross_attention,42
002050.SZ:2020,002050.SZ,train,0,0.38507989048957825,0.7905946969985962,cross_attention,42
002050.SZ:2021,002050.SZ,train,0,0.3949769139289856,0.7905946969985962,cross_attention,42
002050.SZ:2022,002050.SZ,validation,0,0.4400486648082733,0.7905946969985962,cross_attention,42
002050.SZ:2024,002050.SZ,test,0,0.4139709770679474,0.7905946969985962,cross_attention,42
002050.SZ:2025,002050.SZ,test,0,0.42203882336616516,0.7905946969985962,cross_attention,42
002053.SZ:2018,002053.SZ,train,0,0.44564417004585266,0.7905946969985962,cross_attention,42
002053.SZ:2019,002053.SZ,train,0,0.46768951416015625,0.7905946969985962,cross_attention,42
002053.SZ:2020,002053.SZ,train,0,0.4362420439720154,0.7905946969985962,cross_attention,42
002053.SZ:2021,002053.SZ,train,0,0.4620645344257355,0.7905946969985962,cross_attention,42
002053.SZ:2022,002053.SZ,validation,0,0.46631211042404175,0.7905946969985962,cross_attention,42
002053.SZ:2024,002053.SZ,test,0,0.46783795952796936,0.7905946969985962,cross_attention,42
002056.SZ:2020,002056.SZ,train,0,0.4226285517215729,0.7905946969985962,cross_attention,42
002056.SZ:2021,002056.SZ,train,0,0.399476557970047,0.7905946969985962,cross_attention,42
002056.SZ:2022,002056.SZ,validation,0,0.42868486046791077,0.7905946969985962,cross_attention,42
002056.SZ:2024,002056.SZ,test,0,0.39781489968299866,0.7905946969985962,cross_attention,42
002056.SZ:2025,002056.SZ,test,0,0.4214338958263397,0.7905946969985962,cross_attention,42
002064.SZ:2017,002064.SZ,train,0,0.5881800055503845,0.7905946969985962,cross_attention,42
002064.SZ:2018,002064.SZ,train,0,0.4333982765674591,0.7905946969985962,cross_attention,42
002064.SZ:2019,002064.SZ,train,0,0.3814425468444824,0.7905946969985962,cross_attention,42
002064.SZ:2020,002064.SZ,train,0,0.36987799406051636,0.7905946969985962,cross_attention,42
002064.SZ:2022,002064.SZ,validation,0,0.2221396416425705,0.7905946969985962,cross_attention,42
002064.SZ:2024,002064.SZ,test,0,0.4063597321510315,0.7905946969985962,cross_attention,42
002064.SZ:2025,002064.SZ,test,0,0.4015570282936096,0.7905946969985962,cross_attention,42
002069.SZ:2017,002069.SZ,train,0,0.496623694896698,0.7905946969985962,cross_attention,42
002069.SZ:2018,002069.SZ,train,0,0.7393220663070679,0.7905946969985962,cross_attention,42
002069.SZ:2019,002069.SZ,train,0,0.522382915019989,0.7905946969985962,cross_attention,42
002069.SZ:2020,002069.SZ,train,0,0.7287688851356506,0.7905946969985962,cross_attention,42
002069.SZ:2021,002069.SZ,train,0,0.4748045802116394,0.7905946969985962,cross_attention,42
002069.SZ:2022,002069.SZ,validation,1,0.5113372206687927,0.7905946969985962,cross_attention,42
002069.SZ:2024,002069.SZ,test,0,0.5241698622703552,0.7905946969985962,cross_attention,42
002071.SZ:2017,002071.SZ,train,0,0.4045293927192688,0.7905946969985962,cross_attention,42
002092.SZ:2020,002092.SZ,train,0,0.5159757137298584,0.7905946969985962,cross_attention,42
002092.SZ:2021,002092.SZ,train,0,0.5338584184646606,0.7905946969985962,cross_attention,42
002092.SZ:2022,002092.SZ,validation,0,0.4678163528442383,0.7905946969985962,cross_attention,42
002092.SZ:2024,002092.SZ,test,1,0.5910463929176331,0.7905946969985962,cross_attention,42
002102.SZ:2025,002102.SZ,test,1,0.5719295144081116,0.7905946969985962,cross_attention,42
002106.SZ:2017,002106.SZ,train,0,0.4508005380630493,0.7905946969985962,cross_attention,42
002110.SZ:2019,002110.SZ,train,0,0.2220185399055481,0.7905946969985962,cross_attention,42
002110.SZ:2020,002110.SZ,train,0,0.3609331548213959,0.7905946969985962,cross_attention,42
002110.SZ:2021,002110.SZ,train,0,0.4247451424598694,0.7905946969985962,cross_attention,42
002110.SZ:2022,002110.SZ,validation,0,0.4129296839237213,0.7905946969985962,cross_attention,42
002110.SZ:2024,002110.SZ,test,0,0.5459446907043457,0.7905946969985962,cross_attention,42
002110.SZ:2025,002110.SZ,test,0,0.5629149675369263,0.7905946969985962,cross_attention,42
002112.SZ:2017,002112.SZ,train,0,0.562129557132721,0.7905946969985962,cross_attention,42
002112.SZ:2018,002112.SZ,train,0,0.6664016246795654,0.7905946969985962,cross_attention,42
002112.SZ:2021,002112.SZ,train,0,0.5340767502784729,0.7905946969985962,cross_attention,42
002112.SZ:2022,002112.SZ,validation,0,0.5481390357017517,0.7905946969985962,cross_attention,42
002112.SZ:2024,002112.SZ,test,0,0.5189048051834106,0.7905946969985962,cross_attention,42
002112.SZ:2025,002112.SZ,test,0,0.4903222620487213,0.7905946969985962,cross_attention,42
002117.SZ:2019,002117.SZ,train,0,0.3592342138290405,0.7905946969985962,cross_attention,42
002117.SZ:2020,002117.SZ,train,0,0.3310934901237488,0.7905946969985962,cross_attention,42
002117.SZ:2021,002117.SZ,train,0,0.3976413905620575,0.7905946969985962,cross_attention,42
002117.SZ:2022,002117.SZ,validation,0,0.3880419135093689,0.7905946969985962,cross_attention,42
002117.SZ:2024,002117.SZ,test,0,0.4041389226913452,0.7905946969985962,cross_attention,42
002120.SZ:2017,002120.SZ,train,0,0.26530060172080994,0.7905946969985962,cross_attention,42
002120.SZ:2018,002120.SZ,train,0,0.265086829662323,0.7905946969985962,cross_attention,42
002120.SZ:2019,002120.SZ,train,0,0.293321430683136,0.7905946969985962,cross_attention,42
002120.SZ:2020,002120.SZ,train,0,0.3261733651161194,0.7905946969985962,cross_attention,42
002120.SZ:2021,002120.SZ,train,0,0.4442782998085022,0.7905946969985962,cross_attention,42
002120.SZ:2022,002120.SZ,validation,0,0.4586348831653595,0.7905946969985962,cross_attention,42
002120.SZ:2024,002120.SZ,test,0,0.4410763680934906,0.7905946969985962,cross_attention,42
002120.SZ:2025,002120.SZ,test,0,0.41821765899658203,0.7905946969985962,cross_attention,42
002121.SZ:2017,002121.SZ,train,0,0.5340376496315002,0.7905946969985962,cross_attention,42
002121.SZ:2018,002121.SZ,train,0,0.5199634432792664,0.7905946969985962,cross_attention,42
002121.SZ:2022,002121.SZ,validation,0,0.7009024620056152,0.7905946969985962,cross_attention,42
002121.SZ:2024,002121.SZ,test,0,0.6683468818664551,0.7905946969985962,cross_attention,42
002121.SZ:2025,002121.SZ,test,0,0.7054713368415833,0.7905946969985962,cross_attention,42
002125.SZ:2017,002125.SZ,train,0,0.5230569839477539,0.7905946969985962,cross_attention,42
002125.SZ:2018,002125.SZ,train,0,0.5129035711288452,0.7905946969985962,cross_attention,42
002125.SZ:2019,002125.SZ,train,0,0.5150564312934875,0.7905946969985962,cross_attention,42
002125.SZ:2020,002125.SZ,train,0,0.5217658877372742,0.7905946969985962,cross_attention,42
002125.SZ:2021,002125.SZ,train,0,0.5278302431106567,0.7905946969985962,cross_attention,42
002125.SZ:2022,002125.SZ,validation,0,0.4584121108055115,0.7905946969985962,cross_attention,42
002125.SZ:2024,002125.SZ,test,0,0.40574824810028076,0.7905946969985962,cross_attention,42
002125.SZ:2025,002125.SZ,test,0,0.4097330868244171,0.7905946969985962,cross_attention,42
002140.SZ:2017,002140.SZ,train,0,0.516829788684845,0.7905946969985962,cross_attention,42
002140.SZ:2018,002140.SZ,train,0,0.5572366118431091,0.7905946969985962,cross_attention,42
002140.SZ:2019,002140.SZ,train,0,0.5045507550239563,0.7905946969985962,cross_attention,42
002140.SZ:2020,002140.SZ,train,0,0.5097692608833313,0.7905946969985962,cross_attention,42
002140.SZ:2021,002140.SZ,train,0,0.5106467604637146,0.7905946969985962,cross_attention,42
002140.SZ:2022,002140.SZ,validation,0,0.4954215884208679,0.7905946969985962,cross_attention,42
002140.SZ:2024,002140.SZ,test,0,0.5035273432731628,0.7905946969985962,cross_attention,42
002140.SZ:2025,002140.SZ,test,0,0.5029211640357971,0.7905946969985962,cross_attention,42
002141.SZ:2017,002141.SZ,train,0,0.3961001932621002,0.7905946969985962,cross_attention,42
002141.SZ:2018,002141.SZ,train,0,0.4972532093524933,0.7905946969985962,cross_attention,42
002141.SZ:2019,002141.SZ,train,0,0.5168486833572388,0.7905946969985962,cross_attention,42
002141.SZ:2020,002141.SZ,train,0,0.5082541704177856,0.7905946969985962,cross_attention,42
002141.SZ:2021,002141.SZ,train,0,0.7800604701042175,0.7905946969985962,cross_attention,42
002141.SZ:2022,002141.SZ,validation,0,0.5134494304656982,0.7905946969985962,cross_attention,42
002145.SZ:2017,002145.SZ,train,0,0.5066433548927307,0.7905946969985962,cross_attention,42
002145.SZ:2018,002145.SZ,train,0,0.4316774010658264,0.7905946969985962,cross_attention,42
002145.SZ:2019,002145.SZ,train,0,0.4074486494064331,0.7905946969985962,cross_attention,42
002145.SZ:2020,002145.SZ,train,0,0.41534388065338135,0.7905946969985962,cross_attention,42
002154.SZ:2018,002154.SZ,train,0,0.5111956596374512,0.7905946969985962,cross_attention,42
002154.SZ:2020,002154.SZ,train,0,0.4634087085723877,0.7905946969985962,cross_attention,42
002154.SZ:2021,002154.SZ,train,0,0.3938158452510834,0.7905946969985962,cross_attention,42
002154.SZ:2022,002154.SZ,validation,0,0.4081180989742279,0.7905946969985962,cross_attention,42
002154.SZ:2024,002154.SZ,test,0,0.36752012372016907,0.7905946969985962,cross_attention,42
002154.SZ:2025,002154.SZ,test,0,0.41593942046165466,0.7905946969985962,cross_attention,42
002160.SZ:2022,002160.SZ,validation,0,0.5328479409217834,0.7905946969985962,cross_attention,42
002160.SZ:2024,002160.SZ,test,0,0.5325788259506226,0.7905946969985962,cross_attention,42
002160.SZ:2025,002160.SZ,test,0,0.5364189743995667,0.7905946969985962,cross_attention,42
002169.SZ:2020,002169.SZ,train,0,0.5298133492469788,0.7905946969985962,cross_attention,42
002169.SZ:2021,002169.SZ,train,0,0.4788046181201935,0.7905946969985962,cross_attention,42
002169.SZ:2022,002169.SZ,validation,0,0.47980502247810364,0.7905946969985962,cross_attention,42
002169.SZ:2024,002169.SZ,test,0,0.583575963973999,0.7905946969985962,cross_attention,42
002181.SZ:2017,002181.SZ,train,0,0.41425037384033203,0.7905946969985962,cross_attention,42
002181.SZ:2018,002181.SZ,train,0,0.3707123398780823,0.7905946969985962,cross_attention,42
002181.SZ:2019,002181.SZ,train,0,0.3924429714679718,0.7905946969985962,cross_attention,42
002181.SZ:2020,002181.SZ,train,0,0.34084150195121765,0.7905946969985962,cross_attention,42
002181.SZ:2021,002181.SZ,train,0,0.3408953547477722,0.7905946969985962,cross_attention,42
002181.SZ:2022,002181.SZ,validation,0,0.40133365988731384,0.7905946969985962,cross_attention,42
002181.SZ:2024,002181.SZ,test,0,0.48743322491645813,0.7905946969985962,cross_attention,42
002181.SZ:2025,002181.SZ,test,0,0.46407148241996765,0.7905946969985962,cross_attention,42
002185.SZ:2017,002185.SZ,train,0,0.4303508996963501,0.7905946969985962,cross_attention,42
002185.SZ:2018,002185.SZ,train,0,0.44198673963546753,0.7905946969985962,cross_attention,42
002185.SZ:2020,002185.SZ,train,0,0.47502565383911133,0.7905946969985962,cross_attention,42
002185.SZ:2021,002185.SZ,train,0,0.4334692060947418,0.7905946969985962,cross_attention,42
002185.SZ:2022,002185.SZ,validation,0,0.4019433259963989,0.7905946969985962,cross_attention,42
002185.SZ:2024,002185.SZ,test,0,0.5092243552207947,0.7905946969985962,cross_attention,42
002198.SZ:2018,002198.SZ,train,0,0.694105863571167,0.7905946969985962,cross_attention,42
002198.SZ:2019,002198.SZ,train,0,0.3710803985595703,0.7905946969985962,cross_attention,42
002198.SZ:2020,002198.SZ,train,0,0.6387389898300171,0.7905946969985962,cross_attention,42
002198.SZ:2021,002198.SZ,train,0,0.38239094614982605,0.7905946969985962,cross_attention,42
002198.SZ:2022,002198.SZ,validation,0,0.4293860197067261,0.7905946969985962,cross_attention,42
002198.SZ:2024,002198.SZ,test,0,0.26979339122772217,0.7905946969985962,cross_attention,42
002198.SZ:2025,002198.SZ,test,0,0.30862054228782654,0.7905946969985962,cross_attention,42
002212.SZ:2017,002212.SZ,train,0,0.5221900939941406,0.7905946969985962,cross_attention,42
002212.SZ:2018,002212.SZ,train,0,0.43391263484954834,0.7905946969985962,cross_attention,42
002212.SZ:2019,002212.SZ,train,0,0.43829551339149475,0.7905946969985962,cross_attention,42
002212.SZ:2020,002212.SZ,train,0,0.46723416447639465,0.7905946969985962,cross_attention,42
002212.SZ:2021,002212.SZ,train,0,0.4400240480899811,0.7905946969985962,cross_attention,42
002212.SZ:2022,002212.SZ,validation,0,0.48776182532310486,0.7905946969985962,cross_attention,42
002212.SZ:2025,002212.SZ,test,0,0.5111860632896423,0.7905946969985962,cross_attention,42
002223.SZ:2018,002223.SZ,train,0,0.3574248254299164,0.7905946969985962,cross_attention,42
002223.SZ:2019,002223.SZ,train,0,0.328662246465683,0.7905946969985962,cross_attention,42
002223.SZ:2020,002223.SZ,train,0,0.37599924206733704,0.7905946969985962,cross_attention,42
002223.SZ:2021,002223.SZ,train,0,0.21725451946258545,0.7905946969985962,cross_attention,42
002223.SZ:2022,002223.SZ,validation,0,0.30640923976898193,0.7905946969985962,cross_attention,42
002223.SZ:2024,002223.SZ,test,0,0.26407748460769653,0.7905946969985962,cross_attention,42
002224.SZ:2017,002224.SZ,train,0,0.2072114646434784,0.7905946969985962,cross_attention,42
002224.SZ:2019,002224.SZ,train,0,0.3205866515636444,0.7905946969985962,cross_attention,42
002224.SZ:2021,002224.SZ,train,0,0.28816890716552734,0.7905946969985962,cross_attention,42
002224.SZ:2024,002224.SZ,test,0,0.42470747232437134,0.7905946969985962,cross_attention,42
002224.SZ:2025,002224.SZ,test,0,0.44171854853630066,0.7905946969985962,cross_attention,42
002227.SZ:2021,002227.SZ,train,0,0.5206913948059082,0.7905946969985962,cross_attention,42
002227.SZ:2022,002227.SZ,validation,0,0.5508123636245728,0.7905946969985962,cross_attention,42
002227.SZ:2024,002227.SZ,test,0,0.5586841106414795,0.7905946969985962,cross_attention,42
002227.SZ:2025,002227.SZ,test,1,0.5817578434944153,0.7905946969985962,cross_attention,42
002246.SZ:2017,002246.SZ,train,0,0.4649209678173065,0.7905946969985962,cross_attention,42
002246.SZ:2018,002246.SZ,train,0,0.49136149883270264,0.7905946969985962,cross_attention,42
002246.SZ:2019,002246.SZ,train,0,0.4936688542366028,0.7905946969985962,cross_attention,42
002246.SZ:2020,002246.SZ,train,0,0.4643811881542206,0.7905946969985962,cross_attention,42
002246.SZ:2021,002246.SZ,train,0,0.4807659387588501,0.7905946969985962,cross_attention,42
002246.SZ:2022,002246.SZ,validation,0,0.4919009208679199,0.7905946969985962,cross_attention,42
002246.SZ:2024,002246.SZ,test,0,0.5114263892173767,0.7905946969985962,cross_attention,42
002246.SZ:2025,002246.SZ,test,0,0.5398876070976257,0.7905946969985962,cross_attention,42
002249.SZ:2017,002249.SZ,train,0,0.4898165464401245,0.7905946969985962,cross_attention,42
002249.SZ:2020,002249.SZ,train,0,0.5379475951194763,0.7905946969985962,cross_attention,42
002249.SZ:2021,002249.SZ,train,0,0.5250586271286011,0.7905946969985962,cross_attention,42
002249.SZ:2022,002249.SZ,validation,0,0.5191110372543335,0.7905946969985962,cross_attention,42
002249.SZ:2024,002249.SZ,test,0,0.47918611764907837,0.7905946969985962,cross_attention,42
002254.SZ:2017,002254.SZ,train,0,0.3825320899486542,0.7905946969985962,cross_attention,42
002254.SZ:2018,002254.SZ,train,0,0.36113131046295166,0.7905946969985962,cross_attention,42
002254.SZ:2019,002254.SZ,train,0,0.45352083444595337,0.7905946969985962,cross_attention,42
002254.SZ:2020,002254.SZ,train,0,0.39861929416656494,0.7905946969985962,cross_attention,42
002254.SZ:2021,002254.SZ,train,0,0.39873966574668884,0.7905946969985962,cross_attention,42
002254.SZ:2022,002254.SZ,validation,0,0.30979636311531067,0.7905946969985962,cross_attention,42
002254.SZ:2024,002254.SZ,test,0,0.467713862657547,0.7905946969985962,cross_attention,42
002254.SZ:2025,002254.SZ,test,0,0.5222803950309753,0.7905946969985962,cross_attention,42
002255.SZ:2017,002255.SZ,train,0,0.5001901388168335,0.7905946969985962,cross_attention,42
002255.SZ:2018,002255.SZ,train,0,0.5228068828582764,0.7905946969985962,cross_attention,42
002255.SZ:2022,002255.SZ,validation,0,0.42955490946769714,0.7905946969985962,cross_attention,42
002255.SZ:2024,002255.SZ,test,0,0.45274093747138977,0.7905946969985962,cross_attention,42
002255.SZ:2025,002255.SZ,test,0,0.4389573633670807,0.7905946969985962,cross_attention,42
002256.SZ:2017,002256.SZ,train,0,0.43395236134529114,0.7905946969985962,cross_attention,42
002256.SZ:2018,002256.SZ,train,0,0.43311893939971924,0.7905946969985962,cross_attention,42
002256.SZ:2019,002256.SZ,train,1,0.6444734930992126,0.7905946969985962,cross_attention,42
002256.SZ:2022,002256.SZ,validation,0,0.7636208534240723,0.7905946969985962,cross_attention,42
002256.SZ:2024,002256.SZ,test,0,0.5711847543716431,0.7905946969985962,cross_attention,42
002256.SZ:2025,002256.SZ,test,0,0.6469364762306213,0.7905946969985962,cross_attention,42
002260.SZ:2017,002260.SZ,train,0,0.5401418805122375,0.7905946969985962,cross_attention,42
002260.SZ:2018,002260.SZ,train,1,0.686768114566803,0.7905946969985962,cross_attention,42
002265.SZ:2017,002265.SZ,train,0,0.5217392444610596,0.7905946969985962,cross_attention,42
002265.SZ:2018,002265.SZ,train,0,0.5104081630706787,0.7905946969985962,cross_attention,42
002265.SZ:2019,002265.SZ,train,0,0.5761882066726685,0.7905946969985962,cross_attention,42
002265.SZ:2020,002265.SZ,train,0,0.5345578193664551,0.7905946969985962,cross_attention,42
002265.SZ:2021,002265.SZ,train,0,0.5783989429473877,0.7905946969985962,cross_attention,42
002265.SZ:2022,002265.SZ,validation,0,0.5316110849380493,0.7905946969985962,cross_attention,42
002265.SZ:2024,002265.SZ,test,0,0.48966068029403687,0.7905946969985962,cross_attention,42
002265.SZ:2025,002265.SZ,test,0,0.5149195790290833,0.7905946969985962,cross_attention,42
002267.SZ:2017,002267.SZ,train,0,0.42926469445228577,0.7905946969985962,cross_attention,42
002267.SZ:2018,002267.SZ,train,0,0.44886815547943115,0.7905946969985962,cross_attention,42
002267.SZ:2019,002267.SZ,train,0,0.47038978338241577,0.7905946969985962,cross_attention,42
002267.SZ:2020,002267.SZ,train,0,0.4296248257160187,0.7905946969985962,cross_attention,42
002267.SZ:2021,002267.SZ,train,0,0.4745795726776123,0.7905946969985962,cross_attention,42
002267.SZ:2022,002267.SZ,validation,0,0.46376073360443115,0.7905946969985962,cross_attention,42
002267.SZ:2024,002267.SZ,test,0,0.4438888132572174,0.7905946969985962,cross_attention,42
002267.SZ:2025,002267.SZ,test,0,0.42974504828453064,0.7905946969985962,cross_attention,42
002271.SZ:2017,002271.SZ,train,0,0.4261411726474762,0.7905946969985962,cross_attention,42
002271.SZ:2018,002271.SZ,train,0,0.46370187401771545,0.7905946969985962,cross_attention,42
002271.SZ:2019,002271.SZ,train,0,0.4562007188796997,0.7905946969985962,cross_attention,42
002271.SZ:2020,002271.SZ,train,0,0.4332810044288635,0.7905946969985962,cross_attention,42
002271.SZ:2021,002271.SZ,train,0,0.37659120559692383,0.7905946969985962,cross_attention,42
002271.SZ:2022,002271.SZ,validation,0,0.4211994409561157,0.7905946969985962,cross_attention,42
002271.SZ:2024,002271.SZ,test,0,0.49538546800613403,0.7905946969985962,cross_attention,42
002271.SZ:2025,002271.SZ,test,0,0.5456942319869995,0.7905946969985962,cross_attention,42
002272.SZ:2017,002272.SZ,train,0,0.5295780897140503,0.7905946969985962,cross_attention,42
002272.SZ:2019,002272.SZ,train,0,0.4928725063800812,0.7905946969985962,cross_attention,42
002272.SZ:2020,002272.SZ,train,0,0.4865698218345642,0.7905946969985962,cross_attention,42
002272.SZ:2021,002272.SZ,train,0,0.5121786594390869,0.7905946969985962,cross_attention,42
002272.SZ:2022,002272.SZ,validation,0,0.532211422920227,0.7905946969985962,cross_attention,42
002272.SZ:2024,002272.SZ,test,0,0.5792321562767029,0.7905946969985962,cross_attention,42
002272.SZ:2025,002272.SZ,test,0,0.589785099029541,0.7905946969985962,cross_attention,42
002275.SZ:2017,002275.SZ,train,0,0.21448983252048492,0.7905946969985962,cross_attention,42
002275.SZ:2019,002275.SZ,train,0,0.24975228309631348,0.7905946969985962,cross_attention,42
002275.SZ:2020,002275.SZ,train,0,0.254347562789917,0.7905946969985962,cross_attention,42
002275.SZ:2021,002275.SZ,train,0,0.3019692599773407,0.7905946969985962,cross_attention,42
002275.SZ:2022,002275.SZ,validation,0,0.3488163650035858,0.7905946969985962,cross_attention,42
002275.SZ:2024,002275.SZ,test,0,0.32580873370170593,0.7905946969985962,cross_attention,42
002275.SZ:2025,002275.SZ,test,0,0.3040359616279602,0.7905946969985962,cross_attention,42
002286.SZ:2017,002286.SZ,train,0,0.46181371808052063,0.7905946969985962,cross_attention,42
002286.SZ:2018,002286.SZ,train,0,0.4813854694366455,0.7905946969985962,cross_attention,42
002286.SZ:2019,002286.SZ,train,0,0.5048442482948303,0.7905946969985962,cross_attention,42
002286.SZ:2020,002286.SZ,train,0,0.5054442286491394,0.7905946969985962,cross_attention,42
002286.SZ:2021,002286.SZ,train,0,0.4735822081565857,0.7905946969985962,cross_attention,42
002286.SZ:2022,002286.SZ,validation,0,0.44010087847709656,0.7905946969985962,cross_attention,42
002286.SZ:2024,002286.SZ,test,0,0.46477675437927246,0.7905946969985962,cross_attention,42
002286.SZ:2025,002286.SZ,test,0,0.4422076642513275,0.7905946969985962,cross_attention,42
002290.SZ:2017,002290.SZ,train,0,0.521844208240509,0.7905946969985962,cross_attention,42
002290.SZ:2019,002290.SZ,train,1,0.5496348738670349,0.7905946969985962,cross_attention,42
002290.SZ:2021,002290.SZ,train,0,0.50452721118927,0.7905946969985962,cross_attention,42
002290.SZ:2022,002290.SZ,validation,0,0.46827179193496704,0.7905946969985962,cross_attention,42
002290.SZ:2024,002290.SZ,test,0,0.4752064347267151,0.7905946969985962,cross_attention,42
002290.SZ:2025,002290.SZ,test,0,0.4829291105270386,0.7905946969985962,cross_attention,42
002293.SZ:2017,002293.SZ,train,0,0.393322616815567,0.7905946969985962,cross_attention,42
002293.SZ:2018,002293.SZ,train,0,0.40556439757347107,0.7905946969985962,cross_attention,42
002293.SZ:2019,002293.SZ,train,0,0.39364680647850037,0.7905946969985962,cross_attention,42
002293.SZ:2020,002293.SZ,train,0,0.3414776027202606,0.7905946969985962,cross_attention,42
002293.SZ:2021,002293.SZ,train,0,0.35298240184783936,0.7905946969985962,cross_attention,42
002293.SZ:2022,002293.SZ,validation,0,0.36611101031303406,0.7905946969985962,cross_attention,42
002293.SZ:2024,002293.SZ,test,0,0.3896543085575104,0.7905946969985962,cross_attention,42
002293.SZ:2025,002293.SZ,test,0,0.39089033007621765,0.7905946969985962,cross_attention,42
002294.SZ:2017,002294.SZ,train,0,0.18535727262496948,0.7905946969985962,cross_attention,42
002294.SZ:2018,002294.SZ,train,0,0.15895995497703552,0.7905946969985962,cross_attention,42
002294.SZ:2019,002294.SZ,train,0,0.1763056069612503,0.7905946969985962,cross_attention,42
002294.SZ:2020,002294.SZ,train,0,0.24668996036052704,0.7905946969985962,cross_attention,42
002294.SZ:2021,002294.SZ,train,0,0.39172232151031494,0.7905946969985962,cross_attention,42
002294.SZ:2022,002294.SZ,validation,0,0.3040718734264374,0.7905946969985962,cross_attention,42
002294.SZ:2024,002294.SZ,test,0,0.31810262799263,0.7905946969985962,cross_attention,42
002294.SZ:2025,002294.SZ,test,0,0.32395434379577637,0.7905946969985962,cross_attention,42
002297.SZ:2019,002297.SZ,train,0,0.48010116815567017,0.7905946969985962,cross_attention,42
002297.SZ:2020,002297.SZ,train,0,0.6394925713539124,0.7905946969985962,cross_attention,42
002297.SZ:2021,002297.SZ,train,0,0.470663845539093,0.7905946969985962,cross_attention,42
002297.SZ:2022,002297.SZ,validation,0,0.4435961842536926,0.7905946969985962,cross_attention,42
002297.SZ:2024,002297.SZ,test,0,0.4833323359489441,0.7905946969985962,cross_attention,42
002308.SZ:2017,002308.SZ,train,0,0.416861355304718,0.7905946969985962,cross_attention,42
002308.SZ:2018,002308.SZ,train,0,0.41467854380607605,0.7905946969985962,cross_attention,42
002308.SZ:2019,002308.SZ,train,0,0.41589707136154175,0.7905946969985962,cross_attention,42
002308.SZ:2020,002308.SZ,train,0,0.7454569935798645,0.7905946969985962,cross_attention,42
002308.SZ:2021,002308.SZ,train,0,0.3910224139690399,0.7905946969985962,cross_attention,42
002308.SZ:2022,002308.SZ,validation,0,0.6213042736053467,0.7905946969985962,cross_attention,42
002309.SZ:2017,002309.SZ,train,0,0.555044412612915,0.7905946969985962,cross_attention,42
002309.SZ:2018,002309.SZ,train,0,0.5519363284111023,0.7905946969985962,cross_attention,42
002309.SZ:2019,002309.SZ,train,0,0.5649706125259399,0.7905946969985962,cross_attention,42
002309.SZ:2020,002309.SZ,train,0,0.521998405456543,0.7905946969985962,cross_attention,42
002309.SZ:2021,002309.SZ,train,0,0.7183340787887573,0.7905946969985962,cross_attention,42
002309.SZ:2022,002309.SZ,validation,1,0.7905946969985962,0.7905946969985962,cross_attention,42
002310.SZ:2018,002310.SZ,train,0,0.4429929256439209,0.7905946969985962,cross_attention,42
002310.SZ:2019,002310.SZ,train,0,0.4926973581314087,0.7905946969985962,cross_attention,42
002310.SZ:2022,002310.SZ,validation,0,0.6068085432052612,0.7905946969985962,cross_attention,42
002316.SZ:2017,002316.SZ,train,0,0.5621326565742493,0.7905946969985962,cross_attention,42
002316.SZ:2019,002316.SZ,train,0,0.3718887269496918,0.7905946969985962,cross_attention,42
002316.SZ:2021,002316.SZ,train,0,0.7666044235229492,0.7905946969985962,cross_attention,42
002316.SZ:2024,002316.SZ,test,1,0.6052927374839783,0.7905946969985962,cross_attention,42
002320.SZ:2019,002320.SZ,train,0,0.2353353053331375,0.7905946969985962,cross_attention,42
002320.SZ:2020,002320.SZ,train,0,0.2246364802122116,0.7905946969985962,cross_attention,42
002320.SZ:2021,002320.SZ,train,0,0.21129824221134186,0.7905946969985962,cross_attention,42
002320.SZ:2022,002320.SZ,validation,0,0.33271923661231995,0.7905946969985962,cross_attention,42
002320.SZ:2024,002320.SZ,test,0,0.18516959249973297,0.7905946969985962,cross_attention,42
002325.SZ:2017,002325.SZ,train,0,0.5616692900657654,0.7905946969985962,cross_attention,42
002325.SZ:2018,002325.SZ,train,0,0.5643400549888611,0.7905946969985962,cross_attention,42
002325.SZ:2021,002325.SZ,train,0,0.6060990691184998,0.7905946969985962,cross_attention,42
002325.SZ:2022,002325.SZ,validation,0,0.606201708316803,0.7905946969985962,cross_attention,42
002325.SZ:2024,002325.SZ,test,1,0.8228935599327087,0.7905946969985962,cross_attention,42
002332.SZ:2018,002332.SZ,train,0,0.4892391562461853,0.7905946969985962,cross_attention,42
002332.SZ:2019,002332.SZ,train,0,0.46096956729888916,0.7905946969985962,cross_attention,42
002332.SZ:2020,002332.SZ,train,0,0.42428746819496155,0.7905946969985962,cross_attention,42
002332.SZ:2021,002332.SZ,train,0,0.38850530982017517,0.7905946969985962,cross_attention,42
002332.SZ:2022,002332.SZ,validation,0,0.36942389607429504,0.7905946969985962,cross_attention,42
002332.SZ:2025,002332.SZ,test,0,0.3765278458595276,0.7905946969985962,cross_attention,42
002340.SZ:2017,002340.SZ,train,0,0.5218680500984192,0.7905946969985962,cross_attention,42
002340.SZ:2018,002340.SZ,train,0,0.5108806490898132,0.7905946969985962,cross_attention,42
002340.SZ:2020,002340.SZ,train,0,0.5049146413803101,0.7905946969985962,cross_attention,42
002340.SZ:2021,002340.SZ,train,0,0.5166527628898621,0.7905946969985962,cross_attention,42
002340.SZ:2022,002340.SZ,validation,0,0.5079267024993896,0.7905946969985962,cross_attention,42
002340.SZ:2024,002340.SZ,test,0,0.5195490717887878,0.7905946969985962,cross_attention,42
002340.SZ:2025,002340.SZ,test,0,0.5227275490760803,0.7905946969985962,cross_attention,42
002346.SZ:2017,002346.SZ,train,0,0.4602354168891907,0.7905946969985962,cross_attention,42
002346.SZ:2018,002346.SZ,train,0,0.33322617411613464,0.7905946969985962,cross_attention,42
002346.SZ:2021,002346.SZ,train,0,0.40878111124038696,0.7905946969985962,cross_attention,42
002346.SZ:2022,002346.SZ,validation,0,0.3623046576976776,0.7905946969985962,cross_attention,42
002346.SZ:2024,002346.SZ,test,0,0.4073101878166199,0.7905946969985962,cross_attention,42
002350.SZ:2017,002350.SZ,train,0,0.5214584469795227,0.7905946969985962,cross_attention,42
002350.SZ:2018,002350.SZ,train,0,0.5321729183197021,0.7905946969985962,cross_attention,42
002350.SZ:2019,002350.SZ,train,0,0.5239208340644836,0.7905946969985962,cross_attention,42
002350.SZ:2020,002350.SZ,train,0,0.5206876993179321,0.7905946969985962,cross_attention,42
002350.SZ:2021,002350.SZ,train,0,0.5294132232666016,0.7905946969985962,cross_attention,42
002350.SZ:2024,002350.SZ,test,0,0.5947274565696716,0.7905946969985962,cross_attention,42
002350.SZ:2025,002350.SZ,test,0,0.5331926345825195,0.7905946969985962,cross_attention,42
002360.SZ:2018,002360.SZ,train,0,0.3862564265727997,0.7905946969985962,cross_attention,42
002360.SZ:2019,002360.SZ,train,0,0.2849057912826538,0.7905946969985962,cross_attention,42
002360.SZ:2020,002360.SZ,train,0,0.33647671341896057,0.7905946969985962,cross_attention,42
002360.SZ:2021,002360.SZ,train,0,0.32223281264305115,0.7905946969985962,cross_attention,42
002360.SZ:2022,002360.SZ,validation,0,0.4116474688053131,0.7905946969985962,cross_attention,42
002360.SZ:2024,002360.SZ,test,0,0.3370071053504944,0.7905946969985962,cross_attention,42
002360.SZ:2025,002360.SZ,test,1,0.597144365310669,0.7905946969985962,cross_attention,42
002364.SZ:2017,002364.SZ,train,0,0.3424944281578064,0.7905946969985962,cross_attention,42
002364.SZ:2018,002364.SZ,train,0,0.42537829279899597,0.7905946969985962,cross_attention,42
002364.SZ:2019,002364.SZ,train,0,0.4210476577281952,0.7905946969985962,cross_attention,42
002364.SZ:2020,002364.SZ,train,0,0.48405739665031433,0.7905946969985962,cross_attention,42
002364.SZ:2021,002364.SZ,train,0,0.5118257403373718,0.7905946969985962,cross_attention,42
002364.SZ:2022,002364.SZ,validation,0,0.5061236023902893,0.7905946969985962,cross_attention,42
002364.SZ:2024,002364.SZ,test,0,0.5205682516098022,0.7905946969985962,cross_attention,42
002364.SZ:2025,002364.SZ,test,0,0.49124664068222046,0.7905946969985962,cross_attention,42
002365.SZ:2017,002365.SZ,train,0,0.284294068813324,0.7905946969985962,cross_attention,42
002365.SZ:2018,002365.SZ,train,0,0.3319394290447235,0.7905946969985962,cross_attention,42
002365.SZ:2019,002365.SZ,train,0,0.29547789692878723,0.7905946969985962,cross_attention,42
002365.SZ:2020,002365.SZ,train,0,0.3272619843482971,0.7905946969985962,cross_attention,42
002365.SZ:2021,002365.SZ,train,0,0.36816057562828064,0.7905946969985962,cross_attention,42
002365.SZ:2022,002365.SZ,validation,0,0.41574424505233765,0.7905946969985962,cross_attention,42
002365.SZ:2024,002365.SZ,test,0,0.4403073191642761,0.7905946969985962,cross_attention,42
002365.SZ:2025,002365.SZ,test,0,0.3979838490486145,0.7905946969985962,cross_attention,42
002374.SZ:2017,002374.SZ,train,0,0.4826332628726959,0.7905946969985962,cross_attention,42
002374.SZ:2019,002374.SZ,train,0,0.7223808169364929,0.7905946969985962,cross_attention,42
002374.SZ:2020,002374.SZ,train,0,0.5465840697288513,0.7905946969985962,cross_attention,42
002374.SZ:2021,002374.SZ,train,0,0.6253575682640076,0.7905946969985962,cross_attention,42
002374.SZ:2022,002374.SZ,validation,0,0.7502109408378601,0.7905946969985962,cross_attention,42
002374.SZ:2024,002374.SZ,test,0,0.6442017555236816,0.7905946969985962,cross_attention,42
002374.SZ:2025,002374.SZ,test,0,0.6914774775505066,0.7905946969985962,cross_attention,42
002378.SZ:2019,002378.SZ,train,0,0.5052577257156372,0.7905946969985962,cross_attention,42
002378.SZ:2020,002378.SZ,train,0,0.605681836605072,0.7905946969985962,cross_attention,42
002378.SZ:2021,002378.SZ,train,0,0.4712446331977844,0.7905946969985962,cross_attention,42
002378.SZ:2022,002378.SZ,validation,0,0.4813351035118103,0.7905946969985962,cross_attention,42
002378.SZ:2024,002378.SZ,test,0,0.4927707612514496,0.7905946969985962,cross_attention,42
002378.SZ:2025,002378.SZ,test,0,0.4702974855899811,0.7905946969985962,cross_attention,42
002380.SZ:2017,002380.SZ,train,0,0.3742847144603729,0.7905946969985962,cross_attention,42
002380.SZ:2018,002380.SZ,train,0,0.36947664618492126,0.7905946969985962,cross_attention,42
002380.SZ:2019,002380.SZ,train,0,0.3815782964229584,0.7905946969985962,cross_attention,42
002380.SZ:2020,002380.SZ,train,0,0.41059210896492004,0.7905946969985962,cross_attention,42
002380.SZ:2022,002380.SZ,validation,0,0.5053814649581909,0.7905946969985962,cross_attention,42
002380.SZ:2024,002380.SZ,test,0,0.4674246311187744,0.7905946969985962,cross_attention,42
002380.SZ:2025,002380.SZ,test,0,0.4411449134349823,0.7905946969985962,cross_attention,42
002382.SZ:2017,002382.SZ,train,0,0.3464585840702057,0.7905946969985962,cross_attention,42
002382.SZ:2018,002382.SZ,train,0,0.3574661314487457,0.7905946969985962,cross_attention,42
002382.SZ:2019,002382.SZ,train,0,0.44742551445961,0.7905946969985962,cross_attention,42
002382.SZ:2020,002382.SZ,train,0,0.4264330267906189,0.7905946969985962,cross_attention,42
002382.SZ:2021,002382.SZ,train,0,0.2894286513328552,0.7905946969985962,cross_attention,42
002382.SZ:2022,002382.SZ,validation,0,0.36292287707328796,0.7905946969985962,cross_attention,42
002382.SZ:2024,002382.SZ,test,0,0.5756535530090332,0.7905946969985962,cross_attention,42
002384.SZ:2017,002384.SZ,train,0,0.5536348223686218,0.7905946969985962,cross_attention,42
002384.SZ:2018,002384.SZ,train,0,0.5353785157203674,0.7905946969985962,cross_attention,42
002384.SZ:2019,002384.SZ,train,0,0.5269187688827515,0.7905946969985962,cross_attention,42
002384.SZ:2020,002384.SZ,train,0,0.5245173573493958,0.7905946969985962,cross_attention,42
002384.SZ:2021,002384.SZ,train,0,0.4941422939300537,0.7905946969985962,cross_attention,42
002384.SZ:2022,002384.SZ,validation,0,0.48298242688179016,0.7905946969985962,cross_attention,42
002384.SZ:2024,002384.SZ,test,0,0.47289517521858215,0.7905946969985962,cross_attention,42
002384.SZ:2025,002384.SZ,test,0,0.5084924101829529,0.7905946969985962,cross_attention,42
002391.SZ:2017,002391.SZ,train,0,0.4635132849216461,0.7905946969985962,cross_attention,42
002391.SZ:2018,002391.SZ,train,0,0.38302096724510193,0.7905946969985962,cross_attention,42
002391.SZ:2019,002391.SZ,train,0,0.3482220470905304,0.7905946969985962,cross_attention,42
002391.SZ:2020,002391.SZ,train,0,0.3912489116191864,0.7905946969985962,cross_attention,42
002391.SZ:2021,002391.SZ,train,0,0.45029425621032715,0.7905946969985962,cross_attention,42
002391.SZ:2022,002391.SZ,validation,0,0.46171897649765015,0.7905946969985962,cross_attention,42
002391.SZ:2024,002391.SZ,test,0,0.5107088088989258,0.7905946969985962,cross_attention,42
002391.SZ:2025,002391.SZ,test,0,0.5493994355201721,0.7905946969985962,cross_attention,42
002396.SZ:2017,002396.SZ,train,0,0.43794751167297363,0.7905946969985962,cross_attention,42
002396.SZ:2021,002396.SZ,train,0,0.4554537832736969,0.7905946969985962,cross_attention,42
002396.SZ:2022,002396.SZ,validation,0,0.44860246777534485,0.7905946969985962,cross_attention,42
002396.SZ:2024,002396.SZ,test,0,0.4703306257724762,0.7905946969985962,cross_attention,42
002396.SZ:2025,002396.SZ,test,0,0.49038904905319214,0.7905946969985962,cross_attention,42
002402.SZ:2017,002402.SZ,train,0,0.44999390840530396,0.7905946969985962,cross_attention,42
002402.SZ:2018,002402.SZ,train,0,0.4365330636501312,0.7905946969985962,cross_attention,42
002402.SZ:2019,002402.SZ,train,0,0.45835521817207336,0.7905946969985962,cross_attention,42
002402.SZ:2020,002402.SZ,train,0,0.43758249282836914,0.7905946969985962,cross_attention,42
002402.SZ:2021,002402.SZ,train,0,0.45021888613700867,0.7905946969985962,cross_attention,42
002402.SZ:2022,002402.SZ,validation,0,0.44385868310928345,0.7905946969985962,cross_attention,42
002402.SZ:2024,002402.SZ,test,0,0.5084857940673828,0.7905946969985962,cross_attention,42
002402.SZ:2025,002402.SZ,test,0,0.5171412825584412,0.7905946969985962,cross_attention,42
002405.SZ:2017,002405.SZ,train,0,0.4080103635787964,0.7905946969985962,cross_attention,42
002405.SZ:2018,002405.SZ,train,0,0.41694408655166626,0.7905946969985962,cross_attention,42
002405.SZ:2019,002405.SZ,train,0,0.4079822599887848,0.7905946969985962,cross_attention,42
002405.SZ:2020,002405.SZ,train,0,0.4262988269329071,0.7905946969985962,cross_attention,42
002405.SZ:2021,002405.SZ,train,0,0.5641613006591797,0.7905946969985962,cross_attention,42
002405.SZ:2022,002405.SZ,validation,0,0.4296875596046448,0.7905946969985962,cross_attention,42
002405.SZ:2024,002405.SZ,test,0,0.6491534113883972,0.7905946969985962,cross_attention,42
002405.SZ:2025,002405.SZ,test,0,0.6276610493659973,0.7905946969985962,cross_attention,42
002410.SZ:2017,002410.SZ,train,0,0.3093668222427368,0.7905946969985962,cross_attention,42
002410.SZ:2018,002410.SZ,train,0,0.3324623107910156,0.7905946969985962,cross_attention,42
002410.SZ:2019,002410.SZ,train,0,0.4099327027797699,0.7905946969985962,cross_attention,42
002410.SZ:2020,002410.SZ,train,0,0.46271032094955444,0.7905946969985962,cross_attention,42
002410.SZ:2021,002410.SZ,train,0,0.3995264768600464,0.7905946969985962,cross_attention,42
002410.SZ:2022,002410.SZ,validation,0,0.3939167261123657,0.7905946969985962,cross_attention,42
002410.SZ:2025,002410.SZ,test,0,0.4754679203033447,0.7905946969985962,cross_attention,42
002413.SZ:2017,002413.SZ,train,0,0.34578633308410645,0.7905946969985962,cross_attention,42
002413.SZ:2018,002413.SZ,train,0,0.40302714705467224,0.7905946969985962,cross_attention,42
002413.SZ:2020,002413.SZ,train,0,0.4602469801902771,0.7905946969985962,cross_attention,42
002413.SZ:2021,002413.SZ,train,0,0.45900267362594604,0.7905946969985962,cross_attention,42
002413.SZ:2022,002413.SZ,validation,0,0.5644387006759644,0.7905946969985962,cross_attention,42
002413.SZ:2024,002413.SZ,test,0,0.631840169429779,0.7905946969985962,cross_attention,42
002413.SZ:2025,002413.SZ,test,0,0.6305463910102844,0.7905946969985962,cross_attention,42
002418.SZ:2019,002418.SZ,train,1,0.7968352437019348,0.7905946969985962,cross_attention,42
002418.SZ:2022,002418.SZ,validation,0,0.536696195602417,0.7905946969985962,cross_attention,42
002418.SZ:2024,002418.SZ,test,0,0.5370456576347351,0.7905946969985962,cross_attention,42
002418.SZ:2025,002418.SZ,test,0,0.5826340913772583,0.7905946969985962,cross_attention,42
002426.SZ:2022,002426.SZ,validation,0,0.5419579744338989,0.7905946969985962,cross_attention,42
002426.SZ:2024,002426.SZ,test,0,0.6735851764678955,0.7905946969985962,cross_attention,42
002426.SZ:2025,002426.SZ,test,0,0.6686383485794067,0.7905946969985962,cross_attention,42
002429.SZ:2017,002429.SZ,train,0,0.5121747255325317,0.7905946969985962,cross_attention,42
002429.SZ:2018,002429.SZ,train,0,0.4978267550468445,0.7905946969985962,cross_attention,42
002429.SZ:2019,002429.SZ,train,0,0.5215647220611572,0.7905946969985962,cross_attention,42
002429.SZ:2020,002429.SZ,train,0,0.4796522855758667,0.7905946969985962,cross_attention,42
002429.SZ:2022,002429.SZ,validation,0,0.5266337394714355,0.7905946969985962,cross_attention,42
002429.SZ:2024,002429.SZ,test,0,0.4387875199317932,0.7905946969985962,cross_attention,42
002429.SZ:2025,002429.SZ,test,0,0.4577198028564453,0.7905946969985962,cross_attention,42
002433.SZ:2017,002433.SZ,train,0,0.426923930644989,0.7905946969985962,cross_attention,42
002433.SZ:2018,002433.SZ,train,0,0.4516894221305847,0.7905946969985962,cross_attention,42
002433.SZ:2019,002433.SZ,train,0,0.4617452919483185,0.7905946969985962,cross_attention,42
002434.SZ:2017,002434.SZ,train,0,0.5029929280281067,0.7905946969985962,cross_attention,42
002434.SZ:2018,002434.SZ,train,0,0.4380892217159271,0.7905946969985962,cross_attention,42
000012.SZ:2017,000012.SZ,train,0,0.5139395594596863,0.6076880693435669,cross_attention,2026
000012.SZ:2019,000012.SZ,train,0,0.5190315246582031,0.6076880693435669,cross_attention,2026
000012.SZ:2020,000012.SZ,train,0,0.516194760799408,0.6076880693435669,cross_attention,2026
000012.SZ:2021,000012.SZ,train,0,0.4994698464870453,0.6076880693435669,cross_attention,2026
000012.SZ:2022,000012.SZ,validation,0,0.48029854893684387,0.6076880693435669,cross_attention,2026
000012.SZ:2024,000012.SZ,test,0,0.5169013142585754,0.6076880693435669,cross_attention,2026
000018.SZ:2017,000018.SZ,train,0,0.5445747971534729,0.6076880693435669,cross_attention,2026
000019.SZ:2017,000019.SZ,train,0,0.4217377305030823,0.6076880693435669,cross_attention,2026
000019.SZ:2018,000019.SZ,train,0,0.5166316628456116,0.6076880693435669,cross_attention,2026
000019.SZ:2020,000019.SZ,train,0,0.509196400642395,0.6076880693435669,cross_attention,2026
000019.SZ:2021,000019.SZ,train,0,0.5150190591812134,0.6076880693435669,cross_attention,2026
000019.SZ:2022,000019.SZ,validation,0,0.5179151892662048,0.6076880693435669,cross_attention,2026
000019.SZ:2024,000019.SZ,test,0,0.5173761248588562,0.6076880693435669,cross_attention,2026
000040.SZ:2017,000040.SZ,train,0,0.5143270492553711,0.6076880693435669,cross_attention,2026
000040.SZ:2022,000040.SZ,validation,0,0.5471782088279724,0.6076880693435669,cross_attention,2026
000048.SZ:2020,000048.SZ,train,0,0.4686362147331238,0.6076880693435669,cross_attention,2026
000048.SZ:2021,000048.SZ,train,0,0.48377493023872375,0.6076880693435669,cross_attention,2026
000048.SZ:2022,000048.SZ,validation,0,0.5087448358535767,0.6076880693435669,cross_attention,2026
000048.SZ:2025,000048.SZ,test,0,0.5166534185409546,0.6076880693435669,cross_attention,2026
000055.SZ:2017,000055.SZ,train,0,0.5061501264572144,0.6076880693435669,cross_attention,2026
000055.SZ:2019,000055.SZ,train,0,0.46758949756622314,0.6076880693435669,cross_attention,2026
000055.SZ:2020,000055.SZ,train,0,0.5287163853645325,0.6076880693435669,cross_attention,2026
000055.SZ:2021,000055.SZ,train,0,0.5203254818916321,0.6076880693435669,cross_attention,2026
000055.SZ:2022,000055.SZ,validation,0,0.5267941951751709,0.6076880693435669,cross_attention,2026
000055.SZ:2024,000055.SZ,test,0,0.528670608997345,0.6076880693435669,cross_attention,2026
000055.SZ:2025,000055.SZ,test,0,0.532916784286499,0.6076880693435669,cross_attention,2026
000068.SZ:2019,000068.SZ,train,0,0.5528490543365479,0.6076880693435669,cross_attention,2026
000068.SZ:2020,000068.SZ,train,0,0.5240673422813416,0.6076880693435669,cross_attention,2026
000068.SZ:2021,000068.SZ,train,0,0.5583425164222717,0.6076880693435669,cross_attention,2026
000068.SZ:2022,000068.SZ,validation,0,0.5512617230415344,0.6076880693435669,cross_attention,2026
000068.SZ:2024,000068.SZ,test,0,0.46374502778053284,0.6076880693435669,cross_attention,2026
000068.SZ:2025,000068.SZ,test,0,0.5413268208503723,0.6076880693435669,cross_attention,2026
000099.SZ:2017,000099.SZ,train,0,0.519569993019104,0.6076880693435669,cross_attention,2026
000099.SZ:2018,000099.SZ,train,0,0.5180838108062744,0.6076880693435669,cross_attention,2026
000099.SZ:2019,000099.SZ,train,0,0.5050541162490845,0.6076880693435669,cross_attention,2026
000099.SZ:2020,000099.SZ,train,0,0.5004843473434448,0.6076880693435669,cross_attention,2026
000099.SZ:2021,000099.SZ,train,0,0.47885480523109436,0.6076880693435669,cross_attention,2026
000099.SZ:2022,000099.SZ,validation,0,0.4528602659702301,0.6076880693435669,cross_attention,2026
000419.SZ:2017,000419.SZ,train,0,0.5223149657249451,0.6076880693435669,cross_attention,2026
000419.SZ:2018,000419.SZ,train,0,0.5177689790725708,0.6076880693435669,cross_attention,2026
000419.SZ:2019,000419.SZ,train,0,0.5170166492462158,0.6076880693435669,cross_attention,2026
000419.SZ:2020,000419.SZ,train,0,0.5154451727867126,0.6076880693435669,cross_attention,2026
000419.SZ:2021,000419.SZ,train,0,0.5021906495094299,0.6076880693435669,cross_attention,2026
000419.SZ:2022,000419.SZ,validation,0,0.5009296536445618,0.6076880693435669,cross_attention,2026
000419.SZ:2024,000419.SZ,test,0,0.5002244114875793,0.6076880693435669,cross_attention,2026
000501.SZ:2017,000501.SZ,train,0,0.5254617929458618,0.6076880693435669,cross_attention,2026
000501.SZ:2018,000501.SZ,train,0,0.5270675420761108,0.6076880693435669,cross_attention,2026
000501.SZ:2019,000501.SZ,train,0,0.5254454016685486,0.6076880693435669,cross_attention,2026
000501.SZ:2020,000501.SZ,train,0,0.529256284236908,0.6076880693435669,cross_attention,2026
000501.SZ:2021,000501.SZ,train,0,0.5307966470718384,0.6076880693435669,cross_attention,2026
000501.SZ:2022,000501.SZ,validation,0,0.5264627933502197,0.6076880693435669,cross_attention,2026
000501.SZ:2024,000501.SZ,test,0,0.5377952456474304,0.6076880693435669,cross_attention,2026
000501.SZ:2025,000501.SZ,test,0,0.5368654131889343,0.6076880693435669,cross_attention,2026
000504.SZ:2018,000504.SZ,train,0,0.5391833186149597,0.6076880693435669,cross_attention,2026
000504.SZ:2019,000504.SZ,train,1,0.5571485757827759,0.6076880693435669,cross_attention,2026
000504.SZ:2021,000504.SZ,train,0,0.5400137305259705,0.6076880693435669,cross_attention,2026
000504.SZ:2022,000504.SZ,validation,0,0.5481436848640442,0.6076880693435669,cross_attention,2026
000504.SZ:2024,000504.SZ,test,1,0.5437754392623901,0.6076880693435669,cross_attention,2026
000533.SZ:2019,000533.SZ,train,0,0.5960733294487,0.6076880693435669,cross_attention,2026
000533.SZ:2020,000533.SZ,train,0,0.5579368472099304,0.6076880693435669,cross_attention,2026
000533.SZ:2021,000533.SZ,train,0,0.548740804195404,0.6076880693435669,cross_attention,2026
000533.SZ:2022,000533.SZ,validation,0,0.5613104104995728,0.6076880693435669,cross_attention,2026
000533.SZ:2024,000533.SZ,test,0,0.549270749092102,0.6076880693435669,cross_attention,2026
000533.SZ:2025,000533.SZ,test,0,0.5480903387069702,0.6076880693435669,cross_attention,2026
000534.SZ:2020,000534.SZ,train,0,0.5009313821792603,0.6076880693435669,cross_attention,2026
000534.SZ:2021,000534.SZ,train,0,0.5025119185447693,0.6076880693435669,cross_attention,2026
000534.SZ:2022,000534.SZ,validation,0,0.4982299506664276,0.6076880693435669,cross_attention,2026
000534.SZ:2024,000534.SZ,test,0,0.5014680027961731,0.6076880693435669,cross_attention,2026
000545.SZ:2017,000545.SZ,train,0,0.5124626159667969,0.6076880693435669,cross_attention,2026
000545.SZ:2018,000545.SZ,train,0,0.49287816882133484,0.6076880693435669,cross_attention,2026
000545.SZ:2019,000545.SZ,train,0,0.5274361371994019,0.6076880693435669,cross_attention,2026
000545.SZ:2021,000545.SZ,train,0,0.5484394431114197,0.6076880693435669,cross_attention,2026
000545.SZ:2022,000545.SZ,validation,0,0.5188198089599609,0.6076880693435669,cross_attention,2026
000545.SZ:2024,000545.SZ,test,0,0.5487690567970276,0.6076880693435669,cross_attention,2026
000545.SZ:2025,000545.SZ,test,0,0.5582775473594666,0.6076880693435669,cross_attention,2026
000553.SZ:2017,000553.SZ,train,0,0.5215317010879517,0.6076880693435669,cross_attention,2026
000555.SZ:2017,000555.SZ,train,0,0.5397956967353821,0.6076880693435669,cross_attention,2026
000555.SZ:2022,000555.SZ,validation,0,0.5327577590942383,0.6076880693435669,cross_attention,2026
000555.SZ:2024,000555.SZ,test,0,0.5407238602638245,0.6076880693435669,cross_attention,2026
000555.SZ:2025,000555.SZ,test,0,0.5538532733917236,0.6076880693435669,cross_attention,2026
000557.SZ:2020,000557.SZ,train,0,0.46592289209365845,0.6076880693435669,cross_attention,2026
000557.SZ:2021,000557.SZ,train,0,0.44827109575271606,0.6076880693435669,cross_attention,2026
000557.SZ:2022,000557.SZ,validation,0,0.4462190866470337,0.6076880693435669,cross_attention,2026
000557.SZ:2024,000557.SZ,test,0,0.4131886065006256,0.6076880693435669,cross_attention,2026
000557.SZ:2025,000557.SZ,test,0,0.4515615403652191,0.6076880693435669,cross_attention,2026
000576.SZ:2017,000576.SZ,train,0,0.4952295422554016,0.6076880693435669,cross_attention,2026
000576.SZ:2021,000576.SZ,train,0,0.42728495597839355,0.6076880693435669,cross_attention,2026
000576.SZ:2022,000576.SZ,validation,0,0.4565325379371643,0.6076880693435669,cross_attention,2026
000576.SZ:2024,000576.SZ,test,0,0.5386326313018799,0.6076880693435669,cross_attention,2026
000576.SZ:2025,000576.SZ,test,0,0.47121208906173706,0.6076880693435669,cross_attention,2026
000581.SZ:2017,000581.SZ,train,0,0.4731614291667938,0.6076880693435669,cross_attention,2026
000581.SZ:2018,000581.SZ,train,0,0.4725987911224365,0.6076880693435669,cross_attention,2026
000581.SZ:2019,000581.SZ,train,0,0.4749758839607239,0.6076880693435669,cross_attention,2026
000581.SZ:2020,000581.SZ,train,0,0.49153608083724976,0.6076880693435669,cross_attention,2026
000581.SZ:2021,000581.SZ,train,0,0.4980601668357849,0.6076880693435669,cross_attention,2026
000581.SZ:2022,000581.SZ,validation,0,0.5022993087768555,0.6076880693435669,cross_attention,2026
000581.SZ:2024,000581.SZ,test,0,0.503380537033081,0.6076880693435669,cross_attention,2026
000581.SZ:2025,000581.SZ,test,0,0.5061565637588501,0.6076880693435669,cross_attention,2026
000585.SZ:2017,000585.SZ,train,1,0.5978333950042725,0.6076880693435669,cross_attention,2026
000589.SZ:2020,000589.SZ,train,0,0.5323183536529541,0.6076880693435669,cross_attention,2026
000589.SZ:2021,000589.SZ,train,0,0.4968825578689575,0.6076880693435669,cross_attention,2026
000589.SZ:2022,000589.SZ,validation,0,0.5301808714866638,0.6076880693435669,cross_attention,2026
000589.SZ:2024,000589.SZ,test,0,0.5216040015220642,0.6076880693435669,cross_attention,2026
000589.SZ:2025,000589.SZ,test,0,0.5282067060470581,0.6076880693435669,cross_attention,2026
000593.SZ:2017,000593.SZ,train,0,0.5398974418640137,0.6076880693435669,cross_attention,2026
000593.SZ:2018,000593.SZ,train,0,0.5026149153709412,0.6076880693435669,cross_attention,2026
000593.SZ:2019,000593.SZ,train,0,0.5639114379882812,0.6076880693435669,cross_attention,2026
000593.SZ:2020,000593.SZ,train,0,0.5306074619293213,0.6076880693435669,cross_attention,2026
000593.SZ:2021,000593.SZ,train,0,0.5274171233177185,0.6076880693435669,cross_attention,2026
000593.SZ:2022,000593.SZ,validation,0,0.5214764475822449,0.6076880693435669,cross_attention,2026
000593.SZ:2025,000593.SZ,test,0,0.5350999236106873,0.6076880693435669,cross_attention,2026
000598.SZ:2017,000598.SZ,train,0,0.5022107362747192,0.6076880693435669,cross_attention,2026
000598.SZ:2019,000598.SZ,train,0,0.5047053098678589,0.6076880693435669,cross_attention,2026
000598.SZ:2020,000598.SZ,train,0,0.5091707706451416,0.6076880693435669,cross_attention,2026
000598.SZ:2021,000598.SZ,train,0,0.5071537494659424,0.6076880693435669,cross_attention,2026
000598.SZ:2022,000598.SZ,validation,0,0.5094894170761108,0.6076880693435669,cross_attention,2026
000598.SZ:2024,000598.SZ,test,0,0.5089343786239624,0.6076880693435669,cross_attention,2026
000598.SZ:2025,000598.SZ,test,0,0.5105803608894348,0.6076880693435669,cross_attention,2026
000599.SZ:2017,000599.SZ,train,0,0.5434920787811279,0.6076880693435669,cross_attention,2026
000599.SZ:2018,000599.SZ,train,0,0.5437185168266296,0.6076880693435669,cross_attention,2026
000599.SZ:2019,000599.SZ,train,0,0.5431661009788513,0.6076880693435669,cross_attention,2026
000599.SZ:2020,000599.SZ,train,0,0.5481362342834473,0.6076880693435669,cross_attention,2026
000599.SZ:2021,000599.SZ,train,0,0.5452808141708374,0.6076880693435669,cross_attention,2026
000599.SZ:2022,000599.SZ,validation,0,0.5512285828590393,0.6076880693435669,cross_attention,2026
000599.SZ:2024,000599.SZ,test,0,0.5531650185585022,0.6076880693435669,cross_attention,2026
000599.SZ:2025,000599.SZ,test,0,0.5568417906761169,0.6076880693435669,cross_attention,2026
000610.SZ:2020,000610.SZ,train,0,0.5253815054893494,0.6076880693435669,cross_attention,2026
000610.SZ:2021,000610.SZ,train,0,0.51491779088974,0.6076880693435669,cross_attention,2026
000610.SZ:2022,000610.SZ,validation,0,0.5428687930107117,0.6076880693435669,cross_attention,2026
000610.SZ:2024,000610.SZ,test,0,0.5661826729774475,0.6076880693435669,cross_attention,2026
000610.SZ:2025,000610.SZ,test,1,0.5926020741462708,0.6076880693435669,cross_attention,2026
000612.SZ:2020,000612.SZ,train,0,0.5233244895935059,0.6076880693435669,cross_attention,2026
000612.SZ:2021,000612.SZ,train,0,0.5036128759384155,0.6076880693435669,cross_attention,2026
000612.SZ:2022,000612.SZ,validation,0,0.5175365209579468,0.6076880693435669,cross_attention,2026
000612.SZ:2024,000612.SZ,test,0,0.49917566776275635,0.6076880693435669,cross_attention,2026
000612.SZ:2025,000612.SZ,test,0,0.4921324849128723,0.6076880693435669,cross_attention,2026
000626.SZ:2017,000626.SZ,train,0,0.5341014266014099,0.6076880693435669,cross_attention,2026
000626.SZ:2018,000626.SZ,train,0,0.5456386804580688,0.6076880693435669,cross_attention,2026
000626.SZ:2020,000626.SZ,train,0,0.5302626490592957,0.6076880693435669,cross_attention,2026
000626.SZ:2021,000626.SZ,train,0,0.5367922186851501,0.6076880693435669,cross_attention,2026
000626.SZ:2022,000626.SZ,validation,0,0.5293986201286316,0.6076880693435669,cross_attention,2026
000626.SZ:2024,000626.SZ,test,0,0.5462771654129028,0.6076880693435669,cross_attention,2026
000626.SZ:2025,000626.SZ,test,0,0.543082058429718,0.6076880693435669,cross_attention,2026
000629.SZ:2019,000629.SZ,train,0,0.4691465198993683,0.6076880693435669,cross_attention,2026
000629.SZ:2020,000629.SZ,train,0,0.46019047498703003,0.6076880693435669,cross_attention,2026
000629.SZ:2021,000629.SZ,train,0,0.4904966950416565,0.6076880693435669,cross_attention,2026
000629.SZ:2022,000629.SZ,validation,0,0.47885555028915405,0.6076880693435669,cross_attention,2026
000629.SZ:2024,000629.SZ,test,0,0.4947322607040405,0.6076880693435669,cross_attention,2026
000629.SZ:2025,000629.SZ,test,0,0.4879961609840393,0.6076880693435669,cross_attention,2026
000633.SZ:2018,000633.SZ,train,0,0.5030176639556885,0.6076880693435669,cross_attention,2026
000633.SZ:2019,000633.SZ,train,0,0.5330667495727539,0.6076880693435669,cross_attention,2026
000633.SZ:2022,000633.SZ,validation,0,0.5168008208274841,0.6076880693435669,cross_attention,2026
000633.SZ:2024,000633.SZ,test,0,0.5031263828277588,0.6076880693435669,cross_attention,2026
000633.SZ:2025,000633.SZ,test,0,0.5319344401359558,0.6076880693435669,cross_attention,2026
000635.SZ:2018,000635.SZ,train,0,0.4794206917285919,0.6076880693435669,cross_attention,2026
000635.SZ:2019,000635.SZ,train,0,0.49754053354263306,0.6076880693435669,cross_attention,2026
000635.SZ:2021,000635.SZ,train,0,0.4890469014644623,0.6076880693435669,cross_attention,2026
000635.SZ:2022,000635.SZ,validation,0,0.4910692572593689,0.6076880693435669,cross_attention,2026
000650.SZ:2017,000650.SZ,train,0,0.46506649255752563,0.6076880693435669,cross_attention,2026
000650.SZ:2019,000650.SZ,train,0,0.4503737688064575,0.6076880693435669,cross_attention,2026
000650.SZ:2020,000650.SZ,train,0,0.4309820532798767,0.6076880693435669,cross_attention,2026
000650.SZ:2021,000650.SZ,train,0,0.4243173897266388,0.6076880693435669,cross_attention,2026
000650.SZ:2022,000650.SZ,validation,0,0.45112305879592896,0.6076880693435669,cross_attention,2026
000650.SZ:2024,000650.SZ,test,0,0.4375922381877899,0.6076880693435669,cross_attention,2026
000650.SZ:2025,000650.SZ,test,0,0.41330257058143616,0.6076880693435669,cross_attention,2026
000652.SZ:2017,000652.SZ,train,0,0.5454680919647217,0.6076880693435669,cross_attention,2026
000652.SZ:2018,000652.SZ,train,0,0.5400569438934326,0.6076880693435669,cross_attention,2026
000652.SZ:2019,000652.SZ,train,0,0.5432817339897156,0.6076880693435669,cross_attention,2026
000652.SZ:2020,000652.SZ,train,0,0.5459307432174683,0.6076880693435669,cross_attention,2026
000655.SZ:2017,000655.SZ,train,1,0.5839255452156067,0.6076880693435669,cross_attention,2026
000655.SZ:2019,000655.SZ,train,0,0.45305535197257996,0.6076880693435669,cross_attention,2026
000655.SZ:2020,000655.SZ,train,0,0.42765140533447266,0.6076880693435669,cross_attention,2026
000655.SZ:2021,000655.SZ,train,0,0.4320228695869446,0.6076880693435669,cross_attention,2026
000655.SZ:2022,000655.SZ,validation,0,0.39028245210647583,0.6076880693435669,cross_attention,2026
000655.SZ:2024,000655.SZ,test,0,0.39491555094718933,0.6076880693435669,cross_attention,2026
000655.SZ:2025,000655.SZ,test,0,0.43227431178092957,0.6076880693435669,cross_attention,2026
000656.SZ:2020,000656.SZ,train,0,0.5300503373146057,0.6076880693435669,cross_attention,2026
000656.SZ:2021,000656.SZ,train,0,0.5239166021347046,0.6076880693435669,cross_attention,2026
000656.SZ:2022,000656.SZ,validation,0,0.5338295102119446,0.6076880693435669,cross_attention,2026
000662.SZ:2018,000662.SZ,train,0,0.4816024899482727,0.6076880693435669,cross_attention,2026
000665.SZ:2024,000665.SZ,test,0,0.5617699027061462,0.6076880693435669,cross_attention,2026
000668.SZ:2017,000668.SZ,train,0,0.5517627000808716,0.6076880693435669,cross_attention,2026
000668.SZ:2019,000668.SZ,train,0,0.532421886920929,0.6076880693435669,cross_attention,2026
000668.SZ:2021,000668.SZ,train,0,0.5407167077064514,0.6076880693435669,cross_attention,2026
000668.SZ:2024,000668.SZ,test,1,0.5526113510131836,0.6076880693435669,cross_attention,2026
000670.SZ:2017,000670.SZ,train,0,0.47468701004981995,0.6076880693435669,cross_attention,2026
000670.SZ:2024,000670.SZ,test,0,0.5717726945877075,0.6076880693435669,cross_attention,2026
000670.SZ:2025,000670.SZ,test,0,0.5626561045646667,0.6076880693435669,cross_attention,2026
000695.SZ:2017,000695.SZ,train,0,0.5495411157608032,0.6076880693435669,cross_attention,2026
000695.SZ:2018,000695.SZ,train,0,0.549529492855072,0.6076880693435669,cross_attention,2026
000695.SZ:2019,000695.SZ,train,0,0.5016545057296753,0.6076880693435669,cross_attention,2026
000695.SZ:2020,000695.SZ,train,0,0.5371047258377075,0.6076880693435669,cross_attention,2026
000695.SZ:2021,000695.SZ,train,0,0.5532732009887695,0.6076880693435669,cross_attention,2026
000695.SZ:2024,000695.SZ,test,0,0.5547849535942078,0.6076880693435669,cross_attention,2026
000695.SZ:2025,000695.SZ,test,0,0.5544503331184387,0.6076880693435669,cross_attention,2026
000709.SZ:2017,000709.SZ,train,0,0.5419601202011108,0.6076880693435669,cross_attention,2026
000709.SZ:2020,000709.SZ,train,0,0.5411583781242371,0.6076880693435669,cross_attention,2026
000709.SZ:2021,000709.SZ,train,0,0.5414897203445435,0.6076880693435669,cross_attention,2026
000709.SZ:2022,000709.SZ,validation,0,0.5399713516235352,0.6076880693435669,cross_attention,2026
000709.SZ:2024,000709.SZ,test,0,0.5422723293304443,0.6076880693435669,cross_attention,2026
000709.SZ:2025,000709.SZ,test,0,0.543846845626831,0.6076880693435669,cross_attention,2026
000715.SZ:2017,000715.SZ,train,0,0.5116164088249207,0.6076880693435669,cross_attention,2026
000715.SZ:2018,000715.SZ,train,0,0.5076553821563721,0.6076880693435669,cross_attention,2026
000715.SZ:2019,000715.SZ,train,0,0.5052637457847595,0.6076880693435669,cross_attention,2026
000715.SZ:2020,000715.SZ,train,0,0.49956396222114563,0.6076880693435669,cross_attention,2026
000715.SZ:2021,000715.SZ,train,0,0.4815296232700348,0.6076880693435669,cross_attention,2026
000715.SZ:2022,000715.SZ,validation,0,0.47477099299430847,0.6076880693435669,cross_attention,2026
000715.SZ:2024,000715.SZ,test,0,0.46319225430488586,0.6076880693435669,cross_attention,2026
000715.SZ:2025,000715.SZ,test,0,0.48492246866226196,0.6076880693435669,cross_attention,2026
000718.SZ:2018,000718.SZ,train,0,0.49693119525909424,0.6076880693435669,cross_attention,2026
000718.SZ:2019,000718.SZ,train,0,0.48653551936149597,0.6076880693435669,cross_attention,2026
000718.SZ:2020,000718.SZ,train,0,0.4857823848724365,0.6076880693435669,cross_attention,2026
000718.SZ:2021,000718.SZ,train,0,0.493339866399765,0.6076880693435669,cross_attention,2026
000718.SZ:2022,000718.SZ,validation,0,0.4966753423213959,0.6076880693435669,cross_attention,2026
000718.SZ:2024,000718.SZ,test,0,0.5099354982376099,0.6076880693435669,cross_attention,2026
000718.SZ:2025,000718.SZ,test,0,0.5164465308189392,0.6076880693435669,cross_attention,2026
000727.SZ:2017,000727.SZ,train,0,0.5237246751785278,0.6076880693435669,cross_attention,2026
000727.SZ:2021,000727.SZ,train,0,0.5337506532669067,0.6076880693435669,cross_attention,2026
000739.SZ:2018,000739.SZ,train,0,0.5262348055839539,0.6076880693435669,cross_attention,2026
000739.SZ:2019,000739.SZ,train,0,0.5115051865577698,0.6076880693435669,cross_attention,2026
000739.SZ:2020,000739.SZ,train,0,0.4922950863838196,0.6076880693435669,cross_attention,2026
000739.SZ:2021,000739.SZ,train,0,0.4919673502445221,0.6076880693435669,cross_attention,2026
000739.SZ:2022,000739.SZ,validation,0,0.5075709223747253,0.6076880693435669,cross_attention,2026
000739.SZ:2024,000739.SZ,test,0,0.5136778354644775,0.6076880693435669,cross_attention,2026
000739.SZ:2025,000739.SZ,test,0,0.5111056566238403,0.6076880693435669,cross_attention,2026
000786.SZ:2020,000786.SZ,train,0,0.511286735534668,0.6076880693435669,cross_attention,2026
000786.SZ:2021,000786.SZ,train,0,0.49388977885246277,0.6076880693435669,cross_attention,2026
000786.SZ:2022,000786.SZ,validation,0,0.479802668094635,0.6076880693435669,cross_attention,2026
000786.SZ:2024,000786.SZ,test,0,0.4739384949207306,0.6076880693435669,cross_attention,2026
000786.SZ:2025,000786.SZ,test,0,0.4868883490562439,0.6076880693435669,cross_attention,2026
000797.SZ:2017,000797.SZ,train,0,0.5098021030426025,0.6076880693435669,cross_attention,2026
000797.SZ:2018,000797.SZ,train,0,0.5369824171066284,0.6076880693435669,cross_attention,2026
000797.SZ:2019,000797.SZ,train,0,0.5292469263076782,0.6076880693435669,cross_attention,2026
000797.SZ:2020,000797.SZ,train,0,0.5372830629348755,0.6076880693435669,cross_attention,2026
000797.SZ:2021,000797.SZ,train,0,0.5199676156044006,0.6076880693435669,cross_attention,2026
000797.SZ:2022,000797.SZ,validation,0,0.5384103655815125,0.6076880693435669,cross_attention,2026
000797.SZ:2024,000797.SZ,test,0,0.526925265789032,0.6076880693435669,cross_attention,2026
000797.SZ:2025,000797.SZ,test,0,0.5385406017303467,0.6076880693435669,cross_attention,2026
000800.SZ:2017,000800.SZ,train,0,0.5490885972976685,0.6076880693435669,cross_attention,2026
000800.SZ:2019,000800.SZ,train,0,0.5375961661338806,0.6076880693435669,cross_attention,2026
000800.SZ:2020,000800.SZ,train,0,0.5407029390335083,0.6076880693435669,cross_attention,2026
000800.SZ:2021,000800.SZ,train,0,0.534636378288269,0.6076880693435669,cross_attention,2026
000800.SZ:2022,000800.SZ,validation,0,0.5113256573677063,0.6076880693435669,cross_attention,2026
000800.SZ:2024,000800.SZ,test,0,0.5379536151885986,0.6076880693435669,cross_attention,2026
000800.SZ:2025,000800.SZ,test,0,0.5394442081451416,0.6076880693435669,cross_attention,2026
000807.SZ:2017,000807.SZ,train,0,0.5407406091690063,0.6076880693435669,cross_attention,2026
000807.SZ:2019,000807.SZ,train,0,0.5547337532043457,0.6076880693435669,cross_attention,2026
000807.SZ:2020,000807.SZ,train,0,0.5375298857688904,0.6076880693435669,cross_attention,2026
000807.SZ:2021,000807.SZ,train,0,0.5283079147338867,0.6076880693435669,cross_attention,2026
000807.SZ:2022,000807.SZ,validation,0,0.4979441463947296,0.6076880693435669,cross_attention,2026
000807.SZ:2024,000807.SZ,test,0,0.48398181796073914,0.6076880693435669,cross_attention,2026
000821.SZ:2022,000821.SZ,validation,0,0.5365461111068726,0.6076880693435669,cross_attention,2026
000821.SZ:2024,000821.SZ,test,0,0.5306394696235657,0.6076880693435669,cross_attention,2026
000821.SZ:2025,000821.SZ,test,1,0.539381742477417,0.6076880693435669,cross_attention,2026
000822.SZ:2020,000822.SZ,train,0,0.4949645698070526,0.6076880693435669,cross_attention,2026
000823.SZ:2017,000823.SZ,train,0,0.5074096322059631,0.6076880693435669,cross_attention,2026
000823.SZ:2018,000823.SZ,train,0,0.5217278003692627,0.6076880693435669,cross_attention,2026
000823.SZ:2019,000823.SZ,train,0,0.5190522074699402,0.6076880693435669,cross_attention,2026
000823.SZ:2020,000823.SZ,train,0,0.5099029541015625,0.6076880693435669,cross_attention,2026
000823.SZ:2021,000823.SZ,train,0,0.519385576248169,0.6076880693435669,cross_attention,2026
000823.SZ:2022,000823.SZ,validation,0,0.523091197013855,0.6076880693435669,cross_attention,2026
000823.SZ:2024,000823.SZ,test,0,0.5175693035125732,0.6076880693435669,cross_attention,2026
000823.SZ:2025,000823.SZ,test,0,0.5207211971282959,0.6076880693435669,cross_attention,2026
000830.SZ:2017,000830.SZ,train,0,0.5387092232704163,0.6076880693435669,cross_attention,2026
000830.SZ:2018,000830.SZ,train,0,0.5130388140678406,0.6076880693435669,cross_attention,2026
000830.SZ:2019,000830.SZ,train,0,0.49905017018318176,0.6076880693435669,cross_attention,2026
000830.SZ:2020,000830.SZ,train,0,0.5221154689788818,0.6076880693435669,cross_attention,2026
000830.SZ:2021,000830.SZ,train,0,0.5290659666061401,0.6076880693435669,cross_attention,2026
000830.SZ:2022,000830.SZ,validation,0,0.47647330164909363,0.6076880693435669,cross_attention,2026
000830.SZ:2024,000830.SZ,test,0,0.5285652875900269,0.6076880693435669,cross_attention,2026
000830.SZ:2025,000830.SZ,test,0,0.5163760185241699,0.6076880693435669,cross_attention,2026
000835.SZ:2018,000835.SZ,train,0,0.47921785712242126,0.6076880693435669,cross_attention,2026
000835.SZ:2019,000835.SZ,train,0,0.5911973118782043,0.6076880693435669,cross_attention,2026
000850.SZ:2017,000850.SZ,train,0,0.5279184579849243,0.6076880693435669,cross_attention,2026
000850.SZ:2018,000850.SZ,train,0,0.5302621722221375,0.6076880693435669,cross_attention,2026
000850.SZ:2019,000850.SZ,train,0,0.531438946723938,0.6076880693435669,cross_attention,2026
000850.SZ:2021,000850.SZ,train,0,0.5095117688179016,0.6076880693435669,cross_attention,2026
000850.SZ:2022,000850.SZ,validation,0,0.5068560838699341,0.6076880693435669,cross_attention,2026
000850.SZ:2024,000850.SZ,test,0,0.5268846750259399,0.6076880693435669,cross_attention,2026
000850.SZ:2025,000850.SZ,test,0,0.5147479176521301,0.6076880693435669,cross_attention,2026
000861.SZ:2017,000861.SZ,train,0,0.5115732550621033,0.6076880693435669,cross_attention,2026
000861.SZ:2019,000861.SZ,train,0,0.5190603733062744,0.6076880693435669,cross_attention,2026
000861.SZ:2020,000861.SZ,train,0,0.5211494565010071,0.6076880693435669,cross_attention,2026
000861.SZ:2021,000861.SZ,train,0,0.5281951427459717,0.6076880693435669,cross_attention,2026
000861.SZ:2022,000861.SZ,validation,0,0.5721702575683594,0.6076880693435669,cross_attention,2026
000868.SZ:2021,000868.SZ,train,0,0.5398743748664856,0.6076880693435669,cross_attention,2026
000868.SZ:2022,000868.SZ,validation,0,0.5781896710395813,0.6076880693435669,cross_attention,2026
000883.SZ:2017,000883.SZ,train,0,0.506060779094696,0.6076880693435669,cross_attention,2026
000883.SZ:2018,000883.SZ,train,0,0.5128048658370972,0.6076880693435669,cross_attention,2026
000883.SZ:2019,000883.SZ,train,0,0.5162973999977112,0.6076880693435669,cross_attention,2026
000883.SZ:2020,000883.SZ,train,0,0.5189478397369385,0.6076880693435669,cross_attention,2026
000883.SZ:2021,000883.SZ,train,0,0.5098761320114136,0.6076880693435669,cross_attention,2026
000883.SZ:2022,000883.SZ,validation,0,0.5215683579444885,0.6076880693435669,cross_attention,2026
000883.SZ:2024,000883.SZ,test,0,0.5284702181816101,0.6076880693435669,cross_attention,2026
000890.SZ:2017,000890.SZ,train,0,0.5315495133399963,0.6076880693435669,cross_attention,2026
000890.SZ:2019,000890.SZ,train,1,0.5520726442337036,0.6076880693435669,cross_attention,2026
000890.SZ:2022,000890.SZ,validation,0,0.5340629816055298,0.6076880693435669,cross_attention,2026
000890.SZ:2024,000890.SZ,test,0,0.5664367079734802,0.6076880693435669,cross_attention,2026
000890.SZ:2025,000890.SZ,test,0,0.5990746021270752,0.6076880693435669,cross_attention,2026
000897.SZ:2021,000897.SZ,train,0,0.5103008151054382,0.6076880693435669,cross_attention,2026
000897.SZ:2024,000897.SZ,test,0,0.502253532409668,0.6076880693435669,cross_attention,2026
000903.SZ:2017,000903.SZ,train,0,0.5246803760528564,0.6076880693435669,cross_attention,2026
000903.SZ:2018,000903.SZ,train,0,0.5325835943222046,0.6076880693435669,cross_attention,2026
000903.SZ:2019,000903.SZ,train,0,0.5343632102012634,0.6076880693435669,cross_attention,2026
000903.SZ:2020,000903.SZ,train,0,0.5363537669181824,0.6076880693435669,cross_attention,2026
000903.SZ:2021,000903.SZ,train,0,0.5324539542198181,0.6076880693435669,cross_attention,2026
000903.SZ:2022,000903.SZ,validation,0,0.5473814606666565,0.6076880693435669,cross_attention,2026
000903.SZ:2024,000903.SZ,test,0,0.5725709199905396,0.6076880693435669,cross_attention,2026
000903.SZ:2025,000903.SZ,test,1,0.5805919766426086,0.6076880693435669,cross_attention,2026
000920.SZ:2017,000920.SZ,train,0,0.49268439412117004,0.6076880693435669,cross_attention,2026
000920.SZ:2018,000920.SZ,train,0,0.5028430819511414,0.6076880693435669,cross_attention,2026
000920.SZ:2019,000920.SZ,train,0,0.5177388787269592,0.6076880693435669,cross_attention,2026
000920.SZ:2020,000920.SZ,train,0,0.505784273147583,0.6076880693435669,cross_attention,2026
000920.SZ:2021,000920.SZ,train,0,0.5043578743934631,0.6076880693435669,cross_attention,2026
000920.SZ:2022,000920.SZ,validation,0,0.5001135468482971,0.6076880693435669,cross_attention,2026
000920.SZ:2024,000920.SZ,test,0,0.4897926449775696,0.6076880693435669,cross_attention,2026
000920.SZ:2025,000920.SZ,test,0,0.48659592866897583,0.6076880693435669,cross_attention,2026
000925.SZ:2017,000925.SZ,train,0,0.5618743300437927,0.6076880693435669,cross_attention,2026
000925.SZ:2018,000925.SZ,train,0,0.5372059941291809,0.6076880693435669,cross_attention,2026
000925.SZ:2019,000925.SZ,train,0,0.5458766222000122,0.6076880693435669,cross_attention,2026
000925.SZ:2020,000925.SZ,train,0,0.5451234579086304,0.6076880693435669,cross_attention,2026
000925.SZ:2021,000925.SZ,train,0,0.5426439642906189,0.6076880693435669,cross_attention,2026
000925.SZ:2022,000925.SZ,validation,0,0.5300041437149048,0.6076880693435669,cross_attention,2026
000925.SZ:2024,000925.SZ,test,0,0.5347572565078735,0.6076880693435669,cross_attention,2026
000925.SZ:2025,000925.SZ,test,0,0.5306551456451416,0.6076880693435669,cross_attention,2026
000933.SZ:2018,000933.SZ,train,0,0.5403136610984802,0.6076880693435669,cross_attention,2026
000933.SZ:2019,000933.SZ,train,0,0.5429563522338867,0.6076880693435669,cross_attention,2026
000933.SZ:2020,000933.SZ,train,0,0.536611020565033,0.6076880693435669,cross_attention,2026
000933.SZ:2021,000933.SZ,train,0,0.5407565832138062,0.6076880693435669,cross_attention,2026
000933.SZ:2022,000933.SZ,validation,0,0.5095564723014832,0.6076880693435669,cross_attention,2026
000933.SZ:2024,000933.SZ,test,0,0.4892655313014984,0.6076880693435669,cross_attention,2026
000933.SZ:2025,000933.SZ,test,0,0.5028424263000488,0.6076880693435669,cross_attention,2026
000937.SZ:2017,000937.SZ,train,0,0.5330824255943298,0.6076880693435669,cross_attention,2026
000937.SZ:2018,000937.SZ,train,0,0.5155242085456848,0.6076880693435669,cross_attention,2026
000937.SZ:2019,000937.SZ,train,0,0.514946460723877,0.6076880693435669,cross_attention,2026
000937.SZ:2020,000937.SZ,train,0,0.51080721616745,0.6076880693435669,cross_attention,2026
000937.SZ:2024,000937.SZ,test,0,0.4939846396446228,0.6076880693435669,cross_attention,2026
000982.SZ:2022,000982.SZ,validation,0,0.43372923135757446,0.6076880693435669,cross_attention,2026
000989.SZ:2017,000989.SZ,train,0,0.43283358216285706,0.6076880693435669,cross_attention,2026
000989.SZ:2020,000989.SZ,train,0,0.475578635931015,0.6076880693435669,cross_attention,2026
000989.SZ:2021,000989.SZ,train,0,0.48865246772766113,0.6076880693435669,cross_attention,2026
000989.SZ:2022,000989.SZ,validation,0,0.5003611445426941,0.6076880693435669,cross_attention,2026
000990.SZ:2020,000990.SZ,train,0,0.5139886736869812,0.6076880693435669,cross_attention,2026
000990.SZ:2021,000990.SZ,train,0,0.51628577709198,0.6076880693435669,cross_attention,2026
000990.SZ:2022,000990.SZ,validation,0,0.5003844499588013,0.6076880693435669,cross_attention,2026
000990.SZ:2024,000990.SZ,test,0,0.5160605907440186,0.6076880693435669,cross_attention,2026
000990.SZ:2025,000990.SZ,test,0,0.5156072378158569,0.6076880693435669,cross_attention,2026
001201.SZ:2024,001201.SZ,test,0,0.560407280921936,0.6076880693435669,cross_attention,2026
001201.SZ:2025,001201.SZ,test,0,0.533181369304657,0.6076880693435669,cross_attention,2026
001215.SZ:2025,001215.SZ,test,0,0.5005038976669312,0.6076880693435669,cross_attention,2026
001216.SZ:2025,001216.SZ,test,0,0.45474016666412354,0.6076880693435669,cross_attention,2026
001296.SZ:2025,001296.SZ,test,0,0.4714067578315735,0.6076880693435669,cross_attention,2026
002002.SZ:2022,002002.SZ,validation,0,0.5242551565170288,0.6076880693435669,cross_attention,2026
002014.SZ:2017,002014.SZ,train,0,0.4771505892276764,0.6076880693435669,cross_attention,2026
002014.SZ:2018,002014.SZ,train,0,0.4817899763584137,0.6076880693435669,cross_attention,2026
002014.SZ:2019,002014.SZ,train,0,0.48411649465560913,0.6076880693435669,cross_attention,2026
002014.SZ:2020,002014.SZ,train,0,0.47655174136161804,0.6076880693435669,cross_attention,2026
002014.SZ:2021,002014.SZ,train,0,0.48126527667045593,0.6076880693435669,cross_attention,2026
002014.SZ:2022,002014.SZ,validation,0,0.4916974902153015,0.6076880693435669,cross_attention,2026
002014.SZ:2024,002014.SZ,test,0,0.4900704324245453,0.6076880693435669,cross_attention,2026
002016.SZ:2017,002016.SZ,train,0,0.49955931305885315,0.6076880693435669,cross_attention,2026
002016.SZ:2018,002016.SZ,train,0,0.4740146994590759,0.6076880693435669,cross_attention,2026
002016.SZ:2019,002016.SZ,train,0,0.47492823004722595,0.6076880693435669,cross_attention,2026
002016.SZ:2020,002016.SZ,train,0,0.45941534638404846,0.6076880693435669,cross_attention,2026
002016.SZ:2021,002016.SZ,train,0,0.48080915212631226,0.6076880693435669,cross_attention,2026
002016.SZ:2022,002016.SZ,validation,0,0.482584148645401,0.6076880693435669,cross_attention,2026
002016.SZ:2024,002016.SZ,test,0,0.5115195512771606,0.6076880693435669,cross_attention,2026
002016.SZ:2025,002016.SZ,test,0,0.5298080444335938,0.6076880693435669,cross_attention,2026
002021.SZ:2017,002021.SZ,train,0,0.5197920799255371,0.6076880693435669,cross_attention,2026
002021.SZ:2018,002021.SZ,train,1,0.5519150495529175,0.6076880693435669,cross_attention,2026
002021.SZ:2025,002021.SZ,test,0,0.5455437898635864,0.6076880693435669,cross_attention,2026
002027.SZ:2019,002027.SZ,train,0,0.4223479926586151,0.6076880693435669,cross_attention,2026
002027.SZ:2020,002027.SZ,train,0,0.46326643228530884,0.6076880693435669,cross_attention,2026
002027.SZ:2021,002027.SZ,train,0,0.42806100845336914,0.6076880693435669,cross_attention,2026
002027.SZ:2022,002027.SZ,validation,0,0.41880446672439575,0.6076880693435669,cross_attention,2026
002027.SZ:2024,002027.SZ,test,0,0.4208071231842041,0.6076880693435669,cross_attention,2026
002027.SZ:2025,002027.SZ,test,0,0.4143255650997162,0.6076880693435669,cross_attention,2026
002033.SZ:2019,002033.SZ,train,0,0.3696253299713135,0.6076880693435669,cross_attention,2026
002033.SZ:2020,002033.SZ,train,0,0.3706626892089844,0.6076880693435669,cross_attention,2026
002033.SZ:2021,002033.SZ,train,0,0.4110827147960663,0.6076880693435669,cross_attention,2026
002033.SZ:2022,002033.SZ,validation,0,0.47502732276916504,0.6076880693435669,cross_attention,2026
002033.SZ:2024,002033.SZ,test,0,0.4249495267868042,0.6076880693435669,cross_attention,2026
002033.SZ:2025,002033.SZ,test,0,0.445028156042099,0.6076880693435669,cross_attention,2026
002039.SZ:2017,002039.SZ,train,0,0.4947606921195984,0.6076880693435669,cross_attention,2026
002039.SZ:2019,002039.SZ,train,0,0.5111372470855713,0.6076880693435669,cross_attention,2026
002039.SZ:2020,002039.SZ,train,0,0.5112224817276001,0.6076880693435669,cross_attention,2026
002039.SZ:2021,002039.SZ,train,0,0.5047828555107117,0.6076880693435669,cross_attention,2026
002039.SZ:2022,002039.SZ,validation,0,0.5162230730056763,0.6076880693435669,cross_attention,2026
002039.SZ:2024,002039.SZ,test,0,0.5048432350158691,0.6076880693435669,cross_attention,2026
002040.SZ:2017,002040.SZ,train,0,0.472549706697464,0.6076880693435669,cross_attention,2026
002040.SZ:2018,002040.SZ,train,0,0.4955000579357147,0.6076880693435669,cross_attention,2026
002040.SZ:2019,002040.SZ,train,0,0.4921365976333618,0.6076880693435669,cross_attention,2026
002040.SZ:2020,002040.SZ,train,0,0.482280969619751,0.6076880693435669,cross_attention,2026
002040.SZ:2021,002040.SZ,train,0,0.47893059253692627,0.6076880693435669,cross_attention,2026
002040.SZ:2024,002040.SZ,test,0,0.48842400312423706,0.6076880693435669,cross_attention,2026
002041.SZ:2017,002041.SZ,train,0,0.44192296266555786,0.6076880693435669,cross_attention,2026
002041.SZ:2018,002041.SZ,train,0,0.46862271428108215,0.6076880693435669,cross_attention,2026
002041.SZ:2019,002041.SZ,train,0,0.4854138195514679,0.6076880693435669,cross_attention,2026
002041.SZ:2020,002041.SZ,train,0,0.48460155725479126,0.6076880693435669,cross_attention,2026
002041.SZ:2021,002041.SZ,train,0,0.46466323733329773,0.6076880693435669,cross_attention,2026
002041.SZ:2022,002041.SZ,validation,0,0.46170157194137573,0.6076880693435669,cross_attention,2026
002041.SZ:2024,002041.SZ,test,0,0.4656459391117096,0.6076880693435669,cross_attention,2026
002041.SZ:2025,002041.SZ,test,0,0.4895396828651428,0.6076880693435669,cross_attention,2026
002046.SZ:2018,002046.SZ,train,0,0.523848831653595,0.6076880693435669,cross_attention,2026
002046.SZ:2019,002046.SZ,train,0,0.5256251692771912,0.6076880693435669,cross_attention,2026
002046.SZ:2020,002046.SZ,train,0,0.5269600749015808,0.6076880693435669,cross_attention,2026
002046.SZ:2021,002046.SZ,train,0,0.515800416469574,0.6076880693435669,cross_attention,2026
002046.SZ:2022,002046.SZ,validation,0,0.5207793116569519,0.6076880693435669,cross_attention,2026
002046.SZ:2024,002046.SZ,test,0,0.5002361536026001,0.6076880693435669,cross_attention,2026
002046.SZ:2025,002046.SZ,test,0,0.5125564932823181,0.6076880693435669,cross_attention,2026
002050.SZ:2017,002050.SZ,train,0,0.48005211353302,0.6076880693435669,cross_attention,2026
002050.SZ:2018,002050.SZ,train,0,0.49454647302627563,0.6076880693435669,cross_attention,2026
002050.SZ:2019,002050.SZ,train,0,0.4980323612689972,0.6076880693435669,cross_attention,2026
002050.SZ:2020,002050.SZ,train,0,0.48955658078193665,0.6076880693435669,cross_attention,2026
002050.SZ:2021,002050.SZ,train,0,0.48853811621665955,0.6076880693435669,cross_attention,2026
002050.SZ:2022,002050.SZ,validation,0,0.5092585682868958,0.6076880693435669,cross_attention,2026
002050.SZ:2024,002050.SZ,test,0,0.49920377135276794,0.6076880693435669,cross_attention,2026
002050.SZ:2025,002050.SZ,test,0,0.5027636885643005,0.6076880693435669,cross_attention,2026
002053.SZ:2018,002053.SZ,train,0,0.5037248134613037,0.6076880693435669,cross_attention,2026
002053.SZ:2019,002053.SZ,train,0,0.5080147385597229,0.6076880693435669,cross_attention,2026
002053.SZ:2020,002053.SZ,train,0,0.4907740354537964,0.6076880693435669,cross_attention,2026
002053.SZ:2021,002053.SZ,train,0,0.5060397982597351,0.6076880693435669,cross_attention,2026
002053.SZ:2022,002053.SZ,validation,0,0.5049338340759277,0.6076880693435669,cross_attention,2026
002053.SZ:2024,002053.SZ,test,0,0.5059252977371216,0.6076880693435669,cross_attention,2026
002056.SZ:2020,002056.SZ,train,0,0.504954993724823,0.6076880693435669,cross_attention,2026
002056.SZ:2021,002056.SZ,train,0,0.4968454837799072,0.6076880693435669,cross_attention,2026
002056.SZ:2022,002056.SZ,validation,0,0.511292576789856,0.6076880693435669,cross_attention,2026
002056.SZ:2024,002056.SZ,test,0,0.5021891593933105,0.6076880693435669,cross_attention,2026
002056.SZ:2025,002056.SZ,test,0,0.5091848373413086,0.6076880693435669,cross_attention,2026
002064.SZ:2017,002064.SZ,train,0,0.5506569743156433,0.6076880693435669,cross_attention,2026
002064.SZ:2018,002064.SZ,train,0,0.5116197466850281,0.6076880693435669,cross_attention,2026
002064.SZ:2019,002064.SZ,train,0,0.4959767758846283,0.6076880693435669,cross_attention,2026
002064.SZ:2020,002064.SZ,train,0,0.49661606550216675,0.6076880693435669,cross_attention,2026
002064.SZ:2022,002064.SZ,validation,0,0.44665205478668213,0.6076880693435669,cross_attention,2026
002064.SZ:2024,002064.SZ,test,0,0.5010510087013245,0.6076880693435669,cross_attention,2026
002064.SZ:2025,002064.SZ,test,0,0.4980749487876892,0.6076880693435669,cross_attention,2026
002069.SZ:2017,002069.SZ,train,0,0.5407423377037048,0.6076880693435669,cross_attention,2026
002069.SZ:2018,002069.SZ,train,0,0.5948994755744934,0.6076880693435669,cross_attention,2026
002069.SZ:2019,002069.SZ,train,0,0.5440307855606079,0.6076880693435669,cross_attention,2026
002069.SZ:2020,002069.SZ,train,0,0.5860416889190674,0.6076880693435669,cross_attention,2026
002069.SZ:2021,002069.SZ,train,0,0.5252385139465332,0.6076880693435669,cross_attention,2026
002069.SZ:2022,002069.SZ,validation,1,0.5391749143600464,0.6076880693435669,cross_attention,2026
002069.SZ:2024,002069.SZ,test,0,0.5430968403816223,0.6076880693435669,cross_attention,2026
002071.SZ:2017,002071.SZ,train,0,0.5050163865089417,0.6076880693435669,cross_attention,2026
002092.SZ:2020,002092.SZ,train,0,0.5388505458831787,0.6076880693435669,cross_attention,2026
002092.SZ:2021,002092.SZ,train,0,0.5418443083763123,0.6076880693435669,cross_attention,2026
002092.SZ:2022,002092.SZ,validation,0,0.5276908874511719,0.6076880693435669,cross_attention,2026
002092.SZ:2024,002092.SZ,test,1,0.5520355701446533,0.6076880693435669,cross_attention,2026
002102.SZ:2025,002102.SZ,test,1,0.5567172765731812,0.6076880693435669,cross_attention,2026
002106.SZ:2017,002106.SZ,train,0,0.4929048717021942,0.6076880693435669,cross_attention,2026
002110.SZ:2019,002110.SZ,train,0,0.455849289894104,0.6076880693435669,cross_attention,2026
002110.SZ:2020,002110.SZ,train,0,0.501547634601593,0.6076880693435669,cross_attention,2026
002110.SZ:2021,002110.SZ,train,0,0.5181687474250793,0.6076880693435669,cross_attention,2026
002110.SZ:2022,002110.SZ,validation,0,0.5176627039909363,0.6076880693435669,cross_attention,2026
002110.SZ:2024,002110.SZ,test,0,0.5413069725036621,0.6076880693435669,cross_attention,2026
002110.SZ:2025,002110.SZ,test,0,0.5473261475563049,0.6076880693435669,cross_attention,2026
002112.SZ:2017,002112.SZ,train,0,0.5539361834526062,0.6076880693435669,cross_attention,2026
002112.SZ:2018,002112.SZ,train,0,0.5814065933227539,0.6076880693435669,cross_attention,2026
002112.SZ:2021,002112.SZ,train,0,0.5529372096061707,0.6076880693435669,cross_attention,2026
002112.SZ:2022,002112.SZ,validation,0,0.5564281344413757,0.6076880693435669,cross_attention,2026
002112.SZ:2024,002112.SZ,test,0,0.5508197546005249,0.6076880693435669,cross_attention,2026
002112.SZ:2025,002112.SZ,test,0,0.5394638180732727,0.6076880693435669,cross_attention,2026
002117.SZ:2019,002117.SZ,train,0,0.481349915266037,0.6076880693435669,cross_attention,2026
002117.SZ:2020,002117.SZ,train,0,0.4728545546531677,0.6076880693435669,cross_attention,2026
002117.SZ:2021,002117.SZ,train,0,0.4913962781429291,0.6076880693435669,cross_attention,2026
002117.SZ:2022,002117.SZ,validation,0,0.4902631938457489,0.6076880693435669,cross_attention,2026
002117.SZ:2024,002117.SZ,test,0,0.49246689677238464,0.6076880693435669,cross_attention,2026
002120.SZ:2017,002120.SZ,train,0,0.4650721251964569,0.6076880693435669,cross_attention,2026
002120.SZ:2018,002120.SZ,train,0,0.4662451446056366,0.6076880693435669,cross_attention,2026
002120.SZ:2019,002120.SZ,train,0,0.47199761867523193,0.6076880693435669,cross_attention,2026
002120.SZ:2020,002120.SZ,train,0,0.4904976189136505,0.6076880693435669,cross_attention,2026
002120.SZ:2021,002120.SZ,train,0,0.5146660804748535,0.6076880693435669,cross_attention,2026
002120.SZ:2022,002120.SZ,validation,0,0.5211735963821411,0.6076880693435669,cross_attention,2026
002120.SZ:2024,002120.SZ,test,0,0.5127902030944824,0.6076880693435669,cross_attention,2026
002120.SZ:2025,002120.SZ,test,0,0.5080166459083557,0.6076880693435669,cross_attention,2026
002121.SZ:2017,002121.SZ,train,0,0.537423312664032,0.6076880693435669,cross_attention,2026
002121.SZ:2018,002121.SZ,train,0,0.5307044386863708,0.6076880693435669,cross_attention,2026
002121.SZ:2022,002121.SZ,validation,0,0.5783298015594482,0.6076880693435669,cross_attention,2026
002121.SZ:2024,002121.SZ,test,0,0.5712887048721313,0.6076880693435669,cross_attention,2026
002121.SZ:2025,002121.SZ,test,0,0.5721822381019592,0.6076880693435669,cross_attention,2026
002125.SZ:2017,002125.SZ,train,0,0.5332722663879395,0.6076880693435669,cross_attention,2026
002125.SZ:2018,002125.SZ,train,0,0.5349164009094238,0.6076880693435669,cross_attention,2026
002125.SZ:2019,002125.SZ,train,0,0.5327511429786682,0.6076880693435669,cross_attention,2026
002125.SZ:2020,002125.SZ,train,0,0.5366167426109314,0.6076880693435669,cross_attention,2026
002125.SZ:2021,002125.SZ,train,0,0.5385656952857971,0.6076880693435669,cross_attention,2026
002125.SZ:2022,002125.SZ,validation,0,0.5200360417366028,0.6076880693435669,cross_attention,2026
002125.SZ:2024,002125.SZ,test,0,0.5067300200462341,0.6076880693435669,cross_attention,2026
002125.SZ:2025,002125.SZ,test,0,0.5034806132316589,0.6076880693435669,cross_attention,2026
002140.SZ:2017,002140.SZ,train,0,0.5386306047439575,0.6076880693435669,cross_attention,2026
002140.SZ:2018,002140.SZ,train,0,0.5448075532913208,0.6076880693435669,cross_attention,2026
002140.SZ:2019,002140.SZ,train,0,0.539209246635437,0.6076880693435669,cross_attention,2026
002140.SZ:2020,002140.SZ,train,0,0.5374459624290466,0.6076880693435669,cross_attention,2026
002140.SZ:2021,002140.SZ,train,0,0.5332518815994263,0.6076880693435669,cross_attention,2026
002140.SZ:2022,002140.SZ,validation,0,0.531114399433136,0.6076880693435669,cross_attention,2026
002140.SZ:2024,002140.SZ,test,0,0.5325389504432678,0.6076880693435669,cross_attention,2026
002140.SZ:2025,002140.SZ,test,0,0.532574474811554,0.6076880693435669,cross_attention,2026
002141.SZ:2017,002141.SZ,train,0,0.45667189359664917,0.6076880693435669,cross_attention,2026
002141.SZ:2018,002141.SZ,train,0,0.5093743801116943,0.6076880693435669,cross_attention,2026
002141.SZ:2019,002141.SZ,train,0,0.5281054973602295,0.6076880693435669,cross_attention,2026
002141.SZ:2020,002141.SZ,train,0,0.5227221250534058,0.6076880693435669,cross_attention,2026
002141.SZ:2021,002141.SZ,train,0,0.6000333428382874,0.6076880693435669,cross_attention,2026
002141.SZ:2022,002141.SZ,validation,0,0.531180739402771,0.6076880693435669,cross_attention,2026
002145.SZ:2017,002145.SZ,train,0,0.5269609689712524,0.6076880693435669,cross_attention,2026
002145.SZ:2018,002145.SZ,train,0,0.5106286406517029,0.6076880693435669,cross_attention,2026
002145.SZ:2019,002145.SZ,train,0,0.5073809027671814,0.6076880693435669,cross_attention,2026
002145.SZ:2020,002145.SZ,train,0,0.5082740187644958,0.6076880693435669,cross_attention,2026
002154.SZ:2018,002154.SZ,train,0,0.5257567763328552,0.6076880693435669,cross_attention,2026
002154.SZ:2020,002154.SZ,train,0,0.5119403600692749,0.6076880693435669,cross_attention,2026
002154.SZ:2021,002154.SZ,train,0,0.48641735315322876,0.6076880693435669,cross_attention,2026
002154.SZ:2022,002154.SZ,validation,0,0.49298784136772156,0.6076880693435669,cross_attention,2026
002154.SZ:2024,002154.SZ,test,0,0.48319849371910095,0.6076880693435669,cross_attention,2026
002154.SZ:2025,002154.SZ,test,0,0.49580276012420654,0.6076880693435669,cross_attention,2026
002160.SZ:2022,002160.SZ,validation,0,0.546924889087677,0.6076880693435669,cross_attention,2026
002160.SZ:2024,002160.SZ,test,0,0.5471057891845703,0.6076880693435669,cross_attention,2026
002160.SZ:2025,002160.SZ,test,0,0.5458211302757263,0.6076880693435669,cross_attention,2026
002169.SZ:2020,002169.SZ,train,0,0.5369467735290527,0.6076880693435669,cross_attention,2026
002169.SZ:2021,002169.SZ,train,0,0.5170794129371643,0.6076880693435669,cross_attention,2026
002169.SZ:2022,002169.SZ,validation,0,0.5197476148605347,0.6076880693435669,cross_attention,2026
002169.SZ:2024,002169.SZ,test,0,0.5492289066314697,0.6076880693435669,cross_attention,2026
002181.SZ:2017,002181.SZ,train,0,0.4863085150718689,0.6076880693435669,cross_attention,2026
002181.SZ:2018,002181.SZ,train,0,0.4465967118740082,0.6076880693435669,cross_attention,2026
002181.SZ:2019,002181.SZ,train,0,0.45942530035972595,0.6076880693435669,cross_attention,2026
002181.SZ:2020,002181.SZ,train,0,0.4295344352722168,0.6076880693435669,cross_attention,2026
002181.SZ:2021,002181.SZ,train,0,0.4353000819683075,0.6076880693435669,cross_attention,2026
002181.SZ:2022,002181.SZ,validation,0,0.4767952561378479,0.6076880693435669,cross_attention,2026
002181.SZ:2024,002181.SZ,test,0,0.5024316906929016,0.6076880693435669,cross_attention,2026
002181.SZ:2025,002181.SZ,test,0,0.5017227530479431,0.6076880693435669,cross_attention,2026
002185.SZ:2017,002185.SZ,train,0,0.5015199184417725,0.6076880693435669,cross_attention,2026
002185.SZ:2018,002185.SZ,train,0,0.5098133683204651,0.6076880693435669,cross_attention,2026
002185.SZ:2020,002185.SZ,train,0,0.5191762447357178,0.6076880693435669,cross_attention,2026
002185.SZ:2021,002185.SZ,train,0,0.5112472772598267,0.6076880693435669,cross_attention,2026
002185.SZ:2022,002185.SZ,validation,0,0.5025015473365784,0.6076880693435669,cross_attention,2026
002185.SZ:2024,002185.SZ,test,0,0.5272496938705444,0.6076880693435669,cross_attention,2026
002198.SZ:2018,002198.SZ,train,0,0.5680328011512756,0.6076880693435669,cross_attention,2026
002198.SZ:2019,002198.SZ,train,0,0.4561755061149597,0.6076880693435669,cross_attention,2026
002198.SZ:2020,002198.SZ,train,0,0.5571850538253784,0.6076880693435669,cross_attention,2026
002198.SZ:2021,002198.SZ,train,0,0.46688875555992126,0.6076880693435669,cross_attention,2026
002198.SZ:2022,002198.SZ,validation,0,0.47766971588134766,0.6076880693435669,cross_attention,2026
002198.SZ:2024,002198.SZ,test,0,0.40458184480667114,0.6076880693435669,cross_attention,2026
002198.SZ:2025,002198.SZ,test,0,0.41668900847435,0.6076880693435669,cross_attention,2026
002212.SZ:2017,002212.SZ,train,0,0.5320464968681335,0.6076880693435669,cross_attention,2026
002212.SZ:2018,002212.SZ,train,0,0.48901522159576416,0.6076880693435669,cross_attention,2026
002212.SZ:2019,002212.SZ,train,0,0.5061628222465515,0.6076880693435669,cross_attention,2026
002212.SZ:2020,002212.SZ,train,0,0.5098545551300049,0.6076880693435669,cross_attention,2026
002212.SZ:2021,002212.SZ,train,0,0.49589410424232483,0.6076880693435669,cross_attention,2026
002212.SZ:2022,002212.SZ,validation,0,0.5120452642440796,0.6076880693435669,cross_attention,2026
002212.SZ:2025,002212.SZ,test,0,0.5209937691688538,0.6076880693435669,cross_attention,2026
002223.SZ:2018,002223.SZ,train,0,0.4583192467689514,0.6076880693435669,cross_attention,2026
002223.SZ:2019,002223.SZ,train,0,0.46266230940818787,0.6076880693435669,cross_attention,2026
002223.SZ:2020,002223.SZ,train,0,0.48553502559661865,0.6076880693435669,cross_attention,2026
002223.SZ:2021,002223.SZ,train,0,0.4382672905921936,0.6076880693435669,cross_attention,2026
002223.SZ:2022,002223.SZ,validation,0,0.4600580334663391,0.6076880693435669,cross_attention,2026
002223.SZ:2024,002223.SZ,test,0,0.44850653409957886,0.6076880693435669,cross_attention,2026
002224.SZ:2017,002224.SZ,train,0,0.38869690895080566,0.6076880693435669,cross_attention,2026
002224.SZ:2019,002224.SZ,train,0,0.4334620535373688,0.6076880693435669,cross_attention,2026
002224.SZ:2021,002224.SZ,train,0,0.42257240414619446,0.6076880693435669,cross_attention,2026
002224.SZ:2024,002224.SZ,test,0,0.492645800113678,0.6076880693435669,cross_attention,2026
002224.SZ:2025,002224.SZ,test,0,0.49774158000946045,0.6076880693435669,cross_attention,2026
002227.SZ:2021,002227.SZ,train,0,0.5284187197685242,0.6076880693435669,cross_attention,2026
002227.SZ:2022,002227.SZ,validation,0,0.5348004102706909,0.6076880693435669,cross_attention,2026
002227.SZ:2024,002227.SZ,test,0,0.5405608415603638,0.6076880693435669,cross_attention,2026
002227.SZ:2025,002227.SZ,test,1,0.5497655272483826,0.6076880693435669,cross_attention,2026
002246.SZ:2017,002246.SZ,train,0,0.5050411820411682,0.6076880693435669,cross_attention,2026
002246.SZ:2018,002246.SZ,train,0,0.5095333456993103,0.6076880693435669,cross_attention,2026
002246.SZ:2019,002246.SZ,train,0,0.5143438577651978,0.6076880693435669,cross_attention,2026
002246.SZ:2020,002246.SZ,train,0,0.5040531158447266,0.6076880693435669,cross_attention,2026
002246.SZ:2021,002246.SZ,train,0,0.5062687993049622,0.6076880693435669,cross_attention,2026
002246.SZ:2022,002246.SZ,validation,0,0.514755368232727,0.6076880693435669,cross_attention,2026
002246.SZ:2024,002246.SZ,test,0,0.5249090790748596,0.6076880693435669,cross_attention,2026
002246.SZ:2025,002246.SZ,test,0,0.528551459312439,0.6076880693435669,cross_attention,2026
002249.SZ:2017,002249.SZ,train,0,0.5191785097122192,0.6076880693435669,cross_attention,2026
002249.SZ:2020,002249.SZ,train,0,0.5384407639503479,0.6076880693435669,cross_attention,2026
002249.SZ:2021,002249.SZ,train,0,0.5280776023864746,0.6076880693435669,cross_attention,2026
002249.SZ:2022,002249.SZ,validation,0,0.5311592221260071,0.6076880693435669,cross_attention,2026
002249.SZ:2024,002249.SZ,test,0,0.5193784236907959,0.6076880693435669,cross_attention,2026
002254.SZ:2017,002254.SZ,train,0,0.4753502309322357,0.6076880693435669,cross_attention,2026
002254.SZ:2018,002254.SZ,train,0,0.46581515669822693,0.6076880693435669,cross_attention,2026
002254.SZ:2019,002254.SZ,train,0,0.5187617540359497,0.6076880693435669,cross_attention,2026
002254.SZ:2020,002254.SZ,train,0,0.4949929416179657,0.6076880693435669,cross_attention,2026
002254.SZ:2021,002254.SZ,train,0,0.49652644991874695,0.6076880693435669,cross_attention,2026
002254.SZ:2022,002254.SZ,validation,0,0.4768470823764801,0.6076880693435669,cross_attention,2026
002254.SZ:2024,002254.SZ,test,0,0.5176956057548523,0.6076880693435669,cross_attention,2026
002254.SZ:2025,002254.SZ,test,0,0.5319451689720154,0.6076880693435669,cross_attention,2026
002255.SZ:2017,002255.SZ,train,0,0.5257943868637085,0.6076880693435669,cross_attention,2026
002255.SZ:2018,002255.SZ,train,0,0.5336796045303345,0.6076880693435669,cross_attention,2026
002255.SZ:2022,002255.SZ,validation,0,0.5125210881233215,0.6076880693435669,cross_attention,2026
002255.SZ:2024,002255.SZ,test,0,0.5160431861877441,0.6076880693435669,cross_attention,2026
002255.SZ:2025,002255.SZ,test,0,0.5055022835731506,0.6076880693435669,cross_attention,2026
002256.SZ:2017,002256.SZ,train,0,0.5081264972686768,0.6076880693435669,cross_attention,2026
002256.SZ:2018,002256.SZ,train,0,0.5136902332305908,0.6076880693435669,cross_attention,2026
002256.SZ:2019,002256.SZ,train,1,0.5608819127082825,0.6076880693435669,cross_attention,2026
002256.SZ:2022,002256.SZ,validation,0,0.5959314703941345,0.6076880693435669,cross_attention,2026
002256.SZ:2024,002256.SZ,test,0,0.5193071365356445,0.6076880693435669,cross_attention,2026
002256.SZ:2025,002256.SZ,test,0,0.5493301153182983,0.6076880693435669,cross_attention,2026
002260.SZ:2017,002260.SZ,train,0,0.5350015759468079,0.6076880693435669,cross_attention,2026
002260.SZ:2018,002260.SZ,train,1,0.6123504042625427,0.6076880693435669,cross_attention,2026
002265.SZ:2017,002265.SZ,train,0,0.5329601764678955,0.6076880693435669,cross_attention,2026
002265.SZ:2018,002265.SZ,train,0,0.5205811858177185,0.6076880693435669,cross_attention,2026
002265.SZ:2019,002265.SZ,train,0,0.5436028242111206,0.6076880693435669,cross_attention,2026
002265.SZ:2020,002265.SZ,train,0,0.5274275541305542,0.6076880693435669,cross_attention,2026
002265.SZ:2021,002265.SZ,train,0,0.5473673343658447,0.6076880693435669,cross_attention,2026
002265.SZ:2022,002265.SZ,validation,0,0.5296531319618225,0.6076880693435669,cross_attention,2026
002265.SZ:2024,002265.SZ,test,0,0.5254809260368347,0.6076880693435669,cross_attention,2026
002265.SZ:2025,002265.SZ,test,0,0.5318613648414612,0.6076880693435669,cross_attention,2026
002267.SZ:2017,002267.SZ,train,0,0.5177907347679138,0.6076880693435669,cross_attention,2026
002267.SZ:2018,002267.SZ,train,0,0.520729124546051,0.6076880693435669,cross_attention,2026
002267.SZ:2019,002267.SZ,train,0,0.5275474190711975,0.6076880693435669,cross_attention,2026
002267.SZ:2020,002267.SZ,train,0,0.5194466710090637,0.6076880693435669,cross_attention,2026
002267.SZ:2021,002267.SZ,train,0,0.527617871761322,0.6076880693435669,cross_attention,2026
002267.SZ:2022,002267.SZ,validation,0,0.5249621272087097,0.6076880693435669,cross_attention,2026
002267.SZ:2024,002267.SZ,test,0,0.5211681723594666,0.6076880693435669,cross_attention,2026
002267.SZ:2025,002267.SZ,test,0,0.5192769169807434,0.6076880693435669,cross_attention,2026
002271.SZ:2017,002271.SZ,train,0,0.5028259754180908,0.6076880693435669,cross_attention,2026
002271.SZ:2018,002271.SZ,train,0,0.5196932554244995,0.6076880693435669,cross_attention,2026
002271.SZ:2019,002271.SZ,train,0,0.5177320241928101,0.6076880693435669,cross_attention,2026
002271.SZ:2020,002271.SZ,train,0,0.5115363597869873,0.6076880693435669,cross_attention,2026
002271.SZ:2021,002271.SZ,train,0,0.48831596970558167,0.6076880693435669,cross_attention,2026
002271.SZ:2022,002271.SZ,validation,0,0.5057802200317383,0.6076880693435669,cross_attention,2026
002271.SZ:2024,002271.SZ,test,0,0.522874653339386,0.6076880693435669,cross_attention,2026
002271.SZ:2025,002271.SZ,test,0,0.5309640169143677,0.6076880693435669,cross_attention,2026
002272.SZ:2017,002272.SZ,train,0,0.5297523140907288,0.6076880693435669,cross_attention,2026
002272.SZ:2019,002272.SZ,train,0,0.5197768211364746,0.6076880693435669,cross_attention,2026
002272.SZ:2020,002272.SZ,train,0,0.5155381560325623,0.6076880693435669,cross_attention,2026
002272.SZ:2021,002272.SZ,train,0,0.5389591455459595,0.6076880693435669,cross_attention,2026
002272.SZ:2022,002272.SZ,validation,0,0.5428845882415771,0.6076880693435669,cross_attention,2026
002272.SZ:2024,002272.SZ,test,0,0.5551643967628479,0.6076880693435669,cross_attention,2026
002272.SZ:2025,002272.SZ,test,0,0.5588765144348145,0.6076880693435669,cross_attention,2026
002275.SZ:2017,002275.SZ,train,0,0.41019517183303833,0.6076880693435669,cross_attention,2026
002275.SZ:2019,002275.SZ,train,0,0.42522045969963074,0.6076880693435669,cross_attention,2026
002275.SZ:2020,002275.SZ,train,0,0.4254530370235443,0.6076880693435669,cross_attention,2026
002275.SZ:2021,002275.SZ,train,0,0.44497960805892944,0.6076880693435669,cross_attention,2026
002275.SZ:2022,002275.SZ,validation,0,0.4712485074996948,0.6076880693435669,cross_attention,2026
002275.SZ:2024,002275.SZ,test,0,0.4672398269176483,0.6076880693435669,cross_attention,2026
002275.SZ:2025,002275.SZ,test,0,0.4634208083152771,0.6076880693435669,cross_attention,2026
002286.SZ:2017,002286.SZ,train,0,0.5112587213516235,0.6076880693435669,cross_attention,2026
002286.SZ:2018,002286.SZ,train,0,0.5247763991355896,0.6076880693435669,cross_attention,2026
002286.SZ:2019,002286.SZ,train,0,0.5291627645492554,0.6076880693435669,cross_attention,2026
002286.SZ:2020,002286.SZ,train,0,0.5268769860267639,0.6076880693435669,cross_attention,2026
002286.SZ:2021,002286.SZ,train,0,0.5203354954719543,0.6076880693435669,cross_attention,2026
002286.SZ:2022,002286.SZ,validation,0,0.5156572461128235,0.6076880693435669,cross_attention,2026
002286.SZ:2024,002286.SZ,test,0,0.5154377818107605,0.6076880693435669,cross_attention,2026
002286.SZ:2025,002286.SZ,test,0,0.5096918940544128,0.6076880693435669,cross_attention,2026
002290.SZ:2017,002290.SZ,train,0,0.5352161526679993,0.6076880693435669,cross_attention,2026
002290.SZ:2019,002290.SZ,train,1,0.5573911666870117,0.6076880693435669,cross_attention,2026
002290.SZ:2021,002290.SZ,train,0,0.5381826162338257,0.6076880693435669,cross_attention,2026
002290.SZ:2022,002290.SZ,validation,0,0.5265212059020996,0.6076880693435669,cross_attention,2026
002290.SZ:2024,002290.SZ,test,0,0.5255236625671387,0.6076880693435669,cross_attention,2026
002290.SZ:2025,002290.SZ,test,0,0.5280100703239441,0.6076880693435669,cross_attention,2026
002293.SZ:2017,002293.SZ,train,0,0.48632892966270447,0.6076880693435669,cross_attention,2026
002293.SZ:2018,002293.SZ,train,0,0.48923665285110474,0.6076880693435669,cross_attention,2026
002293.SZ:2019,002293.SZ,train,0,0.4878994822502136,0.6076880693435669,cross_attention,2026
002293.SZ:2020,002293.SZ,train,0,0.46775156259536743,0.6076880693435669,cross_attention,2026
002293.SZ:2021,002293.SZ,train,0,0.47456154227256775,0.6076880693435669,cross_attention,2026
002293.SZ:2022,002293.SZ,validation,0,0.485686719417572,0.6076880693435669,cross_attention,2026
002293.SZ:2024,002293.SZ,test,0,0.49282991886138916,0.6076880693435669,cross_attention,2026
002293.SZ:2025,002293.SZ,test,0,0.49269282817840576,0.6076880693435669,cross_attention,2026
002294.SZ:2017,002294.SZ,train,0,0.404509574174881,0.6076880693435669,cross_attention,2026
002294.SZ:2018,002294.SZ,train,0,0.36499905586242676,0.6076880693435669,cross_attention,2026
002294.SZ:2019,002294.SZ,train,0,0.3991956412792206,0.6076880693435669,cross_attention,2026
002294.SZ:2020,002294.SZ,train,0,0.4318348467350006,0.6076880693435669,cross_attention,2026
002294.SZ:2021,002294.SZ,train,0,0.4858647286891937,0.6076880693435669,cross_attention,2026
002294.SZ:2022,002294.SZ,validation,0,0.44277575612068176,0.6076880693435669,cross_attention,2026
002294.SZ:2024,002294.SZ,test,0,0.45392969250679016,0.6076880693435669,cross_attention,2026
002294.SZ:2025,002294.SZ,test,0,0.45932820439338684,0.6076880693435669,cross_attention,2026
002297.SZ:2019,002297.SZ,train,0,0.5131850838661194,0.6076880693435669,cross_attention,2026
002297.SZ:2020,002297.SZ,train,0,0.56498122215271,0.6076880693435669,cross_attention,2026
002297.SZ:2021,002297.SZ,train,0,0.5105379819869995,0.6076880693435669,cross_attention,2026
002297.SZ:2022,002297.SZ,validation,0,0.5000520944595337,0.6076880693435669,cross_attention,2026
002297.SZ:2024,002297.SZ,test,0,0.5214666724205017,0.6076880693435669,cross_attention,2026
002308.SZ:2017,002308.SZ,train,0,0.47840413451194763,0.6076880693435669,cross_attention,2026
002308.SZ:2018,002308.SZ,train,0,0.47276946902275085,0.6076880693435669,cross_attention,2026
002308.SZ:2019,002308.SZ,train,0,0.4759027361869812,0.6076880693435669,cross_attention,2026
002308.SZ:2020,002308.SZ,train,0,0.5702588558197021,0.6076880693435669,cross_attention,2026
002308.SZ:2021,002308.SZ,train,0,0.4538121521472931,0.6076880693435669,cross_attention,2026
002308.SZ:2022,002308.SZ,validation,0,0.5261536836624146,0.6076880693435669,cross_attention,2026
002309.SZ:2017,002309.SZ,train,0,0.5519067049026489,0.6076880693435669,cross_attention,2026
002309.SZ:2018,002309.SZ,train,0,0.5518134832382202,0.6076880693435669,cross_attention,2026
002309.SZ:2019,002309.SZ,train,0,0.5544465184211731,0.6076880693435669,cross_attention,2026
002309.SZ:2020,002309.SZ,train,0,0.5363978743553162,0.6076880693435669,cross_attention,2026
002309.SZ:2021,002309.SZ,train,0,0.5875075459480286,0.6076880693435669,cross_attention,2026
002309.SZ:2022,002309.SZ,validation,1,0.6076880693435669,0.6076880693435669,cross_attention,2026
002310.SZ:2018,002310.SZ,train,0,0.5104693174362183,0.6076880693435669,cross_attention,2026
002310.SZ:2019,002310.SZ,train,0,0.5293521881103516,0.6076880693435669,cross_attention,2026
002310.SZ:2022,002310.SZ,validation,0,0.5491805076599121,0.6076880693435669,cross_attention,2026
002316.SZ:2017,002316.SZ,train,0,0.5442818999290466,0.6076880693435669,cross_attention,2026
002316.SZ:2019,002316.SZ,train,0,0.48008331656455994,0.6076880693435669,cross_attention,2026
002316.SZ:2021,002316.SZ,train,0,0.5945789217948914,0.6076880693435669,cross_attention,2026
002316.SZ:2024,002316.SZ,test,1,0.5652569532394409,0.6076880693435669,cross_attention,2026
002320.SZ:2019,002320.SZ,train,0,0.3921753764152527,0.6076880693435669,cross_attention,2026
002320.SZ:2020,002320.SZ,train,0,0.39084136486053467,0.6076880693435669,cross_attention,2026
002320.SZ:2021,002320.SZ,train,0,0.3829718828201294,0.6076880693435669,cross_attention,2026
002320.SZ:2022,002320.SZ,validation,0,0.4650927484035492,0.6076880693435669,cross_attention,2026
002320.SZ:2024,002320.SZ,test,0,0.4166443347930908,0.6076880693435669,cross_attention,2026
002325.SZ:2017,002325.SZ,train,0,0.5524527430534363,0.6076880693435669,cross_attention,2026
002325.SZ:2018,002325.SZ,train,0,0.5539770126342773,0.6076880693435669,cross_attention,2026
002325.SZ:2021,002325.SZ,train,0,0.5501835346221924,0.6076880693435669,cross_attention,2026
002325.SZ:2022,002325.SZ,validation,0,0.5591639876365662,0.6076880693435669,cross_attention,2026
002325.SZ:2024,002325.SZ,test,1,0.6171212196350098,0.6076880693435669,cross_attention,2026
002332.SZ:2018,002332.SZ,train,0,0.5171616673469543,0.6076880693435669,cross_attention,2026
002332.SZ:2019,002332.SZ,train,0,0.5155845284461975,0.6076880693435669,cross_attention,2026
002332.SZ:2020,002332.SZ,train,0,0.5037910342216492,0.6076880693435669,cross_attention,2026
002332.SZ:2021,002332.SZ,train,0,0.48873627185821533,0.6076880693435669,cross_attention,2026
002332.SZ:2022,002332.SZ,validation,0,0.4839748442173004,0.6076880693435669,cross_attention,2026
002332.SZ:2025,002332.SZ,test,0,0.4735395312309265,0.6076880693435669,cross_attention,2026
002340.SZ:2017,002340.SZ,train,0,0.5375727415084839,0.6076880693435669,cross_attention,2026
002340.SZ:2018,002340.SZ,train,0,0.5352261662483215,0.6076880693435669,cross_attention,2026
002340.SZ:2020,002340.SZ,train,0,0.5351181030273438,0.6076880693435669,cross_attention,2026
002340.SZ:2021,002340.SZ,train,0,0.5367543697357178,0.6076880693435669,cross_attention,2026
002340.SZ:2022,002340.SZ,validation,0,0.5336066484451294,0.6076880693435669,cross_attention,2026
002340.SZ:2024,002340.SZ,test,0,0.5375770330429077,0.6076880693435669,cross_attention,2026
002340.SZ:2025,002340.SZ,test,0,0.5393533110618591,0.6076880693435669,cross_attention,2026
002346.SZ:2017,002346.SZ,train,0,0.5032282471656799,0.6076880693435669,cross_attention,2026
002346.SZ:2018,002346.SZ,train,0,0.46118664741516113,0.6076880693435669,cross_attention,2026
002346.SZ:2021,002346.SZ,train,0,0.5085428953170776,0.6076880693435669,cross_attention,2026
002346.SZ:2022,002346.SZ,validation,0,0.48643553256988525,0.6076880693435669,cross_attention,2026
002346.SZ:2024,002346.SZ,test,0,0.5129100680351257,0.6076880693435669,cross_attention,2026
002350.SZ:2017,002350.SZ,train,0,0.5399878621101379,0.6076880693435669,cross_attention,2026
002350.SZ:2018,002350.SZ,train,0,0.5467446446418762,0.6076880693435669,cross_attention,2026
002350.SZ:2019,002350.SZ,train,0,0.544171929359436,0.6076880693435669,cross_attention,2026
002350.SZ:2020,002350.SZ,train,0,0.5396487712860107,0.6076880693435669,cross_attention,2026
002350.SZ:2021,002350.SZ,train,0,0.5384944081306458,0.6076880693435669,cross_attention,2026
002350.SZ:2024,002350.SZ,test,0,0.5544583201408386,0.6076880693435669,cross_attention,2026
002350.SZ:2025,002350.SZ,test,0,0.5338869094848633,0.6076880693435669,cross_attention,2026
002360.SZ:2018,002360.SZ,train,0,0.47970253229141235,0.6076880693435669,cross_attention,2026
002360.SZ:2019,002360.SZ,train,0,0.44376102089881897,0.6076880693435669,cross_attention,2026
002360.SZ:2020,002360.SZ,train,0,0.4558926522731781,0.6076880693435669,cross_attention,2026
002360.SZ:2021,002360.SZ,train,0,0.444130539894104,0.6076880693435669,cross_attention,2026
002360.SZ:2022,002360.SZ,validation,0,0.4846085011959076,0.6076880693435669,cross_attention,2026
002360.SZ:2024,002360.SZ,test,0,0.4788973927497864,0.6076880693435669,cross_attention,2026
002360.SZ:2025,002360.SZ,test,1,0.5428124070167542,0.6076880693435669,cross_attention,2026
002364.SZ:2017,002364.SZ,train,0,0.4256925880908966,0.6076880693435669,cross_attention,2026
002364.SZ:2018,002364.SZ,train,0,0.4568232595920563,0.6076880693435669,cross_attention,2026
002364.SZ:2019,002364.SZ,train,0,0.4638175070285797,0.6076880693435669,cross_attention,2026
002364.SZ:2020,002364.SZ,train,0,0.5085431337356567,0.6076880693435669,cross_attention,2026
002364.SZ:2021,002364.SZ,train,0,0.5367024540901184,0.6076880693435669,cross_attention,2026
002364.SZ:2022,002364.SZ,validation,0,0.5337038040161133,0.6076880693435669,cross_attention,2026
002364.SZ:2024,002364.SZ,test,0,0.5286285281181335,0.6076880693435669,cross_attention,2026
002364.SZ:2025,002364.SZ,test,0,0.5194723010063171,0.6076880693435669,cross_attention,2026
002365.SZ:2017,002365.SZ,train,0,0.41140225529670715,0.6076880693435669,cross_attention,2026
002365.SZ:2018,002365.SZ,train,0,0.4576270580291748,0.6076880693435669,cross_attention,2026
002365.SZ:2019,002365.SZ,train,0,0.45529696345329285,0.6076880693435669,cross_attention,2026
002365.SZ:2020,002365.SZ,train,0,0.4655463397502899,0.6076880693435669,cross_attention,2026
002365.SZ:2021,002365.SZ,train,0,0.476138174533844,0.6076880693435669,cross_attention,2026
002365.SZ:2022,002365.SZ,validation,0,0.4876669645309448,0.6076880693435669,cross_attention,2026
002365.SZ:2024,002365.SZ,test,0,0.4727513790130615,0.6076880693435669,cross_attention,2026
002365.SZ:2025,002365.SZ,test,0,0.4708085060119629,0.6076880693435669,cross_attention,2026
002374.SZ:2017,002374.SZ,train,0,0.5336095094680786,0.6076880693435669,cross_attention,2026
002374.SZ:2019,002374.SZ,train,0,0.59491366147995,0.6076880693435669,cross_attention,2026
002374.SZ:2020,002374.SZ,train,0,0.5439483523368835,0.6076880693435669,cross_attention,2026
002374.SZ:2021,002374.SZ,train,0,0.5594746470451355,0.6076880693435669,cross_attention,2026
002374.SZ:2022,002374.SZ,validation,0,0.5971967577934265,0.6076880693435669,cross_attention,2026
002374.SZ:2024,002374.SZ,test,0,0.5763853788375854,0.6076880693435669,cross_attention,2026
002374.SZ:2025,002374.SZ,test,0,0.5895071625709534,0.6076880693435669,cross_attention,2026
002378.SZ:2019,002378.SZ,train,0,0.5368493795394897,0.6076880693435669,cross_attention,2026
002378.SZ:2020,002378.SZ,train,0,0.5605037808418274,0.6076880693435669,cross_attention,2026
002378.SZ:2021,002378.SZ,train,0,0.5252668261528015,0.6076880693435669,cross_attention,2026
002378.SZ:2022,002378.SZ,validation,0,0.5326076745986938,0.6076880693435669,cross_attention,2026
002378.SZ:2024,002378.SZ,test,0,0.5348011255264282,0.6076880693435669,cross_attention,2026
002378.SZ:2025,002378.SZ,test,0,0.5239619612693787,0.6076880693435669,cross_attention,2026
002380.SZ:2017,002380.SZ,train,0,0.43864989280700684,0.6076880693435669,cross_attention,2026
002380.SZ:2018,002380.SZ,train,0,0.43730634450912476,0.6076880693435669,cross_attention,2026
002380.SZ:2019,002380.SZ,train,0,0.4537067711353302,0.6076880693435669,cross_attention,2026
002380.SZ:2020,002380.SZ,train,0,0.47617092728614807,0.6076880693435669,cross_attention,2026
002380.SZ:2022,002380.SZ,validation,0,0.5372936725616455,0.6076880693435669,cross_attention,2026
002380.SZ:2024,002380.SZ,test,0,0.5162354707717896,0.6076880693435669,cross_attention,2026
002380.SZ:2025,002380.SZ,test,0,0.5065241456031799,0.6076880693435669,cross_attention,2026
002382.SZ:2017,002382.SZ,train,0,0.4708605706691742,0.6076880693435669,cross_attention,2026
002382.SZ:2018,002382.SZ,train,0,0.48262375593185425,0.6076880693435669,cross_attention,2026
002382.SZ:2019,002382.SZ,train,0,0.5094802379608154,0.6076880693435669,cross_attention,2026
002382.SZ:2020,002382.SZ,train,0,0.5073208212852478,0.6076880693435669,cross_attention,2026
002382.SZ:2021,002382.SZ,train,0,0.4658414423465729,0.6076880693435669,cross_attention,2026
002382.SZ:2022,002382.SZ,validation,0,0.4870966970920563,0.6076880693435669,cross_attention,2026
002382.SZ:2024,002382.SZ,test,0,0.5453546643257141,0.6076880693435669,cross_attention,2026
002384.SZ:2017,002384.SZ,train,0,0.5496348142623901,0.6076880693435669,cross_attention,2026
002384.SZ:2018,002384.SZ,train,0,0.5470148921012878,0.6076880693435669,cross_attention,2026
002384.SZ:2019,002384.SZ,train,0,0.5426412224769592,0.6076880693435669,cross_attention,2026
002384.SZ:2020,002384.SZ,train,0,0.5410194993019104,0.6076880693435669,cross_attention,2026
002384.SZ:2021,002384.SZ,train,0,0.5336605310440063,0.6076880693435669,cross_attention,2026
002384.SZ:2022,002384.SZ,validation,0,0.5312252640724182,0.6076880693435669,cross_attention,2026
002384.SZ:2024,002384.SZ,test,0,0.5274418592453003,0.6076880693435669,cross_attention,2026
002384.SZ:2025,002384.SZ,test,0,0.534358561038971,0.6076880693435669,cross_attention,2026
002391.SZ:2017,002391.SZ,train,0,0.511983335018158,0.6076880693435669,cross_attention,2026
002391.SZ:2018,002391.SZ,train,0,0.48415806889533997,0.6076880693435669,cross_attention,2026
002391.SZ:2019,002391.SZ,train,0,0.4804345965385437,0.6076880693435669,cross_attention,2026
002391.SZ:2020,002391.SZ,train,0,0.4907953143119812,0.6076880693435669,cross_attention,2026
002391.SZ:2021,002391.SZ,train,0,0.5080936551094055,0.6076880693435669,cross_attention,2026
002391.SZ:2022,002391.SZ,validation,0,0.5156950950622559,0.6076880693435669,cross_attention,2026
002391.SZ:2024,002391.SZ,test,0,0.5357048511505127,0.6076880693435669,cross_attention,2026
002391.SZ:2025,002391.SZ,test,0,0.5462411642074585,0.6076880693435669,cross_attention,2026
002396.SZ:2017,002396.SZ,train,0,0.4923209249973297,0.6076880693435669,cross_attention,2026
002396.SZ:2021,002396.SZ,train,0,0.5156011581420898,0.6076880693435669,cross_attention,2026
002396.SZ:2022,002396.SZ,validation,0,0.5203351974487305,0.6076880693435669,cross_attention,2026
002396.SZ:2024,002396.SZ,test,0,0.5172554850578308,0.6076880693435669,cross_attention,2026
002396.SZ:2025,002396.SZ,test,0,0.5284484028816223,0.6076880693435669,cross_attention,2026
002402.SZ:2017,002402.SZ,train,0,0.5064869523048401,0.6076880693435669,cross_attention,2026
002402.SZ:2018,002402.SZ,train,0,0.5070186257362366,0.6076880693435669,cross_attention,2026
002402.SZ:2019,002402.SZ,train,0,0.522125244140625,0.6076880693435669,cross_attention,2026
002402.SZ:2020,002402.SZ,train,0,0.5141505599021912,0.6076880693435669,cross_attention,2026
002402.SZ:2021,002402.SZ,train,0,0.5162732005119324,0.6076880693435669,cross_attention,2026
002402.SZ:2022,002402.SZ,validation,0,0.518020510673523,0.6076880693435669,cross_attention,2026
002402.SZ:2024,002402.SZ,test,0,0.5340206027030945,0.6076880693435669,cross_attention,2026
002402.SZ:2025,002402.SZ,test,0,0.5400323271751404,0.6076880693435669,cross_attention,2026
002405.SZ:2017,002405.SZ,train,0,0.46229371428489685,0.6076880693435669,cross_attention,2026
002405.SZ:2018,002405.SZ,train,0,0.4773182272911072,0.6076880693435669,cross_attention,2026
002405.SZ:2019,002405.SZ,train,0,0.48015502095222473,0.6076880693435669,cross_attention,2026
002405.SZ:2020,002405.SZ,train,0,0.4918520748615265,0.6076880693435669,cross_attention,2026
002405.SZ:2021,002405.SZ,train,0,0.5268141031265259,0.6076880693435669,cross_attention,2026
002405.SZ:2022,002405.SZ,validation,0,0.48161521553993225,0.6076880693435669,cross_attention,2026
002405.SZ:2024,002405.SZ,test,0,0.5616804361343384,0.6076880693435669,cross_attention,2026
002405.SZ:2025,002405.SZ,test,0,0.552914559841156,0.6076880693435669,cross_attention,2026
002410.SZ:2017,002410.SZ,train,0,0.41220349073410034,0.6076880693435669,cross_attention,2026
002410.SZ:2018,002410.SZ,train,0,0.4233439564704895,0.6076880693435669,cross_attention,2026
002410.SZ:2019,002410.SZ,train,0,0.4723754823207855,0.6076880693435669,cross_attention,2026
002410.SZ:2020,002410.SZ,train,0,0.4995214641094208,0.6076880693435669,cross_attention,2026
002410.SZ:2021,002410.SZ,train,0,0.4701245427131653,0.6076880693435669,cross_attention,2026
002410.SZ:2022,002410.SZ,validation,0,0.4795376658439636,0.6076880693435669,cross_attention,2026
002410.SZ:2025,002410.SZ,test,0,0.5005984902381897,0.6076880693435669,cross_attention,2026
002413.SZ:2017,002413.SZ,train,0,0.4254087507724762,0.6076880693435669,cross_attention,2026
002413.SZ:2018,002413.SZ,train,0,0.46612587571144104,0.6076880693435669,cross_attention,2026
002413.SZ:2020,002413.SZ,train,0,0.5032820701599121,0.6076880693435669,cross_attention,2026
002413.SZ:2021,002413.SZ,train,0,0.5121824741363525,0.6076880693435669,cross_attention,2026
002413.SZ:2022,002413.SZ,validation,0,0.5438665151596069,0.6076880693435669,cross_attention,2026
002413.SZ:2024,002413.SZ,test,0,0.5612937211990356,0.6076880693435669,cross_attention,2026
002413.SZ:2025,002413.SZ,test,0,0.559474766254425,0.6076880693435669,cross_attention,2026
002418.SZ:2019,002418.SZ,train,1,0.6162322163581848,0.6076880693435669,cross_attention,2026
002418.SZ:2022,002418.SZ,validation,0,0.5424008965492249,0.6076880693435669,cross_attention,2026
002418.SZ:2024,002418.SZ,test,0,0.5330725312232971,0.6076880693435669,cross_attention,2026
002418.SZ:2025,002418.SZ,test,0,0.5509099364280701,0.6076880693435669,cross_attention,2026
002426.SZ:2022,002426.SZ,validation,0,0.543128490447998,0.6076880693435669,cross_attention,2026
002426.SZ:2024,002426.SZ,test,0,0.5762415528297424,0.6076880693435669,cross_attention,2026
002426.SZ:2025,002426.SZ,test,0,0.5757843255996704,0.6076880693435669,cross_attention,2026
002429.SZ:2017,002429.SZ,train,0,0.5240390300750732,0.6076880693435669,cross_attention,2026
002429.SZ:2018,002429.SZ,train,0,0.5289703607559204,0.6076880693435669,cross_attention,2026
002429.SZ:2019,002429.SZ,train,0,0.5319357514381409,0.6076880693435669,cross_attention,2026
002429.SZ:2020,002429.SZ,train,0,0.5300030708312988,0.6076880693435669,cross_attention,2026
002429.SZ:2022,002429.SZ,validation,0,0.5369890928268433,0.6076880693435669,cross_attention,2026
002429.SZ:2024,002429.SZ,test,0,0.5120318531990051,0.6076880693435669,cross_attention,2026
002429.SZ:2025,002429.SZ,test,0,0.5176711082458496,0.6076880693435669,cross_attention,2026
002433.SZ:2017,002433.SZ,train,0,0.5120079517364502,0.6076880693435669,cross_attention,2026
002433.SZ:2018,002433.SZ,train,0,0.5214472413063049,0.6076880693435669,cross_attention,2026
002433.SZ:2019,002433.SZ,train,0,0.5216295123100281,0.6076880693435669,cross_attention,2026
002434.SZ:2017,002434.SZ,train,0,0.5249428749084473,0.6076880693435669,cross_attention,2026
002434.SZ:2018,002434.SZ,train,0,0.5105258822441101,0.6076880693435669,cross_attention,2026
