sample_id,firm_id,origin,followup_end_exclusive,membership,baseline_ST,registry_label,label_available_date,event_date,event_source_row,status,reason
000012.SZ:2017,000012.SZ,2017-05-01,2018-05-01,verified_listing_interval,0,0,2018-04-30,,,verified_registry_endpoint,complete_export_no_new_ST_transition
000012.SZ:2018,000012.SZ,2018-05-01,2019-05-01,verified_listing_interval,0,0,2019-04-30,,,verified_registry_endpoint,complete_export_no_new_ST_transition
000012.SZ:2019,000012.SZ,2019-05-01,2020-05-01,verified_listing_interval,0,0,2020-04-30,,,verified_registry_endpoint,complete_export_no_new_ST_transition
000012.SZ:2020,000012.SZ,2020-05-01,2021-05-01,verified_listing_interval,0,0,2021-04-30,,,verified_registry_endpoint,complete_export_no_new_ST_transition
000012.SZ:2021,000012.SZ,2021-05-01,2022-05-01,verified_listing_interval,0,0,2022-04-30,,,verified_registry_endpoint,complete_export_no_new_ST_transition
000012.SZ:2022,000012.SZ,2022-05-01,2023-05-01,verified_listing_interval,0,0,2023-04-30,,,verified_registry_endpoint,complete_export_no_new_ST_transition
000012.SZ:2023,000012.SZ,2023-05-01,2024-05-01,verified_listing_interval,0,0,2024-04-30,,,verified_registry_endpoint,complete_export_no_new_ST_transition
000012.SZ:2024,000012.SZ,2024-05-01,2025-05-01,verified_listing_interval,0,0,2025-04-30,,,verified_registry_endpoint,complete_export_no_new_ST_transition
000012.SZ:2025,000012.SZ,2025-05-01,2026-05-01,verified_listing_interval,0,0,2026-04-30,,,verified_registry_endpoint,complete_export_no_new_ST_transition
000018.SZ:2017,000018.SZ,2017-05-01,2018-05-01,verified_listing_interval,0,0,2018-04-30,,,verified_registry_endpoint,complete_export_no_new_ST_transition
000018.SZ:2018,000018.SZ,2018-05-01,2019-05-01,verified_listing_interval,0,0,2019-04-30,,,verified_registry_endpoint,complete_export_no_new_ST_transition
000018.SZ:2019,000018.SZ,2019-05-01,2020-05-01,verified_listing_interval,0,1,2019-05-06,2019-05-06,2784,verified_registry_endpoint,new_ST_name_transition
000019.SZ:2017,000019.SZ,2017-05-01,2018-05-01,verified_listing_interval,0,0,2018-04-30,,,verified_registry_endpoint,complete_export_no_new_ST_transition
000019.SZ:2018,000019.SZ,2018-05-01,2019-05-01,verified_listing_interval,0,0,2019-04-30,,,verified_registry_endpoint,complete_export_no_new_ST_transition
000019.SZ:2019,000019.SZ,2019-05-01,2020-05-01,verified_listing_interval,0,0,2020-04-30,,,verified_registry_endpoint,complete_export_no_new_ST_transition
000019.SZ:2020,000019.SZ,2020-05-01,2021-05-01,verified_listing_interval,0,0,2021-04-30,,,verified_registry_endpoint,complete_export_no_new_ST_transition
000019.SZ:2021,000019.SZ,2021-05-01,2022-05-01,verified_listing_interval,0,0,2022-04-30,,,verified_registry_endpoint,complete_export_no_new_ST_transition
000019.SZ:2022,000019.SZ,2022-05-01,2023-05-01,verified_listing_interval,0,0,2023-04-30,,,verified_registry_endpoint,complete_export_no_new_ST_transition
000019.SZ:2023,000019.SZ,2023-05-01,2024-05-01,verified_listing_interval,0,0,2024-04-30,,,verified_registry_endpoint,complete_export_no_new_ST_transition
000019.SZ:2024,000019.SZ,2024-05-01,2025-05-01,verified_listing_interval,0,0,2025-04-30,,,verified_registry_endpoint,complete_export_no_new_ST_transition
000019.SZ:2025,000019.SZ,2025-05-01,2026-05-01,verified_listing_interval,0,0,2026-04-30,,,verified_registry_endpoint,complete_export_no_new_ST_transition
000021.SZ:2017,000021.SZ,2017-05-01,2018-05-01,verified_listing_interval,0,0,2018-04-30,,,verified_registry_endpoint,complete_export_no_new_ST_transition
000021.SZ:2018,000021.SZ,2018-05-01,2019-05-01,verified_listing_interval,0,0,2019-04-30,,,verified_registry_endpoint,complete_export_no_new_ST_transition
000021.SZ:2019,000021.SZ,2019-05-01,2020-05-01,verified_listing_interval,0,0,2020-04-30,,,verified_registry_endpoint,complete_export_no_new_ST_transition
000021.SZ:2020,000021.SZ,2020-05-01,2021-05-01,verified_listing_interval,0,0,2021-04-30,,,verified_registry_endpoint,complete_export_no_new_ST_transition
000021.SZ:2021,000021.SZ,2021-05-01,2022-05-01,verified_listing_interval,0,0,2022-04-30,,,verified_registry_endpoint,complete_export_no_new_ST_transition
000021.SZ:2022,000021.SZ,2022-05-01,2023-05-01,verified_listing_interval,0,0,2023-04-30,,,verified_registry_endpoint,complete_export_no_new_ST_transition
000021.SZ:2023,000021.SZ,2023-05-01,2024-05-01,verified_listing_interval,0,0,2024-04-30,,,verified_registry_endpoint,complete_export_no_new_ST_transition
000021.SZ:2024,000021.SZ,2024-05-01,2025-05-01,verified_listing_interval,0,0,2025-04-30,,,verified_registry_endpoint,complete_export_no_new_ST_transition
000021.SZ:2025,000021.SZ,2025-05-01,2026-05-01,verified_listing_interval,0,0,2026-04-30,,,verified_registry_endpoint,complete_export_no_new_ST_transition
000027.SZ:2017,000027.SZ,2017-05-01,2018-05-01,verified_listing_interval,0,0,2018-04-30,,,verified_registry_endpoint,complete_export_no_new_ST_transition
000027.SZ:2018,000027.SZ,2018-05-01,2019-05-01,verified_listing_interval,0,0,2019-04-30,,,verified_registry_endpoint,complete_export_no_new_ST_transition
000027.SZ:2019,000027.SZ,2019-05-01,2020-05-01,verified_listing_interval,0,0,2020-04-30,,,verified_registry_endpoint,complete_export_no_new_ST_transition
000027.SZ:2020,000027.SZ,2020-05-01,2021-05-01,verified_listing_interval,0,0,2021-04-30,,,verified_registry_endpoint,complete_export_no_new_ST_transition
000027.SZ:2021,000027.SZ,2021-05-01,2022-05-01,verified_listing_interval,0,0,2022-04-30,,,verified_registry_endpoint,complete_export_no_new_ST_transition
000027.SZ:2022,000027.SZ,2022-05-01,2023-05-01,verified_listing_interval,0,0,2023-04-30,,,verified_registry_endpoint,complete_export_no_new_ST_transition
000027.SZ:2023,000027.SZ,2023-05-01,2024-05-01,verified_listing_interval,0,0,2024-04-30,,,verified_registry_endpoint,complete_export_no_new_ST_transition
000027.SZ:2024,000027.SZ,2024-05-01,2025-05-01,verified_listing_interval,0,0,2025-04-30,,,verified_registry_endpoint,complete_export_no_new_ST_transition
000027.SZ:2025,000027.SZ,2025-05-01,2026-05-01,verified_listing_interval,0,0,2026-04-30,,,verified_registry_endpoint,complete_export_no_new_ST_transition
000031.SZ:2017,000031.SZ,2017-05-01,2018-05-01,verified_listing_interval,0,0,2018-04-30,,,verified_registry_endpoint,complete_export_no_new_ST_transition
000031.SZ:2018,000031.SZ,2018-05-01,2019-05-01,verified_listing_interval,0,0,2019-04-30,,,verified_registry_endpoint,complete_export_no_new_ST_transition
000031.SZ:2019,000031.SZ,2019-05-01,2020-05-01,verified_listing_interval,0,0,2020-04-30,,,verified_registry_endpoint,complete_export_no_new_ST_transition
000031.SZ:2020,000031.SZ,2020-05-01,2021-05-01,verified_listing_interval,0,0,2021-04-30,,,verified_registry_endpoint,complete_export_no_new_ST_transition
000031.SZ:2021,000031.SZ,2021-05-01,2022-05-01,verified_listing_interval,0,0,2022-04-30,,,verified_registry_endpoint,complete_export_no_new_ST_transition
000031.SZ:2022,000031.SZ,2022-05-01,2023-05-01,verified_listing_interval,0,0,2023-04-30,,,verified_registry_endpoint,complete_export_no_new_ST_transition
000031.SZ:2023,000031.SZ,2023-05-01,2024-05-01,verified_listing_interval,0,0,2024-04-30,,,verified_registry_endpoint,complete_export_no_new_ST_transition
000031.SZ:2024,000031.SZ,2024-05-01,2025-05-01,verified_listing_interval,0,0,2025-04-30,,,verified_registry_endpoint,complete_export_no_new_ST_transition
000031.SZ:2025,000031.SZ,2025-05-01,2026-05-01,verified_listing_interval,0,0,2026-04-30,,,verified_registry_endpoint,complete_export_no_new_ST_transition
000040.SZ:2017,000040.SZ,2017-05-01,2018-05-01,verified_listing_interval,0,0,2018-04-30,,,verified_registry_endpoint,complete_export_no_new_ST_transition
000040.SZ:2018,000040.SZ,2018-05-01,2019-05-01,verified_listing_interval,0,0,2019-04-30,,,verified_registry_endpoint,complete_export_no_new_ST_transition
000040.SZ:2019,000040.SZ,2019-05-01,2020-05-01,verified_listing_interval,0,0,2020-04-30,,,verified_registry_endpoint,complete_export_no_new_ST_transition
000040.SZ:2020,000040.SZ,2020-05-01,2021-05-01,verified_listing_interval,0,0,2021-04-30,,,verified_registry_endpoint,complete_export_no_new_ST_transition
000040.SZ:2021,000040.SZ,2021-05-01,2022-05-01,verified_listing_interval,0,0,2022-04-30,,,verified_registry_endpoint,complete_export_no_new_ST_transition
000040.SZ:2022,000040.SZ,2022-05-01,2023-05-01,verified_listing_interval,0,0,2023-04-30,,,verified_registry_endpoint,complete_export_no_new_ST_transition
000040.SZ:2023,000040.SZ,2023-05-01,2024-05-01,verified_listing_interval,0,0,2024-04-30,,,verified_registry_endpoint,complete_export_no_new_ST_transition
000040.SZ:2024,000040.SZ,2024-05-01,2025-05-01,verified_listing_interval,0,1,2024-07-09,2024-07-09,609,verified_registry_endpoint,new_ST_name_transition
000042.SZ:2017,000042.SZ,2017-05-01,2018-05-01,verified_listing_interval,0,0,2018-04-30,,,verified_registry_endpoint,complete_export_no_new_ST_transition
000042.SZ:2018,000042.SZ,2018-05-01,2019-05-01,verified_listing_interval,0,0,2019-04-30,,,verified_registry_endpoint,complete_export_no_new_ST_transition
000042.SZ:2019,000042.SZ,2019-05-01,2020-05-01,verified_listing_interval,0,0,2020-04-30,,,verified_registry_endpoint,complete_export_no_new_ST_transition
000042.SZ:2020,000042.SZ,2020-05-01,2021-05-01,verified_listing_interval,0,0,2021-04-30,,,verified_registry_endpoint,complete_export_no_new_ST_transition
000042.SZ:2021,000042.SZ,2021-05-01,2022-05-01,verified_listing_interval,0,0,2022-04-30,,,verified_registry_endpoint,complete_export_no_new_ST_transition
000042.SZ:2022,000042.SZ,2022-05-01,2023-05-01,verified_listing_interval,0,0,2023-04-30,,,verified_registry_endpoint,complete_export_no_new_ST_transition
000042.SZ:2023,000042.SZ,2023-05-01,2024-05-01,verified_listing_interval,0,0,2024-04-30,,,verified_registry_endpoint,complete_export_no_new_ST_transition
000042.SZ:2024,000042.SZ,2024-05-01,2025-05-01,verified_listing_interval,0,0,2025-04-30,,,verified_registry_endpoint,complete_export_no_new_ST_transition
000042.SZ:2025,000042.SZ,2025-05-01,2026-05-01,verified_listing_interval,0,0,2026-04-30,,,verified_registry_endpoint,complete_export_no_new_ST_transition
000048.SZ:2017,000048.SZ,2017-05-01,2018-05-01,verified_listing_interval,0,0,2018-04-30,,,verified_registry_endpoint,complete_export_no_new_ST_transition
000048.SZ:2018,000048.SZ,2018-05-01,2019-05-01,verified_listing_interval,0,1,2018-07-02,2018-07-02,2967,verified_registry_endpoint,new_ST_name_transition
000048.SZ:2019,000048.SZ,2019-05-01,2020-05-01,verified_listing_interval,1,,,,,excluded,ST_at_origin
000048.SZ:2020,000048.SZ,2020-05-01,2021-05-01,verified_listing_interval,0,0,2021-04-30,,,verified_registry_endpoint,complete_export_no_new_ST_transition
000048.SZ:2021,000048.SZ,2021-05-01,2022-05-01,verified_listing_interval,0,0,2022-04-30,,,verified_registry_endpoint,complete_export_no_new_ST_transition
000048.SZ:2022,000048.SZ,2022-05-01,2023-05-01,verified_listing_interval,0,0,2023-04-30,,,verified_registry_endpoint,complete_export_no_new_ST_transition
000048.SZ:2023,000048.SZ,2023-05-01,2024-05-01,verified_listing_interval,0,0,2024-04-30,,,verified_registry_endpoint,complete_export_no_new_ST_transition
000048.SZ:2024,000048.SZ,2024-05-01,2025-05-01,verified_listing_interval,0,0,2025-04-30,,,verified_registry_endpoint,complete_export_no_new_ST_transition
000048.SZ:2025,000048.SZ,2025-05-01,2026-05-01,verified_listing_interval,0,0,2026-04-30,,,verified_registry_endpoint,complete_export_no_new_ST_transition
000055.SZ:2017,000055.SZ,2017-05-01,2018-05-01,verified_listing_interval,0,0,2018-04-30,,,verified_registry_endpoint,complete_export_no_new_ST_transition
000055.SZ:2018,000055.SZ,2018-05-01,2019-05-01,verified_listing_interval,0,0,2019-04-30,,,verified_registry_endpoint,complete_export_no_new_ST_transition
000055.SZ:2019,000055.SZ,2019-05-01,2020-05-01,verified_listing_interval,0,0,2020-04-30,,,verified_registry_endpoint,complete_export_no_new_ST_transition
000055.SZ:2020,000055.SZ,2020-05-01,2021-05-01,verified_listing_interval,0,0,2021-04-30,,,verified_registry_endpoint,complete_export_no_new_ST_transition
000055.SZ:2021,000055.SZ,2021-05-01,2022-05-01,verified_listing_interval,0,0,2022-04-30,,,verified_registry_endpoint,complete_export_no_new_ST_transition
000055.SZ:2022,000055.SZ,2022-05-01,2023-05-01,verified_listing_interval,0,0,2023-04-30,,,verified_registry_endpoint,complete_export_no_new_ST_transition
000055.SZ:2023,000055.SZ,2023-05-01,2024-05-01,verified_listing_interval,0,0,2024-04-30,,,verified_registry_endpoint,complete_export_no_new_ST_transition
000055.SZ:2024,000055.SZ,2024-05-01,2025-05-01,verified_listing_interval,0,0,2025-04-30,,,verified_registry_endpoint,complete_export_no_new_ST_transition
000055.SZ:2025,000055.SZ,2025-05-01,2026-05-01,verified_listing_interval,0,0,2026-04-30,,,verified_registry_endpoint,complete_export_no_new_ST_transition
000068.SZ:2017,000068.SZ,2017-05-01,2018-05-01,verified_listing_interval,0,0,2018-04-30,,,verified_registry_endpoint,complete_export_no_new_ST_transition
000068.SZ:2018,000068.SZ,2018-05-01,2019-05-01,verified_listing_interval,0,0,2019-04-30,,,verified_registry_endpoint,complete_export_no_new_ST_transition
000068.SZ:2019,000068.SZ,2019-05-01,2020-05-01,verified_listing_interval,0,0,2020-04-30,,,verified_registry_endpoint,complete_export_no_new_ST_transition
000068.SZ:2020,000068.SZ,2020-05-01,2021-05-01,verified_listing_interval,0,0,2021-04-30,,,verified_registry_endpoint,complete_export_no_new_ST_transition
000068.SZ:2021,000068.SZ,2021-05-01,2022-05-01,verified_listing_interval,0,0,2022-04-30,,,verified_registry_endpoint,complete_export_no_new_ST_transition
000068.SZ:2022,000068.SZ,2022-05-01,2023-05-01,verified_listing_interval,0,0,2023-04-30,,,verified_registry_endpoint,complete_export_no_new_ST_transition
000068.SZ:2023,000068.SZ,2023-05-01,2024-05-01,verified_listing_interval,0,0,2024-04-30,,,verified_registry_endpoint,complete_export_no_new_ST_transition
000068.SZ:2024,000068.SZ,2024-05-01,2025-05-01,verified_listing_interval,0,0,2025-04-30,,,verified_registry_endpoint,complete_export_no_new_ST_transition
000068.SZ:2025,000068.SZ,2025-05-01,2026-05-01,verified_listing_interval,0,0,2026-04-30,,,verified_registry_endpoint,complete_export_no_new_ST_transition
000099.SZ:2017,000099.SZ,2017-05-01,2018-05-01,verified_listing_interval,0,0,2018-04-30,,,verified_registry_endpoint,complete_export_no_new_ST_transition
000099.SZ:2018,000099.SZ,2018-05-01,2019-05-01,verified_listing_interval,0,0,2019-04-30,,,verified_registry_endpoint,complete_export_no_new_ST_transition
000099.SZ:2019,000099.SZ,2019-05-01,2020-05-01,verified_listing_interval,0,0,2020-04-30,,,verified_registry_endpoint,complete_export_no_new_ST_transition
000099.SZ:2020,000099.SZ,2020-05-01,2021-05-01,verified_listing_interval,0,0,2021-04-30,,,verified_registry_endpoint,complete_export_no_new_ST_transition
000099.SZ:2021,000099.SZ,2021-05-01,2022-05-01,verified_listing_interval,0,0,2022-04-30,,,verified_registry_endpoint,complete_export_no_new_ST_transition
000099.SZ:2022,000099.SZ,2022-05-01,2023-05-01,verified_listing_interval,0,0,2023-04-30,,,verified_registry_endpoint,complete_export_no_new_ST_transition
000099.SZ:2023,000099.SZ,2023-05-01,2024-05-01,verified_listing_interval,0,0,2024-04-30,,,verified_registry_endpoint,complete_export_no_new_ST_transition
000099.SZ:2024,000099.SZ,2024-05-01,2025-05-01,verified_listing_interval,0,0,2025-04-30,,,verified_registry_endpoint,complete_export_no_new_ST_transition
000099.SZ:2025,000099.SZ,2025-05-01,2026-05-01,verified_listing_interval,0,0,2026-04-30,,,verified_registry_endpoint,complete_export_no_new_ST_transition
000166.SZ:2018,000166.SZ,2018-05-01,2019-05-01,verified_listing_interval,0,0,2019-04-30,,,verified_registry_endpoint,complete_export_no_new_ST_transition
000166.SZ:2019,000166.SZ,2019-05-01,2020-05-01,verified_listing_interval,0,0,2020-04-30,,,verified_registry_endpoint,complete_export_no_new_ST_transition
000166.SZ:2020,000166.SZ,2020-05-01,2021-05-01,verified_listing_interval,0,0,2021-04-30,,,verified_registry_endpoint,complete_export_no_new_ST_transition
000166.SZ:2021,000166.SZ,2021-05-01,2022-05-01,verified_listing_interval,0,0,2022-04-30,,,verified_registry_endpoint,complete_export_no_new_ST_transition
000166.SZ:2022,000166.SZ,2022-05-01,2023-05-01,verified_listing_interval,0,0,2023-04-30,,,verified_registry_endpoint,complete_export_no_new_ST_transition
000166.SZ:2023,000166.SZ,2023-05-01,2024-05-01,verified_listing_interval,0,0,2024-04-30,,,verified_registry_endpoint,complete_export_no_new_ST_transition
000166.SZ:2024,000166.SZ,2024-05-01,2025-05-01,verified_listing_interval,0,0,2025-04-30,,,verified_registry_endpoint,complete_export_no_new_ST_transition
000166.SZ:2025,000166.SZ,2025-05-01,2026-05-01,verified_listing_interval,0,0,2026-04-30,,,verified_registry_endpoint,complete_export_no_new_ST_transition
000407.SZ:2017,000407.SZ,2017-05-01,2018-05-01,verified_listing_interval,0,0,2018-04-30,,,verified_registry_endpoint,complete_export_no_new_ST_transition
000407.SZ:2018,000407.SZ,2018-05-01,2019-05-01,verified_listing_interval,0,0,2019-04-30,,,verified_registry_endpoint,complete_export_no_new_ST_transition
000407.SZ:2019,000407.SZ,2019-05-01,2020-05-01,verified_listing_interval,0,0,2020-04-30,,,verified_registry_endpoint,complete_export_no_new_ST_transition
000407.SZ:2020,000407.SZ,2020-05-01,2021-05-01,verified_listing_interval,0,0,2021-04-30,,,verified_registry_endpoint,complete_export_no_new_ST_transition
000407.SZ:2021,000407.SZ,2021-05-01,2022-05-01,verified_listing_interval,0,0,2022-04-30,,,verified_registry_endpoint,complete_export_no_new_ST_transition
000407.SZ:2022,000407.SZ,2022-05-01,2023-05-01,verified_listing_interval,0,0,2023-04-30,,,verified_registry_endpoint,complete_export_no_new_ST_transition
000407.SZ:2023,000407.SZ,2023-05-01,2024-05-01,verified_listing_interval,0,0,2024-04-30,,,verified_registry_endpoint,complete_export_no_new_ST_transition
000407.SZ:2024,000407.SZ,2024-05-01,2025-05-01,verified_listing_interval,0,0,2025-04-30,,,verified_registry_endpoint,complete_export_no_new_ST_transition
000407.SZ:2025,000407.SZ,2025-05-01,2026-05-01,verified_listing_interval,0,0,2026-04-30,,,verified_registry_endpoint,complete_export_no_new_ST_transition
000408.SZ:2017,000408.SZ,2017-05-01,2018-05-01,verified_listing_interval,1,,,,,excluded,ST_at_origin
000408.SZ:2018,000408.SZ,2018-05-01,2019-05-01,verified_listing_interval,0,0,2019-04-30,,,verified_registry_endpoint,complete_export_no_new_ST_transition
000408.SZ:2019,000408.SZ,2019-05-01,2020-05-01,verified_listing_interval,0,0,2020-04-30,,,verified_registry_endpoint,complete_export_no_new_ST_transition
000408.SZ:2020,000408.SZ,2020-05-01,2021-05-01,verified_listing_interval,0,1,2020-05-06,2020-05-06,2581,verified_registry_endpoint,new_ST_name_transition
000408.SZ:2021,000408.SZ,2021-05-01,2022-05-01,verified_listing_interval,1,,,,,excluded,ST_at_origin
000408.SZ:2022,000408.SZ,2022-05-01,2023-05-01,verified_listing_interval,0,0,2023-04-30,,,verified_registry_endpoint,complete_export_no_new_ST_transition
000408.SZ:2023,000408.SZ,2023-05-01,2024-05-01,verified_listing_interval,0,0,2024-04-30,,,verified_registry_endpoint,complete_export_no_new_ST_transition
000408.SZ:2024,000408.SZ,2024-05-01,2025-05-01,verified_listing_interval,0,0,2025-04-30,,,verified_registry_endpoint,complete_export_no_new_ST_transition
000408.SZ:2025,000408.SZ,2025-05-01,2026-05-01,verified_listing_interval,0,0,2026-04-30,,,verified_registry_endpoint,complete_export_no_new_ST_transition
000419.SZ:2017,000419.SZ,2017-05-01,2018-05-01,verified_listing_interval,0,0,2018-04-30,,,verified_registry_endpoint,complete_export_no_new_ST_transition
000419.SZ:2018,000419.SZ,2018-05-01,2019-05-01,verified_listing_interval,0,0,2019-04-30,,,verified_registry_endpoint,complete_export_no_new_ST_transition
000419.SZ:2019,000419.SZ,2019-05-01,2020-05-01,verified_listing_interval,0,0,2020-04-30,,,verified_registry_endpoint,complete_export_no_new_ST_transition
000419.SZ:2020,000419.SZ,2020-05-01,2021-05-01,verified_listing_interval,0,0,2021-04-30,,,verified_registry_endpoint,complete_export_no_new_ST_transition
000419.SZ:2021,000419.SZ,2021-05-01,2022-05-01,verified_listing_interval,0,0,2022-04-30,,,verified_registry_endpoint,complete_export_no_new_ST_transition
000419.SZ:2022,000419.SZ,2022-05-01,2023-05-01,verified_listing_interval,0,0,2023-04-30,,,verified_registry_endpoint,complete_export_no_new_ST_transition
000419.SZ:2023,000419.SZ,2023-05-01,2024-05-01,verified_listing_interval,0,0,2024-04-30,,,verified_registry_endpoint,complete_export_no_new_ST_transition
000419.SZ:2024,000419.SZ,2024-05-01,2025-05-01,verified_listing_interval,0,0,2025-04-30,,,verified_registry_endpoint,complete_export_no_new_ST_transition
000419.SZ:2025,000419.SZ,2025-05-01,2026-05-01,verified_listing_interval,0,0,2026-04-30,,,verified_registry_endpoint,complete_export_no_new_ST_transition
000501.SZ:2017,000501.SZ,2017-05-01,2018-05-01,verified_listing_interval,0,0,2018-04-30,,,verified_registry_endpoint,complete_export_no_new_ST_transition
000501.SZ:2018,000501.SZ,2018-05-01,2019-05-01,verified_listing_interval,0,0,2019-04-30,,,verified_registry_endpoint,complete_export_no_new_ST_transition
000501.SZ:2019,000501.SZ,2019-05-01,2020-05-01,verified_listing_interval,0,0,2020-04-30,,,verified_registry_endpoint,complete_export_no_new_ST_transition
000501.SZ:2020,000501.SZ,2020-05-01,2021-05-01,verified_listing_interval,0,0,2021-04-30,,,verified_registry_endpoint,complete_export_no_new_ST_transition
000501.SZ:2021,000501.SZ,2021-05-01,2022-05-01,verified_listing_interval,0,0,2022-04-30,,,verified_registry_endpoint,complete_export_no_new_ST_transition
000501.SZ:2022,000501.SZ,2022-05-01,2023-05-01,verified_listing_interval,0,0,2023-04-30,,,verified_registry_endpoint,complete_export_no_new_ST_transition
000501.SZ:2023,000501.SZ,2023-05-01,2024-05-01,verified_listing_interval,0,0,2024-04-30,,,verified_registry_endpoint,complete_export_no_new_ST_transition
000501.SZ:2024,000501.SZ,2024-05-01,2025-05-01,verified_listing_interval,0,0,2025-04-30,,,verified_registry_endpoint,complete_export_no_new_ST_transition
000501.SZ:2025,000501.SZ,2025-05-01,2026-05-01,verified_listing_interval,0,0,2026-04-30,,,verified_registry_endpoint,complete_export_no_new_ST_transition
000504.SZ:2017,000504.SZ,2017-05-01,2018-05-01,verified_listing_interval,1,,,,,excluded,ST_at_origin
000504.SZ:2018,000504.SZ,2018-05-01,2019-05-01,verified_listing_interval,0,0,2019-04-30,,,verified_registry_endpoint,complete_export_no_new_ST_transition
000504.SZ:2019,000504.SZ,2019-05-01,2020-05-01,verified_listing_interval,0,1,2019-05-06,2019-05-06,2785,verified_registry_endpoint,new_ST_name_transition
000504.SZ:2020,000504.SZ,2020-05-01,2021-05-01,verified_listing_interval,1,,,,,excluded,ST_at_origin
000504.SZ:2021,000504.SZ,2021-05-01,2022-05-01,verified_listing_interval,0,0,2022-04-30,,,verified_registry_endpoint,complete_export_no_new_ST_transition
000504.SZ:2022,000504.SZ,2022-05-01,2023-05-01,verified_listing_interval,0,0,2023-04-30,,,verified_registry_endpoint,complete_export_no_new_ST_transition
000504.SZ:2023,000504.SZ,2023-05-01,2024-05-01,verified_listing_interval,0,0,2024-04-30,,,verified_registry_endpoint,complete_export_no_new_ST_transition
000504.SZ:2024,000504.SZ,2024-05-01,2025-05-01,verified_listing_interval,0,1,2025-04-30,2025-04-30,398,verified_registry_endpoint,new_ST_name_transition
000504.SZ:2025,000504.SZ,2025-05-01,2026-05-01,verified_listing_interval,1,,,,,excluded,ST_at_origin
000533.SZ:2017,000533.SZ,2017-05-01,2018-05-01,verified_listing_interval,0,0,2018-04-30,,,verified_registry_endpoint,complete_export_no_new_ST_transition
000533.SZ:2018,000533.SZ,2018-05-01,2019-05-01,verified_listing_interval,0,0,2019-04-30,,,verified_registry_endpoint,complete_export_no_new_ST_transition
000533.SZ:2019,000533.SZ,2019-05-01,2020-05-01,verified_listing_interval,0,0,2020-04-30,,,verified_registry_endpoint,complete_export_no_new_ST_transition
000533.SZ:2020,000533.SZ,2020-05-01,2021-05-01,verified_listing_interval,0,0,2021-04-30,,,verified_registry_endpoint,complete_export_no_new_ST_transition
000533.SZ:2021,000533.SZ,2021-05-01,2022-05-01,verified_listing_interval,0,0,2022-04-30,,,verified_registry_endpoint,complete_export_no_new_ST_transition
000533.SZ:2022,000533.SZ,2022-05-01,2023-05-01,verified_listing_interval,0,0,2023-04-30,,,verified_registry_endpoint,complete_export_no_new_ST_transition
000533.SZ:2023,000533.SZ,2023-05-01,2024-05-01,verified_listing_interval,0,0,2024-04-30,,,verified_registry_endpoint,complete_export_no_new_ST_transition
000533.SZ:2024,000533.SZ,2024-05-01,2025-05-01,verified_listing_interval,0,0,2025-04-30,,,verified_registry_endpoint,complete_export_no_new_ST_transition
000533.SZ:2025,000533.SZ,2025-05-01,2026-05-01,verified_listing_interval,0,0,2026-04-30,,,verified_registry_endpoint,complete_export_no_new_ST_transition
000534.SZ:2017,000534.SZ,2017-05-01,2018-05-01,verified_listing_interval,0,0,2018-04-30,,,verified_registry_endpoint,complete_export_no_new_ST_transition
000534.SZ:2018,000534.SZ,2018-05-01,2019-05-01,verified_listing_interval,0,0,2019-04-30,,,verified_registry_endpoint,complete_export_no_new_ST_transition
000534.SZ:2019,000534.SZ,2019-05-01,2020-05-01,verified_listing_interval,0,0,2020-04-30,,,verified_registry_endpoint,complete_export_no_new_ST_transition
000534.SZ:2020,000534.SZ,2020-05-01,2021-05-01,verified_listing_interval,0,0,2021-04-30,,,verified_registry_endpoint,complete_export_no_new_ST_transition
000534.SZ:2021,000534.SZ,2021-05-01,2022-05-01,verified_listing_interval,0,0,2022-04-30,,,verified_registry_endpoint,complete_export_no_new_ST_transition
000534.SZ:2022,000534.SZ,2022-05-01,2023-05-01,verified_listing_interval,0,0,2023-04-30,,,verified_registry_endpoint,complete_export_no_new_ST_transition
000534.SZ:2023,000534.SZ,2023-05-01,2024-05-01,verified_listing_interval,0,0,2024-04-30,,,verified_registry_endpoint,complete_export_no_new_ST_transition
000534.SZ:2024,000534.SZ,2024-05-01,2025-05-01,verified_listing_interval,0,0,2025-04-30,,,verified_registry_endpoint,complete_export_no_new_ST_transition
000534.SZ:2025,000534.SZ,2025-05-01,2026-05-01,verified_listing_interval,0,0,2026-04-30,,,verified_registry_endpoint,complete_export_no_new_ST_transition
000545.SZ:2017,000545.SZ,2017-05-01,2018-05-01,verified_listing_interval,0,0,2018-04-30,,,verified_registry_endpoint,complete_export_no_new_ST_transition
000545.SZ:2018,000545.SZ,2018-05-01,2019-05-01,verified_listing_interval,0,0,2019-04-30,,,verified_registry_endpoint,complete_export_no_new_ST_transition
000545.SZ:2019,000545.SZ,2019-05-01,2020-05-01,verified_listing_interval,0,0,2020-04-30,,,verified_registry_endpoint,complete_export_no_new_ST_transition
000545.SZ:2020,000545.SZ,2020-05-01,2021-05-01,verified_listing_interval,0,0,2021-04-30,,,verified_registry_endpoint,complete_export_no_new_ST_transition
000545.SZ:2021,000545.SZ,2021-05-01,2022-05-01,verified_listing_interval,0,0,2022-04-30,,,verified_registry_endpoint,complete_export_no_new_ST_transition
000545.SZ:2022,000545.SZ,2022-05-01,2023-05-01,verified_listing_interval,0,0,2023-04-30,,,verified_registry_endpoint,complete_export_no_new_ST_transition
000545.SZ:2023,000545.SZ,2023-05-01,2024-05-01,verified_listing_interval,0,0,2024-04-30,,,verified_registry_endpoint,complete_export_no_new_ST_transition
000545.SZ:2024,000545.SZ,2024-05-01,2025-05-01,verified_listing_interval,0,0,2025-04-30,,,verified_registry_endpoint,complete_export_no_new_ST_transition
000545.SZ:2025,000545.SZ,2025-05-01,2026-05-01,verified_listing_interval,0,0,2026-04-30,,,verified_registry_endpoint,complete_export_no_new_ST_transition
000553.SZ:2017,000553.SZ,2017-05-01,2018-05-01,verified_listing_interval,0,0,2018-04-30,,,verified_registry_endpoint,complete_export_no_new_ST_transition
000553.SZ:2018,000553.SZ,2018-05-01,2019-05-01,verified_listing_interval,0,0,2019-04-30,,,verified_registry_endpoint,complete_export_no_new_ST_transition
000553.SZ:2019,000553.SZ,2019-05-01,2020-05-01,verified_listing_interval,0,0,2020-04-30,,,verified_registry_endpoint,complete_export_no_new_ST_transition
000553.SZ:2020,000553.SZ,2020-05-01,2021-05-01,verified_listing_interval,0,0,2021-04-30,,,verified_registry_endpoint,complete_export_no_new_ST_transition
000553.SZ:2021,000553.SZ,2021-05-01,2022-05-01,verified_listing_interval,0,0,2022-04-30,,,verified_registry_endpoint,complete_export_no_new_ST_transition
000553.SZ:2022,000553.SZ,2022-05-01,2023-05-01,verified_listing_interval,0,0,2023-04-30,,,verified_registry_endpoint,complete_export_no_new_ST_transition
000553.SZ:2023,000553.SZ,2023-05-01,2024-05-01,verified_listing_interval,0,0,2024-04-30,,,verified_registry_endpoint,complete_export_no_new_ST_transition
000553.SZ:2024,000553.SZ,2024-05-01,2025-05-01,verified_listing_interval,0,0,2025-04-30,,,verified_registry_endpoint,complete_export_no_new_ST_transition
000553.SZ:2025,000553.SZ,2025-05-01,2026-05-01,verified_listing_interval,0,0,2026-04-30,,,verified_registry_endpoint,complete_export_no_new_ST_transition
000555.SZ:2017,000555.SZ,2017-05-01,2018-05-01,verified_listing_interval,0,0,2018-04-30,,,verified_registry_endpoint,complete_export_no_new_ST_transition
000555.SZ:2018,000555.SZ,2018-05-01,2019-05-01,verified_listing_interval,0,0,2019-04-30,,,verified_registry_endpoint,complete_export_no_new_ST_transition
000555.SZ:2019,000555.SZ,2019-05-01,2020-05-01,verified_listing_interval,0,0,2020-04-30,,,verified_registry_endpoint,complete_export_no_new_ST_transition
000555.SZ:2020,000555.SZ,2020-05-01,2021-05-01,verified_listing_interval,0,0,2021-04-30,,,verified_registry_endpoint,complete_export_no_new_ST_transition
000555.SZ:2021,000555.SZ,2021-05-01,2022-05-01,verified_listing_interval,0,0,2022-04-30,,,verified_registry_endpoint,complete_export_no_new_ST_transition
000555.SZ:2022,000555.SZ,2022-05-01,2023-05-01,verified_listing_interval,0,0,2023-04-30,,,verified_registry_endpoint,complete_export_no_new_ST_transition
000555.SZ:2023,000555.SZ,2023-05-01,2024-05-01,verified_listing_interval,0,0,2024-04-30,,,verified_registry_endpoint,complete_export_no_new_ST_transition
000555.SZ:2024,000555.SZ,2024-05-01,2025-05-01,verified_listing_interval,0,0,2025-04-30,,,verified_registry_endpoint,complete_export_no_new_ST_transition
000555.SZ:2025,000555.SZ,2025-05-01,2026-05-01,verified_listing_interval,0,0,2026-04-30,,,verified_registry_endpoint,complete_export_no_new_ST_transition
000557.SZ:2017,000557.SZ,2017-05-01,2018-05-01,verified_listing_interval,0,0,2018-04-30,,,verified_registry_endpoint,complete_export_no_new_ST_transition
000557.SZ:2018,000557.SZ,2018-05-01,2019-05-01,verified_listing_interval,0,0,2019-04-30,,,verified_registry_endpoint,complete_export_no_new_ST_transition
000557.SZ:2019,000557.SZ,2019-05-01,2020-05-01,verified_listing_interval,0,0,2020-04-30,,,verified_registry_endpoint,complete_export_no_new_ST_transition
000557.SZ:2020,000557.SZ,2020-05-01,2021-05-01,verified_listing_interval,0,0,2021-04-30,,,verified_registry_endpoint,complete_export_no_new_ST_transition
000557.SZ:2021,000557.SZ,2021-05-01,2022-05-01,verified_listing_interval,0,0,2022-04-30,,,verified_registry_endpoint,complete_export_no_new_ST_transition
000557.SZ:2022,000557.SZ,2022-05-01,2023-05-01,verified_listing_interval,0,0,2023-04-30,,,verified_registry_endpoint,complete_export_no_new_ST_transition
000557.SZ:2023,000557.SZ,2023-05-01,2024-05-01,verified_listing_interval,0,0,2024-04-30,,,verified_registry_endpoint,complete_export_no_new_ST_transition
000557.SZ:2024,000557.SZ,2024-05-01,2025-05-01,verified_listing_interval,0,0,2025-04-30,,,verified_registry_endpoint,complete_export_no_new_ST_transition
000557.SZ:2025,000557.SZ,2025-05-01,2026-05-01,verified_listing_interval,0,0,2026-04-30,,,verified_registry_endpoint,complete_export_no_new_ST_transition
000576.SZ:2017,000576.SZ,2017-05-01,2018-05-01,verified_listing_interval,0,0,2018-04-30,,,verified_registry_endpoint,complete_export_no_new_ST_transition
000576.SZ:2018,000576.SZ,2018-05-01,2019-05-01,verified_listing_interval,0,0,2019-04-30,,,verified_registry_endpoint,complete_export_no_new_ST_transition
000576.SZ:2019,000576.SZ,2019-05-01,2020-05-01,verified_listing_interval,0,0,2020-04-30,,,verified_registry_endpoint,complete_export_no_new_ST_transition
000576.SZ:2020,000576.SZ,2020-05-01,2021-05-01,verified_listing_interval,0,0,2021-04-30,,,verified_registry_endpoint,complete_export_no_new_ST_transition
000576.SZ:2021,000576.SZ,2021-05-01,2022-05-01,verified_listing_interval,0,0,2022-04-30,,,verified_registry_endpoint,complete_export_no_new_ST_transition
000576.SZ:2022,000576.SZ,2022-05-01,2023-05-01,verified_listing_interval,0,0,2023-04-30,,,verified_registry_endpoint,complete_export_no_new_ST_transition
000576.SZ:2023,000576.SZ,2023-05-01,2024-05-01,verified_listing_interval,0,0,2024-04-30,,,verified_registry_endpoint,complete_export_no_new_ST_transition
000576.SZ:2024,000576.SZ,2024-05-01,2025-05-01,verified_listing_interval,0,0,2025-04-30,,,verified_registry_endpoint,complete_export_no_new_ST_transition
000576.SZ:2025,000576.SZ,2025-05-01,2026-05-01,verified_listing_interval,0,0,2026-04-30,,,verified_registry_endpoint,complete_export_no_new_ST_transition
000581.SZ:2017,000581.SZ,2017-05-01,2018-05-01,verified_listing_interval,0,0,2018-04-30,,,verified_registry_endpoint,complete_export_no_new_ST_transition
000581.SZ:2018,000581.SZ,2018-05-01,2019-05-01,verified_listing_interval,0,0,2019-04-30,,,verified_registry_endpoint,complete_export_no_new_ST_transition
000581.SZ:2019,000581.SZ,2019-05-01,2020-05-01,verified_listing_interval,0,0,2020-04-30,,,verified_registry_endpoint,complete_export_no_new_ST_transition
000581.SZ:2020,000581.SZ,2020-05-01,2021-05-01,verified_listing_interval,0,0,2021-04-30,,,verified_registry_endpoint,complete_export_no_new_ST_transition
000581.SZ:2021,000581.SZ,2021-05-01,2022-05-01,verified_listing_interval,0,0,2022-04-30,,,verified_registry_endpoint,complete_export_no_new_ST_transition
000581.SZ:2022,000581.SZ,2022-05-01,2023-05-01,verified_listing_interval,0,0,2023-04-30,,,verified_registry_endpoint,complete_export_no_new_ST_transition
000581.SZ:2023,000581.SZ,2023-05-01,2024-05-01,verified_listing_interval,0,0,2024-04-30,,,verified_registry_endpoint,complete_export_no_new_ST_transition
000581.SZ:2024,000581.SZ,2024-05-01,2025-05-01,verified_listing_interval,0,0,2025-04-30,,,verified_registry_endpoint,complete_export_no_new_ST_transition
000581.SZ:2025,000581.SZ,2025-05-01,2026-05-01,verified_listing_interval,0,0,2026-04-30,,,verified_registry_endpoint,complete_export_no_new_ST_transition
000585.SZ:2017,000585.SZ,2017-05-01,2018-05-01,verified_listing_interval,0,1,2018-04-02,2018-04-02,3028,verified_registry_endpoint,new_ST_name_transition
000585.SZ:2018,000585.SZ,2018-05-01,2019-05-01,verified_listing_interval,1,,,,,excluded,ST_at_origin
000585.SZ:2019,000585.SZ,2019-05-01,2020-05-01,verified_listing_interval,1,,,,,excluded,ST_at_origin
000585.SZ:2020,000585.SZ,2020-05-01,2021-05-01,verified_listing_interval,1,,,,,excluded,ST_at_origin
000585.SZ:2021,000585.SZ,2021-05-01,2022-05-01,verified_listing_interval,1,,,,,excluded,ST_at_origin
000585.SZ:2022,000585.SZ,2022-05-01,2023-05-01,verified_listing_interval,0,,,,,right_censored,delisted_before_followup_end_without_observed_ST
000589.SZ:2017,000589.SZ,2017-05-01,2018-05-01,verified_listing_interval,0,0,2018-04-30,,,verified_registry_endpoint,complete_export_no_new_ST_transition
000589.SZ:2018,000589.SZ,2018-05-01,2019-05-01,verified_listing_interval,0,0,2019-04-30,,,verified_registry_endpoint,complete_export_no_new_ST_transition
000589.SZ:2019,000589.SZ,2019-05-01,2020-05-01,verified_listing_interval,0,0,2020-04-30,,,verified_registry_endpoint,complete_export_no_new_ST_transition
000589.SZ:2020,000589.SZ,2020-05-01,2021-05-01,verified_listing_interval,0,0,2021-04-30,,,verified_registry_endpoint,complete_export_no_new_ST_transition
000589.SZ:2021,000589.SZ,2021-05-01,2022-05-01,verified_listing_interval,0,0,2022-04-30,,,verified_registry_endpoint,complete_export_no_new_ST_transition
000589.SZ:2022,000589.SZ,2022-05-01,2023-05-01,verified_listing_interval,0,0,2023-04-30,,,verified_registry_endpoint,complete_export_no_new_ST_transition
000589.SZ:2023,000589.SZ,2023-05-01,2024-05-01,verified_listing_interval,0,0,2024-04-30,,,verified_registry_endpoint,complete_export_no_new_ST_transition
000589.SZ:2024,000589.SZ,2024-05-01,2025-05-01,verified_listing_interval,0,0,2025-04-30,,,verified_registry_endpoint,complete_export_no_new_ST_transition
000589.SZ:2025,000589.SZ,2025-05-01,2026-05-01,verified_listing_interval,0,0,2026-04-30,,,verified_registry_endpoint,complete_export_no_new_ST_transition
000593.SZ:2017,000593.SZ,2017-05-01,2018-05-01,verified_listing_interval,0,0,2018-04-30,,,verified_registry_endpoint,complete_export_no_new_ST_transition
000593.SZ:2018,000593.SZ,2018-05-01,2019-05-01,verified_listing_interval,0,0,2019-04-30,,,verified_registry_endpoint,complete_export_no_new_ST_transition
000593.SZ:2019,000593.SZ,2019-05-01,2020-05-01,verified_listing_interval,0,0,2020-04-30,,,verified_registry_endpoint,complete_export_no_new_ST_transition
000593.SZ:2020,000593.SZ,2020-05-01,2021-05-01,verified_listing_interval,0,0,2021-04-30,,,verified_registry_endpoint,complete_export_no_new_ST_transition
000593.SZ:2021,000593.SZ,2021-05-01,2022-05-01,verified_listing_interval,0,0,2022-04-30,,,verified_registry_endpoint,complete_export_no_new_ST_transition
000593.SZ:2022,000593.SZ,2022-05-01,2023-05-01,verified_listing_interval,0,0,2023-04-30,,,verified_registry_endpoint,complete_export_no_new_ST_transition
000593.SZ:2023,000593.SZ,2023-05-01,2024-05-01,verified_listing_interval,0,0,2024-04-30,,,verified_registry_endpoint,complete_export_no_new_ST_transition
000593.SZ:2024,000593.SZ,2024-05-01,2025-05-01,verified_listing_interval,0,0,2025-04-30,,,verified_registry_endpoint,complete_export_no_new_ST_transition
000593.SZ:2025,000593.SZ,2025-05-01,2026-05-01,verified_listing_interval,0,0,2026-04-30,,,verified_registry_endpoint,complete_export_no_new_ST_transition
000598.SZ:2017,000598.SZ,2017-05-01,2018-05-01,verified_listing_interval,0,0,2018-04-30,,,verified_registry_endpoint,complete_export_no_new_ST_transition
000598.SZ:2018,000598.SZ,2018-05-01,2019-05-01,verified_listing_interval,0,0,2019-04-30,,,verified_registry_endpoint,complete_export_no_new_ST_transition
000598.SZ:2019,000598.SZ,2019-05-01,2020-05-01,verified_listing_interval,0,0,2020-04-30,,,verified_registry_endpoint,complete_export_no_new_ST_transition
000598.SZ:2020,000598.SZ,2020-05-01,2021-05-01,verified_listing_interval,0,0,2021-04-30,,,verified_registry_endpoint,complete_export_no_new_ST_transition
000598.SZ:2021,000598.SZ,2021-05-01,2022-05-01,verified_listing_interval,0,0,2022-04-30,,,verified_registry_endpoint,complete_export_no_new_ST_transition
000598.SZ:2022,000598.SZ,2022-05-01,2023-05-01,verified_listing_interval,0,0,2023-04-30,,,verified_registry_endpoint,complete_export_no_new_ST_transition
000598.SZ:2023,000598.SZ,2023-05-01,2024-05-01,verified_listing_interval,0,0,2024-04-30,,,verified_registry_endpoint,complete_export_no_new_ST_transition
000598.SZ:2024,000598.SZ,2024-05-01,2025-05-01,verified_listing_interval,0,0,2025-04-30,,,verified_registry_endpoint,complete_export_no_new_ST_transition
000598.SZ:2025,000598.SZ,2025-05-01,2026-05-01,verified_listing_interval,0,0,2026-04-30,,,verified_registry_endpoint,complete_export_no_new_ST_transition
000599.SZ:2017,000599.SZ,2017-05-01,2018-05-01,verified_listing_interval,0,0,2018-04-30,,,verified_registry_endpoint,complete_export_no_new_ST_transition
000599.SZ:2018,000599.SZ,2018-05-01,2019-05-01,verified_listing_interval,0,0,2019-04-30,,,verified_registry_endpoint,complete_export_no_new_ST_transition
000599.SZ:2019,000599.SZ,2019-05-01,2020-05-01,verified_listing_interval,0,0,2020-04-30,,,verified_registry_endpoint,complete_export_no_new_ST_transition
000599.SZ:2020,000599.SZ,2020-05-01,2021-05-01,verified_listing_interval,0,0,2021-04-30,,,verified_registry_endpoint,complete_export_no_new_ST_transition
000599.SZ:2021,000599.SZ,2021-05-01,2022-05-01,verified_listing_interval,0,0,2022-04-30,,,verified_registry_endpoint,complete_export_no_new_ST_transition
000599.SZ:2022,000599.SZ,2022-05-01,2023-05-01,verified_listing_interval,0,0,2023-04-30,,,verified_registry_endpoint,complete_export_no_new_ST_transition
000599.SZ:2023,000599.SZ,2023-05-01,2024-05-01,verified_listing_interval,0,0,2024-04-30,,,verified_registry_endpoint,complete_export_no_new_ST_transition
000599.SZ:2024,000599.SZ,2024-05-01,2025-05-01,verified_listing_interval,0,0,2025-04-30,,,verified_registry_endpoint,complete_export_no_new_ST_transition
000599.SZ:2025,000599.SZ,2025-05-01,2026-05-01,verified_listing_interval,0,0,2026-04-30,,,verified_registry_endpoint,complete_export_no_new_ST_transition
000610.SZ:2017,000610.SZ,2017-05-01,2018-05-01,verified_listing_interval,0,0,2018-04-30,,,verified_registry_endpoint,complete_export_no_new_ST_transition
000610.SZ:2018,000610.SZ,2018-05-01,2019-05-01,verified_listing_interval,0,0,2019-04-30,,,verified_registry_endpoint,complete_export_no_new_ST_transition
000610.SZ:2019,000610.SZ,2019-05-01,2020-05-01,verified_listing_interval,0,0,2020-04-30,,,verified_registry_endpoint,complete_export_no_new_ST_transition
000610.SZ:2020,000610.SZ,2020-05-01,2021-05-01,verified_listing_interval,0,0,2021-04-30,,,verified_registry_endpoint,complete_export_no_new_ST_transition
000610.SZ:2021,000610.SZ,2021-05-01,2022-05-01,verified_listing_interval,0,0,2022-04-30,,,verified_registry_endpoint,complete_export_no_new_ST_transition
000610.SZ:2022,000610.SZ,2022-05-01,2023-05-01,verified_listing_interval,0,0,2023-04-30,,,verified_registry_endpoint,complete_export_no_new_ST_transition
000610.SZ:2023,000610.SZ,2023-05-01,2024-05-01,verified_listing_interval,0,0,2024-04-30,,,verified_registry_endpoint,complete_export_no_new_ST_transition
000610.SZ:2024,000610.SZ,2024-05-01,2025-05-01,verified_listing_interval,0,0,2025-04-30,,,verified_registry_endpoint,complete_export_no_new_ST_transition
000610.SZ:2025,000610.SZ,2025-05-01,2026-05-01,verified_listing_interval,0,1,2026-04-27,2026-04-27,173,verified_registry_endpoint,new_ST_name_transition
000612.SZ:2017,000612.SZ,2017-05-01,2018-05-01,verified_listing_interval,0,0,2018-04-30,,,verified_registry_endpoint,complete_export_no_new_ST_transition
000612.SZ:2018,000612.SZ,2018-05-01,2019-05-01,verified_listing_interval,0,0,2019-04-30,,,verified_registry_endpoint,complete_export_no_new_ST_transition
000612.SZ:2019,000612.SZ,2019-05-01,2020-05-01,verified_listing_interval,0,0,2020-04-30,,,verified_registry_endpoint,complete_export_no_new_ST_transition
000612.SZ:2020,000612.SZ,2020-05-01,2021-05-01,verified_listing_interval,0,0,2021-04-30,,,verified_registry_endpoint,complete_export_no_new_ST_transition
000612.SZ:2021,000612.SZ,2021-05-01,2022-05-01,verified_listing_interval,0,0,2022-04-30,,,verified_registry_endpoint,complete_export_no_new_ST_transition
000612.SZ:2022,000612.SZ,2022-05-01,2023-05-01,verified_listing_interval,0,0,2023-04-30,,,verified_registry_endpoint,complete_export_no_new_ST_transition
000612.SZ:2023,000612.SZ,2023-05-01,2024-05-01,verified_listing_interval,0,0,2024-04-30,,,verified_registry_endpoint,complete_export_no_new_ST_transition
000612.SZ:2024,000612.SZ,2024-05-01,2025-05-01,verified_listing_interval,0,0,2025-04-30,,,verified_registry_endpoint,complete_export_no_new_ST_transition
000612.SZ:2025,000612.SZ,2025-05-01,2026-05-01,verified_listing_interval,0,0,2026-04-30,,,verified_registry_endpoint,complete_export_no_new_ST_transition
000626.SZ:2017,000626.SZ,2017-05-01,2018-05-01,verified_listing_interval,0,0,2018-04-30,,,verified_registry_endpoint,complete_export_no_new_ST_transition
000626.SZ:2018,000626.SZ,2018-05-01,2019-05-01,verified_listing_interval,0,0,2019-04-30,,,verified_registry_endpoint,complete_export_no_new_ST_transition
000626.SZ:2019,000626.SZ,2019-05-01,2020-05-01,verified_listing_interval,0,0,2020-04-30,,,verified_registry_endpoint,complete_export_no_new_ST_transition
000626.SZ:2020,000626.SZ,2020-05-01,2021-05-01,verified_listing_interval,0,0,2021-04-30,,,verified_registry_endpoint,complete_export_no_new_ST_transition
000626.SZ:2021,000626.SZ,2021-05-01,2022-05-01,verified_listing_interval,0,0,2022-04-30,,,verified_registry_endpoint,complete_export_no_new_ST_transition
000626.SZ:2022,000626.SZ,2022-05-01,2023-05-01,verified_listing_interval,0,0,2023-04-30,,,verified_registry_endpoint,complete_export_no_new_ST_transition
000626.SZ:2023,000626.SZ,2023-05-01,2024-05-01,verified_listing_interval,0,0,2024-04-30,,,verified_registry_endpoint,complete_export_no_new_ST_transition
000626.SZ:2024,000626.SZ,2024-05-01,2025-05-01,verified_listing_interval,0,0,2025-04-30,,,verified_registry_endpoint,complete_export_no_new_ST_transition
000626.SZ:2025,000626.SZ,2025-05-01,2026-05-01,verified_listing_interval,0,0,2026-04-30,,,verified_registry_endpoint,complete_export_no_new_ST_transition
000628.SZ:2017,000628.SZ,2017-05-01,2018-05-01,verified_listing_interval,0,0,2018-04-30,,,verified_registry_endpoint,complete_export_no_new_ST_transition
000628.SZ:2018,000628.SZ,2018-05-01,2019-05-01,verified_listing_interval,0,0,2019-04-30,,,verified_registry_endpoint,complete_export_no_new_ST_transition
000628.SZ:2019,000628.SZ,2019-05-01,2020-05-01,verified_listing_interval,0,0,2020-04-30,,,verified_registry_endpoint,complete_export_no_new_ST_transition
000628.SZ:2020,000628.SZ,2020-05-01,2021-05-01,verified_listing_interval,0,0,2021-04-30,,,verified_registry_endpoint,complete_export_no_new_ST_transition
000628.SZ:2021,000628.SZ,2021-05-01,2022-05-01,verified_listing_interval,0,0,2022-04-30,,,verified_registry_endpoint,complete_export_no_new_ST_transition
000628.SZ:2022,000628.SZ,2022-05-01,2023-05-01,verified_listing_interval,0,0,2023-04-30,,,verified_registry_endpoint,complete_export_no_new_ST_transition
000628.SZ:2023,000628.SZ,2023-05-01,2024-05-01,verified_listing_interval,0,0,2024-04-30,,,verified_registry_endpoint,complete_export_no_new_ST_transition
000628.SZ:2024,000628.SZ,2024-05-01,2025-05-01,verified_listing_interval,0,0,2025-04-30,,,verified_registry_endpoint,complete_export_no_new_ST_transition
000628.SZ:2025,000628.SZ,2025-05-01,2026-05-01,verified_listing_interval,0,0,2026-04-30,,,verified_registry_endpoint,complete_export_no_new_ST_transition
000629.SZ:2017,000629.SZ,2017-05-01,2018-05-01,verified_listing_interval,1,,,,,excluded,ST_at_origin
000629.SZ:2018,000629.SZ,2018-05-01,2019-05-01,verified_listing_interval,1,,,,,excluded,ST_at_origin
000629.SZ:2019,000629.SZ,2019-05-01,2020-05-01,verified_listing_interval,0,0,2020-04-30,,,verified_registry_endpoint,complete_export_no_new_ST_transition
000629.SZ:2020,000629.SZ,2020-05-01,2021-05-01,verified_listing_interval,0,0,2021-04-30,,,verified_registry_endpoint,complete_export_no_new_ST_transition
000629.SZ:2021,000629.SZ,2021-05-01,2022-05-01,verified_listing_interval,0,0,2022-04-30,,,verified_registry_endpoint,complete_export_no_new_ST_transition
000629.SZ:2022,000629.SZ,2022-05-01,2023-05-01,verified_listing_interval,0,0,2023-04-30,,,verified_registry_endpoint,complete_export_no_new_ST_transition
000629.SZ:2023,000629.SZ,2023-05-01,2024-05-01,verified_listing_interval,0,0,2024-04-30,,,verified_registry_endpoint,complete_export_no_new_ST_transition
000629.SZ:2024,000629.SZ,2024-05-01,2025-05-01,verified_listing_interval,0,0,2025-04-30,,,verified_registry_endpoint,complete_export_no_new_ST_transition
000629.SZ:2025,000629.SZ,2025-05-01,2026-05-01,verified_listing_interval,0,0,2026-04-30,,,verified_registry_endpoint,complete_export_no_new_ST_transition
000633.SZ:2017,000633.SZ,2017-05-01,2018-05-01,verified_listing_interval,1,,,,,excluded,ST_at_origin
000633.SZ:2018,000633.SZ,2018-05-01,2019-05-01,verified_listing_interval,0,0,2019-04-30,,,verified_registry_endpoint,complete_export_no_new_ST_transition
000633.SZ:2019,000633.SZ,2019-05-01,2020-05-01,verified_listing_interval,0,0,2020-04-30,,,verified_registry_endpoint,complete_export_no_new_ST_transition
000633.SZ:2020,000633.SZ,2020-05-01,2021-05-01,verified_listing_interval,0,0,2021-04-30,,,verified_registry_endpoint,complete_export_no_new_ST_transition
000633.SZ:2021,000633.SZ,2021-05-01,2022-05-01,verified_listing_interval,0,0,2022-04-30,,,verified_registry_endpoint,complete_export_no_new_ST_transition
000633.SZ:2022,000633.SZ,2022-05-01,2023-05-01,verified_listing_interval,0,0,2023-04-30,,,verified_registry_endpoint,complete_export_no_new_ST_transition
000633.SZ:2023,000633.SZ,2023-05-01,2024-05-01,verified_listing_interval,0,0,2024-04-30,,,verified_registry_endpoint,complete_export_no_new_ST_transition
000633.SZ:2024,000633.SZ,2024-05-01,2025-05-01,verified_listing_interval,0,0,2025-04-30,,,verified_registry_endpoint,complete_export_no_new_ST_transition
000633.SZ:2025,000633.SZ,2025-05-01,2026-05-01,verified_listing_interval,0,0,2026-04-30,,,verified_registry_endpoint,complete_export_no_new_ST_transition
000635.SZ:2017,000635.SZ,2017-05-01,2018-05-01,verified_listing_interval,0,0,2018-04-30,,,verified_registry_endpoint,complete_export_no_new_ST_transition
000635.SZ:2018,000635.SZ,2018-05-01,2019-05-01,verified_listing_interval,0,0,2019-04-30,,,verified_registry_endpoint,complete_export_no_new_ST_transition
000635.SZ:2019,000635.SZ,2019-05-01,2020-05-01,verified_listing_interval,0,0,2020-04-30,,,verified_registry_endpoint,complete_export_no_new_ST_transition
000635.SZ:2020,000635.SZ,2020-05-01,2021-05-01,verified_listing_interval,0,0,2021-04-30,,,verified_registry_endpoint,complete_export_no_new_ST_transition
000635.SZ:2021,000635.SZ,2021-05-01,2022-05-01,verified_listing_interval,0,0,2022-04-30,,,verified_registry_endpoint,complete_export_no_new_ST_transition
000635.SZ:2022,000635.SZ,2022-05-01,2023-05-01,verified_listing_interval,0,0,2023-04-30,,,verified_registry_endpoint,complete_export_no_new_ST_transition
000635.SZ:2023,000635.SZ,2023-05-01,2024-05-01,verified_listing_interval,0,0,2024-04-30,,,verified_registry_endpoint,complete_export_no_new_ST_transition
000635.SZ:2024,000635.SZ,2024-05-01,2025-05-01,verified_listing_interval,0,0,2025-04-30,,,verified_registry_endpoint,complete_export_no_new_ST_transition
000635.SZ:2025,000635.SZ,2025-05-01,2026-05-01,verified_listing_interval,0,0,2026-04-30,,,verified_registry_endpoint,complete_export_no_new_ST_transition
000636.SZ:2017,000636.SZ,2017-05-01,2018-05-01,verified_listing_interval,0,0,2018-04-30,,,verified_registry_endpoint,complete_export_no_new_ST_transition
000636.SZ:2018,000636.SZ,2018-05-01,2019-05-01,verified_listing_interval,0,0,2019-04-30,,,verified_registry_endpoint,complete_export_no_new_ST_transition
000636.SZ:2019,000636.SZ,2019-05-01,2020-05-01,verified_listing_interval,0,0,2020-04-30,,,verified_registry_endpoint,complete_export_no_new_ST_transition
000636.SZ:2020,000636.SZ,2020-05-01,2021-05-01,verified_listing_interval,0,0,2021-04-30,,,verified_registry_endpoint,complete_export_no_new_ST_transition
000636.SZ:2021,000636.SZ,2021-05-01,2022-05-01,verified_listing_interval,0,0,2022-04-30,,,verified_registry_endpoint,complete_export_no_new_ST_transition
000636.SZ:2022,000636.SZ,2022-05-01,2023-05-01,verified_listing_interval,0,0,2023-04-30,,,verified_registry_endpoint,complete_export_no_new_ST_transition
000636.SZ:2023,000636.SZ,2023-05-01,2024-05-01,verified_listing_interval,0,0,2024-04-30,,,verified_registry_endpoint,complete_export_no_new_ST_transition
000636.SZ:2024,000636.SZ,2024-05-01,2025-05-01,verified_listing_interval,0,0,2025-04-30,,,verified_registry_endpoint,complete_export_no_new_ST_transition
000636.SZ:2025,000636.SZ,2025-05-01,2026-05-01,verified_listing_interval,0,0,2026-04-30,,,verified_registry_endpoint,complete_export_no_new_ST_transition
000650.SZ:2017,000650.SZ,2017-05-01,2018-05-01,verified_listing_interval,0,0,2018-04-30,,,verified_registry_endpoint,complete_export_no_new_ST_transition
000650.SZ:2018,000650.SZ,2018-05-01,2019-05-01,verified_listing_interval,0,0,2019-04-30,,,verified_registry_endpoint,complete_export_no_new_ST_transition
000650.SZ:2019,000650.SZ,2019-05-01,2020-05-01,verified_listing_interval,0,0,2020-04-30,,,verified_registry_endpoint,complete_export_no_new_ST_transition
000650.SZ:2020,000650.SZ,2020-05-01,2021-05-01,verified_listing_interval,0,0,2021-04-30,,,verified_registry_endpoint,complete_export_no_new_ST_transition
000650.SZ:2021,000650.SZ,2021-05-01,2022-05-01,verified_listing_interval,0,0,2022-04-30,,,verified_registry_endpoint,complete_export_no_new_ST_transition
000650.SZ:2022,000650.SZ,2022-05-01,2023-05-01,verified_listing_interval,0,0,2023-04-30,,,verified_registry_endpoint,complete_export_no_new_ST_transition
000650.SZ:2023,000650.SZ,2023-05-01,2024-05-01,verified_listing_interval,0,0,2024-04-30,,,verified_registry_endpoint,complete_export_no_new_ST_transition
000650.SZ:2024,000650.SZ,2024-05-01,2025-05-01,verified_listing_interval,0,0,2025-04-30,,,verified_registry_endpoint,complete_export_no_new_ST_transition
000650.SZ:2025,000650.SZ,2025-05-01,2026-05-01,verified_listing_interval,0,0,2026-04-30,,,verified_registry_endpoint,complete_export_no_new_ST_transition
000651.SZ:2017,000651.SZ,2017-05-01,2018-05-01,verified_listing_interval,0,0,2018-04-30,,,verified_registry_endpoint,complete_export_no_new_ST_transition
000651.SZ:2018,000651.SZ,2018-05-01,2019-05-01,verified_listing_interval,0,0,2019-04-30,,,verified_registry_endpoint,complete_export_no_new_ST_transition
000651.SZ:2019,000651.SZ,2019-05-01,2020-05-01,verified_listing_interval,0,0,2020-04-30,,,verified_registry_endpoint,complete_export_no_new_ST_transition
000651.SZ:2020,000651.SZ,2020-05-01,2021-05-01,verified_listing_interval,0,0,2021-04-30,,,verified_registry_endpoint,complete_export_no_new_ST_transition
000651.SZ:2021,000651.SZ,2021-05-01,2022-05-01,verified_listing_interval,0,0,2022-04-30,,,verified_registry_endpoint,complete_export_no_new_ST_transition
000651.SZ:2022,000651.SZ,2022-05-01,2023-05-01,verified_listing_interval,0,0,2023-04-30,,,verified_registry_endpoint,complete_export_no_new_ST_transition
000651.SZ:2023,000651.SZ,2023-05-01,2024-05-01,verified_listing_interval,0,0,2024-04-30,,,verified_registry_endpoint,complete_export_no_new_ST_transition
000651.SZ:2024,000651.SZ,2024-05-01,2025-05-01,verified_listing_interval,0,0,2025-04-30,,,verified_registry_endpoint,complete_export_no_new_ST_transition
000651.SZ:2025,000651.SZ,2025-05-01,2026-05-01,verified_listing_interval,0,0,2026-04-30,,,verified_registry_endpoint,complete_export_no_new_ST_transition
000652.SZ:2017,000652.SZ,2017-05-01,2018-05-01,verified_listing_interval,0,0,2018-04-30,,,verified_registry_endpoint,complete_export_no_new_ST_transition
000652.SZ:2018,000652.SZ,2018-05-01,2019-05-01,verified_listing_interval,0,0,2019-04-30,,,verified_registry_endpoint,complete_export_no_new_ST_transition
000652.SZ:2019,000652.SZ,2019-05-01,2020-05-01,verified_listing_interval,0,0,2020-04-30,,,verified_registry_endpoint,complete_export_no_new_ST_transition
000652.SZ:2020,000652.SZ,2020-05-01,2021-05-01,verified_listing_interval,0,0,2021-04-30,,,verified_registry_endpoint,complete_export_no_new_ST_transition
000652.SZ:2021,000652.SZ,2021-05-01,2022-05-01,verified_listing_interval,0,0,2022-04-30,,,verified_registry_endpoint,complete_export_no_new_ST_transition
000652.SZ:2022,000652.SZ,2022-05-01,2023-05-01,verified_listing_interval,0,0,2023-04-30,,,verified_registry_endpoint,complete_export_no_new_ST_transition
000652.SZ:2023,000652.SZ,2023-05-01,2024-05-01,verified_listing_interval,0,0,2024-04-30,,,verified_registry_endpoint,complete_export_no_new_ST_transition
000652.SZ:2024,000652.SZ,2024-05-01,2025-05-01,verified_listing_interval,0,0,2025-04-30,,,verified_registry_endpoint,complete_export_no_new_ST_transition
000652.SZ:2025,000652.SZ,2025-05-01,2026-05-01,verified_listing_interval,0,0,2026-04-30,,,verified_registry_endpoint,complete_export_no_new_ST_transition
000655.SZ:2017,000655.SZ,2017-05-01,2018-05-01,verified_listing_interval,0,1,2018-04-13,2018-04-13,3025,verified_registry_endpoint,new_ST_name_transition
000655.SZ:2018,000655.SZ,2018-05-01,2019-05-01,verified_listing_interval,1,,,,,excluded,ST_at_origin
000655.SZ:2019,000655.SZ,2019-05-01,2020-05-01,verified_listing_interval,0,0,2020-04-30,,,verified_registry_endpoint,complete_export_no_new_ST_transition
000655.SZ:2020,000655.SZ,2020-05-01,2021-05-01,verified_listing_interval,0,0,2021-04-30,,,verified_registry_endpoint,complete_export_no_new_ST_transition
000655.SZ:2021,000655.SZ,2021-05-01,2022-05-01,verified_listing_interval,0,0,2022-04-30,,,verified_registry_endpoint,complete_export_no_new_ST_transition
000655.SZ:2022,000655.SZ,2022-05-01,2023-05-01,verified_listing_interval,0,0,2023-04-30,,,verified_registry_endpoint,complete_export_no_new_ST_transition
000655.SZ:2023,000655.SZ,2023-05-01,2024-05-01,verified_listing_interval,0,0,2024-04-30,,,verified_registry_endpoint,complete_export_no_new_ST_transition
000655.SZ:2024,000655.SZ,2024-05-01,2025-05-01,verified_listing_interval,0,0,2025-04-30,,,verified_registry_endpoint,complete_export_no_new_ST_transition
000655.SZ:2025,000655.SZ,2025-05-01,2026-05-01,verified_listing_interval,0,0,2026-04-30,,,verified_registry_endpoint,complete_export_no_new_ST_transition
000656.SZ:2017,000656.SZ,2017-05-01,2018-05-01,verified_listing_interval,0,0,2018-04-30,,,verified_registry_endpoint,complete_export_no_new_ST_transition
000656.SZ:2018,000656.SZ,2018-05-01,2019-05-01,verified_listing_interval,0,0,2019-04-30,,,verified_registry_endpoint,complete_export_no_new_ST_transition
000656.SZ:2019,000656.SZ,2019-05-01,2020-05-01,verified_listing_interval,0,0,2020-04-30,,,verified_registry_endpoint,complete_export_no_new_ST_transition
000656.SZ:2020,000656.SZ,2020-05-01,2021-05-01,verified_listing_interval,0,0,2021-04-30,,,verified_registry_endpoint,complete_export_no_new_ST_transition
000656.SZ:2021,000656.SZ,2021-05-01,2022-05-01,verified_listing_interval,0,0,2022-04-30,,,verified_registry_endpoint,complete_export_no_new_ST_transition
000656.SZ:2022,000656.SZ,2022-05-01,2023-05-01,verified_listing_interval,0,0,2023-04-30,,,verified_registry_endpoint,complete_export_no_new_ST_transition
000656.SZ:2023,000656.SZ,2023-05-01,2024-05-01,verified_listing_interval,0,1,2024-04-24,2024-04-24,706,verified_registry_endpoint,new_ST_name_transition
000656.SZ:2024,000656.SZ,2024-05-01,2025-05-01,verified_listing_interval,1,,,,,excluded,ST_at_origin
000656.SZ:2025,000656.SZ,2025-05-01,2026-05-01,verified_listing_interval,1,,,,,excluded,ST_at_origin
000662.SZ:2017,000662.SZ,2017-05-01,2018-05-01,verified_listing_interval,0,0,2018-04-30,,,verified_registry_endpoint,complete_export_no_new_ST_transition
000662.SZ:2018,000662.SZ,2018-05-01,2019-05-01,verified_listing_interval,0,0,2019-04-30,,,verified_registry_endpoint,complete_export_no_new_ST_transition
000662.SZ:2019,000662.SZ,2019-05-01,2020-05-01,verified_listing_interval,0,0,2020-04-30,,,verified_registry_endpoint,complete_export_no_new_ST_transition
000662.SZ:2020,000662.SZ,2020-05-01,2021-05-01,verified_listing_interval,0,1,2020-07-01,2020-07-01,2516,verified_registry_endpoint,new_ST_name_transition
000665.SZ:2017,000665.SZ,2017-05-01,2018-05-01,verified_listing_interval,0,0,2018-04-30,,,verified_registry_endpoint,complete_export_no_new_ST_transition
000665.SZ:2018,000665.SZ,2018-05-01,2019-05-01,verified_listing_interval,0,0,2019-04-30,,,verified_registry_endpoint,complete_export_no_new_ST_transition
000665.SZ:2019,000665.SZ,2019-05-01,2020-05-01,verified_listing_interval,0,0,2020-04-30,,,verified_registry_endpoint,complete_export_no_new_ST_transition
000665.SZ:2020,000665.SZ,2020-05-01,2021-05-01,verified_listing_interval,0,0,2021-04-30,,,verified_registry_endpoint,complete_export_no_new_ST_transition
000665.SZ:2021,000665.SZ,2021-05-01,2022-05-01,verified_listing_interval,0,0,2022-04-30,,,verified_registry_endpoint,complete_export_no_new_ST_transition
000665.SZ:2022,000665.SZ,2022-05-01,2023-05-01,verified_listing_interval,0,0,2023-04-30,,,verified_registry_endpoint,complete_export_no_new_ST_transition
000665.SZ:2023,000665.SZ,2023-05-01,2024-05-01,verified_listing_interval,0,0,2024-04-30,,,verified_registry_endpoint,complete_export_no_new_ST_transition
000665.SZ:2024,000665.SZ,2024-05-01,2025-05-01,verified_listing_interval,0,0,2025-04-30,,,verified_registry_endpoint,complete_export_no_new_ST_transition
000665.SZ:2025,000665.SZ,2025-05-01,2026-05-01,verified_listing_interval,0,0,2026-04-30,,,verified_registry_endpoint,complete_export_no_new_ST_transition
000668.SZ:2017,000668.SZ,2017-05-01,2018-05-01,verified_listing_interval,0,0,2018-04-30,,,verified_registry_endpoint,complete_export_no_new_ST_transition
000668.SZ:2018,000668.SZ,2018-05-01,2019-05-01,verified_listing_interval,0,0,2019-04-30,,,verified_registry_endpoint,complete_export_no_new_ST_transition
000668.SZ:2019,000668.SZ,2019-05-01,2020-05-01,verified_listing_interval,0,0,2020-04-30,,,verified_registry_endpoint,complete_export_no_new_ST_transition
000668.SZ:2020,000668.SZ,2020-05-01,2021-05-01,verified_listing_interval,0,0,2021-04-30,,,verified_registry_endpoint,complete_export_no_new_ST_transition
000668.SZ:2021,000668.SZ,2021-05-01,2022-05-01,verified_listing_interval,0,0,2022-04-30,,,verified_registry_endpoint,complete_export_no_new_ST_transition
000668.SZ:2022,000668.SZ,2022-05-01,2023-05-01,verified_listing_interval,0,0,2023-04-30,,,verified_registry_endpoint,complete_export_no_new_ST_transition
000668.SZ:2023,000668.SZ,2023-05-01,2024-05-01,verified_listing_interval,0,0,2024-04-30,,,verified_registry_endpoint,complete_export_no_new_ST_transition
000668.SZ:2024,000668.SZ,2024-05-01,2025-05-01,verified_listing_interval,0,1,2025-04-30,2025-04-30,402,verified_registry_endpoint,new_ST_name_transition
000668.SZ:2025,000668.SZ,2025-05-01,2026-05-01,verified_listing_interval,1,,,,,excluded,ST_at_origin
000670.SZ:2017,000670.SZ,2017-05-01,2018-05-01,verified_listing_interval,0,0,2018-04-30,,,verified_registry_endpoint,complete_export_no_new_ST_transition
000670.SZ:2018,000670.SZ,2018-05-01,2019-05-01,verified_listing_interval,0,1,2019-03-27,2019-03-27,2854,verified_registry_endpoint,new_ST_name_transition
000670.SZ:2019,000670.SZ,2019-05-01,2020-05-01,verified_listing_interval,1,,,,,excluded,ST_at_origin
000670.SZ:2020,000670.SZ,2020-05-01,2021-05-01,verified_listing_interval,1,,,,,excluded,ST_at_origin
000670.SZ:2021,000670.SZ,2021-05-01,2022-05-01,verified_listing_interval,1,,,,,excluded,ST_at_origin
000670.SZ:2022,000670.SZ,2022-05-01,2023-05-01,verified_listing_interval,1,,,,,excluded,ST_at_origin
000670.SZ:2023,000670.SZ,2023-05-01,2024-05-01,verified_listing_interval,0,0,2024-04-30,,,verified_registry_endpoint,complete_export_no_new_ST_transition
000670.SZ:2024,000670.SZ,2024-05-01,2025-05-01,verified_listing_interval,0,0,2025-04-30,,,verified_registry_endpoint,complete_export_no_new_ST_transition
000670.SZ:2025,000670.SZ,2025-05-01,2026-05-01,verified_listing_interval,0,0,2026-04-30,,,verified_registry_endpoint,complete_export_no_new_ST_transition
000693.SZ:2017,000693.SZ,2017-05-01,2018-05-01,verified_listing_interval,1,,,,,excluded,ST_at_origin
000693.SZ:2018,000693.SZ,2018-05-01,2019-05-01,verified_listing_interval,1,,,,,excluded,ST_at_origin
000693.SZ:2019,000693.SZ,2019-05-01,2020-05-01,verified_listing_interval,1,,,,,excluded,ST_at_origin
000695.SZ:2017,000695.SZ,2017-05-01,2018-05-01,verified_listing_interval,0,0,2018-04-30,,,verified_registry_endpoint,complete_export_no_new_ST_transition
000695.SZ:2018,000695.SZ,2018-05-01,2019-05-01,verified_listing_interval,0,0,2019-04-30,,,verified_registry_endpoint,complete_export_no_new_ST_transition
000695.SZ:2019,000695.SZ,2019-05-01,2020-05-01,verified_listing_interval,0,0,2020-04-30,,,verified_registry_endpoint,complete_export_no_new_ST_transition
000695.SZ:2020,000695.SZ,2020-05-01,2021-05-01,verified_listing_interval,0,0,2021-04-30,,,verified_registry_endpoint,complete_export_no_new_ST_transition
000695.SZ:2021,000695.SZ,2021-05-01,2022-05-01,verified_listing_interval,0,0,2022-04-30,,,verified_registry_endpoint,complete_export_no_new_ST_transition
000695.SZ:2022,000695.SZ,2022-05-01,2023-05-01,verified_listing_interval,0,0,2023-04-30,,,verified_registry_endpoint,complete_export_no_new_ST_transition
000695.SZ:2023,000695.SZ,2023-05-01,2024-05-01,verified_listing_interval,0,0,2024-04-30,,,verified_registry_endpoint,complete_export_no_new_ST_transition
000695.SZ:2024,000695.SZ,2024-05-01,2025-05-01,verified_listing_interval,0,0,2025-04-30,,,verified_registry_endpoint,complete_export_no_new_ST_transition
000695.SZ:2025,000695.SZ,2025-05-01,2026-05-01,verified_listing_interval,0,0,2026-04-30,,,verified_registry_endpoint,complete_export_no_new_ST_transition
000709.SZ:2017,000709.SZ,2017-05-01,2018-05-01,verified_listing_interval,0,0,2018-04-30,,,verified_registry_endpoint,complete_export_no_new_ST_transition
000709.SZ:2018,000709.SZ,2018-05-01,2019-05-01,verified_listing_interval,0,0,2019-04-30,,,verified_registry_endpoint,complete_export_no_new_ST_transition
000709.SZ:2019,000709.SZ,2019-05-01,2020-05-01,verified_listing_interval,0,0,2020-04-30,,,verified_registry_endpoint,complete_export_no_new_ST_transition
000709.SZ:2020,000709.SZ,2020-05-01,2021-05-01,verified_listing_interval,0,0,2021-04-30,,,verified_registry_endpoint,complete_export_no_new_ST_transition
000709.SZ:2021,000709.SZ,2021-05-01,2022-05-01,verified_listing_interval,0,0,2022-04-30,,,verified_registry_endpoint,complete_export_no_new_ST_transition
000709.SZ:2022,000709.SZ,2022-05-01,2023-05-01,verified_listing_interval,0,0,2023-04-30,,,verified_registry_endpoint,complete_export_no_new_ST_transition
000709.SZ:2023,000709.SZ,2023-05-01,2024-05-01,verified_listing_interval,0,0,2024-04-30,,,verified_registry_endpoint,complete_export_no_new_ST_transition
000709.SZ:2024,000709.SZ,2024-05-01,2025-05-01,verified_listing_interval,0,0,2025-04-30,,,verified_registry_endpoint,complete_export_no_new_ST_transition
000709.SZ:2025,000709.SZ,2025-05-01,2026-05-01,verified_listing_interval,0,0,2026-04-30,,,verified_registry_endpoint,complete_export_no_new_ST_transition
000712.SZ:2017,000712.SZ,2017-05-01,2018-05-01,verified_listing_interval,0,0,2018-04-30,,,verified_registry_endpoint,complete_export_no_new_ST_transition
000712.SZ:2018,000712.SZ,2018-05-01,2019-05-01,verified_listing_interval,0,0,2019-04-30,,,verified_registry_endpoint,complete_export_no_new_ST_transition
000712.SZ:2019,000712.SZ,2019-05-01,2020-05-01,verified_listing_interval,0,0,2020-04-30,,,verified_registry_endpoint,complete_export_no_new_ST_transition
000712.SZ:2020,000712.SZ,2020-05-01,2021-05-01,verified_listing_interval,0,0,2021-04-30,,,verified_registry_endpoint,complete_export_no_new_ST_transition
000712.SZ:2021,000712.SZ,2021-05-01,2022-05-01,verified_listing_interval,0,0,2022-04-30,,,verified_registry_endpoint,complete_export_no_new_ST_transition
000712.SZ:2022,000712.SZ,2022-05-01,2023-05-01,verified_listing_interval,0,0,2023-04-30,,,verified_registry_endpoint,complete_export_no_new_ST_transition
000712.SZ:2023,000712.SZ,2023-05-01,2024-05-01,verified_listing_interval,0,0,2024-04-30,,,verified_registry_endpoint,complete_export_no_new_ST_transition
000712.SZ:2024,000712.SZ,2024-05-01,2025-05-01,verified_listing_interval,0,0,2025-04-30,,,verified_registry_endpoint,complete_export_no_new_ST_transition
000712.SZ:2025,000712.SZ,2025-05-01,2026-05-01,verified_listing_interval,0,0,2026-04-30,,,verified_registry_endpoint,complete_export_no_new_ST_transition
000715.SZ:2017,000715.SZ,2017-05-01,2018-05-01,verified_listing_interval,0,0,2018-04-30,,,verified_registry_endpoint,complete_export_no_new_ST_transition
000715.SZ:2018,000715.SZ,2018-05-01,2019-05-01,verified_listing_interval,0,0,2019-04-30,,,verified_registry_endpoint,complete_export_no_new_ST_transition
000715.SZ:2019,000715.SZ,2019-05-01,2020-05-01,verified_listing_interval,0,0,2020-04-30,,,verified_registry_endpoint,complete_export_no_new_ST_transition
000715.SZ:2020,000715.SZ,2020-05-01,2021-05-01,verified_listing_interval,0,0,2021-04-30,,,verified_registry_endpoint,complete_export_no_new_ST_transition
000715.SZ:2021,000715.SZ,2021-05-01,2022-05-01,verified_listing_interval,0,0,2022-04-30,,,verified_registry_endpoint,complete_export_no_new_ST_transition
000715.SZ:2022,000715.SZ,2022-05-01,2023-05-01,verified_listing_interval,0,0,2023-04-30,,,verified_registry_endpoint,complete_export_no_new_ST_transition
000715.SZ:2023,000715.SZ,2023-05-01,2024-05-01,verified_listing_interval,0,0,2024-04-30,,,verified_registry_endpoint,complete_export_no_new_ST_transition
000715.SZ:2024,000715.SZ,2024-05-01,2025-05-01,verified_listing_interval,0,0,2025-04-30,,,verified_registry_endpoint,complete_export_no_new_ST_transition
000715.SZ:2025,000715.SZ,2025-05-01,2026-05-01,verified_listing_interval,0,0,2026-04-30,,,verified_registry_endpoint,complete_export_no_new_ST_transition
000718.SZ:2017,000718.SZ,2017-05-01,2018-05-01,verified_listing_interval,0,0,2018-04-30,,,verified_registry_endpoint,complete_export_no_new_ST_transition
000718.SZ:2018,000718.SZ,2018-05-01,2019-05-01,verified_listing_interval,0,0,2019-04-30,,,verified_registry_endpoint,complete_export_no_new_ST_transition
000718.SZ:2019,000718.SZ,2019-05-01,2020-05-01,verified_listing_interval,0,0,2020-04-30,,,verified_registry_endpoint,complete_export_no_new_ST_transition
000718.SZ:2020,000718.SZ,2020-05-01,2021-05-01,verified_listing_interval,0,0,2021-04-30,,,verified_registry_endpoint,complete_export_no_new_ST_transition
000718.SZ:2021,000718.SZ,2021-05-01,2022-05-01,verified_listing_interval,0,0,2022-04-30,,,verified_registry_endpoint,complete_export_no_new_ST_transition
000718.SZ:2022,000718.SZ,2022-05-01,2023-05-01,verified_listing_interval,0,0,2023-04-30,,,verified_registry_endpoint,complete_export_no_new_ST_transition
000718.SZ:2023,000718.SZ,2023-05-01,2024-05-01,verified_listing_interval,0,0,2024-04-30,,,verified_registry_endpoint,complete_export_no_new_ST_transition
000718.SZ:2024,000718.SZ,2024-05-01,2025-05-01,verified_listing_interval,0,0,2025-04-30,,,verified_registry_endpoint,complete_export_no_new_ST_transition
000718.SZ:2025,000718.SZ,2025-05-01,2026-05-01,verified_listing_interval,0,0,2026-04-30,,,verified_registry_endpoint,complete_export_no_new_ST_transition
000727.SZ:2017,000727.SZ,2017-05-01,2018-05-01,verified_listing_interval,0,0,2018-04-30,,,verified_registry_endpoint,complete_export_no_new_ST_transition
000727.SZ:2018,000727.SZ,2018-05-01,2019-05-01,verified_listing_interval,0,0,2019-04-30,,,verified_registry_endpoint,complete_export_no_new_ST_transition
000727.SZ:2019,000727.SZ,2019-05-01,2020-05-01,verified_listing_interval,0,1,2020-04-16,2020-04-16,2634,verified_registry_endpoint,new_ST_name_transition
000727.SZ:2020,000727.SZ,2020-05-01,2021-05-01,verified_listing_interval,1,,,,,excluded,ST_at_origin
000727.SZ:2021,000727.SZ,2021-05-01,2022-05-01,verified_listing_interval,0,0,2022-04-30,,,verified_registry_endpoint,complete_export_no_new_ST_transition
000727.SZ:2022,000727.SZ,2022-05-01,2023-05-01,verified_listing_interval,0,0,2023-04-30,,,verified_registry_endpoint,complete_export_no_new_ST_transition
000727.SZ:2023,000727.SZ,2023-05-01,2024-05-01,verified_listing_interval,0,0,2024-04-30,,,verified_registry_endpoint,complete_export_no_new_ST_transition
000727.SZ:2024,000727.SZ,2024-05-01,2025-05-01,verified_listing_interval,0,0,2025-04-30,,,verified_registry_endpoint,complete_export_no_new_ST_transition
000727.SZ:2025,000727.SZ,2025-05-01,2026-05-01,verified_listing_interval,0,0,2026-04-30,,,verified_registry_endpoint,complete_export_no_new_ST_transition
000739.SZ:2017,000739.SZ,2017-05-01,2018-05-01,verified_listing_interval,0,0,2018-04-30,,,verified_registry_endpoint,complete_export_no_new_ST_transition
000739.SZ:2018,000739.SZ,2018-05-01,2019-05-01,verified_listing_interval,0,0,2019-04-30,,,verified_registry_endpoint,complete_export_no_new_ST_transition
000739.SZ:2019,000739.SZ,2019-05-01,2020-05-01,verified_listing_interval,0,0,2020-04-30,,,verified_registry_endpoint,complete_export_no_new_ST_transition
000739.SZ:2020,000739.SZ,2020-05-01,2021-05-01,verified_listing_interval,0,0,2021-04-30,,,verified_registry_endpoint,complete_export_no_new_ST_transition
000739.SZ:2021,000739.SZ,2021-05-01,2022-05-01,verified_listing_interval,0,0,2022-04-30,,,verified_registry_endpoint,complete_export_no_new_ST_transition
000739.SZ:2022,000739.SZ,2022-05-01,2023-05-01,verified_listing_interval,0,0,2023-04-30,,,verified_registry_endpoint,complete_export_no_new_ST_transition
000739.SZ:2023,000739.SZ,2023-05-01,2024-05-01,verified_listing_interval,0,0,2024-04-30,,,verified_registry_endpoint,complete_export_no_new_ST_transition
000739.SZ:2024,000739.SZ,2024-05-01,2025-05-01,verified_listing_interval,0,0,2025-04-30,,,verified_registry_endpoint,complete_export_no_new_ST_transition
000739.SZ:2025,000739.SZ,2025-05-01,2026-05-01,verified_listing_interval,0,0,2026-04-30,,,verified_registry_endpoint,complete_export_no_new_ST_transition
000750.SZ:2017,000750.SZ,2017-05-01,2018-05-01,verified_listing_interval,0,0,2018-04-30,,,verified_registry_endpoint,complete_export_no_new_ST_transition
000750.SZ:2018,000750.SZ,2018-05-01,2019-05-01,verified_listing_interval,0,0,2019-04-30,,,verified_registry_endpoint,complete_export_no_new_ST_transition
000750.SZ:2019,000750.SZ,2019-05-01,2020-05-01,verified_listing_interval,0,0,2020-04-30,,,verified_registry_endpoint,complete_export_no_new_ST_transition
000750.SZ:2020,000750.SZ,2020-05-01,2021-05-01,verified_listing_interval,0,0,2021-04-30,,,verified_registry_endpoint,complete_export_no_new_ST_transition
000750.SZ:2021,000750.SZ,2021-05-01,2022-05-01,verified_listing_interval,0,0,2022-04-30,,,verified_registry_endpoint,complete_export_no_new_ST_transition
000750.SZ:2022,000750.SZ,2022-05-01,2023-05-01,verified_listing_interval,0,0,2023-04-30,,,verified_registry_endpoint,complete_export_no_new_ST_transition
000750.SZ:2023,000750.SZ,2023-05-01,2024-05-01,verified_listing_interval,0,0,2024-04-30,,,verified_registry_endpoint,complete_export_no_new_ST_transition
000750.SZ:2024,000750.SZ,2024-05-01,2025-05-01,verified_listing_interval,0,0,2025-04-30,,,verified_registry_endpoint,complete_export_no_new_ST_transition
000750.SZ:2025,000750.SZ,2025-05-01,2026-05-01,verified_listing_interval,0,0,2026-04-30,,,verified_registry_endpoint,complete_export_no_new_ST_transition
000786.SZ:2017,000786.SZ,2017-05-01,2018-05-01,verified_listing_interval,0,0,2018-04-30,,,verified_registry_endpoint,complete_export_no_new_ST_transition
000786.SZ:2018,000786.SZ,2018-05-01,2019-05-01,verified_listing_interval,0,0,2019-04-30,,,verified_registry_endpoint,complete_export_no_new_ST_transition
000786.SZ:2019,000786.SZ,2019-05-01,2020-05-01,verified_listing_interval,0,0,2020-04-30,,,verified_registry_endpoint,complete_export_no_new_ST_transition
000786.SZ:2020,000786.SZ,2020-05-01,2021-05-01,verified_listing_interval,0,0,2021-04-30,,,verified_registry_endpoint,complete_export_no_new_ST_transition
000786.SZ:2021,000786.SZ,2021-05-01,2022-05-01,verified_listing_interval,0,0,2022-04-30,,,verified_registry_endpoint,complete_export_no_new_ST_transition
000786.SZ:2022,000786.SZ,2022-05-01,2023-05-01,verified_listing_interval,0,0,2023-04-30,,,verified_registry_endpoint,complete_export_no_new_ST_transition
000786.SZ:2023,000786.SZ,2023-05-01,2024-05-01,verified_listing_interval,0,0,2024-04-30,,,verified_registry_endpoint,complete_export_no_new_ST_transition
000786.SZ:2024,000786.SZ,2024-05-01,2025-05-01,verified_listing_interval,0,0,2025-04-30,,,verified_registry_endpoint,complete_export_no_new_ST_transition
000786.SZ:2025,000786.SZ,2025-05-01,2026-05-01,verified_listing_interval,0,0,2026-04-30,,,verified_registry_endpoint,complete_export_no_new_ST_transition
000797.SZ:2017,000797.SZ,2017-05-01,2018-05-01,verified_listing_interval,0,0,2018-04-30,,,verified_registry_endpoint,complete_export_no_new_ST_transition
000797.SZ:2018,000797.SZ,2018-05-01,2019-05-01,verified_listing_interval,0,0,2019-04-30,,,verified_registry_endpoint,complete_export_no_new_ST_transition
000797.SZ:2019,000797.SZ,2019-05-01,2020-05-01,verified_listing_interval,0,0,2020-04-30,,,verified_registry_endpoint,complete_export_no_new_ST_transition
000797.SZ:2020,000797.SZ,2020-05-01,2021-05-01,verified_listing_interval,0,0,2021-04-30,,,verified_registry_endpoint,complete_export_no_new_ST_transition
000797.SZ:2021,000797.SZ,2021-05-01,2022-05-01,verified_listing_interval,0,0,2022-04-30,,,verified_registry_endpoint,complete_export_no_new_ST_transition
000797.SZ:2022,000797.SZ,2022-05-01,2023-05-01,verified_listing_interval,0,0,2023-04-30,,,verified_registry_endpoint,complete_export_no_new_ST_transition
000797.SZ:2023,000797.SZ,2023-05-01,2024-05-01,verified_listing_interval,0,0,2024-04-30,,,verified_registry_endpoint,complete_export_no_new_ST_transition
000797.SZ:2024,000797.SZ,2024-05-01,2025-05-01,verified_listing_interval,0,0,2025-04-30,,,verified_registry_endpoint,complete_export_no_new_ST_transition
000797.SZ:2025,000797.SZ,2025-05-01,2026-05-01,verified_listing_interval,0,0,2026-04-30,,,verified_registry_endpoint,complete_export_no_new_ST_transition
000800.SZ:2017,000800.SZ,2017-05-01,2018-05-01,verified_listing_interval,0,0,2018-04-30,,,verified_registry_endpoint,complete_export_no_new_ST_transition
000800.SZ:2018,000800.SZ,2018-05-01,2019-05-01,verified_listing_interval,0,0,2019-04-30,,,verified_registry_endpoint,complete_export_no_new_ST_transition
000800.SZ:2019,000800.SZ,2019-05-01,2020-05-01,verified_listing_interval,0,0,2020-04-30,,,verified_registry_endpoint,complete_export_no_new_ST_transition
000800.SZ:2020,000800.SZ,2020-05-01,2021-05-01,verified_listing_interval,0,0,2021-04-30,,,verified_registry_endpoint,complete_export_no_new_ST_transition
000800.SZ:2021,000800.SZ,2021-05-01,2022-05-01,verified_listing_interval,0,0,2022-04-30,,,verified_registry_endpoint,complete_export_no_new_ST_transition
000800.SZ:2022,000800.SZ,2022-05-01,2023-05-01,verified_listing_interval,0,0,2023-04-30,,,verified_registry_endpoint,complete_export_no_new_ST_transition
000800.SZ:2023,000800.SZ,2023-05-01,2024-05-01,verified_listing_interval,0,0,2024-04-30,,,verified_registry_endpoint,complete_export_no_new_ST_transition
000800.SZ:2024,000800.SZ,2024-05-01,2025-05-01,verified_listing_interval,0,0,2025-04-30,,,verified_registry_endpoint,complete_export_no_new_ST_transition
000800.SZ:2025,000800.SZ,2025-05-01,2026-05-01,verified_listing_interval,0,0,2026-04-30,,,verified_registry_endpoint,complete_export_no_new_ST_transition
000807.SZ:2017,000807.SZ,2017-05-01,2018-05-01,verified_listing_interval,0,0,2018-04-30,,,verified_registry_endpoint,complete_export_no_new_ST_transition
000807.SZ:2018,000807.SZ,2018-05-01,2019-05-01,verified_listing_interval,0,0,2019-04-30,,,verified_registry_endpoint,complete_export_no_new_ST_transition
000807.SZ:2019,000807.SZ,2019-05-01,2020-05-01,verified_listing_interval,0,0,2020-04-30,,,verified_registry_endpoint,complete_export_no_new_ST_transition
000807.SZ:2020,000807.SZ,2020-05-01,2021-05-01,verified_listing_interval,0,0,2021-04-30,,,verified_registry_endpoint,complete_export_no_new_ST_transition
000807.SZ:2021,000807.SZ,2021-05-01,2022-05-01,verified_listing_interval,0,0,2022-04-30,,,verified_registry_endpoint,complete_export_no_new_ST_transition
000807.SZ:2022,000807.SZ,2022-05-01,2023-05-01,verified_listing_interval,0,0,2023-04-30,,,verified_registry_endpoint,complete_export_no_new_ST_transition
000807.SZ:2023,000807.SZ,2023-05-01,2024-05-01,verified_listing_interval,0,0,2024-04-30,,,verified_registry_endpoint,complete_export_no_new_ST_transition
000807.SZ:2024,000807.SZ,2024-05-01,2025-05-01,verified_listing_interval,0,0,2025-04-30,,,verified_registry_endpoint,complete_export_no_new_ST_transition
000807.SZ:2025,000807.SZ,2025-05-01,2026-05-01,verified_listing_interval,0,0,2026-04-30,,,verified_registry_endpoint,complete_export_no_new_ST_transition
000821.SZ:2017,000821.SZ,2017-05-01,2018-05-01,verified_listing_interval,0,0,2018-04-30,,,verified_registry_endpoint,complete_export_no_new_ST_transition
000821.SZ:2018,000821.SZ,2018-05-01,2019-05-01,verified_listing_interval,0,0,2019-04-30,,,verified_registry_endpoint,complete_export_no_new_ST_transition
000821.SZ:2019,000821.SZ,2019-05-01,2020-05-01,verified_listing_interval,0,0,2020-04-30,,,verified_registry_endpoint,complete_export_no_new_ST_transition
000821.SZ:2020,000821.SZ,2020-05-01,2021-05-01,verified_listing_interval,0,0,2021-04-30,,,verified_registry_endpoint,complete_export_no_new_ST_transition
000821.SZ:2021,000821.SZ,2021-05-01,2022-05-01,verified_listing_interval,0,0,2022-04-30,,,verified_registry_endpoint,complete_export_no_new_ST_transition
000821.SZ:2022,000821.SZ,2022-05-01,2023-05-01,verified_listing_interval,0,0,2023-04-30,,,verified_registry_endpoint,complete_export_no_new_ST_transition
000821.SZ:2023,000821.SZ,2023-05-01,2024-05-01,verified_listing_interval,0,0,2024-04-30,,,verified_registry_endpoint,complete_export_no_new_ST_transition
000821.SZ:2024,000821.SZ,2024-05-01,2025-05-01,verified_listing_interval,0,0,2025-04-30,,,verified_registry_endpoint,complete_export_no_new_ST_transition
000821.SZ:2025,000821.SZ,2025-05-01,2026-05-01,verified_listing_interval,0,1,2026-01-20,2026-01-20,229,verified_registry_endpoint,new_ST_name_transition
000822.SZ:2017,000822.SZ,2017-05-01,2018-05-01,verified_listing_interval,0,0,2018-04-30,,,verified_registry_endpoint,complete_export_no_new_ST_transition
000822.SZ:2018,000822.SZ,2018-05-01,2019-05-01,verified_listing_interval,0,0,2019-04-30,,,verified_registry_endpoint,complete_export_no_new_ST_transition
000822.SZ:2019,000822.SZ,2019-05-01,2020-05-01,verified_listing_interval,0,0,2020-04-30,,,verified_registry_endpoint,complete_export_no_new_ST_transition
000822.SZ:2020,000822.SZ,2020-05-01,2021-05-01,verified_listing_interval,0,0,2021-04-30,,,verified_registry_endpoint,complete_export_no_new_ST_transition
000822.SZ:2021,000822.SZ,2021-05-01,2022-05-01,verified_listing_interval,0,0,2022-04-30,,,verified_registry_endpoint,complete_export_no_new_ST_transition
000822.SZ:2022,000822.SZ,2022-05-01,2023-05-01,verified_listing_interval,0,0,2023-04-30,,,verified_registry_endpoint,complete_export_no_new_ST_transition
000822.SZ:2023,000822.SZ,2023-05-01,2024-05-01,verified_listing_interval,0,0,2024-04-30,,,verified_registry_endpoint,complete_export_no_new_ST_transition
000822.SZ:2024,000822.SZ,2024-05-01,2025-05-01,verified_listing_interval,0,0,2025-04-30,,,verified_registry_endpoint,complete_export_no_new_ST_transition
000822.SZ:2025,000822.SZ,2025-05-01,2026-05-01,verified_listing_interval,0,0,2026-04-30,,,verified_registry_endpoint,complete_export_no_new_ST_transition
000823.SZ:2017,000823.SZ,2017-05-01,2018-05-01,verified_listing_interval,0,0,2018-04-30,,,verified_registry_endpoint,complete_export_no_new_ST_transition
000823.SZ:2018,000823.SZ,2018-05-01,2019-05-01,verified_listing_interval,0,0,2019-04-30,,,verified_registry_endpoint,complete_export_no_new_ST_transition
000823.SZ:2019,000823.SZ,2019-05-01,2020-05-01,verified_listing_interval,0,0,2020-04-30,,,verified_registry_endpoint,complete_export_no_new_ST_transition
000823.SZ:2020,000823.SZ,2020-05-01,2021-05-01,verified_listing_interval,0,0,2021-04-30,,,verified_registry_endpoint,complete_export_no_new_ST_transition
000823.SZ:2021,000823.SZ,2021-05-01,2022-05-01,verified_listing_interval,0,0,2022-04-30,,,verified_registry_endpoint,complete_export_no_new_ST_transition
000823.SZ:2022,000823.SZ,2022-05-01,2023-05-01,verified_listing_interval,0,0,2023-04-30,,,verified_registry_endpoint,complete_export_no_new_ST_transition
000823.SZ:2023,000823.SZ,2023-05-01,2024-05-01,verified_listing_interval,0,0,2024-04-30,,,verified_registry_endpoint,complete_export_no_new_ST_transition
000823.SZ:2024,000823.SZ,2024-05-01,2025-05-01,verified_listing_interval,0,0,2025-04-30,,,verified_registry_endpoint,complete_export_no_new_ST_transition
000823.SZ:2025,000823.SZ,2025-05-01,2026-05-01,verified_listing_interval,0,0,2026-04-30,,,verified_registry_endpoint,complete_export_no_new_ST_transition
000830.SZ:2017,000830.SZ,2017-05-01,2018-05-01,verified_listing_interval,0,0,2018-04-30,,,verified_registry_endpoint,complete_export_no_new_ST_transition
000830.SZ:2018,000830.SZ,2018-05-01,2019-05-01,verified_listing_interval,0,0,2019-04-30,,,verified_registry_endpoint,complete_export_no_new_ST_transition
000830.SZ:2019,000830.SZ,2019-05-01,2020-05-01,verified_listing_interval,0,0,2020-04-30,,,verified_registry_endpoint,complete_export_no_new_ST_transition
000830.SZ:2020,000830.SZ,2020-05-01,2021-05-01,verified_listing_interval,0,0,2021-04-30,,,verified_registry_endpoint,complete_export_no_new_ST_transition
000830.SZ:2021,000830.SZ,2021-05-01,2022-05-01,verified_listing_interval,0,0,2022-04-30,,,verified_registry_endpoint,complete_export_no_new_ST_transition
000830.SZ:2022,000830.SZ,2022-05-01,2023-05-01,verified_listing_interval,0,0,2023-04-30,,,verified_registry_endpoint,complete_export_no_new_ST_transition
000830.SZ:2023,000830.SZ,2023-05-01,2024-05-01,verified_listing_interval,0,0,2024-04-30,,,verified_registry_endpoint,complete_export_no_new_ST_transition
000830.SZ:2024,000830.SZ,2024-05-01,2025-05-01,verified_listing_interval,0,0,2025-04-30,,,verified_registry_endpoint,complete_export_no_new_ST_transition
000830.SZ:2025,000830.SZ,2025-05-01,2026-05-01,verified_listing_interval,0,0,2026-04-30,,,verified_registry_endpoint,complete_export_no_new_ST_transition
000835.SZ:2017,000835.SZ,2017-05-01,2018-05-01,verified_listing_interval,0,0,2018-04-30,,,verified_registry_endpoint,complete_export_no_new_ST_transition
000835.SZ:2018,000835.SZ,2018-05-01,2019-05-01,verified_listing_interval,0,0,2019-04-30,,,verified_registry_endpoint,complete_export_no_new_ST_transition
000835.SZ:2019,000835.SZ,2019-05-01,2020-05-01,verified_listing_interval,0,0,2020-04-30,,,verified_registry_endpoint,complete_export_no_new_ST_transition
000835.SZ:2020,000835.SZ,2020-05-01,2021-05-01,verified_listing_interval,0,1,2020-06-29,2020-06-29,2523,verified_registry_endpoint,new_ST_name_transition
000835.SZ:2021,000835.SZ,2021-05-01,2022-05-01,verified_listing_interval,1,,,,,excluded,ST_at_origin
000835.SZ:2022,000835.SZ,2022-05-01,2023-05-01,verified_listing_interval,0,,,,,right_censored,delisted_before_followup_end_without_observed_ST
000839.SZ:2017,000839.SZ,2017-05-01,2018-05-01,verified_listing_interval,0,0,2018-04-30,,,verified_registry_endpoint,complete_export_no_new_ST_transition
000839.SZ:2018,000839.SZ,2018-05-01,2019-05-01,verified_listing_interval,0,0,2019-04-30,,,verified_registry_endpoint,complete_export_no_new_ST_transition
000839.SZ:2019,000839.SZ,2019-05-01,2020-05-01,verified_listing_interval,0,0,2020-04-30,,,verified_registry_endpoint,complete_export_no_new_ST_transition
000839.SZ:2020,000839.SZ,2020-05-01,2021-05-01,verified_listing_interval,0,0,2021-04-30,,,verified_registry_endpoint,complete_export_no_new_ST_transition
000839.SZ:2021,000839.SZ,2021-05-01,2022-05-01,verified_listing_interval,0,0,2022-04-30,,,verified_registry_endpoint,complete_export_no_new_ST_transition
000839.SZ:2022,000839.SZ,2022-05-01,2023-05-01,verified_listing_interval,0,1,2022-05-06,2022-05-06,1490,verified_registry_endpoint,new_ST_name_transition
000839.SZ:2023,000839.SZ,2023-05-01,2024-05-01,verified_listing_interval,1,,,,,excluded,ST_at_origin
000839.SZ:2024,000839.SZ,2024-05-01,2025-05-01,verified_listing_interval,1,,,,,excluded,ST_at_origin
000839.SZ:2025,000839.SZ,2025-05-01,2026-05-01,verified_listing_interval,0,0,2026-04-30,,,verified_registry_endpoint,complete_export_no_new_ST_transition
000850.SZ:2017,000850.SZ,2017-05-01,2018-05-01,verified_listing_interval,0,0,2018-04-30,,,verified_registry_endpoint,complete_export_no_new_ST_transition
000850.SZ:2018,000850.SZ,2018-05-01,2019-05-01,verified_listing_interval,0,0,2019-04-30,,,verified_registry_endpoint,complete_export_no_new_ST_transition
000850.SZ:2019,000850.SZ,2019-05-01,2020-05-01,verified_listing_interval,0,0,2020-04-30,,,verified_registry_endpoint,complete_export_no_new_ST_transition
000850.SZ:2020,000850.SZ,2020-05-01,2021-05-01,verified_listing_interval,0,0,2021-04-30,,,verified_registry_endpoint,complete_export_no_new_ST_transition
000850.SZ:2021,000850.SZ,2021-05-01,2022-05-01,verified_listing_interval,0,0,2022-04-30,,,verified_registry_endpoint,complete_export_no_new_ST_transition
000850.SZ:2022,000850.SZ,2022-05-01,2023-05-01,verified_listing_interval,0,0,2023-04-30,,,verified_registry_endpoint,complete_export_no_new_ST_transition
000850.SZ:2023,000850.SZ,2023-05-01,2024-05-01,verified_listing_interval,0,0,2024-04-30,,,verified_registry_endpoint,complete_export_no_new_ST_transition
000850.SZ:2024,000850.SZ,2024-05-01,2025-05-01,verified_listing_interval,0,0,2025-04-30,,,verified_registry_endpoint,complete_export_no_new_ST_transition
000850.SZ:2025,000850.SZ,2025-05-01,2026-05-01,verified_listing_interval,0,0,2026-04-30,,,verified_registry_endpoint,complete_export_no_new_ST_transition
000861.SZ:2017,000861.SZ,2017-05-01,2018-05-01,verified_listing_interval,0,0,2018-04-30,,,verified_registry_endpoint,complete_export_no_new_ST_transition
000861.SZ:2018,000861.SZ,2018-05-01,2019-05-01,verified_listing_interval,0,0,2019-04-30,,,verified_registry_endpoint,complete_export_no_new_ST_transition
000861.SZ:2019,000861.SZ,2019-05-01,2020-05-01,verified_listing_interval,0,0,2020-04-30,,,verified_registry_endpoint,complete_export_no_new_ST_transition
000861.SZ:2020,000861.SZ,2020-05-01,2021-05-01,verified_listing_interval,0,0,2021-04-30,,,verified_registry_endpoint,complete_export_no_new_ST_transition
000861.SZ:2021,000861.SZ,2021-05-01,2022-05-01,verified_listing_interval,0,0,2022-04-30,,,verified_registry_endpoint,complete_export_no_new_ST_transition
000861.SZ:2022,000861.SZ,2022-05-01,2023-05-01,verified_listing_interval,0,0,2023-04-30,,,verified_registry_endpoint,complete_export_no_new_ST_transition
000861.SZ:2023,000861.SZ,2023-05-01,2024-05-01,verified_listing_interval,0,0,2024-04-30,,,verified_registry_endpoint,complete_export_no_new_ST_transition
000861.SZ:2024,000861.SZ,2024-05-01,2025-05-01,verified_listing_interval,0,,,,,right_censored,delisted_before_followup_end_without_observed_ST
000868.SZ:2017,000868.SZ,2017-05-01,2018-05-01,verified_listing_interval,0,0,2018-04-30,,,verified_registry_endpoint,complete_export_no_new_ST_transition
000868.SZ:2018,000868.SZ,2018-05-01,2019-05-01,verified_listing_interval,0,1,2019-04-17,2019-04-17,2837,verified_registry_endpoint,new_ST_name_transition
000868.SZ:2019,000868.SZ,2019-05-01,2020-05-01,verified_listing_interval,1,,,,,excluded,ST_at_origin
000868.SZ:2020,000868.SZ,2020-05-01,2021-05-01,verified_listing_interval,1,,,,,excluded,ST_at_origin
000868.SZ:2021,000868.SZ,2021-05-01,2022-05-01,verified_listing_interval,0,0,2022-04-30,,,verified_registry_endpoint,complete_export_no_new_ST_transition
000868.SZ:2022,000868.SZ,2022-05-01,2023-05-01,verified_listing_interval,0,0,2023-04-30,,,verified_registry_endpoint,complete_export_no_new_ST_transition
000868.SZ:2023,000868.SZ,2023-05-01,2024-05-01,verified_listing_interval,0,0,2024-04-30,,,verified_registry_endpoint,complete_export_no_new_ST_transition
000868.SZ:2024,000868.SZ,2024-05-01,2025-05-01,verified_listing_interval,0,0,2025-04-30,,,verified_registry_endpoint,complete_export_no_new_ST_transition
000868.SZ:2025,000868.SZ,2025-05-01,2026-05-01,verified_listing_interval,0,0,2026-04-30,,,verified_registry_endpoint,complete_export_no_new_ST_transition
000883.SZ:2017,000883.SZ,2017-05-01,2018-05-01,verified_listing_interval,0,0,2018-04-30,,,verified_registry_endpoint,complete_export_no_new_ST_transition
000883.SZ:2018,000883.SZ,2018-05-01,2019-05-01,verified_listing_interval,0,0,2019-04-30,,,verified_registry_endpoint,complete_export_no_new_ST_transition
000883.SZ:2019,000883.SZ,2019-05-01,2020-05-01,verified_listing_interval,0,0,2020-04-30,,,verified_registry_endpoint,complete_export_no_new_ST_transition
000883.SZ:2020,000883.SZ,2020-05-01,2021-05-01,verified_listing_interval,0,0,2021-04-30,,,verified_registry_endpoint,complete_export_no_new_ST_transition
000883.SZ:2021,000883.SZ,2021-05-01,2022-05-01,verified_listing_interval,0,0,2022-04-30,,,verified_registry_endpoint,complete_export_no_new_ST_transition
000883.SZ:2022,000883.SZ,2022-05-01,2023-05-01,verified_listing_interval,0,0,2023-04-30,,,verified_registry_endpoint,complete_export_no_new_ST_transition
000883.SZ:2023,000883.SZ,2023-05-01,2024-05-01,verified_listing_interval,0,0,2024-04-30,,,verified_registry_endpoint,complete_export_no_new_ST_transition
000883.SZ:2024,000883.SZ,2024-05-01,2025-05-01,verified_listing_interval,0,0,2025-04-30,,,verified_registry_endpoint,complete_export_no_new_ST_transition
000883.SZ:2025,000883.SZ,2025-05-01,2026-05-01,verified_listing_interval,0,0,2026-04-30,,,verified_registry_endpoint,complete_export_no_new_ST_transition
000890.SZ:2017,000890.SZ,2017-05-01,2018-05-01,verified_listing_interval,0,0,2018-04-30,,,verified_registry_endpoint,complete_export_no_new_ST_transition
000890.SZ:2018,000890.SZ,2018-05-01,2019-05-01,verified_listing_interval,0,0,2019-04-30,,,verified_registry_endpoint,complete_export_no_new_ST_transition
000890.SZ:2019,000890.SZ,2019-05-01,2020-05-01,verified_listing_interval,0,1,2020-04-28,2020-04-28,2622,verified_registry_endpoint,new_ST_name_transition
000890.SZ:2020,000890.SZ,2020-05-01,2021-05-01,verified_listing_interval,1,,,,,excluded,ST_at_origin
000890.SZ:2021,000890.SZ,2021-05-01,2022-05-01,verified_listing_interval,1,,,,,excluded,ST_at_origin
000890.SZ:2022,000890.SZ,2022-05-01,2023-05-01,verified_listing_interval,0,0,2023-04-30,,,verified_registry_endpoint,complete_export_no_new_ST_transition
000890.SZ:2023,000890.SZ,2023-05-01,2024-05-01,verified_listing_interval,0,0,2024-04-30,,,verified_registry_endpoint,complete_export_no_new_ST_transition
000890.SZ:2024,000890.SZ,2024-05-01,2025-05-01,verified_listing_interval,0,0,2025-04-30,,,verified_registry_endpoint,complete_export_no_new_ST_transition
000890.SZ:2025,000890.SZ,2025-05-01,2026-05-01,verified_listing_interval,0,0,2026-04-30,,,verified_registry_endpoint,complete_export_no_new_ST_transition
000897.SZ:2017,000897.SZ,2017-05-01,2018-05-01,verified_listing_interval,0,0,2018-04-30,,,verified_registry_endpoint,complete_export_no_new_ST_transition
000897.SZ:2018,000897.SZ,2018-05-01,2019-05-01,verified_listing_interval,0,1,2019-03-21,2019-03-21,2860,verified_registry_endpoint,new_ST_name_transition
000897.SZ:2019,000897.SZ,2019-05-01,2020-05-01,verified_listing_interval,1,,,,,excluded,ST_at_origin
000897.SZ:2020,000897.SZ,2020-05-01,2021-05-01,verified_listing_interval,1,,,,,excluded,ST_at_origin
000897.SZ:2021,000897.SZ,2021-05-01,2022-05-01,verified_listing_interval,0,0,2022-04-30,,,verified_registry_endpoint,complete_export_no_new_ST_transition
000897.SZ:2022,000897.SZ,2022-05-01,2023-05-01,verified_listing_interval,0,0,2023-04-30,,,verified_registry_endpoint,complete_export_no_new_ST_transition
000897.SZ:2023,000897.SZ,2023-05-01,2024-05-01,verified_listing_interval,0,0,2024-04-30,,,verified_registry_endpoint,complete_export_no_new_ST_transition
000897.SZ:2024,000897.SZ,2024-05-01,2025-05-01,verified_listing_interval,0,0,2025-04-30,,,verified_registry_endpoint,complete_export_no_new_ST_transition
000897.SZ:2025,000897.SZ,2025-05-01,2026-05-01,verified_listing_interval,0,0,2026-04-30,,,verified_registry_endpoint,complete_export_no_new_ST_transition
000903.SZ:2017,000903.SZ,2017-05-01,2018-05-01,verified_listing_interval,0,0,2018-04-30,,,verified_registry_endpoint,complete_export_no_new_ST_transition
000903.SZ:2018,000903.SZ,2018-05-01,2019-05-01,verified_listing_interval,0,0,2019-04-30,,,verified_registry_endpoint,complete_export_no_new_ST_transition
000903.SZ:2019,000903.SZ,2019-05-01,2020-05-01,verified_listing_interval,0,0,2020-04-30,,,verified_registry_endpoint,complete_export_no_new_ST_transition
000903.SZ:2020,000903.SZ,2020-05-01,2021-05-01,verified_listing_interval,0,0,2021-04-30,,,verified_registry_endpoint,complete_export_no_new_ST_transition
000903.SZ:2021,000903.SZ,2021-05-01,2022-05-01,verified_listing_interval,0,0,2022-04-30,,,verified_registry_endpoint,complete_export_no_new_ST_transition
000903.SZ:2022,000903.SZ,2022-05-01,2023-05-01,verified_listing_interval,0,0,2023-04-30,,,verified_registry_endpoint,complete_export_no_new_ST_transition
000903.SZ:2023,000903.SZ,2023-05-01,2024-05-01,verified_listing_interval,0,0,2024-04-30,,,verified_registry_endpoint,complete_export_no_new_ST_transition
000903.SZ:2024,000903.SZ,2024-05-01,2025-05-01,verified_listing_interval,0,0,2025-04-30,,,verified_registry_endpoint,complete_export_no_new_ST_transition
000903.SZ:2025,000903.SZ,2025-05-01,2026-05-01,verified_listing_interval,0,1,2025-07-10,2025-07-10,325,verified_registry_endpoint,new_ST_name_transition
000920.SZ:2017,000920.SZ,2017-05-01,2018-05-01,verified_listing_interval,0,0,2018-04-30,,,verified_registry_endpoint,complete_export_no_new_ST_transition
000920.SZ:2018,000920.SZ,2018-05-01,2019-05-01,verified_listing_interval,0,0,2019-04-30,,,verified_registry_endpoint,complete_export_no_new_ST_transition
000920.SZ:2019,000920.SZ,2019-05-01,2020-05-01,verified_listing_interval,0,0,2020-04-30,,,verified_registry_endpoint,complete_export_no_new_ST_transition
000920.SZ:2020,000920.SZ,2020-05-01,2021-05-01,verified_listing_interval,0,0,2021-04-30,,,verified_registry_endpoint,complete_export_no_new_ST_transition
000920.SZ:2021,000920.SZ,2021-05-01,2022-05-01,verified_listing_interval,0,0,2022-04-30,,,verified_registry_endpoint,complete_export_no_new_ST_transition
000920.SZ:2022,000920.SZ,2022-05-01,2023-05-01,verified_listing_interval,0,0,2023-04-30,,,verified_registry_endpoint,complete_export_no_new_ST_transition
000920.SZ:2023,000920.SZ,2023-05-01,2024-05-01,verified_listing_interval,0,0,2024-04-30,,,verified_registry_endpoint,complete_export_no_new_ST_transition
000920.SZ:2024,000920.SZ,2024-05-01,2025-05-01,verified_listing_interval,0,0,2025-04-30,,,verified_registry_endpoint,complete_export_no_new_ST_transition
000920.SZ:2025,000920.SZ,2025-05-01,2026-05-01,verified_listing_interval,0,0,2026-04-30,,,verified_registry_endpoint,complete_export_no_new_ST_transition
000925.SZ:2017,000925.SZ,2017-05-01,2018-05-01,verified_listing_interval,0,0,2018-04-30,,,verified_registry_endpoint,complete_export_no_new_ST_transition
000925.SZ:2018,000925.SZ,2018-05-01,2019-05-01,verified_listing_interval,0,0,2019-04-30,,,verified_registry_endpoint,complete_export_no_new_ST_transition
000925.SZ:2019,000925.SZ,2019-05-01,2020-05-01,verified_listing_interval,0,0,2020-04-30,,,verified_registry_endpoint,complete_export_no_new_ST_transition
000925.SZ:2020,000925.SZ,2020-05-01,2021-05-01,verified_listing_interval,0,0,2021-04-30,,,verified_registry_endpoint,complete_export_no_new_ST_transition
000925.SZ:2021,000925.SZ,2021-05-01,2022-05-01,verified_listing_interval,0,0,2022-04-30,,,verified_registry_endpoint,complete_export_no_new_ST_transition
000925.SZ:2022,000925.SZ,2022-05-01,2023-05-01,verified_listing_interval,0,0,2023-04-30,,,verified_registry_endpoint,complete_export_no_new_ST_transition
000925.SZ:2023,000925.SZ,2023-05-01,2024-05-01,verified_listing_interval,0,0,2024-04-30,,,verified_registry_endpoint,complete_export_no_new_ST_transition
000925.SZ:2024,000925.SZ,2024-05-01,2025-05-01,verified_listing_interval,0,0,2025-04-30,,,verified_registry_endpoint,complete_export_no_new_ST_transition
000925.SZ:2025,000925.SZ,2025-05-01,2026-05-01,verified_listing_interval,0,0,2026-04-30,,,verified_registry_endpoint,complete_export_no_new_ST_transition
000933.SZ:2017,000933.SZ,2017-05-01,2018-05-01,verified_listing_interval,1,,,,,excluded,ST_at_origin
000933.SZ:2018,000933.SZ,2018-05-01,2019-05-01,verified_listing_interval,0,0,2019-04-30,,,verified_registry_endpoint,complete_export_no_new_ST_transition
000933.SZ:2019,000933.SZ,2019-05-01,2020-05-01,verified_listing_interval,0,0,2020-04-30,,,verified_registry_endpoint,complete_export_no_new_ST_transition
000933.SZ:2020,000933.SZ,2020-05-01,2021-05-01,verified_listing_interval,0,0,2021-04-30,,,verified_registry_endpoint,complete_export_no_new_ST_transition
000933.SZ:2021,000933.SZ,2021-05-01,2022-05-01,verified_listing_interval,0,0,2022-04-30,,,verified_registry_endpoint,complete_export_no_new_ST_transition
000933.SZ:2022,000933.SZ,2022-05-01,2023-05-01,verified_listing_interval,0,0,2023-04-30,,,verified_registry_endpoint,complete_export_no_new_ST_transition
000933.SZ:2023,000933.SZ,2023-05-01,2024-05-01,verified_listing_interval,0,0,2024-04-30,,,verified_registry_endpoint,complete_export_no_new_ST_transition
000933.SZ:2024,000933.SZ,2024-05-01,2025-05-01,verified_listing_interval,0,0,2025-04-30,,,verified_registry_endpoint,complete_export_no_new_ST_transition
000933.SZ:2025,000933.SZ,2025-05-01,2026-05-01,verified_listing_interval,0,0,2026-04-30,,,verified_registry_endpoint,complete_export_no_new_ST_transition
000937.SZ:2017,000937.SZ,2017-05-01,2018-05-01,verified_listing_interval,0,0,2018-04-30,,,verified_registry_endpoint,complete_export_no_new_ST_transition
000937.SZ:2018,000937.SZ,2018-05-01,2019-05-01,verified_listing_interval,0,0,2019-04-30,,,verified_registry_endpoint,complete_export_no_new_ST_transition
000937.SZ:2019,000937.SZ,2019-05-01,2020-05-01,verified_listing_interval,0,0,2020-04-30,,,verified_registry_endpoint,complete_export_no_new_ST_transition
000937.SZ:2020,000937.SZ,2020-05-01,2021-05-01,verified_listing_interval,0,0,2021-04-30,,,verified_registry_endpoint,complete_export_no_new_ST_transition
000937.SZ:2021,000937.SZ,2021-05-01,2022-05-01,verified_listing_interval,0,0,2022-04-30,,,verified_registry_endpoint,complete_export_no_new_ST_transition
000937.SZ:2022,000937.SZ,2022-05-01,2023-05-01,verified_listing_interval,0,0,2023-04-30,,,verified_registry_endpoint,complete_export_no_new_ST_transition
000937.SZ:2023,000937.SZ,2023-05-01,2024-05-01,verified_listing_interval,0,0,2024-04-30,,,verified_registry_endpoint,complete_export_no_new_ST_transition
000937.SZ:2024,000937.SZ,2024-05-01,2025-05-01,verified_listing_interval,0,0,2025-04-30,,,verified_registry_endpoint,complete_export_no_new_ST_transition
000937.SZ:2025,000937.SZ,2025-05-01,2026-05-01,verified_listing_interval,0,0,2026-04-30,,,verified_registry_endpoint,complete_export_no_new_ST_transition
000978.SZ:2017,000978.SZ,2017-05-01,2018-05-01,verified_listing_interval,0,0,2018-04-30,,,verified_registry_endpoint,complete_export_no_new_ST_transition
000978.SZ:2018,000978.SZ,2018-05-01,2019-05-01,verified_listing_interval,0,0,2019-04-30,,,verified_registry_endpoint,complete_export_no_new_ST_transition
000978.SZ:2019,000978.SZ,2019-05-01,2020-05-01,verified_listing_interval,0,0,2020-04-30,,,verified_registry_endpoint,complete_export_no_new_ST_transition
000978.SZ:2020,000978.SZ,2020-05-01,2021-05-01,verified_listing_interval,0,0,2021-04-30,,,verified_registry_endpoint,complete_export_no_new_ST_transition
000978.SZ:2021,000978.SZ,2021-05-01,2022-05-01,verified_listing_interval,0,0,2022-04-30,,,verified_registry_endpoint,complete_export_no_new_ST_transition
000978.SZ:2022,000978.SZ,2022-05-01,2023-05-01,verified_listing_interval,0,0,2023-04-30,,,verified_registry_endpoint,complete_export_no_new_ST_transition
000978.SZ:2023,000978.SZ,2023-05-01,2024-05-01,verified_listing_interval,0,0,2024-04-30,,,verified_registry_endpoint,complete_export_no_new_ST_transition
000978.SZ:2024,000978.SZ,2024-05-01,2025-05-01,verified_listing_interval,0,0,2025-04-30,,,verified_registry_endpoint,complete_export_no_new_ST_transition
000978.SZ:2025,000978.SZ,2025-05-01,2026-05-01,verified_listing_interval,0,0,2026-04-30,,,verified_registry_endpoint,complete_export_no_new_ST_transition
000979.SZ:2017,000979.SZ,2017-05-01,2018-05-01,verified_listing_interval,0,0,2018-04-30,,,verified_registry_endpoint,complete_export_no_new_ST_transition
000979.SZ:2018,000979.SZ,2018-05-01,2019-05-01,verified_listing_interval,0,,,,,right_censored,delisted_before_followup_end_without_observed_ST
000982.SZ:2017,000982.SZ,2017-05-01,2018-05-01,verified_listing_interval,0,1,2017-05-03,2017-05-03,3274,verified_registry_endpoint,new_ST_name_transition
000982.SZ:2018,000982.SZ,2018-05-01,2019-05-01,verified_listing_interval,1,,,,,excluded,ST_at_origin
000982.SZ:2019,000982.SZ,2019-05-01,2020-05-01,verified_listing_interval,1,,,,,excluded,ST_at_origin
000982.SZ:2020,000982.SZ,2020-05-01,2021-05-01,verified_listing_interval,1,,,,,excluded,ST_at_origin
000982.SZ:2021,000982.SZ,2021-05-01,2022-05-01,verified_listing_interval,1,,,,,excluded,ST_at_origin
000982.SZ:2022,000982.SZ,2022-05-01,2023-05-01,verified_listing_interval,0,0,2023-04-30,,,verified_registry_endpoint,complete_export_no_new_ST_transition
000982.SZ:2023,000982.SZ,2023-05-01,2024-05-01,verified_listing_interval,0,0,2024-04-30,,,verified_registry_endpoint,complete_export_no_new_ST_transition
000982.SZ:2024,000982.SZ,2024-05-01,2025-05-01,verified_listing_interval,0,,,,,right_censored,delisted_before_followup_end_without_observed_ST
000985.SZ:2017,000985.SZ,2017-05-01,2018-05-01,verified_listing_interval,0,0,2018-04-30,,,verified_registry_endpoint,complete_export_no_new_ST_transition
000985.SZ:2018,000985.SZ,2018-05-01,2019-05-01,verified_listing_interval,0,0,2019-04-30,,,verified_registry_endpoint,complete_export_no_new_ST_transition
000985.SZ:2019,000985.SZ,2019-05-01,2020-05-01,verified_listing_interval,0,0,2020-04-30,,,verified_registry_endpoint,complete_export_no_new_ST_transition
000985.SZ:2020,000985.SZ,2020-05-01,2021-05-01,verified_listing_interval,0,0,2021-04-30,,,verified_registry_endpoint,complete_export_no_new_ST_transition
000985.SZ:2021,000985.SZ,2021-05-01,2022-05-01,verified_listing_interval,0,0,2022-04-30,,,verified_registry_endpoint,complete_export_no_new_ST_transition
000985.SZ:2022,000985.SZ,2022-05-01,2023-05-01,verified_listing_interval,0,0,2023-04-30,,,verified_registry_endpoint,complete_export_no_new_ST_transition
000985.SZ:2023,000985.SZ,2023-05-01,2024-05-01,verified_listing_interval,0,0,2024-04-30,,,verified_registry_endpoint,complete_export_no_new_ST_transition
000985.SZ:2024,000985.SZ,2024-05-01,2025-05-01,verified_listing_interval,0,0,2025-04-30,,,verified_registry_endpoint,complete_export_no_new_ST_transition
000985.SZ:2025,000985.SZ,2025-05-01,2026-05-01,verified_listing_interval,0,0,2026-04-30,,,verified_registry_endpoint,complete_export_no_new_ST_transition
000989.SZ:2017,000989.SZ,2017-05-01,2018-05-01,verified_listing_interval,0,0,2018-04-30,,,verified_registry_endpoint,complete_export_no_new_ST_transition
000989.SZ:2018,000989.SZ,2018-05-01,2019-05-01,verified_listing_interval,0,0,2019-04-30,,,verified_registry_endpoint,complete_export_no_new_ST_transition
000989.SZ:2019,000989.SZ,2019-05-01,2020-05-01,verified_listing_interval,0,0,2020-04-30,,,verified_registry_endpoint,complete_export_no_new_ST_transition
000989.SZ:2020,000989.SZ,2020-05-01,2021-05-01,verified_listing_interval,0,0,2021-04-30,,,verified_registry_endpoint,complete_export_no_new_ST_transition
000989.SZ:2021,000989.SZ,2021-05-01,2022-05-01,verified_listing_interval,0,0,2022-04-30,,,verified_registry_endpoint,complete_export_no_new_ST_transition
000989.SZ:2022,000989.SZ,2022-05-01,2023-05-01,verified_listing_interval,0,0,2023-04-30,,,verified_registry_endpoint,complete_export_no_new_ST_transition
000989.SZ:2023,000989.SZ,2023-05-01,2024-05-01,verified_listing_interval,0,1,2024-04-26,2024-04-26,703,verified_registry_endpoint,new_ST_name_transition
000989.SZ:2024,000989.SZ,2024-05-01,2025-05-01,verified_listing_interval,1,,,,,excluded,ST_at_origin
000989.SZ:2025,000989.SZ,2025-05-01,2026-05-01,verified_listing_interval,1,,,,,excluded,ST_at_origin
000990.SZ:2017,000990.SZ,2017-05-01,2018-05-01,verified_listing_interval,0,0,2018-04-30,,,verified_registry_endpoint,complete_export_no_new_ST_transition
000990.SZ:2018,000990.SZ,2018-05-01,2019-05-01,verified_listing_interval,0,0,2019-04-30,,,verified_registry_endpoint,complete_export_no_new_ST_transition
000990.SZ:2019,000990.SZ,2019-05-01,2020-05-01,verified_listing_interval,0,0,2020-04-30,,,verified_registry_endpoint,complete_export_no_new_ST_transition
000990.SZ:2020,000990.SZ,2020-05-01,2021-05-01,verified_listing_interval,0,0,2021-04-30,,,verified_registry_endpoint,complete_export_no_new_ST_transition
000990.SZ:2021,000990.SZ,2021-05-01,2022-05-01,verified_listing_interval,0,0,2022-04-30,,,verified_registry_endpoint,complete_export_no_new_ST_transition
000990.SZ:2022,000990.SZ,2022-05-01,2023-05-01,verified_listing_interval,0,0,2023-04-30,,,verified_registry_endpoint,complete_export_no_new_ST_transition
000990.SZ:2023,000990.SZ,2023-05-01,2024-05-01,verified_listing_interval,0,0,2024-04-30,,,verified_registry_endpoint,complete_export_no_new_ST_transition
000990.SZ:2024,000990.SZ,2024-05-01,2025-05-01,verified_listing_interval,0,0,2025-04-30,,,verified_registry_endpoint,complete_export_no_new_ST_transition
000990.SZ:2025,000990.SZ,2025-05-01,2026-05-01,verified_listing_interval,0,0,2026-04-30,,,verified_registry_endpoint,complete_export_no_new_ST_transition
001201.SZ:2024,001201.SZ,2024-05-01,2025-05-01,verified_listing_interval,0,0,2025-04-30,,,verified_registry_endpoint,complete_export_no_new_ST_transition
001201.SZ:2025,001201.SZ,2025-05-01,2026-05-01,verified_listing_interval,0,0,2026-04-30,,,verified_registry_endpoint,complete_export_no_new_ST_transition
001215.SZ:2025,001215.SZ,2025-05-01,2026-05-01,verified_listing_interval,0,0,2026-04-30,,,verified_registry_endpoint,complete_export_no_new_ST_transition
001216.SZ:2025,001216.SZ,2025-05-01,2026-05-01,verified_listing_interval,0,0,2026-04-30,,,verified_registry_endpoint,complete_export_no_new_ST_transition
001296.SZ:2025,001296.SZ,2025-05-01,2026-05-01,verified_listing_interval,0,0,2026-04-30,,,verified_registry_endpoint,complete_export_no_new_ST_transition
001979.SZ:2019,001979.SZ,2019-05-01,2020-05-01,verified_listing_interval,0,0,2020-04-30,,,verified_registry_endpoint,complete_export_no_new_ST_transition
001979.SZ:2020,001979.SZ,2020-05-01,2021-05-01,verified_listing_interval,0,0,2021-04-30,,,verified_registry_endpoint,complete_export_no_new_ST_transition
001979.SZ:2021,001979.SZ,2021-05-01,2022-05-01,verified_listing_interval,0,0,2022-04-30,,,verified_registry_endpoint,complete_export_no_new_ST_transition
001979.SZ:2022,001979.SZ,2022-05-01,2023-05-01,verified_listing_interval,0,0,2023-04-30,,,verified_registry_endpoint,complete_export_no_new_ST_transition
001979.SZ:2023,001979.SZ,2023-05-01,2024-05-01,verified_listing_interval,0,0,2024-04-30,,,verified_registry_endpoint,complete_export_no_new_ST_transition
001979.SZ:2024,001979.SZ,2024-05-01,2025-05-01,verified_listing_interval,0,0,2025-04-30,,,verified_registry_endpoint,complete_export_no_new_ST_transition
001979.SZ:2025,001979.SZ,2025-05-01,2026-05-01,verified_listing_interval,0,0,2026-04-30,,,verified_registry_endpoint,complete_export_no_new_ST_transition
002002.SZ:2017,002002.SZ,2017-05-01,2018-05-01,verified_listing_interval,0,0,2018-04-30,,,verified_registry_endpoint,complete_export_no_new_ST_transition
002002.SZ:2018,002002.SZ,2018-05-01,2019-05-01,verified_listing_interval,0,0,2019-04-30,,,verified_registry_endpoint,complete_export_no_new_ST_transition
002002.SZ:2019,002002.SZ,2019-05-01,2020-05-01,verified_listing_interval,0,0,2020-04-30,,,verified_registry_endpoint,complete_export_no_new_ST_transition
002002.SZ:2020,002002.SZ,2020-05-01,2021-05-01,verified_listing_interval,0,0,2021-04-30,,,verified_registry_endpoint,complete_export_no_new_ST_transition
002002.SZ:2021,002002.SZ,2021-05-01,2022-05-01,verified_listing_interval,0,0,2022-04-30,,,verified_registry_endpoint,complete_export_no_new_ST_transition
002002.SZ:2022,002002.SZ,2022-05-01,2023-05-01,verified_listing_interval,0,0,2023-04-30,,,verified_registry_endpoint,complete_export_no_new_ST_transition
002002.SZ:2023,002002.SZ,2023-05-01,2024-05-01,verified_listing_interval,0,1,2023-10-12,2023-10-12,802,verified_registry_endpoint,new_ST_name_transition
002014.SZ:2017,002014.SZ,2017-05-01,2018-05-01,verified_listing_interval,0,0,2018-04-30,,,verified_registry_endpoint,complete_export_no_new_ST_transition
002014.SZ:2018,002014.SZ,2018-05-01,2019-05-01,verified_listing_interval,0,0,2019-04-30,,,verified_registry_endpoint,complete_export_no_new_ST_transition
002014.SZ:2019,002014.SZ,2019-05-01,2020-05-01,verified_listing_interval,0,0,2020-04-30,,,verified_registry_endpoint,complete_export_no_new_ST_transition
002014.SZ:2020,002014.SZ,2020-05-01,2021-05-01,verified_listing_interval,0,0,2021-04-30,,,verified_registry_endpoint,complete_export_no_new_ST_transition
002014.SZ:2021,002014.SZ,2021-05-01,2022-05-01,verified_listing_interval,0,0,2022-04-30,,,verified_registry_endpoint,complete_export_no_new_ST_transition
002014.SZ:2022,002014.SZ,2022-05-01,2023-05-01,verified_listing_interval,0,0,2023-04-30,,,verified_registry_endpoint,complete_export_no_new_ST_transition
002014.SZ:2023,002014.SZ,2023-05-01,2024-05-01,verified_listing_interval,0,0,2024-04-30,,,verified_registry_endpoint,complete_export_no_new_ST_transition
002014.SZ:2024,002014.SZ,2024-05-01,2025-05-01,verified_listing_interval,0,0,2025-04-30,,,verified_registry_endpoint,complete_export_no_new_ST_transition
002014.SZ:2025,002014.SZ,2025-05-01,2026-05-01,verified_listing_interval,0,0,2026-04-30,,,verified_registry_endpoint,complete_export_no_new_ST_transition
002016.SZ:2017,002016.SZ,2017-05-01,2018-05-01,verified_listing_interval,0,0,2018-04-30,,,verified_registry_endpoint,complete_export_no_new_ST_transition
002016.SZ:2018,002016.SZ,2018-05-01,2019-05-01,verified_listing_interval,0,0,2019-04-30,,,verified_registry_endpoint,complete_export_no_new_ST_transition
002016.SZ:2019,002016.SZ,2019-05-01,2020-05-01,verified_listing_interval,0,0,2020-04-30,,,verified_registry_endpoint,complete_export_no_new_ST_transition
002016.SZ:2020,002016.SZ,2020-05-01,2021-05-01,verified_listing_interval,0,0,2021-04-30,,,verified_registry_endpoint,complete_export_no_new_ST_transition
002016.SZ:2021,002016.SZ,2021-05-01,2022-05-01,verified_listing_interval,0,0,2022-04-30,,,verified_registry_endpoint,complete_export_no_new_ST_transition
002016.SZ:2022,002016.SZ,2022-05-01,2023-05-01,verified_listing_interval,0,0,2023-04-30,,,verified_registry_endpoint,complete_export_no_new_ST_transition
002016.SZ:2023,002016.SZ,2023-05-01,2024-05-01,verified_listing_interval,0,0,2024-04-30,,,verified_registry_endpoint,complete_export_no_new_ST_transition
002016.SZ:2024,002016.SZ,2024-05-01,2025-05-01,verified_listing_interval,0,0,2025-04-30,,,verified_registry_endpoint,complete_export_no_new_ST_transition
002016.SZ:2025,002016.SZ,2025-05-01,2026-05-01,verified_listing_interval,0,0,2026-04-30,,,verified_registry_endpoint,complete_export_no_new_ST_transition
002021.SZ:2017,002021.SZ,2017-05-01,2018-05-01,verified_listing_interval,0,0,2018-04-30,,,verified_registry_endpoint,complete_export_no_new_ST_transition
002021.SZ:2018,002021.SZ,2018-05-01,2019-05-01,verified_listing_interval,0,1,2019-04-30,2019-04-30,2809,verified_registry_endpoint,new_ST_name_transition
002021.SZ:2019,002021.SZ,2019-05-01,2020-05-01,verified_listing_interval,1,,,,,excluded,ST_at_origin
002021.SZ:2020,002021.SZ,2020-05-01,2021-05-01,verified_listing_interval,1,,,,,excluded,ST_at_origin
002021.SZ:2021,002021.SZ,2021-05-01,2022-05-01,verified_listing_interval,1,,,,,excluded,ST_at_origin
002021.SZ:2022,002021.SZ,2022-05-01,2023-05-01,verified_listing_interval,1,,,,,excluded,ST_at_origin
002021.SZ:2023,002021.SZ,2023-05-01,2024-05-01,verified_listing_interval,1,,,,,excluded,ST_at_origin
002021.SZ:2024,002021.SZ,2024-05-01,2025-05-01,verified_listing_interval,1,,,,,excluded,ST_at_origin
002021.SZ:2025,002021.SZ,2025-05-01,2026-05-01,verified_listing_interval,0,0,2026-04-30,,,verified_registry_endpoint,complete_export_no_new_ST_transition
002027.SZ:2017,002027.SZ,2017-05-01,2018-05-01,verified_listing_interval,0,0,2018-04-30,,,verified_registry_endpoint,complete_export_no_new_ST_transition
002027.SZ:2018,002027.SZ,2018-05-01,2019-05-01,verified_listing_interval,0,0,2019-04-30,,,verified_registry_endpoint,complete_export_no_new_ST_transition
002027.SZ:2019,002027.SZ,2019-05-01,2020-05-01,verified_listing_interval,0,0,2020-04-30,,,verified_registry_endpoint,complete_export_no_new_ST_transition
002027.SZ:2020,002027.SZ,2020-05-01,2021-05-01,verified_listing_interval,0,0,2021-04-30,,,verified_registry_endpoint,complete_export_no_new_ST_transition
002027.SZ:2021,002027.SZ,2021-05-01,2022-05-01,verified_listing_interval,0,0,2022-04-30,,,verified_registry_endpoint,complete_export_no_new_ST_transition
002027.SZ:2022,002027.SZ,2022-05-01,2023-05-01,verified_listing_interval,0,0,2023-04-30,,,verified_registry_endpoint,complete_export_no_new_ST_transition
002027.SZ:2023,002027.SZ,2023-05-01,2024-05-01,verified_listing_interval,0,0,2024-04-30,,,verified_registry_endpoint,complete_export_no_new_ST_transition
002027.SZ:2024,002027.SZ,2024-05-01,2025-05-01,verified_listing_interval,0,0,2025-04-30,,,verified_registry_endpoint,complete_export_no_new_ST_transition
002027.SZ:2025,002027.SZ,2025-05-01,2026-05-01,verified_listing_interval,0,0,2026-04-30,,,verified_registry_endpoint,complete_export_no_new_ST_transition
002033.SZ:2017,002033.SZ,2017-05-01,2018-05-01,verified_listing_interval,0,0,2018-04-30,,,verified_registry_endpoint,complete_export_no_new_ST_transition
002033.SZ:2018,002033.SZ,2018-05-01,2019-05-01,verified_listing_interval,0,0,2019-04-30,,,verified_registry_endpoint,complete_export_no_new_ST_transition
002033.SZ:2019,002033.SZ,2019-05-01,2020-05-01,verified_listing_interval,0,0,2020-04-30,,,verified_registry_endpoint,complete_export_no_new_ST_transition
002033.SZ:2020,002033.SZ,2020-05-01,2021-05-01,verified_listing_interval,0,0,2021-04-30,,,verified_registry_endpoint,complete_export_no_new_ST_transition
002033.SZ:2021,002033.SZ,2021-05-01,2022-05-01,verified_listing_interval,0,0,2022-04-30,,,verified_registry_endpoint,complete_export_no_new_ST_transition
002033.SZ:2022,002033.SZ,2022-05-01,2023-05-01,verified_listing_interval,0,0,2023-04-30,,,verified_registry_endpoint,complete_export_no_new_ST_transition
002033.SZ:2023,002033.SZ,2023-05-01,2024-05-01,verified_listing_interval,0,0,2024-04-30,,,verified_registry_endpoint,complete_export_no_new_ST_transition
002033.SZ:2024,002033.SZ,2024-05-01,2025-05-01,verified_listing_interval,0,0,2025-04-30,,,verified_registry_endpoint,complete_export_no_new_ST_transition
002033.SZ:2025,002033.SZ,2025-05-01,2026-05-01,verified_listing_interval,0,0,2026-04-30,,,verified_registry_endpoint,complete_export_no_new_ST_transition
002039.SZ:2017,002039.SZ,2017-05-01,2018-05-01,verified_listing_interval,0,0,2018-04-30,,,verified_registry_endpoint,complete_export_no_new_ST_transition
002039.SZ:2018,002039.SZ,2018-05-01,2019-05-01,verified_listing_interval,0,0,2019-04-30,,,verified_registry_endpoint,complete_export_no_new_ST_transition
002039.SZ:2019,002039.SZ,2019-05-01,2020-05-01,verified_listing_interval,0,0,2020-04-30,,,verified_registry_endpoint,complete_export_no_new_ST_transition
002039.SZ:2020,002039.SZ,2020-05-01,2021-05-01,verified_listing_interval,0,0,2021-04-30,,,verified_registry_endpoint,complete_export_no_new_ST_transition
002039.SZ:2021,002039.SZ,2021-05-01,2022-05-01,verified_listing_interval,0,0,2022-04-30,,,verified_registry_endpoint,complete_export_no_new_ST_transition
002039.SZ:2022,002039.SZ,2022-05-01,2023-05-01,verified_listing_interval,0,0,2023-04-30,,,verified_registry_endpoint,complete_export_no_new_ST_transition
002039.SZ:2023,002039.SZ,2023-05-01,2024-05-01,verified_listing_interval,0,0,2024-04-30,,,verified_registry_endpoint,complete_export_no_new_ST_transition
002039.SZ:2024,002039.SZ,2024-05-01,2025-05-01,verified_listing_interval,0,0,2025-04-30,,,verified_registry_endpoint,complete_export_no_new_ST_transition
002039.SZ:2025,002039.SZ,2025-05-01,2026-05-01,verified_listing_interval,0,0,2026-04-30,,,verified_registry_endpoint,complete_export_no_new_ST_transition
002040.SZ:2017,002040.SZ,2017-05-01,2018-05-01,verified_listing_interval,0,0,2018-04-30,,,verified_registry_endpoint,complete_export_no_new_ST_transition
002040.SZ:2018,002040.SZ,2018-05-01,2019-05-01,verified_listing_interval,0,0,2019-04-30,,,verified_registry_endpoint,complete_export_no_new_ST_transition
002040.SZ:2019,002040.SZ,2019-05-01,2020-05-01,verified_listing_interval,0,0,2020-04-30,,,verified_registry_endpoint,complete_export_no_new_ST_transition
002040.SZ:2020,002040.SZ,2020-05-01,2021-05-01,verified_listing_interval,0,0,2021-04-30,,,verified_registry_endpoint,complete_export_no_new_ST_transition
002040.SZ:2021,002040.SZ,2021-05-01,2022-05-01,verified_listing_interval,0,0,2022-04-30,,,verified_registry_endpoint,complete_export_no_new_ST_transition
002040.SZ:2022,002040.SZ,2022-05-01,2023-05-01,verified_listing_interval,0,0,2023-04-30,,,verified_registry_endpoint,complete_export_no_new_ST_transition
002040.SZ:2023,002040.SZ,2023-05-01,2024-05-01,verified_listing_interval,0,0,2024-04-30,,,verified_registry_endpoint,complete_export_no_new_ST_transition
002040.SZ:2024,002040.SZ,2024-05-01,2025-05-01,verified_listing_interval,0,0,2025-04-30,,,verified_registry_endpoint,complete_export_no_new_ST_transition
002040.SZ:2025,002040.SZ,2025-05-01,2026-05-01,verified_listing_interval,0,0,2026-04-30,,,verified_registry_endpoint,complete_export_no_new_ST_transition
002041.SZ:2017,002041.SZ,2017-05-01,2018-05-01,verified_listing_interval,0,0,2018-04-30,,,verified_registry_endpoint,complete_export_no_new_ST_transition
002041.SZ:2018,002041.SZ,2018-05-01,2019-05-01,verified_listing_interval,0,0,2019-04-30,,,verified_registry_endpoint,complete_export_no_new_ST_transition
002041.SZ:2019,002041.SZ,2019-05-01,2020-05-01,verified_listing_interval,0,0,2020-04-30,,,verified_registry_endpoint,complete_export_no_new_ST_transition
002041.SZ:2020,002041.SZ,2020-05-01,2021-05-01,verified_listing_interval,0,0,2021-04-30,,,verified_registry_endpoint,complete_export_no_new_ST_transition
002041.SZ:2021,002041.SZ,2021-05-01,2022-05-01,verified_listing_interval,0,0,2022-04-30,,,verified_registry_endpoint,complete_export_no_new_ST_transition
002041.SZ:2022,002041.SZ,2022-05-01,2023-05-01,verified_listing_interval,0,0,2023-04-30,,,verified_registry_endpoint,complete_export_no_new_ST_transition
002041.SZ:2023,002041.SZ,2023-05-01,2024-05-01,verified_listing_interval,0,0,2024-04-30,,,verified_registry_endpoint,complete_export_no_new_ST_transition
002041.SZ:2024,002041.SZ,2024-05-01,2025-05-01,verified_listing_interval,0,0,2025-04-30,,,verified_registry_endpoint,complete_export_no_new_ST_transition
002041.SZ:2025,002041.SZ,2025-05-01,2026-05-01,verified_listing_interval,0,0,2026-04-30,,,verified_registry_endpoint,complete_export_no_new_ST_transition
002046.SZ:2017,002046.SZ,2017-05-01,2018-05-01,verified_listing_interval,0,0,2018-04-30,,,verified_registry_endpoint,complete_export_no_new_ST_transition
002046.SZ:2018,002046.SZ,2018-05-01,2019-05-01,verified_listing_interval,0,0,2019-04-30,,,verified_registry_endpoint,complete_export_no_new_ST_transition
002046.SZ:2019,002046.SZ,2019-05-01,2020-05-01,verified_listing_interval,0,0,2020-04-30,,,verified_registry_endpoint,complete_export_no_new_ST_transition
002046.SZ:2020,002046.SZ,2020-05-01,2021-05-01,verified_listing_interval,0,0,2021-04-30,,,verified_registry_endpoint,complete_export_no_new_ST_transition
002046.SZ:2021,002046.SZ,2021-05-01,2022-05-01,verified_listing_interval,0,0,2022-04-30,,,verified_registry_endpoint,complete_export_no_new_ST_transition
002046.SZ:2022,002046.SZ,2022-05-01,2023-05-01,verified_listing_interval,0,0,2023-04-30,,,verified_registry_endpoint,complete_export_no_new_ST_transition
002046.SZ:2023,002046.SZ,2023-05-01,2024-05-01,verified_listing_interval,0,0,2024-04-30,,,verified_registry_endpoint,complete_export_no_new_ST_transition
002046.SZ:2024,002046.SZ,2024-05-01,2025-05-01,verified_listing_interval,0,0,2025-04-30,,,verified_registry_endpoint,complete_export_no_new_ST_transition
002046.SZ:2025,002046.SZ,2025-05-01,2026-05-01,verified_listing_interval,0,0,2026-04-30,,,verified_registry_endpoint,complete_export_no_new_ST_transition
002050.SZ:2017,002050.SZ,2017-05-01,2018-05-01,verified_listing_interval,0,0,2018-04-30,,,verified_registry_endpoint,complete_export_no_new_ST_transition
002050.SZ:2018,002050.SZ,2018-05-01,2019-05-01,verified_listing_interval,0,0,2019-04-30,,,verified_registry_endpoint,complete_export_no_new_ST_transition
002050.SZ:2019,002050.SZ,2019-05-01,2020-05-01,verified_listing_interval,0,0,2020-04-30,,,verified_registry_endpoint,complete_export_no_new_ST_transition
002050.SZ:2020,002050.SZ,2020-05-01,2021-05-01,verified_listing_interval,0,0,2021-04-30,,,verified_registry_endpoint,complete_export_no_new_ST_transition
002050.SZ:2021,002050.SZ,2021-05-01,2022-05-01,verified_listing_interval,0,0,2022-04-30,,,verified_registry_endpoint,complete_export_no_new_ST_transition
002050.SZ:2022,002050.SZ,2022-05-01,2023-05-01,verified_listing_interval,0,0,2023-04-30,,,verified_registry_endpoint,complete_export_no_new_ST_transition
002050.SZ:2023,002050.SZ,2023-05-01,2024-05-01,verified_listing_interval,0,0,2024-04-30,,,verified_registry_endpoint,complete_export_no_new_ST_transition
002050.SZ:2024,002050.SZ,2024-05-01,2025-05-01,verified_listing_interval,0,0,2025-04-30,,,verified_registry_endpoint,complete_export_no_new_ST_transition
002050.SZ:2025,002050.SZ,2025-05-01,2026-05-01,verified_listing_interval,0,0,2026-04-30,,,verified_registry_endpoint,complete_export_no_new_ST_transition
002053.SZ:2017,002053.SZ,2017-05-01,2018-05-01,verified_listing_interval,0,0,2018-04-30,,,verified_registry_endpoint,complete_export_no_new_ST_transition
002053.SZ:2018,002053.SZ,2018-05-01,2019-05-01,verified_listing_interval,0,0,2019-04-30,,,verified_registry_endpoint,complete_export_no_new_ST_transition
002053.SZ:2019,002053.SZ,2019-05-01,2020-05-01,verified_listing_interval,0,0,2020-04-30,,,verified_registry_endpoint,complete_export_no_new_ST_transition
002053.SZ:2020,002053.SZ,2020-05-01,2021-05-01,verified_listing_interval,0,0,2021-04-30,,,verified_registry_endpoint,complete_export_no_new_ST_transition
002053.SZ:2021,002053.SZ,2021-05-01,2022-05-01,verified_listing_interval,0,0,2022-04-30,,,verified_registry_endpoint,complete_export_no_new_ST_transition
002053.SZ:2022,002053.SZ,2022-05-01,2023-05-01,verified_listing_interval,0,0,2023-04-30,,,verified_registry_endpoint,complete_export_no_new_ST_transition
002053.SZ:2023,002053.SZ,2023-05-01,2024-05-01,verified_listing_interval,0,0,2024-04-30,,,verified_registry_endpoint,complete_export_no_new_ST_transition
002053.SZ:2024,002053.SZ,2024-05-01,2025-05-01,verified_listing_interval,0,0,2025-04-30,,,verified_registry_endpoint,complete_export_no_new_ST_transition
002053.SZ:2025,002053.SZ,2025-05-01,2026-05-01,verified_listing_interval,0,0,2026-04-30,,,verified_registry_endpoint,complete_export_no_new_ST_transition
002056.SZ:2017,002056.SZ,2017-05-01,2018-05-01,verified_listing_interval,0,0,2018-04-30,,,verified_registry_endpoint,complete_export_no_new_ST_transition
002056.SZ:2018,002056.SZ,2018-05-01,2019-05-01,verified_listing_interval,0,0,2019-04-30,,,verified_registry_endpoint,complete_export_no_new_ST_transition
002056.SZ:2019,002056.SZ,2019-05-01,2020-05-01,verified_listing_interval,0,0,2020-04-30,,,verified_registry_endpoint,complete_export_no_new_ST_transition
002056.SZ:2020,002056.SZ,2020-05-01,2021-05-01,verified_listing_interval,0,0,2021-04-30,,,verified_registry_endpoint,complete_export_no_new_ST_transition
002056.SZ:2021,002056.SZ,2021-05-01,2022-05-01,verified_listing_interval,0,0,2022-04-30,,,verified_registry_endpoint,complete_export_no_new_ST_transition
002056.SZ:2022,002056.SZ,2022-05-01,2023-05-01,verified_listing_interval,0,0,2023-04-30,,,verified_registry_endpoint,complete_export_no_new_ST_transition
002056.SZ:2023,002056.SZ,2023-05-01,2024-05-01,verified_listing_interval,0,0,2024-04-30,,,verified_registry_endpoint,complete_export_no_new_ST_transition
002056.SZ:2024,002056.SZ,2024-05-01,2025-05-01,verified_listing_interval,0,0,2025-04-30,,,verified_registry_endpoint,complete_export_no_new_ST_transition
002056.SZ:2025,002056.SZ,2025-05-01,2026-05-01,verified_listing_interval,0,0,2026-04-30,,,verified_registry_endpoint,complete_export_no_new_ST_transition
002064.SZ:2017,002064.SZ,2017-05-01,2018-05-01,verified_listing_interval,0,0,2018-04-30,,,verified_registry_endpoint,complete_export_no_new_ST_transition
002064.SZ:2018,002064.SZ,2018-05-01,2019-05-01,verified_listing_interval,0,0,2019-04-30,,,verified_registry_endpoint,complete_export_no_new_ST_transition
002064.SZ:2019,002064.SZ,2019-05-01,2020-05-01,verified_listing_interval,0,0,2020-04-30,,,verified_registry_endpoint,complete_export_no_new_ST_transition
002064.SZ:2020,002064.SZ,2020-05-01,2021-05-01,verified_listing_interval,0,0,2021-04-30,,,verified_registry_endpoint,complete_export_no_new_ST_transition
002064.SZ:2021,002064.SZ,2021-05-01,2022-05-01,verified_listing_interval,0,0,2022-04-30,,,verified_registry_endpoint,complete_export_no_new_ST_transition
002064.SZ:2022,002064.SZ,2022-05-01,2023-05-01,verified_listing_interval,0,0,2023-04-30,,,verified_registry_endpoint,complete_export_no_new_ST_transition
002064.SZ:2023,002064.SZ,2023-05-01,2024-05-01,verified_listing_interval,0,0,2024-04-30,,,verified_registry_endpoint,complete_export_no_new_ST_transition
002064.SZ:2024,002064.SZ,2024-05-01,2025-05-01,verified_listing_interval,0,0,2025-04-30,,,verified_registry_endpoint,complete_export_no_new_ST_transition
002064.SZ:2025,002064.SZ,2025-05-01,2026-05-01,verified_listing_interval,0,0,2026-04-30,,,verified_registry_endpoint,complete_export_no_new_ST_transition
002069.SZ:2017,002069.SZ,2017-05-01,2018-05-01,verified_listing_interval,0,0,2018-04-30,,,verified_registry_endpoint,complete_export_no_new_ST_transition
002069.SZ:2018,002069.SZ,2018-05-01,2019-05-01,verified_listing_interval,0,0,2019-04-30,,,verified_registry_endpoint,complete_export_no_new_ST_transition
002069.SZ:2019,002069.SZ,2019-05-01,2020-05-01,verified_listing_interval,0,0,2020-04-30,,,verified_registry_endpoint,complete_export_no_new_ST_transition
002069.SZ:2020,002069.SZ,2020-05-01,2021-05-01,verified_listing_interval,0,0,2021-04-30,,,verified_registry_endpoint,complete_export_no_new_ST_transition
002069.SZ:2021,002069.SZ,2021-05-01,2022-05-01,verified_listing_interval,0,0,2022-04-30,,,verified_registry_endpoint,complete_export_no_new_ST_transition
002069.SZ:2022,002069.SZ,2022-05-01,2023-05-01,verified_listing_interval,0,1,2022-05-06,2022-05-06,1494,verified_registry_endpoint,new_ST_name_transition
002069.SZ:2023,002069.SZ,2023-05-01,2024-05-01,verified_listing_interval,1,,,,,excluded,ST_at_origin
002069.SZ:2024,002069.SZ,2024-05-01,2025-05-01,verified_listing_interval,0,0,2025-04-30,,,verified_registry_endpoint,complete_export_no_new_ST_transition
002069.SZ:2025,002069.SZ,2025-05-01,2026-05-01,verified_listing_interval,0,0,2026-04-30,,,verified_registry_endpoint,complete_export_no_new_ST_transition
002071.SZ:2017,002071.SZ,2017-05-01,2018-05-01,verified_listing_interval,0,0,2018-04-30,,,verified_registry_endpoint,complete_export_no_new_ST_transition
002071.SZ:2018,002071.SZ,2018-05-01,2019-05-01,verified_listing_interval,0,0,2019-04-30,,,verified_registry_endpoint,complete_export_no_new_ST_transition
002071.SZ:2019,002071.SZ,2019-05-01,2020-05-01,verified_listing_interval,0,0,2020-04-30,,,verified_registry_endpoint,complete_export_no_new_ST_transition
002071.SZ:2020,002071.SZ,2020-05-01,2021-05-01,verified_listing_interval,0,1,2020-06-22,2020-06-22,2530,verified_registry_endpoint,new_ST_name_transition
002071.SZ:2021,002071.SZ,2021-05-01,2022-05-01,verified_listing_interval,0,,,,,right_censored,delisted_before_followup_end_without_observed_ST
002089.SZ:2017,002089.SZ,2017-05-01,2018-05-01,verified_listing_interval,0,0,2018-04-30,,,verified_registry_endpoint,complete_export_no_new_ST_transition
002089.SZ:2018,002089.SZ,2018-05-01,2019-05-01,verified_listing_interval,0,0,2019-04-30,,,verified_registry_endpoint,complete_export_no_new_ST_transition
002089.SZ:2019,002089.SZ,2019-05-01,2020-05-01,verified_listing_interval,0,1,2019-05-06,2019-05-06,2792,verified_registry_endpoint,new_ST_name_transition
002089.SZ:2020,002089.SZ,2020-05-01,2021-05-01,verified_listing_interval,1,,,,,excluded,ST_at_origin
002089.SZ:2021,002089.SZ,2021-05-01,2022-05-01,verified_listing_interval,1,,,,,excluded,ST_at_origin
002089.SZ:2022,002089.SZ,2022-05-01,2023-05-01,verified_listing_interval,1,,,,,excluded,ST_at_origin
002089.SZ:2023,002089.SZ,2023-05-01,2024-05-01,verified_listing_interval,1,,,,,excluded,ST_at_origin
002092.SZ:2017,002092.SZ,2017-05-01,2018-05-01,verified_listing_interval,0,0,2018-04-30,,,verified_registry_endpoint,complete_export_no_new_ST_transition
002092.SZ:2018,002092.SZ,2018-05-01,2019-05-01,verified_listing_interval,0,0,2019-04-30,,,verified_registry_endpoint,complete_export_no_new_ST_transition
002092.SZ:2019,002092.SZ,2019-05-01,2020-05-01,verified_listing_interval,0,0,2020-04-30,,,verified_registry_endpoint,complete_export_no_new_ST_transition
002092.SZ:2020,002092.SZ,2020-05-01,2021-05-01,verified_listing_interval,0,0,2021-04-30,,,verified_registry_endpoint,complete_export_no_new_ST_transition
002092.SZ:2021,002092.SZ,2021-05-01,2022-05-01,verified_listing_interval,0,0,2022-04-30,,,verified_registry_endpoint,complete_export_no_new_ST_transition
002092.SZ:2022,002092.SZ,2022-05-01,2023-05-01,verified_listing_interval,0,0,2023-04-30,,,verified_registry_endpoint,complete_export_no_new_ST_transition
002092.SZ:2023,002092.SZ,2023-05-01,2024-05-01,verified_listing_interval,0,0,2024-04-30,,,verified_registry_endpoint,complete_export_no_new_ST_transition
002092.SZ:2024,002092.SZ,2024-05-01,2025-05-01,verified_listing_interval,0,1,2024-05-21,2024-05-21,651,verified_registry_endpoint,new_ST_name_transition
002092.SZ:2025,002092.SZ,2025-05-01,2026-05-01,verified_listing_interval,1,,,,,excluded,ST_at_origin
002102.SZ:2017,002102.SZ,2017-05-01,2018-05-01,verified_listing_interval,0,0,2018-04-30,,,verified_registry_endpoint,complete_export_no_new_ST_transition
002102.SZ:2018,002102.SZ,2018-05-01,2019-05-01,verified_listing_interval,0,1,2018-10-16,2018-10-16,2925,verified_registry_endpoint,new_ST_name_transition
002102.SZ:2019,002102.SZ,2019-05-01,2020-05-01,verified_listing_interval,1,,,,,excluded,ST_at_origin
002102.SZ:2020,002102.SZ,2020-05-01,2021-05-01,verified_listing_interval,1,,,,,excluded,ST_at_origin
002102.SZ:2021,002102.SZ,2021-05-01,2022-05-01,verified_listing_interval,1,,,,,excluded,ST_at_origin
002102.SZ:2022,002102.SZ,2022-05-01,2023-05-01,verified_listing_interval,1,,,,,excluded,ST_at_origin
002102.SZ:2023,002102.SZ,2023-05-01,2024-05-01,verified_listing_interval,1,,,,,excluded,ST_at_origin
002102.SZ:2024,002102.SZ,2024-05-01,2025-05-01,verified_listing_interval,0,0,2025-04-30,,,verified_registry_endpoint,complete_export_no_new_ST_transition
002102.SZ:2025,002102.SZ,2025-05-01,2026-05-01,verified_listing_interval,0,1,2026-04-30,2026-04-30,141,verified_registry_endpoint,new_ST_name_transition
002106.SZ:2017,002106.SZ,2017-05-01,2018-05-01,verified_listing_interval,0,0,2018-04-30,,,verified_registry_endpoint,complete_export_no_new_ST_transition
002106.SZ:2018,002106.SZ,2018-05-01,2019-05-01,verified_listing_interval,0,0,2019-04-30,,,verified_registry_endpoint,complete_export_no_new_ST_transition
002106.SZ:2019,002106.SZ,2019-05-01,2020-05-01,verified_listing_interval,0,0,2020-04-30,,,verified_registry_endpoint,complete_export_no_new_ST_transition
002106.SZ:2020,002106.SZ,2020-05-01,2021-05-01,verified_listing_interval,0,0,2021-04-30,,,verified_registry_endpoint,complete_export_no_new_ST_transition
002106.SZ:2021,002106.SZ,2021-05-01,2022-05-01,verified_listing_interval,0,0,2022-04-30,,,verified_registry_endpoint,complete_export_no_new_ST_transition
002106.SZ:2022,002106.SZ,2022-05-01,2023-05-01,verified_listing_interval,0,0,2023-04-30,,,verified_registry_endpoint,complete_export_no_new_ST_transition
002106.SZ:2023,002106.SZ,2023-05-01,2024-05-01,verified_listing_interval,0,0,2024-04-30,,,verified_registry_endpoint,complete_export_no_new_ST_transition
002106.SZ:2024,002106.SZ,2024-05-01,2025-05-01,verified_listing_interval,0,0,2025-04-30,,,verified_registry_endpoint,complete_export_no_new_ST_transition
002106.SZ:2025,002106.SZ,2025-05-01,2026-05-01,verified_listing_interval,0,0,2026-04-30,,,verified_registry_endpoint,complete_export_no_new_ST_transition
002110.SZ:2017,002110.SZ,2017-05-01,2018-05-01,verified_listing_interval,0,0,2018-04-30,,,verified_registry_endpoint,complete_export_no_new_ST_transition
002110.SZ:2018,002110.SZ,2018-05-01,2019-05-01,verified_listing_interval,0,0,2019-04-30,,,verified_registry_endpoint,complete_export_no_new_ST_transition
002110.SZ:2019,002110.SZ,2019-05-01,2020-05-01,verified_listing_interval,0,0,2020-04-30,,,verified_registry_endpoint,complete_export_no_new_ST_transition
002110.SZ:2020,002110.SZ,2020-05-01,2021-05-01,verified_listing_interval,0,0,2021-04-30,,,verified_registry_endpoint,complete_export_no_new_ST_transition
002110.SZ:2021,002110.SZ,2021-05-01,2022-05-01,verified_listing_interval,0,0,2022-04-30,,,verified_registry_endpoint,complete_export_no_new_ST_transition
002110.SZ:2022,002110.SZ,2022-05-01,2023-05-01,verified_listing_interval,0,0,2023-04-30,,,verified_registry_endpoint,complete_export_no_new_ST_transition
002110.SZ:2023,002110.SZ,2023-05-01,2024-05-01,verified_listing_interval,0,0,2024-04-30,,,verified_registry_endpoint,complete_export_no_new_ST_transition
002110.SZ:2024,002110.SZ,2024-05-01,2025-05-01,verified_listing_interval,0,0,2025-04-30,,,verified_registry_endpoint,complete_export_no_new_ST_transition
002110.SZ:2025,002110.SZ,2025-05-01,2026-05-01,verified_listing_interval,0,0,2026-04-30,,,verified_registry_endpoint,complete_export_no_new_ST_transition
002112.SZ:2017,002112.SZ,2017-05-01,2018-05-01,verified_listing_interval,0,0,2018-04-30,,,verified_registry_endpoint,complete_export_no_new_ST_transition
002112.SZ:2018,002112.SZ,2018-05-01,2019-05-01,verified_listing_interval,0,0,2019-04-30,,,verified_registry_endpoint,complete_export_no_new_ST_transition
002112.SZ:2019,002112.SZ,2019-05-01,2020-05-01,verified_listing_interval,0,0,2020-04-30,,,verified_registry_endpoint,complete_export_no_new_ST_transition
002112.SZ:2020,002112.SZ,2020-05-01,2021-05-01,verified_listing_interval,0,0,2021-04-30,,,verified_registry_endpoint,complete_export_no_new_ST_transition
002112.SZ:2021,002112.SZ,2021-05-01,2022-05-01,verified_listing_interval,0,0,2022-04-30,,,verified_registry_endpoint,complete_export_no_new_ST_transition
002112.SZ:2022,002112.SZ,2022-05-01,2023-05-01,verified_listing_interval,0,0,2023-04-30,,,verified_registry_endpoint,complete_export_no_new_ST_transition
002112.SZ:2023,002112.SZ,2023-05-01,2024-05-01,verified_listing_interval,0,0,2024-04-30,,,verified_registry_endpoint,complete_export_no_new_ST_transition
002112.SZ:2024,002112.SZ,2024-05-01,2025-05-01,verified_listing_interval,0,0,2025-04-30,,,verified_registry_endpoint,complete_export_no_new_ST_transition
002112.SZ:2025,002112.SZ,2025-05-01,2026-05-01,verified_listing_interval,0,0,2026-04-30,,,verified_registry_endpoint,complete_export_no_new_ST_transition
002117.SZ:2017,002117.SZ,2017-05-01,2018-05-01,verified_listing_interval,0,0,2018-04-30,,,verified_registry_endpoint,complete_export_no_new_ST_transition
002117.SZ:2018,002117.SZ,2018-05-01,2019-05-01,verified_listing_interval,0,0,2019-04-30,,,verified_registry_endpoint,complete_export_no_new_ST_transition
002117.SZ:2019,002117.SZ,2019-05-01,2020-05-01,verified_listing_interval,0,0,2020-04-30,,,verified_registry_endpoint,complete_export_no_new_ST_transition
002117.SZ:2020,002117.SZ,2020-05-01,2021-05-01,verified_listing_interval,0,0,2021-04-30,,,verified_registry_endpoint,complete_export_no_new_ST_transition
002117.SZ:2021,002117.SZ,2021-05-01,2022-05-01,verified_listing_interval,0,0,2022-04-30,,,verified_registry_endpoint,complete_export_no_new_ST_transition
002117.SZ:2022,002117.SZ,2022-05-01,2023-05-01,verified_listing_interval,0,0,2023-04-30,,,verified_registry_endpoint,complete_export_no_new_ST_transition
002117.SZ:2023,002117.SZ,2023-05-01,2024-05-01,verified_listing_interval,0,0,2024-04-30,,,verified_registry_endpoint,complete_export_no_new_ST_transition
002117.SZ:2024,002117.SZ,2024-05-01,2025-05-01,verified_listing_interval,0,0,2025-04-30,,,verified_registry_endpoint,complete_export_no_new_ST_transition
002117.SZ:2025,002117.SZ,2025-05-01,2026-05-01,verified_listing_interval,0,0,2026-04-30,,,verified_registry_endpoint,complete_export_no_new_ST_transition
002120.SZ:2017,002120.SZ,2017-05-01,2018-05-01,verified_listing_interval,0,0,2018-04-30,,,verified_registry_endpoint,complete_export_no_new_ST_transition
002120.SZ:2018,002120.SZ,2018-05-01,2019-05-01,verified_listing_interval,0,0,2019-04-30,,,verified_registry_endpoint,complete_export_no_new_ST_transition
002120.SZ:2019,002120.SZ,2019-05-01,2020-05-01,verified_listing_interval,0,0,2020-04-30,,,verified_registry_endpoint,complete_export_no_new_ST_transition
002120.SZ:2020,002120.SZ,2020-05-01,2021-05-01,verified_listing_interval,0,0,2021-04-30,,,verified_registry_endpoint,complete_export_no_new_ST_transition
002120.SZ:2021,002120.SZ,2021-05-01,2022-05-01,verified_listing_interval,0,0,2022-04-30,,,verified_registry_endpoint,complete_export_no_new_ST_transition
002120.SZ:2022,002120.SZ,2022-05-01,2023-05-01,verified_listing_interval,0,0,2023-04-30,,,verified_registry_endpoint,complete_export_no_new_ST_transition
002120.SZ:2023,002120.SZ,2023-05-01,2024-05-01,verified_listing_interval,0,0,2024-04-30,,,verified_registry_endpoint,complete_export_no_new_ST_transition
002120.SZ:2024,002120.SZ,2024-05-01,2025-05-01,verified_listing_interval,0,0,2025-04-30,,,verified_registry_endpoint,complete_export_no_new_ST_transition
002120.SZ:2025,002120.SZ,2025-05-01,2026-05-01,verified_listing_interval,0,0,2026-04-30,,,verified_registry_endpoint,complete_export_no_new_ST_transition
002121.SZ:2017,002121.SZ,2017-05-01,2018-05-01,verified_listing_interval,0,0,2018-04-30,,,verified_registry_endpoint,complete_export_no_new_ST_transition
002121.SZ:2018,002121.SZ,2018-05-01,2019-05-01,verified_listing_interval,0,0,2019-04-30,,,verified_registry_endpoint,complete_export_no_new_ST_transition
002121.SZ:2019,002121.SZ,2019-05-01,2020-05-01,verified_listing_interval,0,1,2020-04-30,2020-04-30,2601,verified_registry_endpoint,new_ST_name_transition
002121.SZ:2020,002121.SZ,2020-05-01,2021-05-01,verified_listing_interval,1,,,,,excluded,ST_at_origin
002121.SZ:2021,002121.SZ,2021-05-01,2022-05-01,verified_listing_interval,1,,,,,excluded,ST_at_origin
002121.SZ:2022,002121.SZ,2022-05-01,2023-05-01,verified_listing_interval,0,0,2023-04-30,,,verified_registry_endpoint,complete_export_no_new_ST_transition
002121.SZ:2023,002121.SZ,2023-05-01,2024-05-01,verified_listing_interval,0,0,2024-04-30,,,verified_registry_endpoint,complete_export_no_new_ST_transition
002121.SZ:2024,002121.SZ,2024-05-01,2025-05-01,verified_listing_interval,0,0,2025-04-30,,,verified_registry_endpoint,complete_export_no_new_ST_transition
002121.SZ:2025,002121.SZ,2025-05-01,2026-05-01,verified_listing_interval,0,0,2026-04-30,,,verified_registry_endpoint,complete_export_no_new_ST_transition
002125.SZ:2017,002125.SZ,2017-05-01,2018-05-01,verified_listing_interval,0,0,2018-04-30,,,verified_registry_endpoint,complete_export_no_new_ST_transition
002125.SZ:2018,002125.SZ,2018-05-01,2019-05-01,verified_listing_interval,0,0,2019-04-30,,,verified_registry_endpoint,complete_export_no_new_ST_transition
002125.SZ:2019,002125.SZ,2019-05-01,2020-05-01,verified_listing_interval,0,0,2020-04-30,,,verified_registry_endpoint,complete_export_no_new_ST_transition
002125.SZ:2020,002125.SZ,2020-05-01,2021-05-01,verified_listing_interval,0,0,2021-04-30,,,verified_registry_endpoint,complete_export_no_new_ST_transition
002125.SZ:2021,002125.SZ,2021-05-01,2022-05-01,verified_listing_interval,0,0,2022-04-30,,,verified_registry_endpoint,complete_export_no_new_ST_transition
002125.SZ:2022,002125.SZ,2022-05-01,2023-05-01,verified_listing_interval,0,0,2023-04-30,,,verified_registry_endpoint,complete_export_no_new_ST_transition
002125.SZ:2023,002125.SZ,2023-05-01,2024-05-01,verified_listing_interval,0,0,2024-04-30,,,verified_registry_endpoint,complete_export_no_new_ST_transition
002125.SZ:2024,002125.SZ,2024-05-01,2025-05-01,verified_listing_interval,0,0,2025-04-30,,,verified_registry_endpoint,complete_export_no_new_ST_transition
002125.SZ:2025,002125.SZ,2025-05-01,2026-05-01,verified_listing_interval,0,0,2026-04-30,,,verified_registry_endpoint,complete_export_no_new_ST_transition
002140.SZ:2017,002140.SZ,2017-05-01,2018-05-01,verified_listing_interval,0,0,2018-04-30,,,verified_registry_endpoint,complete_export_no_new_ST_transition
002140.SZ:2018,002140.SZ,2018-05-01,2019-05-01,verified_listing_interval,0,0,2019-04-30,,,verified_registry_endpoint,complete_export_no_new_ST_transition
002140.SZ:2019,002140.SZ,2019-05-01,2020-05-01,verified_listing_interval,0,0,2020-04-30,,,verified_registry_endpoint,complete_export_no_new_ST_transition
002140.SZ:2020,002140.SZ,2020-05-01,2021-05-01,verified_listing_interval,0,0,2021-04-30,,,verified_registry_endpoint,complete_export_no_new_ST_transition
002140.SZ:2021,002140.SZ,2021-05-01,2022-05-01,verified_listing_interval,0,0,2022-04-30,,,verified_registry_endpoint,complete_export_no_new_ST_transition
002140.SZ:2022,002140.SZ,2022-05-01,2023-05-01,verified_listing_interval,0,0,2023-04-30,,,verified_registry_endpoint,complete_export_no_new_ST_transition
002140.SZ:2023,002140.SZ,2023-05-01,2024-05-01,verified_listing_interval,0,0,2024-04-30,,,verified_registry_endpoint,complete_export_no_new_ST_transition
002140.SZ:2024,002140.SZ,2024-05-01,2025-05-01,verified_listing_interval,0,0,2025-04-30,,,verified_registry_endpoint,complete_export_no_new_ST_transition
002140.SZ:2025,002140.SZ,2025-05-01,2026-05-01,verified_listing_interval,0,0,2026-04-30,,,verified_registry_endpoint,complete_export_no_new_ST_transition
002141.SZ:2017,002141.SZ,2017-05-01,2018-05-01,verified_listing_interval,0,0,2018-04-30,,,verified_registry_endpoint,complete_export_no_new_ST_transition
002141.SZ:2018,002141.SZ,2018-05-01,2019-05-01,verified_listing_interval,0,0,2019-04-30,,,verified_registry_endpoint,complete_export_no_new_ST_transition
002141.SZ:2019,002141.SZ,2019-05-01,2020-05-01,verified_listing_interval,0,0,2020-04-30,,,verified_registry_endpoint,complete_export_no_new_ST_transition
002141.SZ:2020,002141.SZ,2020-05-01,2021-05-01,verified_listing_interval,0,0,2021-04-30,,,verified_registry_endpoint,complete_export_no_new_ST_transition
002141.SZ:2021,002141.SZ,2021-05-01,2022-05-01,verified_listing_interval,0,0,2022-04-30,,,verified_registry_endpoint,complete_export_no_new_ST_transition
002141.SZ:2022,002141.SZ,2022-05-01,2023-05-01,verified_listing_interval,0,0,2023-04-30,,,verified_registry_endpoint,complete_export_no_new_ST_transition
002141.SZ:2023,002141.SZ,2023-05-01,2024-05-01,verified_listing_interval,0,1,2024-04-29,2024-04-29,699,verified_registry_endpoint,new_ST_name_transition
002141.SZ:2024,002141.SZ,2024-05-01,2025-05-01,verified_listing_interval,1,,,,,excluded,ST_at_origin
002141.SZ:2025,002141.SZ,2025-05-01,2026-05-01,verified_listing_interval,1,,,,,excluded,ST_at_origin
002142.SZ:2017,002142.SZ,2017-05-01,2018-05-01,verified_listing_interval,0,0,2018-04-30,,,verified_registry_endpoint,complete_export_no_new_ST_transition
002142.SZ:2018,002142.SZ,2018-05-01,2019-05-01,verified_listing_interval,0,0,2019-04-30,,,verified_registry_endpoint,complete_export_no_new_ST_transition
002142.SZ:2019,002142.SZ,2019-05-01,2020-05-01,verified_listing_interval,0,0,2020-04-30,,,verified_registry_endpoint,complete_export_no_new_ST_transition
002142.SZ:2020,002142.SZ,2020-05-01,2021-05-01,verified_listing_interval,0,0,2021-04-30,,,verified_registry_endpoint,complete_export_no_new_ST_transition
002142.SZ:2021,002142.SZ,2021-05-01,2022-05-01,verified_listing_interval,0,0,2022-04-30,,,verified_registry_endpoint,complete_export_no_new_ST_transition
002142.SZ:2022,002142.SZ,2022-05-01,2023-05-01,verified_listing_interval,0,0,2023-04-30,,,verified_registry_endpoint,complete_export_no_new_ST_transition
002142.SZ:2023,002142.SZ,2023-05-01,2024-05-01,verified_listing_interval,0,0,2024-04-30,,,verified_registry_endpoint,complete_export_no_new_ST_transition
002142.SZ:2024,002142.SZ,2024-05-01,2025-05-01,verified_listing_interval,0,0,2025-04-30,,,verified_registry_endpoint,complete_export_no_new_ST_transition
002142.SZ:2025,002142.SZ,2025-05-01,2026-05-01,verified_listing_interval,0,0,2026-04-30,,,verified_registry_endpoint,complete_export_no_new_ST_transition
002145.SZ:2017,002145.SZ,2017-05-01,2018-05-01,verified_listing_interval,0,0,2018-04-30,,,verified_registry_endpoint,complete_export_no_new_ST_transition
002145.SZ:2018,002145.SZ,2018-05-01,2019-05-01,verified_listing_interval,0,0,2019-04-30,,,verified_registry_endpoint,complete_export_no_new_ST_transition
002145.SZ:2019,002145.SZ,2019-05-01,2020-05-01,verified_listing_interval,0,0,2020-04-30,,,verified_registry_endpoint,complete_export_no_new_ST_transition
002145.SZ:2020,002145.SZ,2020-05-01,2021-05-01,verified_listing_interval,0,0,2021-04-30,,,verified_registry_endpoint,complete_export_no_new_ST_transition
002145.SZ:2021,002145.SZ,2021-05-01,2022-05-01,verified_listing_interval,0,0,2022-04-30,,,verified_registry_endpoint,complete_export_no_new_ST_transition
002145.SZ:2022,002145.SZ,2022-05-01,2023-05-01,verified_listing_interval,0,0,2023-04-30,,,verified_registry_endpoint,complete_export_no_new_ST_transition
002145.SZ:2023,002145.SZ,2023-05-01,2024-05-01,verified_listing_interval,0,0,2024-04-30,,,verified_registry_endpoint,complete_export_no_new_ST_transition
002145.SZ:2024,002145.SZ,2024-05-01,2025-05-01,verified_listing_interval,0,0,2025-04-30,,,verified_registry_endpoint,complete_export_no_new_ST_transition
002145.SZ:2025,002145.SZ,2025-05-01,2026-05-01,verified_listing_interval,0,0,2026-04-30,,,verified_registry_endpoint,complete_export_no_new_ST_transition
002154.SZ:2017,002154.SZ,2017-05-01,2018-05-01,verified_listing_interval,0,0,2018-04-30,,,verified_registry_endpoint,complete_export_no_new_ST_transition
002154.SZ:2018,002154.SZ,2018-05-01,2019-05-01,verified_listing_interval,0,0,2019-04-30,,,verified_registry_endpoint,complete_export_no_new_ST_transition
002154.SZ:2019,002154.SZ,2019-05-01,2020-05-01,verified_listing_interval,0,0,2020-04-30,,,verified_registry_endpoint,complete_export_no_new_ST_transition
002154.SZ:2020,002154.SZ,2020-05-01,2021-05-01,verified_listing_interval,0,0,2021-04-30,,,verified_registry_endpoint,complete_export_no_new_ST_transition
002154.SZ:2021,002154.SZ,2021-05-01,2022-05-01,verified_listing_interval,0,0,2022-04-30,,,verified_registry_endpoint,complete_export_no_new_ST_transition
002154.SZ:2022,002154.SZ,2022-05-01,2023-05-01,verified_listing_interval,0,0,2023-04-30,,,verified_registry_endpoint,complete_export_no_new_ST_transition
002154.SZ:2023,002154.SZ,2023-05-01,2024-05-01,verified_listing_interval,0,0,2024-04-30,,,verified_registry_endpoint,complete_export_no_new_ST_transition
002154.SZ:2024,002154.SZ,2024-05-01,2025-05-01,verified_listing_interval,0,0,2025-04-30,,,verified_registry_endpoint,complete_export_no_new_ST_transition
002154.SZ:2025,002154.SZ,2025-05-01,2026-05-01,verified_listing_interval,0,0,2026-04-30,,,verified_registry_endpoint,complete_export_no_new_ST_transition
002160.SZ:2017,002160.SZ,2017-05-01,2018-05-01,verified_listing_interval,0,0,2018-04-30,,,verified_registry_endpoint,complete_export_no_new_ST_transition
002160.SZ:2018,002160.SZ,2018-05-01,2019-05-01,verified_listing_interval,0,0,2019-04-30,,,verified_registry_endpoint,complete_export_no_new_ST_transition
002160.SZ:2019,002160.SZ,2019-05-01,2020-05-01,verified_listing_interval,0,0,2020-04-30,,,verified_registry_endpoint,complete_export_no_new_ST_transition
002160.SZ:2020,002160.SZ,2020-05-01,2021-05-01,verified_listing_interval,0,0,2021-04-30,,,verified_registry_endpoint,complete_export_no_new_ST_transition
002160.SZ:2021,002160.SZ,2021-05-01,2022-05-01,verified_listing_interval,0,0,2022-04-30,,,verified_registry_endpoint,complete_export_no_new_ST_transition
002160.SZ:2022,002160.SZ,2022-05-01,2023-05-01,verified_listing_interval,0,0,2023-04-30,,,verified_registry_endpoint,complete_export_no_new_ST_transition
002160.SZ:2023,002160.SZ,2023-05-01,2024-05-01,verified_listing_interval,0,0,2024-04-30,,,verified_registry_endpoint,complete_export_no_new_ST_transition
002160.SZ:2024,002160.SZ,2024-05-01,2025-05-01,verified_listing_interval,0,0,2025-04-30,,,verified_registry_endpoint,complete_export_no_new_ST_transition
002160.SZ:2025,002160.SZ,2025-05-01,2026-05-01,verified_listing_interval,0,0,2026-04-30,,,verified_registry_endpoint,complete_export_no_new_ST_transition
002169.SZ:2017,002169.SZ,2017-05-01,2018-05-01,verified_listing_interval,0,0,2018-04-30,,,verified_registry_endpoint,complete_export_no_new_ST_transition
002169.SZ:2018,002169.SZ,2018-05-01,2019-05-01,verified_listing_interval,0,0,2019-04-30,,,verified_registry_endpoint,complete_export_no_new_ST_transition
002169.SZ:2019,002169.SZ,2019-05-01,2020-05-01,verified_listing_interval,0,0,2020-04-30,,,verified_registry_endpoint,complete_export_no_new_ST_transition
002169.SZ:2020,002169.SZ,2020-05-01,2021-05-01,verified_listing_interval,0,0,2021-04-30,,,verified_registry_endpoint,complete_export_no_new_ST_transition
002169.SZ:2021,002169.SZ,2021-05-01,2022-05-01,verified_listing_interval,0,0,2022-04-30,,,verified_registry_endpoint,complete_export_no_new_ST_transition
002169.SZ:2022,002169.SZ,2022-05-01,2023-05-01,verified_listing_interval,0,0,2023-04-30,,,verified_registry_endpoint,complete_export_no_new_ST_transition
002169.SZ:2023,002169.SZ,2023-05-01,2024-05-01,verified_listing_interval,0,0,2024-04-30,,,verified_registry_endpoint,complete_export_no_new_ST_transition
002169.SZ:2024,002169.SZ,2024-05-01,2025-05-01,verified_listing_interval,0,0,2025-04-30,,,verified_registry_endpoint,complete_export_no_new_ST_transition
002169.SZ:2025,002169.SZ,2025-05-01,2026-05-01,verified_listing_interval,0,0,2026-04-30,,,verified_registry_endpoint,complete_export_no_new_ST_transition
002174.SZ:2017,002174.SZ,2017-05-01,2018-05-01,verified_listing_interval,0,0,2018-04-30,,,verified_registry_endpoint,complete_export_no_new_ST_transition
002174.SZ:2018,002174.SZ,2018-05-01,2019-05-01,verified_listing_interval,0,0,2019-04-30,,,verified_registry_endpoint,complete_export_no_new_ST_transition
002174.SZ:2019,002174.SZ,2019-05-01,2020-05-01,verified_listing_interval,0,0,2020-04-30,,,verified_registry_endpoint,complete_export_no_new_ST_transition
002174.SZ:2020,002174.SZ,2020-05-01,2021-05-01,verified_listing_interval,0,0,2021-04-30,,,verified_registry_endpoint,complete_export_no_new_ST_transition
002174.SZ:2021,002174.SZ,2021-05-01,2022-05-01,verified_listing_interval,0,0,2022-04-30,,,verified_registry_endpoint,complete_export_no_new_ST_transition
002174.SZ:2022,002174.SZ,2022-05-01,2023-05-01,verified_listing_interval,0,0,2023-04-30,,,verified_registry_endpoint,complete_export_no_new_ST_transition
002174.SZ:2023,002174.SZ,2023-05-01,2024-05-01,verified_listing_interval,0,0,2024-04-30,,,verified_registry_endpoint,complete_export_no_new_ST_transition
002174.SZ:2024,002174.SZ,2024-05-01,2025-05-01,verified_listing_interval,0,0,2025-04-30,,,verified_registry_endpoint,complete_export_no_new_ST_transition
002174.SZ:2025,002174.SZ,2025-05-01,2026-05-01,verified_listing_interval,0,0,2026-04-30,,,verified_registry_endpoint,complete_export_no_new_ST_transition
002181.SZ:2017,002181.SZ,2017-05-01,2018-05-01,verified_listing_interval,0,0,2018-04-30,,,verified_registry_endpoint,complete_export_no_new_ST_transition
002181.SZ:2018,002181.SZ,2018-05-01,2019-05-01,verified_listing_interval,0,0,2019-04-30,,,verified_registry_endpoint,complete_export_no_new_ST_transition
002181.SZ:2019,002181.SZ,2019-05-01,2020-05-01,verified_listing_interval,0,0,2020-04-30,,,verified_registry_endpoint,complete_export_no_new_ST_transition
002181.SZ:2020,002181.SZ,2020-05-01,2021-05-01,verified_listing_interval,0,0,2021-04-30,,,verified_registry_endpoint,complete_export_no_new_ST_transition
002181.SZ:2021,002181.SZ,2021-05-01,2022-05-01,verified_listing_interval,0,0,2022-04-30,,,verified_registry_endpoint,complete_export_no_new_ST_transition
002181.SZ:2022,002181.SZ,2022-05-01,2023-05-01,verified_listing_interval,0,0,2023-04-30,,,verified_registry_endpoint,complete_export_no_new_ST_transition
002181.SZ:2023,002181.SZ,2023-05-01,2024-05-01,verified_listing_interval,0,0,2024-04-30,,,verified_registry_endpoint,complete_export_no_new_ST_transition
002181.SZ:2024,002181.SZ,2024-05-01,2025-05-01,verified_listing_interval,0,0,2025-04-30,,,verified_registry_endpoint,complete_export_no_new_ST_transition
002181.SZ:2025,002181.SZ,2025-05-01,2026-05-01,verified_listing_interval,0,0,2026-04-30,,,verified_registry_endpoint,complete_export_no_new_ST_transition
002185.SZ:2017,002185.SZ,2017-05-01,2018-05-01,verified_listing_interval,0,0,2018-04-30,,,verified_registry_endpoint,complete_export_no_new_ST_transition
002185.SZ:2018,002185.SZ,2018-05-01,2019-05-01,verified_listing_interval,0,0,2019-04-30,,,verified_registry_endpoint,complete_export_no_new_ST_transition
002185.SZ:2019,002185.SZ,2019-05-01,2020-05-01,verified_listing_interval,0,0,2020-04-30,,,verified_registry_endpoint,complete_export_no_new_ST_transition
002185.SZ:2020,002185.SZ,2020-05-01,2021-05-01,verified_listing_interval,0,0,2021-04-30,,,verified_registry_endpoint,complete_export_no_new_ST_transition
002185.SZ:2021,002185.SZ,2021-05-01,2022-05-01,verified_listing_interval,0,0,2022-04-30,,,verified_registry_endpoint,complete_export_no_new_ST_transition
002185.SZ:2022,002185.SZ,2022-05-01,2023-05-01,verified_listing_interval,0,0,2023-04-30,,,verified_registry_endpoint,complete_export_no_new_ST_transition
002185.SZ:2023,002185.SZ,2023-05-01,2024-05-01,verified_listing_interval,0,0,2024-04-30,,,verified_registry_endpoint,complete_export_no_new_ST_transition
002185.SZ:2024,002185.SZ,2024-05-01,2025-05-01,verified_listing_interval,0,0,2025-04-30,,,verified_registry_endpoint,complete_export_no_new_ST_transition
002185.SZ:2025,002185.SZ,2025-05-01,2026-05-01,verified_listing_interval,0,0,2026-04-30,,,verified_registry_endpoint,complete_export_no_new_ST_transition
002198.SZ:2017,002198.SZ,2017-05-01,2018-05-01,verified_listing_interval,0,0,2018-04-30,,,verified_registry_endpoint,complete_export_no_new_ST_transition
002198.SZ:2018,002198.SZ,2018-05-01,2019-05-01,verified_listing_interval,0,0,2019-04-30,,,verified_registry_endpoint,complete_export_no_new_ST_transition
002198.SZ:2019,002198.SZ,2019-05-01,2020-05-01,verified_listing_interval,0,0,2020-04-30,,,verified_registry_endpoint,complete_export_no_new_ST_transition
002198.SZ:2020,002198.SZ,2020-05-01,2021-05-01,verified_listing_interval,0,0,2021-04-30,,,verified_registry_endpoint,complete_export_no_new_ST_transition
002198.SZ:2021,002198.SZ,2021-05-01,2022-05-01,verified_listing_interval,0,0,2022-04-30,,,verified_registry_endpoint,complete_export_no_new_ST_transition
002198.SZ:2022,002198.SZ,2022-05-01,2023-05-01,verified_listing_interval,0,0,2023-04-30,,,verified_registry_endpoint,complete_export_no_new_ST_transition
002198.SZ:2023,002198.SZ,2023-05-01,2024-05-01,verified_listing_interval,0,0,2024-04-30,,,verified_registry_endpoint,complete_export_no_new_ST_transition
002198.SZ:2024,002198.SZ,2024-05-01,2025-05-01,verified_listing_interval,0,0,2025-04-30,,,verified_registry_endpoint,complete_export_no_new_ST_transition
002198.SZ:2025,002198.SZ,2025-05-01,2026-05-01,verified_listing_interval,0,0,2026-04-30,,,verified_registry_endpoint,complete_export_no_new_ST_transition
002212.SZ:2017,002212.SZ,2017-05-01,2018-05-01,verified_listing_interval,0,0,2018-04-30,,,verified_registry_endpoint,complete_export_no_new_ST_transition
002212.SZ:2018,002212.SZ,2018-05-01,2019-05-01,verified_listing_interval,0,0,2019-04-30,,,verified_registry_endpoint,complete_export_no_new_ST_transition
002212.SZ:2019,002212.SZ,2019-05-01,2020-05-01,verified_listing_interval,0,0,2020-04-30,,,verified_registry_endpoint,complete_export_no_new_ST_transition
002212.SZ:2020,002212.SZ,2020-05-01,2021-05-01,verified_listing_interval,0,0,2021-04-30,,,verified_registry_endpoint,complete_export_no_new_ST_transition
002212.SZ:2021,002212.SZ,2021-05-01,2022-05-01,verified_listing_interval,0,0,2022-04-30,,,verified_registry_endpoint,complete_export_no_new_ST_transition
002212.SZ:2022,002212.SZ,2022-05-01,2023-05-01,verified_listing_interval,0,0,2023-04-30,,,verified_registry_endpoint,complete_export_no_new_ST_transition
002212.SZ:2023,002212.SZ,2023-05-01,2024-05-01,verified_listing_interval,0,0,2024-04-30,,,verified_registry_endpoint,complete_export_no_new_ST_transition
002212.SZ:2024,002212.SZ,2024-05-01,2025-05-01,verified_listing_interval,0,0,2025-04-30,,,verified_registry_endpoint,complete_export_no_new_ST_transition
002212.SZ:2025,002212.SZ,2025-05-01,2026-05-01,verified_listing_interval,0,0,2026-04-30,,,verified_registry_endpoint,complete_export_no_new_ST_transition
002222.SZ:2017,002222.SZ,2017-05-01,2018-05-01,verified_listing_interval,0,0,2018-04-30,,,verified_registry_endpoint,complete_export_no_new_ST_transition
002222.SZ:2018,002222.SZ,2018-05-01,2019-05-01,verified_listing_interval,0,0,2019-04-30,,,verified_registry_endpoint,complete_export_no_new_ST_transition
002222.SZ:2019,002222.SZ,2019-05-01,2020-05-01,verified_listing_interval,0,0,2020-04-30,,,verified_registry_endpoint,complete_export_no_new_ST_transition
002222.SZ:2020,002222.SZ,2020-05-01,2021-05-01,verified_listing_interval,0,0,2021-04-30,,,verified_registry_endpoint,complete_export_no_new_ST_transition
002222.SZ:2021,002222.SZ,2021-05-01,2022-05-01,verified_listing_interval,0,0,2022-04-30,,,verified_registry_endpoint,complete_export_no_new_ST_transition
002222.SZ:2022,002222.SZ,2022-05-01,2023-05-01,verified_listing_interval,0,0,2023-04-30,,,verified_registry_endpoint,complete_export_no_new_ST_transition
002222.SZ:2023,002222.SZ,2023-05-01,2024-05-01,verified_listing_interval,0,0,2024-04-30,,,verified_registry_endpoint,complete_export_no_new_ST_transition
002222.SZ:2024,002222.SZ,2024-05-01,2025-05-01,verified_listing_interval,0,0,2025-04-30,,,verified_registry_endpoint,complete_export_no_new_ST_transition
002222.SZ:2025,002222.SZ,2025-05-01,2026-05-01,verified_listing_interval,0,0,2026-04-30,,,verified_registry_endpoint,complete_export_no_new_ST_transition
002223.SZ:2017,002223.SZ,2017-05-01,2018-05-01,verified_listing_interval,0,0,2018-04-30,,,verified_registry_endpoint,complete_export_no_new_ST_transition
002223.SZ:2018,002223.SZ,2018-05-01,2019-05-01,verified_listing_interval,0,0,2019-04-30,,,verified_registry_endpoint,complete_export_no_new_ST_transition
002223.SZ:2019,002223.SZ,2019-05-01,2020-05-01,verified_listing_interval,0,0,2020-04-30,,,verified_registry_endpoint,complete_export_no_new_ST_transition
002223.SZ:2020,002223.SZ,2020-05-01,2021-05-01,verified_listing_interval,0,0,2021-04-30,,,verified_registry_endpoint,complete_export_no_new_ST_transition
002223.SZ:2021,002223.SZ,2021-05-01,2022-05-01,verified_listing_interval,0,0,2022-04-30,,,verified_registry_endpoint,complete_export_no_new_ST_transition
002223.SZ:2022,002223.SZ,2022-05-01,2023-05-01,verified_listing_interval,0,0,2023-04-30,,,verified_registry_endpoint,complete_export_no_new_ST_transition
002223.SZ:2023,002223.SZ,2023-05-01,2024-05-01,verified_listing_interval,0,0,2024-04-30,,,verified_registry_endpoint,complete_export_no_new_ST_transition
002223.SZ:2024,002223.SZ,2024-05-01,2025-05-01,verified_listing_interval,0,0,2025-04-30,,,verified_registry_endpoint,complete_export_no_new_ST_transition
002223.SZ:2025,002223.SZ,2025-05-01,2026-05-01,verified_listing_interval,0,0,2026-04-30,,,verified_registry_endpoint,complete_export_no_new_ST_transition
002224.SZ:2017,002224.SZ,2017-05-01,2018-05-01,verified_listing_interval,0,0,2018-04-30,,,verified_registry_endpoint,complete_export_no_new_ST_transition
002224.SZ:2018,002224.SZ,2018-05-01,2019-05-01,verified_listing_interval,0,0,2019-04-30,,,verified_registry_endpoint,complete_export_no_new_ST_transition
002224.SZ:2019,002224.SZ,2019-05-01,2020-05-01,verified_listing_interval,0,0,2020-04-30,,,verified_registry_endpoint,complete_export_no_new_ST_transition
002224.SZ:2020,002224.SZ,2020-05-01,2021-05-01,verified_listing_interval,0,0,2021-04-30,,,verified_registry_endpoint,complete_export_no_new_ST_transition
002224.SZ:2021,002224.SZ,2021-05-01,2022-05-01,verified_listing_interval,0,0,2022-04-30,,,verified_registry_endpoint,complete_export_no_new_ST_transition
002224.SZ:2022,002224.SZ,2022-05-01,2023-05-01,verified_listing_interval,0,0,2023-04-30,,,verified_registry_endpoint,complete_export_no_new_ST_transition
002224.SZ:2023,002224.SZ,2023-05-01,2024-05-01,verified_listing_interval,0,0,2024-04-30,,,verified_registry_endpoint,complete_export_no_new_ST_transition
002224.SZ:2024,002224.SZ,2024-05-01,2025-05-01,verified_listing_interval,0,0,2025-04-30,,,verified_registry_endpoint,complete_export_no_new_ST_transition
002224.SZ:2025,002224.SZ,2025-05-01,2026-05-01,verified_listing_interval,0,0,2026-04-30,,,verified_registry_endpoint,complete_export_no_new_ST_transition
002227.SZ:2017,002227.SZ,2017-05-01,2018-05-01,verified_listing_interval,0,0,2018-04-30,,,verified_registry_endpoint,complete_export_no_new_ST_transition
002227.SZ:2018,002227.SZ,2018-05-01,2019-05-01,verified_listing_interval,0,0,2019-04-30,,,verified_registry_endpoint,complete_export_no_new_ST_transition
002227.SZ:2019,002227.SZ,2019-05-01,2020-05-01,verified_listing_interval,0,0,2020-04-30,,,verified_registry_endpoint,complete_export_no_new_ST_transition
002227.SZ:2020,002227.SZ,2020-05-01,2021-05-01,verified_listing_interval,0,0,2021-04-30,,,verified_registry_endpoint,complete_export_no_new_ST_transition
002227.SZ:2021,002227.SZ,2021-05-01,2022-05-01,verified_listing_interval,0,0,2022-04-30,,,verified_registry_endpoint,complete_export_no_new_ST_transition
002227.SZ:2022,002227.SZ,2022-05-01,2023-05-01,verified_listing_interval,0,0,2023-04-30,,,verified_registry_endpoint,complete_export_no_new_ST_transition
002227.SZ:2023,002227.SZ,2023-05-01,2024-05-01,verified_listing_interval,0,0,2024-04-30,,,verified_registry_endpoint,complete_export_no_new_ST_transition
002227.SZ:2024,002227.SZ,2024-05-01,2025-05-01,verified_listing_interval,0,0,2025-04-30,,,verified_registry_endpoint,complete_export_no_new_ST_transition
002227.SZ:2025,002227.SZ,2025-05-01,2026-05-01,verified_listing_interval,0,1,2026-04-22,2026-04-22,182,verified_registry_endpoint,new_ST_name_transition
002246.SZ:2017,002246.SZ,2017-05-01,2018-05-01,verified_listing_interval,0,0,2018-04-30,,,verified_registry_endpoint,complete_export_no_new_ST_transition
002246.SZ:2018,002246.SZ,2018-05-01,2019-05-01,verified_listing_interval,0,0,2019-04-30,,,verified_registry_endpoint,complete_export_no_new_ST_transition
002246.SZ:2019,002246.SZ,2019-05-01,2020-05-01,verified_listing_interval,0,0,2020-04-30,,,verified_registry_endpoint,complete_export_no_new_ST_transition
002246.SZ:2020,002246.SZ,2020-05-01,2021-05-01,verified_listing_interval,0,0,2021-04-30,,,verified_registry_endpoint,complete_export_no_new_ST_transition
002246.SZ:2021,002246.SZ,2021-05-01,2022-05-01,verified_listing_interval,0,0,2022-04-30,,,verified_registry_endpoint,complete_export_no_new_ST_transition
002246.SZ:2022,002246.SZ,2022-05-01,2023-05-01,verified_listing_interval,0,0,2023-04-30,,,verified_registry_endpoint,complete_export_no_new_ST_transition
002246.SZ:2023,002246.SZ,2023-05-01,2024-05-01,verified_listing_interval,0,0,2024-04-30,,,verified_registry_endpoint,complete_export_no_new_ST_transition
002246.SZ:2024,002246.SZ,2024-05-01,2025-05-01,verified_listing_interval,0,0,2025-04-30,,,verified_registry_endpoint,complete_export_no_new_ST_transition
002246.SZ:2025,002246.SZ,2025-05-01,2026-05-01,verified_listing_interval,0,0,2026-04-30,,,verified_registry_endpoint,complete_export_no_new_ST_transition
002249.SZ:2017,002249.SZ,2017-05-01,2018-05-01,verified_listing_interval,0,0,2018-04-30,,,verified_registry_endpoint,complete_export_no_new_ST_transition
002249.SZ:2018,002249.SZ,2018-05-01,2019-05-01,verified_listing_interval,0,0,2019-04-30,,,verified_registry_endpoint,complete_export_no_new_ST_transition
002249.SZ:2019,002249.SZ,2019-05-01,2020-05-01,verified_listing_interval,0,0,2020-04-30,,,verified_registry_endpoint,complete_export_no_new_ST_transition
002249.SZ:2020,002249.SZ,2020-05-01,2021-05-01,verified_listing_interval,0,0,2021-04-30,,,verified_registry_endpoint,complete_export_no_new_ST_transition
002249.SZ:2021,002249.SZ,2021-05-01,2022-05-01,verified_listing_interval,0,0,2022-04-30,,,verified_registry_endpoint,complete_export_no_new_ST_transition
002249.SZ:2022,002249.SZ,2022-05-01,2023-05-01,verified_listing_interval,0,0,2023-04-30,,,verified_registry_endpoint,complete_export_no_new_ST_transition
002249.SZ:2023,002249.SZ,2023-05-01,2024-05-01,verified_listing_interval,0,0,2024-04-30,,,verified_registry_endpoint,complete_export_no_new_ST_transition
002249.SZ:2024,002249.SZ,2024-05-01,2025-05-01,verified_listing_interval,0,0,2025-04-30,,,verified_registry_endpoint,complete_export_no_new_ST_transition
002249.SZ:2025,002249.SZ,2025-05-01,2026-05-01,verified_listing_interval,0,0,2026-04-30,,,verified_registry_endpoint,complete_export_no_new_ST_transition
002254.SZ:2017,002254.SZ,2017-05-01,2018-05-01,verified_listing_interval,0,0,2018-04-30,,,verified_registry_endpoint,complete_export_no_new_ST_transition
002254.SZ:2018,002254.SZ,2018-05-01,2019-05-01,verified_listing_interval,0,0,2019-04-30,,,verified_registry_endpoint,complete_export_no_new_ST_transition
002254.SZ:2019,002254.SZ,2019-05-01,2020-05-01,verified_listing_interval,0,0,2020-04-30,,,verified_registry_endpoint,complete_export_no_new_ST_transition
002254.SZ:2020,002254.SZ,2020-05-01,2021-05-01,verified_listing_interval,0,0,2021-04-30,,,verified_registry_endpoint,complete_export_no_new_ST_transition
002254.SZ:2021,002254.SZ,2021-05-01,2022-05-01,verified_listing_interval,0,0,2022-04-30,,,verified_registry_endpoint,complete_export_no_new_ST_transition
002254.SZ:2022,002254.SZ,2022-05-01,2023-05-01,verified_listing_interval,0,0,2023-04-30,,,verified_registry_endpoint,complete_export_no_new_ST_transition
002254.SZ:2023,002254.SZ,2023-05-01,2024-05-01,verified_listing_interval,0,0,2024-04-30,,,verified_registry_endpoint,complete_export_no_new_ST_transition
002254.SZ:2024,002254.SZ,2024-05-01,2025-05-01,verified_listing_interval,0,0,2025-04-30,,,verified_registry_endpoint,complete_export_no_new_ST_transition
002254.SZ:2025,002254.SZ,2025-05-01,2026-05-01,verified_listing_interval,0,0,2026-04-30,,,verified_registry_endpoint,complete_export_no_new_ST_transition
002255.SZ:2017,002255.SZ,2017-05-01,2018-05-01,verified_listing_interval,0,0,2018-04-30,,,verified_registry_endpoint,complete_export_no_new_ST_transition
002255.SZ:2018,002255.SZ,2018-05-01,2019-05-01,verified_listing_interval,0,0,2019-04-30,,,verified_registry_endpoint,complete_export_no_new_ST_transition
002255.SZ:2019,002255.SZ,2019-05-01,2020-05-01,verified_listing_interval,0,1,2020-04-29,2020-04-29,2618,verified_registry_endpoint,new_ST_name_transition
002255.SZ:2020,002255.SZ,2020-05-01,2021-05-01,verified_listing_interval,1,,,,,excluded,ST_at_origin
002255.SZ:2021,002255.SZ,2021-05-01,2022-05-01,verified_listing_interval,1,,,,,excluded,ST_at_origin
002255.SZ:2022,002255.SZ,2022-05-01,2023-05-01,verified_listing_interval,0,0,2023-04-30,,,verified_registry_endpoint,complete_export_no_new_ST_transition
002255.SZ:2023,002255.SZ,2023-05-01,2024-05-01,verified_listing_interval,0,0,2024-04-30,,,verified_registry_endpoint,complete_export_no_new_ST_transition
002255.SZ:2024,002255.SZ,2024-05-01,2025-05-01,verified_listing_interval,0,0,2025-04-30,,,verified_registry_endpoint,complete_export_no_new_ST_transition
002255.SZ:2025,002255.SZ,2025-05-01,2026-05-01,verified_listing_interval,0,0,2026-04-30,,,verified_registry_endpoint,complete_export_no_new_ST_transition
002256.SZ:2017,002256.SZ,2017-05-01,2018-05-01,verified_listing_interval,0,0,2018-04-30,,,verified_registry_endpoint,complete_export_no_new_ST_transition
002256.SZ:2018,002256.SZ,2018-05-01,2019-05-01,verified_listing_interval,0,0,2019-04-30,,,verified_registry_endpoint,complete_export_no_new_ST_transition
002256.SZ:2019,002256.SZ,2019-05-01,2020-05-01,verified_listing_interval,0,1,2020-04-27,2020-04-27,2624,verified_registry_endpoint,new_ST_name_transition
002256.SZ:2020,002256.SZ,2020-05-01,2021-05-01,verified_listing_interval,1,,,,,excluded,ST_at_origin
002256.SZ:2021,002256.SZ,2021-05-01,2022-05-01,verified_listing_interval,1,,,,,excluded,ST_at_origin
002256.SZ:2022,002256.SZ,2022-05-01,2023-05-01,verified_listing_interval,0,0,2023-04-30,,,verified_registry_endpoint,complete_export_no_new_ST_transition
002256.SZ:2023,002256.SZ,2023-05-01,2024-05-01,verified_listing_interval,0,0,2024-04-30,,,verified_registry_endpoint,complete_export_no_new_ST_transition
002256.SZ:2024,002256.SZ,2024-05-01,2025-05-01,verified_listing_interval,0,0,2025-04-30,,,verified_registry_endpoint,complete_export_no_new_ST_transition
002256.SZ:2025,002256.SZ,2025-05-01,2026-05-01,verified_listing_interval,0,0,2026-04-30,,,verified_registry_endpoint,complete_export_no_new_ST_transition
002260.SZ:2017,002260.SZ,2017-05-01,2018-05-01,verified_listing_interval,0,0,2018-04-30,,,verified_registry_endpoint,complete_export_no_new_ST_transition
002260.SZ:2018,002260.SZ,2018-05-01,2019-05-01,verified_listing_interval,0,1,2018-05-02,2018-05-02,3010,verified_registry_endpoint,new_ST_name_transition
002260.SZ:2019,002260.SZ,2019-05-01,2020-05-01,verified_listing_interval,1,,,,,excluded,ST_at_origin
002260.SZ:2020,002260.SZ,2020-05-01,2021-05-01,verified_listing_interval,1,,,,,excluded,ST_at_origin
002260.SZ:2021,002260.SZ,2021-05-01,2022-05-01,verified_listing_interval,1,,,,,excluded,ST_at_origin
002260.SZ:2022,002260.SZ,2022-05-01,2023-05-01,verified_listing_interval,1,,,,,excluded,ST_at_origin
002265.SZ:2017,002265.SZ,2017-05-01,2018-05-01,verified_listing_interval,0,0,2018-04-30,,,verified_registry_endpoint,complete_export_no_new_ST_transition
002265.SZ:2018,002265.SZ,2018-05-01,2019-05-01,verified_listing_interval,0,0,2019-04-30,,,verified_registry_endpoint,complete_export_no_new_ST_transition
002265.SZ:2019,002265.SZ,2019-05-01,2020-05-01,verified_listing_interval,0,0,2020-04-30,,,verified_registry_endpoint,complete_export_no_new_ST_transition
002265.SZ:2020,002265.SZ,2020-05-01,2021-05-01,verified_listing_interval,0,0,2021-04-30,,,verified_registry_endpoint,complete_export_no_new_ST_transition
002265.SZ:2021,002265.SZ,2021-05-01,2022-05-01,verified_listing_interval,0,0,2022-04-30,,,verified_registry_endpoint,complete_export_no_new_ST_transition
002265.SZ:2022,002265.SZ,2022-05-01,2023-05-01,verified_listing_interval,0,0,2023-04-30,,,verified_registry_endpoint,complete_export_no_new_ST_transition
002265.SZ:2023,002265.SZ,2023-05-01,2024-05-01,verified_listing_interval,0,0,2024-04-30,,,verified_registry_endpoint,complete_export_no_new_ST_transition
002265.SZ:2024,002265.SZ,2024-05-01,2025-05-01,verified_listing_interval,0,0,2025-04-30,,,verified_registry_endpoint,complete_export_no_new_ST_transition
002265.SZ:2025,002265.SZ,2025-05-01,2026-05-01,verified_listing_interval,0,0,2026-04-30,,,verified_registry_endpoint,complete_export_no_new_ST_transition
002267.SZ:2017,002267.SZ,2017-05-01,2018-05-01,verified_listing_interval,0,0,2018-04-30,,,verified_registry_endpoint,complete_export_no_new_ST_transition
002267.SZ:2018,002267.SZ,2018-05-01,2019-05-01,verified_listing_interval,0,0,2019-04-30,,,verified_registry_endpoint,complete_export_no_new_ST_transition
002267.SZ:2019,002267.SZ,2019-05-01,2020-05-01,verified_listing_interval,0,0,2020-04-30,,,verified_registry_endpoint,complete_export_no_new_ST_transition
002267.SZ:2020,002267.SZ,2020-05-01,2021-05-01,verified_listing_interval,0,0,2021-04-30,,,verified_registry_endpoint,complete_export_no_new_ST_transition
002267.SZ:2021,002267.SZ,2021-05-01,2022-05-01,verified_listing_interval,0,0,2022-04-30,,,verified_registry_endpoint,complete_export_no_new_ST_transition
002267.SZ:2022,002267.SZ,2022-05-01,2023-05-01,verified_listing_interval,0,0,2023-04-30,,,verified_registry_endpoint,complete_export_no_new_ST_transition
002267.SZ:2023,002267.SZ,2023-05-01,2024-05-01,verified_listing_interval,0,0,2024-04-30,,,verified_registry_endpoint,complete_export_no_new_ST_transition
002267.SZ:2024,002267.SZ,2024-05-01,2025-05-01,verified_listing_interval,0,0,2025-04-30,,,verified_registry_endpoint,complete_export_no_new_ST_transition
002267.SZ:2025,002267.SZ,2025-05-01,2026-05-01,verified_listing_interval,0,0,2026-04-30,,,verified_registry_endpoint,complete_export_no_new_ST_transition
002271.SZ:2017,002271.SZ,2017-05-01,2018-05-01,verified_listing_interval,0,0,2018-04-30,,,verified_registry_endpoint,complete_export_no_new_ST_transition
002271.SZ:2018,002271.SZ,2018-05-01,2019-05-01,verified_listing_interval,0,0,2019-04-30,,,verified_registry_endpoint,complete_export_no_new_ST_transition
002271.SZ:2019,002271.SZ,2019-05-01,2020-05-01,verified_listing_interval,0,0,2020-04-30,,,verified_registry_endpoint,complete_export_no_new_ST_transition
002271.SZ:2020,002271.SZ,2020-05-01,2021-05-01,verified_listing_interval,0,0,2021-04-30,,,verified_registry_endpoint,complete_export_no_new_ST_transition
002271.SZ:2021,002271.SZ,2021-05-01,2022-05-01,verified_listing_interval,0,0,2022-04-30,,,verified_registry_endpoint,complete_export_no_new_ST_transition
002271.SZ:2022,002271.SZ,2022-05-01,2023-05-01,verified_listing_interval,0,0,2023-04-30,,,verified_registry_endpoint,complete_export_no_new_ST_transition
002271.SZ:2023,002271.SZ,2023-05-01,2024-05-01,verified_listing_interval,0,0,2024-04-30,,,verified_registry_endpoint,complete_export_no_new_ST_transition
002271.SZ:2024,002271.SZ,2024-05-01,2025-05-01,verified_listing_interval,0,0,2025-04-30,,,verified_registry_endpoint,complete_export_no_new_ST_transition
002271.SZ:2025,002271.SZ,2025-05-01,2026-05-01,verified_listing_interval,0,0,2026-04-30,,,verified_registry_endpoint,complete_export_no_new_ST_transition
002272.SZ:2017,002272.SZ,2017-05-01,2018-05-01,verified_listing_interval,0,0,2018-04-30,,,verified_registry_endpoint,complete_export_no_new_ST_transition
002272.SZ:2018,002272.SZ,2018-05-01,2019-05-01,verified_listing_interval,0,0,2019-04-30,,,verified_registry_endpoint,complete_export_no_new_ST_transition
002272.SZ:2019,002272.SZ,2019-05-01,2020-05-01,verified_listing_interval,0,0,2020-04-30,,,verified_registry_endpoint,complete_export_no_new_ST_transition
002272.SZ:2020,002272.SZ,2020-05-01,2021-05-01,verified_listing_interval,0,0,2021-04-30,,,verified_registry_endpoint,complete_export_no_new_ST_transition
002272.SZ:2021,002272.SZ,2021-05-01,2022-05-01,verified_listing_interval,0,0,2022-04-30,,,verified_registry_endpoint,complete_export_no_new_ST_transition
002272.SZ:2022,002272.SZ,2022-05-01,2023-05-01,verified_listing_interval,0,0,2023-04-30,,,verified_registry_endpoint,complete_export_no_new_ST_transition
002272.SZ:2023,002272.SZ,2023-05-01,2024-05-01,verified_listing_interval,0,0,2024-04-30,,,verified_registry_endpoint,complete_export_no_new_ST_transition
002272.SZ:2024,002272.SZ,2024-05-01,2025-05-01,verified_listing_interval,0,0,2025-04-30,,,verified_registry_endpoint,complete_export_no_new_ST_transition
002272.SZ:2025,002272.SZ,2025-05-01,2026-05-01,verified_listing_interval,0,0,2026-04-30,,,verified_registry_endpoint,complete_export_no_new_ST_transition
002275.SZ:2017,002275.SZ,2017-05-01,2018-05-01,verified_listing_interval,0,0,2018-04-30,,,verified_registry_endpoint,complete_export_no_new_ST_transition
002275.SZ:2018,002275.SZ,2018-05-01,2019-05-01,verified_listing_interval,0,0,2019-04-30,,,verified_registry_endpoint,complete_export_no_new_ST_transition
002275.SZ:2019,002275.SZ,2019-05-01,2020-05-01,verified_listing_interval,0,0,2020-04-30,,,verified_registry_endpoint,complete_export_no_new_ST_transition
002275.SZ:2020,002275.SZ,2020-05-01,2021-05-01,verified_listing_interval,0,0,2021-04-30,,,verified_registry_endpoint,complete_export_no_new_ST_transition
002275.SZ:2021,002275.SZ,2021-05-01,2022-05-01,verified_listing_interval,0,0,2022-04-30,,,verified_registry_endpoint,complete_export_no_new_ST_transition
002275.SZ:2022,002275.SZ,2022-05-01,2023-05-01,verified_listing_interval,0,0,2023-04-30,,,verified_registry_endpoint,complete_export_no_new_ST_transition
002275.SZ:2023,002275.SZ,2023-05-01,2024-05-01,verified_listing_interval,0,0,2024-04-30,,,verified_registry_endpoint,complete_export_no_new_ST_transition
002275.SZ:2024,002275.SZ,2024-05-01,2025-05-01,verified_listing_interval,0,0,2025-04-30,,,verified_registry_endpoint,complete_export_no_new_ST_transition
002275.SZ:2025,002275.SZ,2025-05-01,2026-05-01,verified_listing_interval,0,0,2026-04-30,,,verified_registry_endpoint,complete_export_no_new_ST_transition
002286.SZ:2017,002286.SZ,2017-05-01,2018-05-01,verified_listing_interval,0,0,2018-04-30,,,verified_registry_endpoint,complete_export_no_new_ST_transition
002286.SZ:2018,002286.SZ,2018-05-01,2019-05-01,verified_listing_interval,0,0,2019-04-30,,,verified_registry_endpoint,complete_export_no_new_ST_transition
002286.SZ:2019,002286.SZ,2019-05-01,2020-05-01,verified_listing_interval,0,0,2020-04-30,,,verified_registry_endpoint,complete_export_no_new_ST_transition
002286.SZ:2020,002286.SZ,2020-05-01,2021-05-01,verified_listing_interval,0,0,2021-04-30,,,verified_registry_endpoint,complete_export_no_new_ST_transition
002286.SZ:2021,002286.SZ,2021-05-01,2022-05-01,verified_listing_interval,0,0,2022-04-30,,,verified_registry_endpoint,complete_export_no_new_ST_transition
002286.SZ:2022,002286.SZ,2022-05-01,2023-05-01,verified_listing_interval,0,0,2023-04-30,,,verified_registry_endpoint,complete_export_no_new_ST_transition
002286.SZ:2023,002286.SZ,2023-05-01,2024-05-01,verified_listing_interval,0,0,2024-04-30,,,verified_registry_endpoint,complete_export_no_new_ST_transition
002286.SZ:2024,002286.SZ,2024-05-01,2025-05-01,verified_listing_interval,0,0,2025-04-30,,,verified_registry_endpoint,complete_export_no_new_ST_transition
002286.SZ:2025,002286.SZ,2025-05-01,2026-05-01,verified_listing_interval,0,0,2026-04-30,,,verified_registry_endpoint,complete_export_no_new_ST_transition
002290.SZ:2017,002290.SZ,2017-05-01,2018-05-01,verified_listing_interval,0,0,2018-04-30,,,verified_registry_endpoint,complete_export_no_new_ST_transition
002290.SZ:2018,002290.SZ,2018-05-01,2019-05-01,verified_listing_interval,0,0,2019-04-30,,,verified_registry_endpoint,complete_export_no_new_ST_transition
002290.SZ:2019,002290.SZ,2019-05-01,2020-05-01,verified_listing_interval,0,1,2019-05-06,2019-05-06,2795,verified_registry_endpoint,new_ST_name_transition
002290.SZ:2020,002290.SZ,2020-05-01,2021-05-01,verified_listing_interval,1,,,,,excluded,ST_at_origin
002290.SZ:2021,002290.SZ,2021-05-01,2022-05-01,verified_listing_interval,0,0,2022-04-30,,,verified_registry_endpoint,complete_export_no_new_ST_transition
002290.SZ:2022,002290.SZ,2022-05-01,2023-05-01,verified_listing_interval,0,0,2023-04-30,,,verified_registry_endpoint,complete_export_no_new_ST_transition
002290.SZ:2023,002290.SZ,2023-05-01,2024-05-01,verified_listing_interval,0,0,2024-04-30,,,verified_registry_endpoint,complete_export_no_new_ST_transition
002290.SZ:2024,002290.SZ,2024-05-01,2025-05-01,verified_listing_interval,0,0,2025-04-30,,,verified_registry_endpoint,complete_export_no_new_ST_transition
002290.SZ:2025,002290.SZ,2025-05-01,2026-05-01,verified_listing_interval,0,0,2026-04-30,,,verified_registry_endpoint,complete_export_no_new_ST_transition
002293.SZ:2017,002293.SZ,2017-05-01,2018-05-01,verified_listing_interval,0,0,2018-04-30,,,verified_registry_endpoint,complete_export_no_new_ST_transition
002293.SZ:2018,002293.SZ,2018-05-01,2019-05-01,verified_listing_interval,0,0,2019-04-30,,,verified_registry_endpoint,complete_export_no_new_ST_transition
002293.SZ:2019,002293.SZ,2019-05-01,2020-05-01,verified_listing_interval,0,0,2020-04-30,,,verified_registry_endpoint,complete_export_no_new_ST_transition
002293.SZ:2020,002293.SZ,2020-05-01,2021-05-01,verified_listing_interval,0,0,2021-04-30,,,verified_registry_endpoint,complete_export_no_new_ST_transition
002293.SZ:2021,002293.SZ,2021-05-01,2022-05-01,verified_listing_interval,0,0,2022-04-30,,,verified_registry_endpoint,complete_export_no_new_ST_transition
002293.SZ:2022,002293.SZ,2022-05-01,2023-05-01,verified_listing_interval,0,0,2023-04-30,,,verified_registry_endpoint,complete_export_no_new_ST_transition
002293.SZ:2023,002293.SZ,2023-05-01,2024-05-01,verified_listing_interval,0,0,2024-04-30,,,verified_registry_endpoint,complete_export_no_new_ST_transition
002293.SZ:2024,002293.SZ,2024-05-01,2025-05-01,verified_listing_interval,0,0,2025-04-30,,,verified_registry_endpoint,complete_export_no_new_ST_transition
002293.SZ:2025,002293.SZ,2025-05-01,2026-05-01,verified_listing_interval,0,0,2026-04-30,,,verified_registry_endpoint,complete_export_no_new_ST_transition
002294.SZ:2017,002294.SZ,2017-05-01,2018-05-01,verified_listing_interval,0,0,2018-04-30,,,verified_registry_endpoint,complete_export_no_new_ST_transition
002294.SZ:2018,002294.SZ,2018-05-01,2019-05-01,verified_listing_interval,0,0,2019-04-30,,,verified_registry_endpoint,complete_export_no_new_ST_transition
002294.SZ:2019,002294.SZ,2019-05-01,2020-05-01,verified_listing_interval,0,0,2020-04-30,,,verified_registry_endpoint,complete_export_no_new_ST_transition
002294.SZ:2020,002294.SZ,2020-05-01,2021-05-01,verified_listing_interval,0,0,2021-04-30,,,verified_registry_endpoint,complete_export_no_new_ST_transition
002294.SZ:2021,002294.SZ,2021-05-01,2022-05-01,verified_listing_interval,0,0,2022-04-30,,,verified_registry_endpoint,complete_export_no_new_ST_transition
002294.SZ:2022,002294.SZ,2022-05-01,2023-05-01,verified_listing_interval,0,0,2023-04-30,,,verified_registry_endpoint,complete_export_no_new_ST_transition
002294.SZ:2023,002294.SZ,2023-05-01,2024-05-01,verified_listing_interval,0,0,2024-04-30,,,verified_registry_endpoint,complete_export_no_new_ST_transition
002294.SZ:2024,002294.SZ,2024-05-01,2025-05-01,verified_listing_interval,0,0,2025-04-30,,,verified_registry_endpoint,complete_export_no_new_ST_transition
002294.SZ:2025,002294.SZ,2025-05-01,2026-05-01,verified_listing_interval,0,0,2026-04-30,,,verified_registry_endpoint,complete_export_no_new_ST_transition
002297.SZ:2017,002297.SZ,2017-05-01,2018-05-01,verified_listing_interval,0,0,2018-04-30,,,verified_registry_endpoint,complete_export_no_new_ST_transition
002297.SZ:2018,002297.SZ,2018-05-01,2019-05-01,verified_listing_interval,0,0,2019-04-30,,,verified_registry_endpoint,complete_export_no_new_ST_transition
002297.SZ:2019,002297.SZ,2019-05-01,2020-05-01,verified_listing_interval,0,0,2020-04-30,,,verified_registry_endpoint,complete_export_no_new_ST_transition
002297.SZ:2020,002297.SZ,2020-05-01,2021-05-01,verified_listing_interval,0,0,2021-04-30,,,verified_registry_endpoint,complete_export_no_new_ST_transition
002297.SZ:2021,002297.SZ,2021-05-01,2022-05-01,verified_listing_interval,0,0,2022-04-30,,,verified_registry_endpoint,complete_export_no_new_ST_transition
002297.SZ:2022,002297.SZ,2022-05-01,2023-05-01,verified_listing_interval,0,0,2023-04-30,,,verified_registry_endpoint,complete_export_no_new_ST_transition
002297.SZ:2023,002297.SZ,2023-05-01,2024-05-01,verified_listing_interval,0,0,2024-04-30,,,verified_registry_endpoint,complete_export_no_new_ST_transition
002297.SZ:2024,002297.SZ,2024-05-01,2025-05-01,verified_listing_interval,0,0,2025-04-30,,,verified_registry_endpoint,complete_export_no_new_ST_transition
002297.SZ:2025,002297.SZ,2025-05-01,2026-05-01,verified_listing_interval,0,0,2026-04-30,,,verified_registry_endpoint,complete_export_no_new_ST_transition
002308.SZ:2017,002308.SZ,2017-05-01,2018-05-01,verified_listing_interval,0,0,2018-04-30,,,verified_registry_endpoint,complete_export_no_new_ST_transition
002308.SZ:2018,002308.SZ,2018-05-01,2019-05-01,verified_listing_interval,0,0,2019-04-30,,,verified_registry_endpoint,complete_export_no_new_ST_transition
002308.SZ:2019,002308.SZ,2019-05-01,2020-05-01,verified_listing_interval,0,0,2020-04-30,,,verified_registry_endpoint,complete_export_no_new_ST_transition
002308.SZ:2020,002308.SZ,2020-05-01,2021-05-01,verified_listing_interval,0,0,2021-04-30,,,verified_registry_endpoint,complete_export_no_new_ST_transition
002308.SZ:2021,002308.SZ,2021-05-01,2022-05-01,verified_listing_interval,0,0,2022-04-30,,,verified_registry_endpoint,complete_export_no_new_ST_transition
002308.SZ:2022,002308.SZ,2022-05-01,2023-05-01,verified_listing_interval,0,0,2023-04-30,,,verified_registry_endpoint,complete_export_no_new_ST_transition
002308.SZ:2023,002308.SZ,2023-05-01,2024-05-01,verified_listing_interval,0,0,2024-04-30,,,verified_registry_endpoint,complete_export_no_new_ST_transition
002308.SZ:2024,002308.SZ,2024-05-01,2025-05-01,verified_listing_interval,0,1,2024-07-09,2024-07-09,612,verified_registry_endpoint,new_ST_name_transition
002309.SZ:2017,002309.SZ,2017-05-01,2018-05-01,verified_listing_interval,0,0,2018-04-30,,,verified_registry_endpoint,complete_export_no_new_ST_transition
002309.SZ:2018,002309.SZ,2018-05-01,2019-05-01,verified_listing_interval,0,0,2019-04-30,,,verified_registry_endpoint,complete_export_no_new_ST_transition
002309.SZ:2019,002309.SZ,2019-05-01,2020-05-01,verified_listing_interval,0,0,2020-04-30,,,verified_registry_endpoint,complete_export_no_new_ST_transition
002309.SZ:2020,002309.SZ,2020-05-01,2021-05-01,verified_listing_interval,0,0,2021-04-30,,,verified_registry_endpoint,complete_export_no_new_ST_transition
002309.SZ:2021,002309.SZ,2021-05-01,2022-05-01,verified_listing_interval,0,0,2022-04-30,,,verified_registry_endpoint,complete_export_no_new_ST_transition
002309.SZ:2022,002309.SZ,2022-05-01,2023-05-01,verified_listing_interval,0,1,2022-05-31,2022-05-31,1451,verified_registry_endpoint,new_ST_name_transition
002309.SZ:2023,002309.SZ,2023-05-01,2024-05-01,verified_listing_interval,1,,,,,excluded,ST_at_origin
002309.SZ:2024,002309.SZ,2024-05-01,2025-05-01,verified_listing_interval,1,,,,,excluded,ST_at_origin
002309.SZ:2025,002309.SZ,2025-05-01,2026-05-01,verified_listing_interval,1,,,,,excluded,ST_at_origin
002310.SZ:2017,002310.SZ,2017-05-01,2018-05-01,verified_listing_interval,0,0,2018-04-30,,,verified_registry_endpoint,complete_export_no_new_ST_transition
002310.SZ:2018,002310.SZ,2018-05-01,2019-05-01,verified_listing_interval,0,0,2019-04-30,,,verified_registry_endpoint,complete_export_no_new_ST_transition
002310.SZ:2019,002310.SZ,2019-05-01,2020-05-01,verified_listing_interval,0,0,2020-04-30,,,verified_registry_endpoint,complete_export_no_new_ST_transition
002310.SZ:2020,002310.SZ,2020-05-01,2021-05-01,verified_listing_interval,0,0,2021-04-30,,,verified_registry_endpoint,complete_export_no_new_ST_transition
002310.SZ:2021,002310.SZ,2021-05-01,2022-05-01,verified_listing_interval,0,0,2022-04-30,,,verified_registry_endpoint,complete_export_no_new_ST_transition
002310.SZ:2022,002310.SZ,2022-05-01,2023-05-01,verified_listing_interval,0,0,2023-04-30,,,verified_registry_endpoint,complete_export_no_new_ST_transition
002310.SZ:2023,002310.SZ,2023-05-01,2024-05-01,verified_listing_interval,0,1,2024-04-30,2024-04-30,687,verified_registry_endpoint,new_ST_name_transition
002310.SZ:2024,002310.SZ,2024-05-01,2025-05-01,verified_listing_interval,1,,,,,excluded,ST_at_origin
002310.SZ:2025,002310.SZ,2025-05-01,2026-05-01,verified_listing_interval,1,,,,,excluded,ST_at_origin
002316.SZ:2017,002316.SZ,2017-05-01,2018-05-01,verified_listing_interval,0,0,2018-04-30,,,verified_registry_endpoint,complete_export_no_new_ST_transition
002316.SZ:2018,002316.SZ,2018-05-01,2019-05-01,verified_listing_interval,0,0,2019-04-30,,,verified_registry_endpoint,complete_export_no_new_ST_transition
002316.SZ:2019,002316.SZ,2019-05-01,2020-05-01,verified_listing_interval,0,0,2020-04-30,,,verified_registry_endpoint,complete_export_no_new_ST_transition
002316.SZ:2020,002316.SZ,2020-05-01,2021-05-01,verified_listing_interval,0,0,2021-04-30,,,verified_registry_endpoint,complete_export_no_new_ST_transition
002316.SZ:2021,002316.SZ,2021-05-01,2022-05-01,verified_listing_interval,0,0,2022-04-30,,,verified_registry_endpoint,complete_export_no_new_ST_transition
002316.SZ:2022,002316.SZ,2022-05-01,2023-05-01,verified_listing_interval,0,1,2022-05-06,2022-05-06,1497,verified_registry_endpoint,new_ST_name_transition
002316.SZ:2023,002316.SZ,2023-05-01,2024-05-01,verified_listing_interval,0,0,2024-04-30,,,verified_registry_endpoint,complete_export_no_new_ST_transition
002316.SZ:2024,002316.SZ,2024-05-01,2025-05-01,verified_listing_interval,0,1,2024-08-06,2024-08-06,598,verified_registry_endpoint,new_ST_name_transition
002316.SZ:2025,002316.SZ,2025-05-01,2026-05-01,verified_listing_interval,1,,,,,excluded,ST_at_origin
002320.SZ:2017,002320.SZ,2017-05-01,2018-05-01,verified_listing_interval,0,0,2018-04-30,,,verified_registry_endpoint,complete_export_no_new_ST_transition
002320.SZ:2018,002320.SZ,2018-05-01,2019-05-01,verified_listing_interval,0,0,2019-04-30,,,verified_registry_endpoint,complete_export_no_new_ST_transition
002320.SZ:2019,002320.SZ,2019-05-01,2020-05-01,verified_listing_interval,0,0,2020-04-30,,,verified_registry_endpoint,complete_export_no_new_ST_transition
002320.SZ:2020,002320.SZ,2020-05-01,2021-05-01,verified_listing_interval,0,0,2021-04-30,,,verified_registry_endpoint,complete_export_no_new_ST_transition
002320.SZ:2021,002320.SZ,2021-05-01,2022-05-01,verified_listing_interval,0,0,2022-04-30,,,verified_registry_endpoint,complete_export_no_new_ST_transition
002320.SZ:2022,002320.SZ,2022-05-01,2023-05-01,verified_listing_interval,0,0,2023-04-30,,,verified_registry_endpoint,complete_export_no_new_ST_transition
002320.SZ:2023,002320.SZ,2023-05-01,2024-05-01,verified_listing_interval,0,0,2024-04-30,,,verified_registry_endpoint,complete_export_no_new_ST_transition
002320.SZ:2024,002320.SZ,2024-05-01,2025-05-01,verified_listing_interval,0,0,2025-04-30,,,verified_registry_endpoint,complete_export_no_new_ST_transition
002320.SZ:2025,002320.SZ,2025-05-01,2026-05-01,verified_listing_interval,0,0,2026-04-30,,,verified_registry_endpoint,complete_export_no_new_ST_transition
002325.SZ:2017,002325.SZ,2017-05-01,2018-05-01,verified_listing_interval,0,0,2018-04-30,,,verified_registry_endpoint,complete_export_no_new_ST_transition
002325.SZ:2018,002325.SZ,2018-05-01,2019-05-01,verified_listing_interval,0,0,2019-04-30,,,verified_registry_endpoint,complete_export_no_new_ST_transition
002325.SZ:2019,002325.SZ,2019-05-01,2020-05-01,verified_listing_interval,0,0,2020-04-30,,,verified_registry_endpoint,complete_export_no_new_ST_transition
002325.SZ:2020,002325.SZ,2020-05-01,2021-05-01,verified_listing_interval,0,0,2021-04-30,,,verified_registry_endpoint,complete_export_no_new_ST_transition
002325.SZ:2021,002325.SZ,2021-05-01,2022-05-01,verified_listing_interval,0,0,2022-04-30,,,verified_registry_endpoint,complete_export_no_new_ST_transition
002325.SZ:2022,002325.SZ,2022-05-01,2023-05-01,verified_listing_interval,0,0,2023-04-30,,,verified_registry_endpoint,complete_export_no_new_ST_transition
002325.SZ:2023,002325.SZ,2023-05-01,2024-05-01,verified_listing_interval,0,0,2024-04-30,,,verified_registry_endpoint,complete_export_no_new_ST_transition
002325.SZ:2024,002325.SZ,2024-05-01,2025-05-01,verified_listing_interval,0,1,2024-05-06,2024-05-06,674,verified_registry_endpoint,new_ST_name_transition
002332.SZ:2017,002332.SZ,2017-05-01,2018-05-01,verified_listing_interval,0,0,2018-04-30,,,verified_registry_endpoint,complete_export_no_new_ST_transition
002332.SZ:2018,002332.SZ,2018-05-01,2019-05-01,verified_listing_interval,0,0,2019-04-30,,,verified_registry_endpoint,complete_export_no_new_ST_transition
002332.SZ:2019,002332.SZ,2019-05-01,2020-05-01,verified_listing_interval,0,0,2020-04-30,,,verified_registry_endpoint,complete_export_no_new_ST_transition
002332.SZ:2020,002332.SZ,2020-05-01,2021-05-01,verified_listing_interval,0,0,2021-04-30,,,verified_registry_endpoint,complete_export_no_new_ST_transition
002332.SZ:2021,002332.SZ,2021-05-01,2022-05-01,verified_listing_interval,0,0,2022-04-30,,,verified_registry_endpoint,complete_export_no_new_ST_transition
002332.SZ:2022,002332.SZ,2022-05-01,2023-05-01,verified_listing_interval,0,0,2023-04-30,,,verified_registry_endpoint,complete_export_no_new_ST_transition
002332.SZ:2023,002332.SZ,2023-05-01,2024-05-01,verified_listing_interval,0,0,2024-04-30,,,verified_registry_endpoint,complete_export_no_new_ST_transition
002332.SZ:2024,002332.SZ,2024-05-01,2025-05-01,verified_listing_interval,0,0,2025-04-30,,,verified_registry_endpoint,complete_export_no_new_ST_transition
002332.SZ:2025,002332.SZ,2025-05-01,2026-05-01,verified_listing_interval,0,0,2026-04-30,,,verified_registry_endpoint,complete_export_no_new_ST_transition
002340.SZ:2017,002340.SZ,2017-05-01,2018-05-01,verified_listing_interval,0,0,2018-04-30,,,verified_registry_endpoint,complete_export_no_new_ST_transition
002340.SZ:2018,002340.SZ,2018-05-01,2019-05-01,verified_listing_interval,0,0,2019-04-30,,,verified_registry_endpoint,complete_export_no_new_ST_transition
002340.SZ:2019,002340.SZ,2019-05-01,2020-05-01,verified_listing_interval,0,0,2020-04-30,,,verified_registry_endpoint,complete_export_no_new_ST_transition
002340.SZ:2020,002340.SZ,2020-05-01,2021-05-01,verified_listing_interval,0,0,2021-04-30,,,verified_registry_endpoint,complete_export_no_new_ST_transition
002340.SZ:2021,002340.SZ,2021-05-01,2022-05-01,verified_listing_interval,0,0,2022-04-30,,,verified_registry_endpoint,complete_export_no_new_ST_transition
002340.SZ:2022,002340.SZ,2022-05-01,2023-05-01,verified_listing_interval,0,0,2023-04-30,,,verified_registry_endpoint,complete_export_no_new_ST_transition
002340.SZ:2023,002340.SZ,2023-05-01,2024-05-01,verified_listing_interval,0,0,2024-04-30,,,verified_registry_endpoint,complete_export_no_new_ST_transition
002340.SZ:2024,002340.SZ,2024-05-01,2025-05-01,verified_listing_interval,0,0,2025-04-30,,,verified_registry_endpoint,complete_export_no_new_ST_transition
002340.SZ:2025,002340.SZ,2025-05-01,2026-05-01,verified_listing_interval,0,0,2026-04-30,,,verified_registry_endpoint,complete_export_no_new_ST_transition
002346.SZ:2017,002346.SZ,2017-05-01,2018-05-01,verified_listing_interval,0,0,2018-04-30,,,verified_registry_endpoint,complete_export_no_new_ST_transition
002346.SZ:2018,002346.SZ,2018-05-01,2019-05-01,verified_listing_interval,0,0,2019-04-30,,,verified_registry_endpoint,complete_export_no_new_ST_transition
002346.SZ:2019,002346.SZ,2019-05-01,2020-05-01,verified_listing_interval,0,0,2020-04-30,,,verified_registry_endpoint,complete_export_no_new_ST_transition
002346.SZ:2020,002346.SZ,2020-05-01,2021-05-01,verified_listing_interval,0,0,2021-04-30,,,verified_registry_endpoint,complete_export_no_new_ST_transition
002346.SZ:2021,002346.SZ,2021-05-01,2022-05-01,verified_listing_interval,0,0,2022-04-30,,,verified_registry_endpoint,complete_export_no_new_ST_transition
002346.SZ:2022,002346.SZ,2022-05-01,2023-05-01,verified_listing_interval,0,0,2023-04-30,,,verified_registry_endpoint,complete_export_no_new_ST_transition
002346.SZ:2023,002346.SZ,2023-05-01,2024-05-01,verified_listing_interval,0,0,2024-04-30,,,verified_registry_endpoint,complete_export_no_new_ST_transition
002346.SZ:2024,002346.SZ,2024-05-01,2025-05-01,verified_listing_interval,0,0,2025-04-30,,,verified_registry_endpoint,complete_export_no_new_ST_transition
002346.SZ:2025,002346.SZ,2025-05-01,2026-05-01,verified_listing_interval,0,0,2026-04-30,,,verified_registry_endpoint,complete_export_no_new_ST_transition
002350.SZ:2017,002350.SZ,2017-05-01,2018-05-01,verified_listing_interval,0,0,2018-04-30,,,verified_registry_endpoint,complete_export_no_new_ST_transition
002350.SZ:2018,002350.SZ,2018-05-01,2019-05-01,verified_listing_interval,0,0,2019-04-30,,,verified_registry_endpoint,complete_export_no_new_ST_transition
002350.SZ:2019,002350.SZ,2019-05-01,2020-05-01,verified_listing_interval,0,0,2020-04-30,,,verified_registry_endpoint,complete_export_no_new_ST_transition
002350.SZ:2020,002350.SZ,2020-05-01,2021-05-01,verified_listing_interval,0,0,2021-04-30,,,verified_registry_endpoint,complete_export_no_new_ST_transition
002350.SZ:2021,002350.SZ,2021-05-01,2022-05-01,verified_listing_interval,0,0,2022-04-30,,,verified_registry_endpoint,complete_export_no_new_ST_transition
002350.SZ:2022,002350.SZ,2022-05-01,2023-05-01,verified_listing_interval,0,0,2023-04-30,,,verified_registry_endpoint,complete_export_no_new_ST_transition
002350.SZ:2023,002350.SZ,2023-05-01,2024-05-01,verified_listing_interval,0,0,2024-04-30,,,verified_registry_endpoint,complete_export_no_new_ST_transition
002350.SZ:2024,002350.SZ,2024-05-01,2025-05-01,verified_listing_interval,0,0,2025-04-30,,,verified_registry_endpoint,complete_export_no_new_ST_transition
002350.SZ:2025,002350.SZ,2025-05-01,2026-05-01,verified_listing_interval,0,0,2026-04-30,,,verified_registry_endpoint,complete_export_no_new_ST_transition
002360.SZ:2017,002360.SZ,2017-05-01,2018-05-01,verified_listing_interval,0,0,2018-04-30,,,verified_registry_endpoint,complete_export_no_new_ST_transition
002360.SZ:2018,002360.SZ,2018-05-01,2019-05-01,verified_listing_interval,0,0,2019-04-30,,,verified_registry_endpoint,complete_export_no_new_ST_transition
002360.SZ:2019,002360.SZ,2019-05-01,2020-05-01,verified_listing_interval,0,0,2020-04-30,,,verified_registry_endpoint,complete_export_no_new_ST_transition
002360.SZ:2020,002360.SZ,2020-05-01,2021-05-01,verified_listing_interval,0,0,2021-04-30,,,verified_registry_endpoint,complete_export_no_new_ST_transition
002360.SZ:2021,002360.SZ,2021-05-01,2022-05-01,verified_listing_interval,0,0,2022-04-30,,,verified_registry_endpoint,complete_export_no_new_ST_transition
002360.SZ:2022,002360.SZ,2022-05-01,2023-05-01,verified_listing_interval,0,0,2023-04-30,,,verified_registry_endpoint,complete_export_no_new_ST_transition
002360.SZ:2023,002360.SZ,2023-05-01,2024-05-01,verified_listing_interval,0,0,2024-04-30,,,verified_registry_endpoint,complete_export_no_new_ST_transition
002360.SZ:2024,002360.SZ,2024-05-01,2025-05-01,verified_listing_interval,0,0,2025-04-30,,,verified_registry_endpoint,complete_export_no_new_ST_transition
002360.SZ:2025,002360.SZ,2025-05-01,2026-05-01,verified_listing_interval,0,1,2026-04-29,2026-04-29,163,verified_registry_endpoint,new_ST_name_transition
002364.SZ:2017,002364.SZ,2017-05-01,2018-05-01,verified_listing_interval,0,0,2018-04-30,,,verified_registry_endpoint,complete_export_no_new_ST_transition
002364.SZ:2018,002364.SZ,2018-05-01,2019-05-01,verified_listing_interval,0,0,2019-04-30,,,verified_registry_endpoint,complete_export_no_new_ST_transition
002364.SZ:2019,002364.SZ,2019-05-01,2020-05-01,verified_listing_interval,0,0,2020-04-30,,,verified_registry_endpoint,complete_export_no_new_ST_transition
002364.SZ:2020,002364.SZ,2020-05-01,2021-05-01,verified_listing_interval,0,0,2021-04-30,,,verified_registry_endpoint,complete_export_no_new_ST_transition
002364.SZ:2021,002364.SZ,2021-05-01,2022-05-01,verified_listing_interval,0,0,2022-04-30,,,verified_registry_endpoint,complete_export_no_new_ST_transition
002364.SZ:2022,002364.SZ,2022-05-01,2023-05-01,verified_listing_interval,0,0,2023-04-30,,,verified_registry_endpoint,complete_export_no_new_ST_transition
002364.SZ:2023,002364.SZ,2023-05-01,2024-05-01,verified_listing_interval,0,0,2024-04-30,,,verified_registry_endpoint,complete_export_no_new_ST_transition
002364.SZ:2024,002364.SZ,2024-05-01,2025-05-01,verified_listing_interval,0,0,2025-04-30,,,verified_registry_endpoint,complete_export_no_new_ST_transition
002364.SZ:2025,002364.SZ,2025-05-01,2026-05-01,verified_listing_interval,0,0,2026-04-30,,,verified_registry_endpoint,complete_export_no_new_ST_transition
002365.SZ:2017,002365.SZ,2017-05-01,2018-05-01,verified_listing_interval,0,0,2018-04-30,,,verified_registry_endpoint,complete_export_no_new_ST_transition
002365.SZ:2018,002365.SZ,2018-05-01,2019-05-01,verified_listing_interval,0,0,2019-04-30,,,verified_registry_endpoint,complete_export_no_new_ST_transition
002365.SZ:2019,002365.SZ,2019-05-01,2020-05-01,verified_listing_interval,0,0,2020-04-30,,,verified_registry_endpoint,complete_export_no_new_ST_transition
002365.SZ:2020,002365.SZ,2020-05-01,2021-05-01,verified_listing_interval,0,0,2021-04-30,,,verified_registry_endpoint,complete_export_no_new_ST_transition
002365.SZ:2021,002365.SZ,2021-05-01,2022-05-01,verified_listing_interval,0,0,2022-04-30,,,verified_registry_endpoint,complete_export_no_new_ST_transition
002365.SZ:2022,002365.SZ,2022-05-01,2023-05-01,verified_listing_interval,0,0,2023-04-30,,,verified_registry_endpoint,complete_export_no_new_ST_transition
002365.SZ:2023,002365.SZ,2023-05-01,2024-05-01,verified_listing_interval,0,0,2024-04-30,,,verified_registry_endpoint,complete_export_no_new_ST_transition
002365.SZ:2024,002365.SZ,2024-05-01,2025-05-01,verified_listing_interval,0,0,2025-04-30,,,verified_registry_endpoint,complete_export_no_new_ST_transition
002365.SZ:2025,002365.SZ,2025-05-01,2026-05-01,verified_listing_interval,0,0,2026-04-30,,,verified_registry_endpoint,complete_export_no_new_ST_transition
002374.SZ:2017,002374.SZ,2017-05-01,2018-05-01,verified_listing_interval,0,0,2018-04-30,,,verified_registry_endpoint,complete_export_no_new_ST_transition
002374.SZ:2018,002374.SZ,2018-05-01,2019-05-01,verified_listing_interval,0,0,2019-04-30,,,verified_registry_endpoint,complete_export_no_new_ST_transition
002374.SZ:2019,002374.SZ,2019-05-01,2020-05-01,verified_listing_interval,0,0,2020-04-30,,,verified_registry_endpoint,complete_export_no_new_ST_transition
002374.SZ:2020,002374.SZ,2020-05-01,2021-05-01,verified_listing_interval,0,0,2021-04-30,,,verified_registry_endpoint,complete_export_no_new_ST_transition
002374.SZ:2021,002374.SZ,2021-05-01,2022-05-01,verified_listing_interval,0,0,2022-04-30,,,verified_registry_endpoint,complete_export_no_new_ST_transition
002374.SZ:2022,002374.SZ,2022-05-01,2023-05-01,verified_listing_interval,0,0,2023-04-30,,,verified_registry_endpoint,complete_export_no_new_ST_transition
002374.SZ:2023,002374.SZ,2023-05-01,2024-05-01,verified_listing_interval,0,0,2024-04-30,,,verified_registry_endpoint,complete_export_no_new_ST_transition
002374.SZ:2024,002374.SZ,2024-05-01,2025-05-01,verified_listing_interval,0,0,2025-04-30,,,verified_registry_endpoint,complete_export_no_new_ST_transition
002374.SZ:2025,002374.SZ,2025-05-01,2026-05-01,verified_listing_interval,0,0,2026-04-30,,,verified_registry_endpoint,complete_export_no_new_ST_transition
002378.SZ:2017,002378.SZ,2017-05-01,2018-05-01,verified_listing_interval,0,0,2018-04-30,,,verified_registry_endpoint,complete_export_no_new_ST_transition
002378.SZ:2018,002378.SZ,2018-05-01,2019-05-01,verified_listing_interval,0,0,2019-04-30,,,verified_registry_endpoint,complete_export_no_new_ST_transition
002378.SZ:2019,002378.SZ,2019-05-01,2020-05-01,verified_listing_interval,0,0,2020-04-30,,,verified_registry_endpoint,complete_export_no_new_ST_transition
002378.SZ:2020,002378.SZ,2020-05-01,2021-05-01,verified_listing_interval,0,0,2021-04-30,,,verified_registry_endpoint,complete_export_no_new_ST_transition
002378.SZ:2021,002378.SZ,2021-05-01,2022-05-01,verified_listing_interval,0,0,2022-04-30,,,verified_registry_endpoint,complete_export_no_new_ST_transition
002378.SZ:2022,002378.SZ,2022-05-01,2023-05-01,verified_listing_interval,0,0,2023-04-30,,,verified_registry_endpoint,complete_export_no_new_ST_transition
002378.SZ:2023,002378.SZ,2023-05-01,2024-05-01,verified_listing_interval,0,0,2024-04-30,,,verified_registry_endpoint,complete_export_no_new_ST_transition
002378.SZ:2024,002378.SZ,2024-05-01,2025-05-01,verified_listing_interval,0,0,2025-04-30,,,verified_registry_endpoint,complete_export_no_new_ST_transition
002378.SZ:2025,002378.SZ,2025-05-01,2026-05-01,verified_listing_interval,0,0,2026-04-30,,,verified_registry_endpoint,complete_export_no_new_ST_transition
002380.SZ:2017,002380.SZ,2017-05-01,2018-05-01,verified_listing_interval,0,0,2018-04-30,,,verified_registry_endpoint,complete_export_no_new_ST_transition
002380.SZ:2018,002380.SZ,2018-05-01,2019-05-01,verified_listing_interval,0,0,2019-04-30,,,verified_registry_endpoint,complete_export_no_new_ST_transition
002380.SZ:2019,002380.SZ,2019-05-01,2020-05-01,verified_listing_interval,0,0,2020-04-30,,,verified_registry_endpoint,complete_export_no_new_ST_transition
002380.SZ:2020,002380.SZ,2020-05-01,2021-05-01,verified_listing_interval,0,0,2021-04-30,,,verified_registry_endpoint,complete_export_no_new_ST_transition
002380.SZ:2021,002380.SZ,2021-05-01,2022-05-01,verified_listing_interval,0,0,2022-04-30,,,verified_registry_endpoint,complete_export_no_new_ST_transition
002380.SZ:2022,002380.SZ,2022-05-01,2023-05-01,verified_listing_interval,0,0,2023-04-30,,,verified_registry_endpoint,complete_export_no_new_ST_transition
002380.SZ:2023,002380.SZ,2023-05-01,2024-05-01,verified_listing_interval,0,0,2024-04-30,,,verified_registry_endpoint,complete_export_no_new_ST_transition
002380.SZ:2024,002380.SZ,2024-05-01,2025-05-01,verified_listing_interval,0,0,2025-04-30,,,verified_registry_endpoint,complete_export_no_new_ST_transition
002380.SZ:2025,002380.SZ,2025-05-01,2026-05-01,verified_listing_interval,0,0,2026-04-30,,,verified_registry_endpoint,complete_export_no_new_ST_transition
002382.SZ:2017,002382.SZ,2017-05-01,2018-05-01,verified_listing_interval,0,0,2018-04-30,,,verified_registry_endpoint,complete_export_no_new_ST_transition
002382.SZ:2018,002382.SZ,2018-05-01,2019-05-01,verified_listing_interval,0,0,2019-04-30,,,verified_registry_endpoint,complete_export_no_new_ST_transition
002382.SZ:2019,002382.SZ,2019-05-01,2020-05-01,verified_listing_interval,0,0,2020-04-30,,,verified_registry_endpoint,complete_export_no_new_ST_transition
002382.SZ:2020,002382.SZ,2020-05-01,2021-05-01,verified_listing_interval,0,0,2021-04-30,,,verified_registry_endpoint,complete_export_no_new_ST_transition
002382.SZ:2021,002382.SZ,2021-05-01,2022-05-01,verified_listing_interval,0,0,2022-04-30,,,verified_registry_endpoint,complete_export_no_new_ST_transition
002382.SZ:2022,002382.SZ,2022-05-01,2023-05-01,verified_listing_interval,0,0,2023-04-30,,,verified_registry_endpoint,complete_export_no_new_ST_transition
002382.SZ:2023,002382.SZ,2023-05-01,2024-05-01,verified_listing_interval,0,0,2024-04-30,,,verified_registry_endpoint,complete_export_no_new_ST_transition
002382.SZ:2024,002382.SZ,2024-05-01,2025-05-01,verified_listing_interval,0,0,2025-04-30,,,verified_registry_endpoint,complete_export_no_new_ST_transition
002382.SZ:2025,002382.SZ,2025-05-01,2026-05-01,verified_listing_interval,0,0,2026-04-30,,,verified_registry_endpoint,complete_export_no_new_ST_transition
002384.SZ:2017,002384.SZ,2017-05-01,2018-05-01,verified_listing_interval,0,0,2018-04-30,,,verified_registry_endpoint,complete_export_no_new_ST_transition
002384.SZ:2018,002384.SZ,2018-05-01,2019-05-01,verified_listing_interval,0,0,2019-04-30,,,verified_registry_endpoint,complete_export_no_new_ST_transition
002384.SZ:2019,002384.SZ,2019-05-01,2020-05-01,verified_listing_interval,0,0,2020-04-30,,,verified_registry_endpoint,complete_export_no_new_ST_transition
002384.SZ:2020,002384.SZ,2020-05-01,2021-05-01,verified_listing_interval,0,0,2021-04-30,,,verified_registry_endpoint,complete_export_no_new_ST_transition
002384.SZ:2021,002384.SZ,2021-05-01,2022-05-01,verified_listing_interval,0,0,2022-04-30,,,verified_registry_endpoint,complete_export_no_new_ST_transition
002384.SZ:2022,002384.SZ,2022-05-01,2023-05-01,verified_listing_interval,0,0,2023-04-30,,,verified_registry_endpoint,complete_export_no_new_ST_transition
002384.SZ:2023,002384.SZ,2023-05-01,2024-05-01,verified_listing_interval,0,0,2024-04-30,,,verified_registry_endpoint,complete_export_no_new_ST_transition
002384.SZ:2024,002384.SZ,2024-05-01,2025-05-01,verified_listing_interval,0,0,2025-04-30,,,verified_registry_endpoint,complete_export_no_new_ST_transition
002384.SZ:2025,002384.SZ,2025-05-01,2026-05-01,verified_listing_interval,0,0,2026-04-30,,,verified_registry_endpoint,complete_export_no_new_ST_transition
002391.SZ:2017,002391.SZ,2017-05-01,2018-05-01,verified_listing_interval,0,0,2018-04-30,,,verified_registry_endpoint,complete_export_no_new_ST_transition
002391.SZ:2018,002391.SZ,2018-05-01,2019-05-01,verified_listing_interval,0,0,2019-04-30,,,verified_registry_endpoint,complete_export_no_new_ST_transition
002391.SZ:2019,002391.SZ,2019-05-01,2020-05-01,verified_listing_interval,0,0,2020-04-30,,,verified_registry_endpoint,complete_export_no_new_ST_transition
002391.SZ:2020,002391.SZ,2020-05-01,2021-05-01,verified_listing_interval,0,0,2021-04-30,,,verified_registry_endpoint,complete_export_no_new_ST_transition
002391.SZ:2021,002391.SZ,2021-05-01,2022-05-01,verified_listing_interval,0,0,2022-04-30,,,verified_registry_endpoint,complete_export_no_new_ST_transition
002391.SZ:2022,002391.SZ,2022-05-01,2023-05-01,verified_listing_interval,0,0,2023-04-30,,,verified_registry_endpoint,complete_export_no_new_ST_transition
002391.SZ:2023,002391.SZ,2023-05-01,2024-05-01,verified_listing_interval,0,0,2024-04-30,,,verified_registry_endpoint,complete_export_no_new_ST_transition
002391.SZ:2024,002391.SZ,2024-05-01,2025-05-01,verified_listing_interval,0,0,2025-04-30,,,verified_registry_endpoint,complete_export_no_new_ST_transition
002391.SZ:2025,002391.SZ,2025-05-01,2026-05-01,verified_listing_interval,0,0,2026-04-30,,,verified_registry_endpoint,complete_export_no_new_ST_transition
002396.SZ:2017,002396.SZ,2017-05-01,2018-05-01,verified_listing_interval,0,0,2018-04-30,,,verified_registry_endpoint,complete_export_no_new_ST_transition
002396.SZ:2018,002396.SZ,2018-05-01,2019-05-01,verified_listing_interval,0,0,2019-04-30,,,verified_registry_endpoint,complete_export_no_new_ST_transition
002396.SZ:2019,002396.SZ,2019-05-01,2020-05-01,verified_listing_interval,0,0,2020-04-30,,,verified_registry_endpoint,complete_export_no_new_ST_transition
002396.SZ:2020,002396.SZ,2020-05-01,2021-05-01,verified_listing_interval,0,0,2021-04-30,,,verified_registry_endpoint,complete_export_no_new_ST_transition
002396.SZ:2021,002396.SZ,2021-05-01,2022-05-01,verified_listing_interval,0,0,2022-04-30,,,verified_registry_endpoint,complete_export_no_new_ST_transition
002396.SZ:2022,002396.SZ,2022-05-01,2023-05-01,verified_listing_interval,0,0,2023-04-30,,,verified_registry_endpoint,complete_export_no_new_ST_transition
002396.SZ:2023,002396.SZ,2023-05-01,2024-05-01,verified_listing_interval,0,0,2024-04-30,,,verified_registry_endpoint,complete_export_no_new_ST_transition
002396.SZ:2024,002396.SZ,2024-05-01,2025-05-01,verified_listing_interval,0,0,2025-04-30,,,verified_registry_endpoint,complete_export_no_new_ST_transition
002396.SZ:2025,002396.SZ,2025-05-01,2026-05-01,verified_listing_interval,0,0,2026-04-30,,,verified_registry_endpoint,complete_export_no_new_ST_transition
002402.SZ:2017,002402.SZ,2017-05-01,2018-05-01,verified_listing_interval,0,0,2018-04-30,,,verified_registry_endpoint,complete_export_no_new_ST_transition
002402.SZ:2018,002402.SZ,2018-05-01,2019-05-01,verified_listing_interval,0,0,2019-04-30,,,verified_registry_endpoint,complete_export_no_new_ST_transition
002402.SZ:2019,002402.SZ,2019-05-01,2020-05-01,verified_listing_interval,0,0,2020-04-30,,,verified_registry_endpoint,complete_export_no_new_ST_transition
002402.SZ:2020,002402.SZ,2020-05-01,2021-05-01,verified_listing_interval,0,0,2021-04-30,,,verified_registry_endpoint,complete_export_no_new_ST_transition
002402.SZ:2021,002402.SZ,2021-05-01,2022-05-01,verified_listing_interval,0,0,2022-04-30,,,verified_registry_endpoint,complete_export_no_new_ST_transition
002402.SZ:2022,002402.SZ,2022-05-01,2023-05-01,verified_listing_interval,0,0,2023-04-30,,,verified_registry_endpoint,complete_export_no_new_ST_transition
002402.SZ:2023,002402.SZ,2023-05-01,2024-05-01,verified_listing_interval,0,0,2024-04-30,,,verified_registry_endpoint,complete_export_no_new_ST_transition
002402.SZ:2024,002402.SZ,2024-05-01,2025-05-01,verified_listing_interval,0,0,2025-04-30,,,verified_registry_endpoint,complete_export_no_new_ST_transition
002402.SZ:2025,002402.SZ,2025-05-01,2026-05-01,verified_listing_interval,0,0,2026-04-30,,,verified_registry_endpoint,complete_export_no_new_ST_transition
002405.SZ:2017,002405.SZ,2017-05-01,2018-05-01,verified_listing_interval,0,0,2018-04-30,,,verified_registry_endpoint,complete_export_no_new_ST_transition
002405.SZ:2018,002405.SZ,2018-05-01,2019-05-01,verified_listing_interval,0,0,2019-04-30,,,verified_registry_endpoint,complete_export_no_new_ST_transition
002405.SZ:2019,002405.SZ,2019-05-01,2020-05-01,verified_listing_interval,0,0,2020-04-30,,,verified_registry_endpoint,complete_export_no_new_ST_transition
002405.SZ:2020,002405.SZ,2020-05-01,2021-05-01,verified_listing_interval,0,0,2021-04-30,,,verified_registry_endpoint,complete_export_no_new_ST_transition
002405.SZ:2021,002405.SZ,2021-05-01,2022-05-01,verified_listing_interval,0,0,2022-04-30,,,verified_registry_endpoint,complete_export_no_new_ST_transition
002405.SZ:2022,002405.SZ,2022-05-01,2023-05-01,verified_listing_interval,0,0,2023-04-30,,,verified_registry_endpoint,complete_export_no_new_ST_transition
002405.SZ:2023,002405.SZ,2023-05-01,2024-05-01,verified_listing_interval,0,0,2024-04-30,,,verified_registry_endpoint,complete_export_no_new_ST_transition
002405.SZ:2024,002405.SZ,2024-05-01,2025-05-01,verified_listing_interval,0,0,2025-04-30,,,verified_registry_endpoint,complete_export_no_new_ST_transition
002405.SZ:2025,002405.SZ,2025-05-01,2026-05-01,verified_listing_interval,0,0,2026-04-30,,,verified_registry_endpoint,complete_export_no_new_ST_transition
002410.SZ:2017,002410.SZ,2017-05-01,2018-05-01,verified_listing_interval,0,0,2018-04-30,,,verified_registry_endpoint,complete_export_no_new_ST_transition
002410.SZ:2018,002410.SZ,2018-05-01,2019-05-01,verified_listing_interval,0,0,2019-04-30,,,verified_registry_endpoint,complete_export_no_new_ST_transition
002410.SZ:2019,002410.SZ,2019-05-01,2020-05-01,verified_listing_interval,0,0,2020-04-30,,,verified_registry_endpoint,complete_export_no_new_ST_transition
002410.SZ:2020,002410.SZ,2020-05-01,2021-05-01,verified_listing_interval,0,0,2021-04-30,,,verified_registry_endpoint,complete_export_no_new_ST_transition
002410.SZ:2021,002410.SZ,2021-05-01,2022-05-01,verified_listing_interval,0,0,2022-04-30,,,verified_registry_endpoint,complete_export_no_new_ST_transition
002410.SZ:2022,002410.SZ,2022-05-01,2023-05-01,verified_listing_interval,0,0,2023-04-30,,,verified_registry_endpoint,complete_export_no_new_ST_transition
002410.SZ:2023,002410.SZ,2023-05-01,2024-05-01,verified_listing_interval,0,0,2024-04-30,,,verified_registry_endpoint,complete_export_no_new_ST_transition
002410.SZ:2024,002410.SZ,2024-05-01,2025-05-01,verified_listing_interval,0,0,2025-04-30,,,verified_registry_endpoint,complete_export_no_new_ST_transition
002410.SZ:2025,002410.SZ,2025-05-01,2026-05-01,verified_listing_interval,0,0,2026-04-30,,,verified_registry_endpoint,complete_export_no_new_ST_transition
002413.SZ:2017,002413.SZ,2017-05-01,2018-05-01,verified_listing_interval,0,0,2018-04-30,,,verified_registry_endpoint,complete_export_no_new_ST_transition
002413.SZ:2018,002413.SZ,2018-05-01,2019-05-01,verified_listing_interval,0,0,2019-04-30,,,verified_registry_endpoint,complete_export_no_new_ST_transition
002413.SZ:2019,002413.SZ,2019-05-01,2020-05-01,verified_listing_interval,0,0,2020-04-30,,,verified_registry_endpoint,complete_export_no_new_ST_transition
002413.SZ:2020,002413.SZ,2020-05-01,2021-05-01,verified_listing_interval,0,0,2021-04-30,,,verified_registry_endpoint,complete_export_no_new_ST_transition
002413.SZ:2021,002413.SZ,2021-05-01,2022-05-01,verified_listing_interval,0,0,2022-04-30,,,verified_registry_endpoint,complete_export_no_new_ST_transition
002413.SZ:2022,002413.SZ,2022-05-01,2023-05-01,verified_listing_interval,0,0,2023-04-30,,,verified_registry_endpoint,complete_export_no_new_ST_transition
002413.SZ:2023,002413.SZ,2023-05-01,2024-05-01,verified_listing_interval,0,0,2024-04-30,,,verified_registry_endpoint,complete_export_no_new_ST_transition
002413.SZ:2024,002413.SZ,2024-05-01,2025-05-01,verified_listing_interval,0,0,2025-04-30,,,verified_registry_endpoint,complete_export_no_new_ST_transition
002413.SZ:2025,002413.SZ,2025-05-01,2026-05-01,verified_listing_interval,0,0,2026-04-30,,,verified_registry_endpoint,complete_export_no_new_ST_transition
002418.SZ:2017,002418.SZ,2017-05-01,2018-05-01,verified_listing_interval,0,0,2018-04-30,,,verified_registry_endpoint,complete_export_no_new_ST_transition
002418.SZ:2018,002418.SZ,2018-05-01,2019-05-01,verified_listing_interval,0,0,2019-04-30,,,verified_registry_endpoint,complete_export_no_new_ST_transition
002418.SZ:2019,002418.SZ,2019-05-01,2020-05-01,verified_listing_interval,0,1,2020-04-30,2020-04-30,2604,verified_registry_endpoint,new_ST_name_transition
002418.SZ:2020,002418.SZ,2020-05-01,2021-05-01,verified_listing_interval,1,,,,,excluded,ST_at_origin
002418.SZ:2021,002418.SZ,2021-05-01,2022-05-01,verified_listing_interval,1,,,,,excluded,ST_at_origin
002418.SZ:2022,002418.SZ,2022-05-01,2023-05-01,verified_listing_interval,0,0,2023-04-30,,,verified_registry_endpoint,complete_export_no_new_ST_transition
002418.SZ:2023,002418.SZ,2023-05-01,2024-05-01,verified_listing_interval,0,0,2024-04-30,,,verified_registry_endpoint,complete_export_no_new_ST_transition
002418.SZ:2024,002418.SZ,2024-05-01,2025-05-01,verified_listing_interval,0,0,2025-04-30,,,verified_registry_endpoint,complete_export_no_new_ST_transition
002418.SZ:2025,002418.SZ,2025-05-01,2026-05-01,verified_listing_interval,0,0,2026-04-30,,,verified_registry_endpoint,complete_export_no_new_ST_transition
002426.SZ:2017,002426.SZ,2017-05-01,2018-05-01,verified_listing_interval,0,0,2018-04-30,,,verified_registry_endpoint,complete_export_no_new_ST_transition
002426.SZ:2018,002426.SZ,2018-05-01,2019-05-01,verified_listing_interval,0,0,2019-04-30,,,verified_registry_endpoint,complete_export_no_new_ST_transition
002426.SZ:2019,002426.SZ,2019-05-01,2020-05-01,verified_listing_interval,0,1,2020-04-30,2020-04-30,2605,verified_registry_endpoint,new_ST_name_transition
002426.SZ:2020,002426.SZ,2020-05-01,2021-05-01,verified_listing_interval,1,,,,,excluded,ST_at_origin
002426.SZ:2021,002426.SZ,2021-05-01,2022-05-01,verified_listing_interval,1,,,,,excluded,ST_at_origin
002426.SZ:2022,002426.SZ,2022-05-01,2023-05-01,verified_listing_interval,0,0,2023-04-30,,,verified_registry_endpoint,complete_export_no_new_ST_transition
002426.SZ:2023,002426.SZ,2023-05-01,2024-05-01,verified_listing_interval,0,0,2024-04-30,,,verified_registry_endpoint,complete_export_no_new_ST_transition
002426.SZ:2024,002426.SZ,2024-05-01,2025-05-01,verified_listing_interval,0,0,2025-04-30,,,verified_registry_endpoint,complete_export_no_new_ST_transition
002426.SZ:2025,002426.SZ,2025-05-01,2026-05-01,verified_listing_interval,0,0,2026-04-30,,,verified_registry_endpoint,complete_export_no_new_ST_transition
002429.SZ:2017,002429.SZ,2017-05-01,2018-05-01,verified_listing_interval,0,0,2018-04-30,,,verified_registry_endpoint,complete_export_no_new_ST_transition
002429.SZ:2018,002429.SZ,2018-05-01,2019-05-01,verified_listing_interval,0,0,2019-04-30,,,verified_registry_endpoint,complete_export_no_new_ST_transition
002429.SZ:2019,002429.SZ,2019-05-01,2020-05-01,verified_listing_interval,0,0,2020-04-30,,,verified_registry_endpoint,complete_export_no_new_ST_transition
002429.SZ:2020,002429.SZ,2020-05-01,2021-05-01,verified_listing_interval,0,0,2021-04-30,,,verified_registry_endpoint,complete_export_no_new_ST_transition
002429.SZ:2021,002429.SZ,2021-05-01,2022-05-01,verified_listing_interval,0,0,2022-04-30,,,verified_registry_endpoint,complete_export_no_new_ST_transition
002429.SZ:2022,002429.SZ,2022-05-01,2023-05-01,verified_listing_interval,0,0,2023-04-30,,,verified_registry_endpoint,complete_export_no_new_ST_transition
002429.SZ:2023,002429.SZ,2023-05-01,2024-05-01,verified_listing_interval,0,0,2024-04-30,,,verified_registry_endpoint,complete_export_no_new_ST_transition
002429.SZ:2024,002429.SZ,2024-05-01,2025-05-01,verified_listing_interval,0,0,2025-04-30,,,verified_registry_endpoint,complete_export_no_new_ST_transition
002429.SZ:2025,002429.SZ,2025-05-01,2026-05-01,verified_listing_interval,0,0,2026-04-30,,,verified_registry_endpoint,complete_export_no_new_ST_transition
002433.SZ:2017,002433.SZ,2017-05-01,2018-05-01,verified_listing_interval,0,0,2018-04-30,,,verified_registry_endpoint,complete_export_no_new_ST_transition
002433.SZ:2018,002433.SZ,2018-05-01,2019-05-01,verified_listing_interval,0,0,2019-04-30,,,verified_registry_endpoint,complete_export_no_new_ST_transition
002433.SZ:2019,002433.SZ,2019-05-01,2020-05-01,verified_listing_interval,0,0,2020-04-30,,,verified_registry_endpoint,complete_export_no_new_ST_transition
002433.SZ:2020,002433.SZ,2020-05-01,2021-05-01,verified_listing_interval,0,0,2021-04-30,,,verified_registry_endpoint,complete_export_no_new_ST_transition
002433.SZ:2021,002433.SZ,2021-05-01,2022-05-01,verified_listing_interval,0,0,2022-04-30,,,verified_registry_endpoint,complete_export_no_new_ST_transition
002433.SZ:2022,002433.SZ,2022-05-01,2023-05-01,verified_listing_interval,0,1,2022-09-28,2022-09-28,1258,verified_registry_endpoint,new_ST_name_transition
002433.SZ:2023,002433.SZ,2023-05-01,2024-05-01,verified_listing_interval,1,,,,,excluded,ST_at_origin
002433.SZ:2024,002433.SZ,2024-05-01,2025-05-01,verified_listing_interval,1,,,,,excluded,ST_at_origin
002434.SZ:2017,002434.SZ,2017-05-01,2018-05-01,verified_listing_interval,0,0,2018-04-30,,,verified_registry_endpoint,complete_export_no_new_ST_transition
002434.SZ:2018,002434.SZ,2018-05-01,2019-05-01,verified_listing_interval,0,0,2019-04-30,,,verified_registry_endpoint,complete_export_no_new_ST_transition
002434.SZ:2019,002434.SZ,2019-05-01,2020-05-01,verified_listing_interval,0,0,2020-04-30,,,verified_registry_endpoint,complete_export_no_new_ST_transition
002434.SZ:2020,002434.SZ,2020-05-01,2021-05-01,verified_listing_interval,0,0,2021-04-30,,,verified_registry_endpoint,complete_export_no_new_ST_transition
002434.SZ:2021,002434.SZ,2021-05-01,2022-05-01,verified_listing_interval,0,0,2022-04-30,,,verified_registry_endpoint,complete_export_no_new_ST_transition
002434.SZ:2022,002434.SZ,2022-05-01,2023-05-01,verified_listing_interval,0,0,2023-04-30,,,verified_registry_endpoint,complete_export_no_new_ST_transition
002434.SZ:2023,002434.SZ,2023-05-01,2024-05-01,verified_listing_interval,0,0,2024-04-30,,,verified_registry_endpoint,complete_export_no_new_ST_transition
002434.SZ:2024,002434.SZ,2024-05-01,2025-05-01,verified_listing_interval,0,0,2025-04-30,,,verified_registry_endpoint,complete_export_no_new_ST_transition
002434.SZ:2025,002434.SZ,2025-05-01,2026-05-01,verified_listing_interval,0,0,2026-04-30,,,verified_registry_endpoint,complete_export_no_new_ST_transition
002440.SZ:2017,002440.SZ,2017-05-01,2018-05-01,verified_listing_interval,0,0,2018-04-30,,,verified_registry_endpoint,complete_export_no_new_ST_transition
002440.SZ:2018,002440.SZ,2018-05-01,2019-05-01,verified_listing_interval,0,0,2019-04-30,,,verified_registry_endpoint,complete_export_no_new_ST_transition
002440.SZ:2019,002440.SZ,2019-05-01,2020-05-01,verified_listing_interval,0,0,2020-04-30,,,verified_registry_endpoint,complete_export_no_new_ST_transition
002440.SZ:2020,002440.SZ,2020-05-01,2021-05-01,verified_listing_interval,0,0,2021-04-30,,,verified_registry_endpoint,complete_export_no_new_ST_transition
002440.SZ:2021,002440.SZ,2021-05-01,2022-05-01,verified_listing_interval,0,0,2022-04-30,,,verified_registry_endpoint,complete_export_no_new_ST_transition
002440.SZ:2022,002440.SZ,2022-05-01,2023-05-01,verified_listing_interval,0,0,2023-04-30,,,verified_registry_endpoint,complete_export_no_new_ST_transition
002440.SZ:2023,002440.SZ,2023-05-01,2024-05-01,verified_listing_interval,0,0,2024-04-30,,,verified_registry_endpoint,complete_export_no_new_ST_transition
002440.SZ:2024,002440.SZ,2024-05-01,2025-05-01,verified_listing_interval,0,0,2025-04-30,,,verified_registry_endpoint,complete_export_no_new_ST_transition
002440.SZ:2025,002440.SZ,2025-05-01,2026-05-01,verified_listing_interval,0,0,2026-04-30,,,verified_registry_endpoint,complete_export_no_new_ST_transition
002445.SZ:2017,002445.SZ,2017-05-01,2018-05-01,verified_listing_interval,0,0,2018-04-30,,,verified_registry_endpoint,complete_export_no_new_ST_transition
002445.SZ:2018,002445.SZ,2018-05-01,2019-05-01,verified_listing_interval,0,1,2018-10-31,2018-10-31,2916,verified_registry_endpoint,new_ST_name_transition
002445.SZ:2019,002445.SZ,2019-05-01,2020-05-01,verified_listing_interval,1,,,,,excluded,ST_at_origin
002445.SZ:2020,002445.SZ,2020-05-01,2021-05-01,verified_listing_interval,1,,,,,excluded,ST_at_origin
002445.SZ:2021,002445.SZ,2021-05-01,2022-05-01,verified_listing_interval,1,,,,,excluded,ST_at_origin
002445.SZ:2022,002445.SZ,2022-05-01,2023-05-01,verified_listing_interval,0,0,2023-04-30,,,verified_registry_endpoint,complete_export_no_new_ST_transition
002445.SZ:2023,002445.SZ,2023-05-01,2024-05-01,verified_listing_interval,0,0,2024-04-30,,,verified_registry_endpoint,complete_export_no_new_ST_transition
002445.SZ:2024,002445.SZ,2024-05-01,2025-05-01,verified_listing_interval,0,0,2025-04-30,,,verified_registry_endpoint,complete_export_no_new_ST_transition
002445.SZ:2025,002445.SZ,2025-05-01,2026-05-01,verified_listing_interval,0,0,2026-04-30,,,verified_registry_endpoint,complete_export_no_new_ST_transition
002455.SZ:2017,002455.SZ,2017-05-01,2018-05-01,verified_listing_interval,0,0,2018-04-30,,,verified_registry_endpoint,complete_export_no_new_ST_transition
002455.SZ:2018,002455.SZ,2018-05-01,2019-05-01,verified_listing_interval,0,0,2019-04-30,,,verified_registry_endpoint,complete_export_no_new_ST_transition
002455.SZ:2019,002455.SZ,2019-05-01,2020-05-01,verified_listing_interval,0,0,2020-04-30,,,verified_registry_endpoint,complete_export_no_new_ST_transition
002455.SZ:2020,002455.SZ,2020-05-01,2021-05-01,verified_listing_interval,0,0,2021-04-30,,,verified_registry_endpoint,complete_export_no_new_ST_transition
002455.SZ:2021,002455.SZ,2021-05-01,2022-05-01,verified_listing_interval,0,0,2022-04-30,,,verified_registry_endpoint,complete_export_no_new_ST_transition
002455.SZ:2022,002455.SZ,2022-05-01,2023-05-01,verified_listing_interval,0,0,2023-04-30,,,verified_registry_endpoint,complete_export_no_new_ST_transition
002455.SZ:2023,002455.SZ,2023-05-01,2024-05-01,verified_listing_interval,0,0,2024-04-30,,,verified_registry_endpoint,complete_export_no_new_ST_transition
002455.SZ:2024,002455.SZ,2024-05-01,2025-05-01,verified_listing_interval,0,0,2025-04-30,,,verified_registry_endpoint,complete_export_no_new_ST_transition
002455.SZ:2025,002455.SZ,2025-05-01,2026-05-01,verified_listing_interval,0,0,2026-04-30,,,verified_registry_endpoint,complete_export_no_new_ST_transition
002460.SZ:2017,002460.SZ,2017-05-01,2018-05-01,verified_listing_interval,0,0,2018-04-30,,,verified_registry_endpoint,complete_export_no_new_ST_transition
002460.SZ:2018,002460.SZ,2018-05-01,2019-05-01,verified_listing_interval,0,0,2019-04-30,,,verified_registry_endpoint,complete_export_no_new_ST_transition
002460.SZ:2019,002460.SZ,2019-05-01,2020-05-01,verified_listing_interval,0,0,2020-04-30,,,verified_registry_endpoint,complete_export_no_new_ST_transition
002460.SZ:2020,002460.SZ,2020-05-01,2021-05-01,verified_listing_interval,0,0,2021-04-30,,,verified_registry_endpoint,complete_export_no_new_ST_transition
002460.SZ:2021,002460.SZ,2021-05-01,2022-05-01,verified_listing_interval,0,0,2022-04-30,,,verified_registry_endpoint,complete_export_no_new_ST_transition
002460.SZ:2022,002460.SZ,2022-05-01,2023-05-01,verified_listing_interval,0,0,2023-04-30,,,verified_registry_endpoint,complete_export_no_new_ST_transition
002460.SZ:2023,002460.SZ,2023-05-01,2024-05-01,verified_listing_interval,0,0,2024-04-30,,,verified_registry_endpoint,complete_export_no_new_ST_transition
002460.SZ:2024,002460.SZ,2024-05-01,2025-05-01,verified_listing_interval,0,0,2025-04-30,,,verified_registry_endpoint,complete_export_no_new_ST_transition
002460.SZ:2025,002460.SZ,2025-05-01,2026-05-01,verified_listing_interval,0,0,2026-04-30,,,verified_registry_endpoint,complete_export_no_new_ST_transition
002467.SZ:2017,002467.SZ,2017-05-01,2018-05-01,verified_listing_interval,0,0,2018-04-30,,,verified_registry_endpoint,complete_export_no_new_ST_transition
002467.SZ:2018,002467.SZ,2018-05-01,2019-05-01,verified_listing_interval,0,0,2019-04-30,,,verified_registry_endpoint,complete_export_no_new_ST_transition
002467.SZ:2019,002467.SZ,2019-05-01,2020-05-01,verified_listing_interval,0,0,2020-04-30,,,verified_registry_endpoint,complete_export_no_new_ST_transition
002467.SZ:2020,002467.SZ,2020-05-01,2021-05-01,verified_listing_interval,0,0,2021-04-30,,,verified_registry_endpoint,complete_export_no_new_ST_transition
002467.SZ:2021,002467.SZ,2021-05-01,2022-05-01,verified_listing_interval,0,0,2022-04-30,,,verified_registry_endpoint,complete_export_no_new_ST_transition
002467.SZ:2022,002467.SZ,2022-05-01,2023-05-01,verified_listing_interval,0,0,2023-04-30,,,verified_registry_endpoint,complete_export_no_new_ST_transition
002467.SZ:2023,002467.SZ,2023-05-01,2024-05-01,verified_listing_interval,0,0,2024-04-30,,,verified_registry_endpoint,complete_export_no_new_ST_transition
002467.SZ:2024,002467.SZ,2024-05-01,2025-05-01,verified_listing_interval,0,0,2025-04-30,,,verified_registry_endpoint,complete_export_no_new_ST_transition
002467.SZ:2025,002467.SZ,2025-05-01,2026-05-01,verified_listing_interval,0,0,2026-04-30,,,verified_registry_endpoint,complete_export_no_new_ST_transition
002470.SZ:2017,002470.SZ,2017-05-01,2018-05-01,verified_listing_interval,0,0,2018-04-30,,,verified_registry_endpoint,complete_export_no_new_ST_transition
002470.SZ:2018,002470.SZ,2018-05-01,2019-05-01,verified_listing_interval,0,0,2019-04-30,,,verified_registry_endpoint,complete_export_no_new_ST_transition
002470.SZ:2019,002470.SZ,2019-05-01,2020-05-01,verified_listing_interval,0,0,2020-04-30,,,verified_registry_endpoint,complete_export_no_new_ST_transition
002470.SZ:2020,002470.SZ,2020-05-01,2021-05-01,verified_listing_interval,0,1,2020-07-01,2020-07-01,2519,verified_registry_endpoint,new_ST_name_transition
002470.SZ:2021,002470.SZ,2021-05-01,2022-05-01,verified_listing_interval,1,,,,,excluded,ST_at_origin
002470.SZ:2022,002470.SZ,2022-05-01,2023-05-01,verified_listing_interval,1,,,,,excluded,ST_at_origin
002470.SZ:2023,002470.SZ,2023-05-01,2024-05-01,verified_listing_interval,1,,,,,excluded,ST_at_origin
002470.SZ:2024,002470.SZ,2024-05-01,2025-05-01,verified_listing_interval,0,0,2025-04-30,,,verified_registry_endpoint,complete_export_no_new_ST_transition
002470.SZ:2025,002470.SZ,2025-05-01,2026-05-01,verified_listing_interval,0,0,2026-04-30,,,verified_registry_endpoint,complete_export_no_new_ST_transition
002479.SZ:2017,002479.SZ,2017-05-01,2018-05-01,verified_listing_interval,0,0,2018-04-30,,,verified_registry_endpoint,complete_export_no_new_ST_transition
002479.SZ:2018,002479.SZ,2018-05-01,2019-05-01,verified_listing_interval,0,0,2019-04-30,,,verified_registry_endpoint,complete_export_no_new_ST_transition
002479.SZ:2019,002479.SZ,2019-05-01,2020-05-01,verified_listing_interval,0,0,2020-04-30,,,verified_registry_endpoint,complete_export_no_new_ST_transition
002479.SZ:2020,002479.SZ,2020-05-01,2021-05-01,verified_listing_interval,0,0,2021-04-30,,,verified_registry_endpoint,complete_export_no_new_ST_transition
002479.SZ:2021,002479.SZ,2021-05-01,2022-05-01,verified_listing_interval,0,0,2022-04-30,,,verified_registry_endpoint,complete_export_no_new_ST_transition
002479.SZ:2022,002479.SZ,2022-05-01,2023-05-01,verified_listing_interval,0,0,2023-04-30,,,verified_registry_endpoint,complete_export_no_new_ST_transition
002479.SZ:2023,002479.SZ,2023-05-01,2024-05-01,verified_listing_interval,0,0,2024-04-30,,,verified_registry_endpoint,complete_export_no_new_ST_transition
002479.SZ:2024,002479.SZ,2024-05-01,2025-05-01,verified_listing_interval,0,0,2025-04-30,,,verified_registry_endpoint,complete_export_no_new_ST_transition
002479.SZ:2025,002479.SZ,2025-05-01,2026-05-01,verified_listing_interval,0,0,2026-04-30,,,verified_registry_endpoint,complete_export_no_new_ST_transition
002484.SZ:2017,002484.SZ,2017-05-01,2018-05-01,verified_listing_interval,0,0,2018-04-30,,,verified_registry_endpoint,complete_export_no_new_ST_transition
002484.SZ:2018,002484.SZ,2018-05-01,2019-05-01,verified_listing_interval,0,0,2019-04-30,,,verified_registry_endpoint,complete_export_no_new_ST_transition
002484.SZ:2019,002484.SZ,2019-05-01,2020-05-01,verified_listing_interval,0,0,2020-04-30,,,verified_registry_endpoint,complete_export_no_new_ST_transition
002484.SZ:2020,002484.SZ,2020-05-01,2021-05-01,verified_listing_interval,0,0,2021-04-30,,,verified_registry_endpoint,complete_export_no_new_ST_transition
002484.SZ:2021,002484.SZ,2021-05-01,2022-05-01,verified_listing_interval,0,0,2022-04-30,,,verified_registry_endpoint,complete_export_no_new_ST_transition
002484.SZ:2022,002484.SZ,2022-05-01,2023-05-01,verified_listing_interval,0,0,2023-04-30,,,verified_registry_endpoint,complete_export_no_new_ST_transition
002484.SZ:2023,002484.SZ,2023-05-01,2024-05-01,verified_listing_interval,0,0,2024-04-30,,,verified_registry_endpoint,complete_export_no_new_ST_transition
002484.SZ:2024,002484.SZ,2024-05-01,2025-05-01,verified_listing_interval,0,0,2025-04-30,,,verified_registry_endpoint,complete_export_no_new_ST_transition
002484.SZ:2025,002484.SZ,2025-05-01,2026-05-01,verified_listing_interval,0,0,2026-04-30,,,verified_registry_endpoint,complete_export_no_new_ST_transition
002492.SZ:2017,002492.SZ,2017-05-01,2018-05-01,verified_listing_interval,0,0,2018-04-30,,,verified_registry_endpoint,complete_export_no_new_ST_transition
002492.SZ:2018,002492.SZ,2018-05-01,2019-05-01,verified_listing_interval,0,0,2019-04-30,,,verified_registry_endpoint,complete_export_no_new_ST_transition
002492.SZ:2019,002492.SZ,2019-05-01,2020-05-01,verified_listing_interval,0,0,2020-04-30,,,verified_registry_endpoint,complete_export_no_new_ST_transition
002492.SZ:2020,002492.SZ,2020-05-01,2021-05-01,verified_listing_interval,0,0,2021-04-30,,,verified_registry_endpoint,complete_export_no_new_ST_transition
002492.SZ:2021,002492.SZ,2021-05-01,2022-05-01,verified_listing_interval,0,0,2022-04-30,,,verified_registry_endpoint,complete_export_no_new_ST_transition
002492.SZ:2022,002492.SZ,2022-05-01,2023-05-01,verified_listing_interval,0,0,2023-04-30,,,verified_registry_endpoint,complete_export_no_new_ST_transition
002492.SZ:2023,002492.SZ,2023-05-01,2024-05-01,verified_listing_interval,0,0,2024-04-30,,,verified_registry_endpoint,complete_export_no_new_ST_transition
002492.SZ:2024,002492.SZ,2024-05-01,2025-05-01,verified_listing_interval,0,0,2025-04-30,,,verified_registry_endpoint,complete_export_no_new_ST_transition
002492.SZ:2025,002492.SZ,2025-05-01,2026-05-01,verified_listing_interval,0,0,2026-04-30,,,verified_registry_endpoint,complete_export_no_new_ST_transition
002513.SZ:2017,002513.SZ,2017-05-01,2018-05-01,verified_listing_interval,0,0,2018-04-30,,,verified_registry_endpoint,complete_export_no_new_ST_transition
002513.SZ:2018,002513.SZ,2018-05-01,2019-05-01,verified_listing_interval,0,0,2019-04-30,,,verified_registry_endpoint,complete_export_no_new_ST_transition
002513.SZ:2019,002513.SZ,2019-05-01,2020-05-01,verified_listing_interval,0,1,2020-04-29,2020-04-29,2619,verified_registry_endpoint,new_ST_name_transition
002513.SZ:2020,002513.SZ,2020-05-01,2021-05-01,verified_listing_interval,1,,,,,excluded,ST_at_origin
002513.SZ:2021,002513.SZ,2021-05-01,2022-05-01,verified_listing_interval,1,,,,,excluded,ST_at_origin
002513.SZ:2022,002513.SZ,2022-05-01,2023-05-01,verified_listing_interval,0,0,2023-04-30,,,verified_registry_endpoint,complete_export_no_new_ST_transition
002513.SZ:2023,002513.SZ,2023-05-01,2024-05-01,verified_listing_interval,0,0,2024-04-30,,,verified_registry_endpoint,complete_export_no_new_ST_transition
002513.SZ:2024,002513.SZ,2024-05-01,2025-05-01,verified_listing_interval,0,0,2025-04-30,,,verified_registry_endpoint,complete_export_no_new_ST_transition
002513.SZ:2025,002513.SZ,2025-05-01,2026-05-01,verified_listing_interval,0,0,2026-04-30,,,verified_registry_endpoint,complete_export_no_new_ST_transition
002519.SZ:2017,002519.SZ,2017-05-01,2018-05-01,verified_listing_interval,0,0,2018-04-30,,,verified_registry_endpoint,complete_export_no_new_ST_transition
002519.SZ:2018,002519.SZ,2018-05-01,2019-05-01,verified_listing_interval,0,0,2019-04-30,,,verified_registry_endpoint,complete_export_no_new_ST_transition
002519.SZ:2019,002519.SZ,2019-05-01,2020-05-01,verified_listing_interval,0,0,2020-04-30,,,verified_registry_endpoint,complete_export_no_new_ST_transition
002519.SZ:2020,002519.SZ,2020-05-01,2021-05-01,verified_listing_interval,0,0,2021-04-30,,,verified_registry_endpoint,complete_export_no_new_ST_transition
002519.SZ:2021,002519.SZ,2021-05-01,2022-05-01,verified_listing_interval,0,0,2022-04-30,,,verified_registry_endpoint,complete_export_no_new_ST_transition
002519.SZ:2022,002519.SZ,2022-05-01,2023-05-01,verified_listing_interval,0,0,2023-04-30,,,verified_registry_endpoint,complete_export_no_new_ST_transition
002519.SZ:2023,002519.SZ,2023-05-01,2024-05-01,verified_listing_interval,0,0,2024-04-30,,,verified_registry_endpoint,complete_export_no_new_ST_transition
002519.SZ:2024,002519.SZ,2024-05-01,2025-05-01,verified_listing_interval,0,0,2025-04-30,,,verified_registry_endpoint,complete_export_no_new_ST_transition
002519.SZ:2025,002519.SZ,2025-05-01,2026-05-01,verified_listing_interval,0,0,2026-04-30,,,verified_registry_endpoint,complete_export_no_new_ST_transition
002520.SZ:2017,002520.SZ,2017-05-01,2018-05-01,verified_listing_interval,0,0,2018-04-30,,,verified_registry_endpoint,complete_export_no_new_ST_transition
002520.SZ:2018,002520.SZ,2018-05-01,2019-05-01,verified_listing_interval,0,0,2019-04-30,,,verified_registry_endpoint,complete_export_no_new_ST_transition
002520.SZ:2019,002520.SZ,2019-05-01,2020-05-01,verified_listing_interval,0,0,2020-04-30,,,verified_registry_endpoint,complete_export_no_new_ST_transition
002520.SZ:2020,002520.SZ,2020-05-01,2021-05-01,verified_listing_interval,0,0,2021-04-30,,,verified_registry_endpoint,complete_export_no_new_ST_transition
002520.SZ:2021,002520.SZ,2021-05-01,2022-05-01,verified_listing_interval,0,0,2022-04-30,,,verified_registry_endpoint,complete_export_no_new_ST_transition
002520.SZ:2022,002520.SZ,2022-05-01,2023-05-01,verified_listing_interval,0,0,2023-04-30,,,verified_registry_endpoint,complete_export_no_new_ST_transition
002520.SZ:2023,002520.SZ,2023-05-01,2024-05-01,verified_listing_interval,0,0,2024-04-30,,,verified_registry_endpoint,complete_export_no_new_ST_transition
002520.SZ:2024,002520.SZ,2024-05-01,2025-05-01,verified_listing_interval,0,0,2025-04-30,,,verified_registry_endpoint,complete_export_no_new_ST_transition
002520.SZ:2025,002520.SZ,2025-05-01,2026-05-01,verified_listing_interval,0,0,2026-04-30,,,verified_registry_endpoint,complete_export_no_new_ST_transition
002524.SZ:2017,002524.SZ,2017-05-01,2018-05-01,verified_listing_interval,0,0,2018-04-30,,,verified_registry_endpoint,complete_export_no_new_ST_transition
002524.SZ:2018,002524.SZ,2018-05-01,2019-05-01,verified_listing_interval,0,0,2019-04-30,,,verified_registry_endpoint,complete_export_no_new_ST_transition
002524.SZ:2019,002524.SZ,2019-05-01,2020-05-01,verified_listing_interval,0,0,2020-04-30,,,verified_registry_endpoint,complete_export_no_new_ST_transition
002524.SZ:2020,002524.SZ,2020-05-01,2021-05-01,verified_listing_interval,0,0,2021-04-30,,,verified_registry_endpoint,complete_export_no_new_ST_transition
002524.SZ:2021,002524.SZ,2021-05-01,2022-05-01,verified_listing_interval,0,0,2022-04-30,,,verified_registry_endpoint,complete_export_no_new_ST_transition
002524.SZ:2022,002524.SZ,2022-05-01,2023-05-01,verified_listing_interval,0,0,2023-04-30,,,verified_registry_endpoint,complete_export_no_new_ST_transition
002524.SZ:2023,002524.SZ,2023-05-01,2024-05-01,verified_listing_interval,0,0,2024-04-30,,,verified_registry_endpoint,complete_export_no_new_ST_transition
002524.SZ:2024,002524.SZ,2024-05-01,2025-05-01,verified_listing_interval,0,0,2025-04-30,,,verified_registry_endpoint,complete_export_no_new_ST_transition
002524.SZ:2025,002524.SZ,2025-05-01,2026-05-01,verified_listing_interval,0,0,2026-04-30,,,verified_registry_endpoint,complete_export_no_new_ST_transition
002526.SZ:2017,002526.SZ,2017-05-01,2018-05-01,verified_listing_interval,0,0,2018-04-30,,,verified_registry_endpoint,complete_export_no_new_ST_transition
002526.SZ:2018,002526.SZ,2018-05-01,2019-05-01,verified_listing_interval,0,0,2019-04-30,,,verified_registry_endpoint,complete_export_no_new_ST_transition
002526.SZ:2019,002526.SZ,2019-05-01,2020-05-01,verified_listing_interval,0,0,2020-04-30,,,verified_registry_endpoint,complete_export_no_new_ST_transition
002526.SZ:2020,002526.SZ,2020-05-01,2021-05-01,verified_listing_interval,0,0,2021-04-30,,,verified_registry_endpoint,complete_export_no_new_ST_transition
002526.SZ:2021,002526.SZ,2021-05-01,2022-05-01,verified_listing_interval,0,0,2022-04-30,,,verified_registry_endpoint,complete_export_no_new_ST_transition
002526.SZ:2022,002526.SZ,2022-05-01,2023-05-01,verified_listing_interval,0,0,2023-04-30,,,verified_registry_endpoint,complete_export_no_new_ST_transition
002526.SZ:2023,002526.SZ,2023-05-01,2024-05-01,verified_listing_interval,0,0,2024-04-30,,,verified_registry_endpoint,complete_export_no_new_ST_transition
002526.SZ:2024,002526.SZ,2024-05-01,2025-05-01,verified_listing_interval,0,0,2025-04-30,,,verified_registry_endpoint,complete_export_no_new_ST_transition
002526.SZ:2025,002526.SZ,2025-05-01,2026-05-01,verified_listing_interval,0,0,2026-04-30,,,verified_registry_endpoint,complete_export_no_new_ST_transition
002531.SZ:2017,002531.SZ,2017-05-01,2018-05-01,verified_listing_interval,0,0,2018-04-30,,,verified_registry_endpoint,complete_export_no_new_ST_transition
002531.SZ:2018,002531.SZ,2018-05-01,2019-05-01,verified_listing_interval,0,0,2019-04-30,,,verified_registry_endpoint,complete_export_no_new_ST_transition
002531.SZ:2019,002531.SZ,2019-05-01,2020-05-01,verified_listing_interval,0,0,2020-04-30,,,verified_registry_endpoint,complete_export_no_new_ST_transition
002531.SZ:2020,002531.SZ,2020-05-01,2021-05-01,verified_listing_interval,0,0,2021-04-30,,,verified_registry_endpoint,complete_export_no_new_ST_transition
002531.SZ:2021,002531.SZ,2021-05-01,2022-05-01,verified_listing_interval,0,0,2022-04-30,,,verified_registry_endpoint,complete_export_no_new_ST_transition
002531.SZ:2022,002531.SZ,2022-05-01,2023-05-01,verified_listing_interval,0,0,2023-04-30,,,verified_registry_endpoint,complete_export_no_new_ST_transition
002531.SZ:2023,002531.SZ,2023-05-01,2024-05-01,verified_listing_interval,0,0,2024-04-30,,,verified_registry_endpoint,complete_export_no_new_ST_transition
002531.SZ:2024,002531.SZ,2024-05-01,2025-05-01,verified_listing_interval,0,0,2025-04-30,,,verified_registry_endpoint,complete_export_no_new_ST_transition
002531.SZ:2025,002531.SZ,2025-05-01,2026-05-01,verified_listing_interval,0,0,2026-04-30,,,verified_registry_endpoint,complete_export_no_new_ST_transition
002540.SZ:2017,002540.SZ,2017-05-01,2018-05-01,verified_listing_interval,0,0,2018-04-30,,,verified_registry_endpoint,complete_export_no_new_ST_transition
002540.SZ:2018,002540.SZ,2018-05-01,2019-05-01,verified_listing_interval,0,0,2019-04-30,,,verified_registry_endpoint,complete_export_no_new_ST_transition
002540.SZ:2019,002540.SZ,2019-05-01,2020-05-01,verified_listing_interval,0,0,2020-04-30,,,verified_registry_endpoint,complete_export_no_new_ST_transition
002540.SZ:2020,002540.SZ,2020-05-01,2021-05-01,verified_listing_interval,0,0,2021-04-30,,,verified_registry_endpoint,complete_export_no_new_ST_transition
002540.SZ:2021,002540.SZ,2021-05-01,2022-05-01,verified_listing_interval,0,0,2022-04-30,,,verified_registry_endpoint,complete_export_no_new_ST_transition
002540.SZ:2022,002540.SZ,2022-05-01,2023-05-01,verified_listing_interval,0,0,2023-04-30,,,verified_registry_endpoint,complete_export_no_new_ST_transition
002540.SZ:2023,002540.SZ,2023-05-01,2024-05-01,verified_listing_interval,0,0,2024-04-30,,,verified_registry_endpoint,complete_export_no_new_ST_transition
002540.SZ:2024,002540.SZ,2024-05-01,2025-05-01,verified_listing_interval,0,0,2025-04-30,,,verified_registry_endpoint,complete_export_no_new_ST_transition
002540.SZ:2025,002540.SZ,2025-05-01,2026-05-01,verified_listing_interval,0,0,2026-04-30,,,verified_registry_endpoint,complete_export_no_new_ST_transition
002542.SZ:2017,002542.SZ,2017-05-01,2018-05-01,verified_listing_interval,0,0,2018-04-30,,,verified_registry_endpoint,complete_export_no_new_ST_transition
002542.SZ:2018,002542.SZ,2018-05-01,2019-05-01,verified_listing_interval,0,0,2019-04-30,,,verified_registry_endpoint,complete_export_no_new_ST_transition
002542.SZ:2019,002542.SZ,2019-05-01,2020-05-01,verified_listing_interval,0,0,2020-04-30,,,verified_registry_endpoint,complete_export_no_new_ST_transition
002542.SZ:2020,002542.SZ,2020-05-01,2021-05-01,verified_listing_interval,0,0,2021-04-30,,,verified_registry_endpoint,complete_export_no_new_ST_transition
002542.SZ:2021,002542.SZ,2021-05-01,2022-05-01,verified_listing_interval,0,0,2022-04-30,,,verified_registry_endpoint,complete_export_no_new_ST_transition
002542.SZ:2022,002542.SZ,2022-05-01,2023-05-01,verified_listing_interval,0,0,2023-04-30,,,verified_registry_endpoint,complete_export_no_new_ST_transition
002542.SZ:2023,002542.SZ,2023-05-01,2024-05-01,verified_listing_interval,0,0,2024-04-30,,,verified_registry_endpoint,complete_export_no_new_ST_transition
002542.SZ:2024,002542.SZ,2024-05-01,2025-05-01,verified_listing_interval,0,0,2025-04-30,,,verified_registry_endpoint,complete_export_no_new_ST_transition
002542.SZ:2025,002542.SZ,2025-05-01,2026-05-01,verified_listing_interval,0,1,2026-04-21,2026-04-21,186,verified_registry_endpoint,new_ST_name_transition
002543.SZ:2017,002543.SZ,2017-05-01,2018-05-01,verified_listing_interval,0,0,2018-04-30,,,verified_registry_endpoint,complete_export_no_new_ST_transition
002543.SZ:2018,002543.SZ,2018-05-01,2019-05-01,verified_listing_interval,0,0,2019-04-30,,,verified_registry_endpoint,complete_export_no_new_ST_transition
002543.SZ:2019,002543.SZ,2019-05-01,2020-05-01,verified_listing_interval,0,0,2020-04-30,,,verified_registry_endpoint,complete_export_no_new_ST_transition
002543.SZ:2020,002543.SZ,2020-05-01,2021-05-01,verified_listing_interval,0,0,2021-04-30,,,verified_registry_endpoint,complete_export_no_new_ST_transition
002543.SZ:2021,002543.SZ,2021-05-01,2022-05-01,verified_listing_interval,0,0,2022-04-30,,,verified_registry_endpoint,complete_export_no_new_ST_transition
002543.SZ:2022,002543.SZ,2022-05-01,2023-05-01,verified_listing_interval,0,0,2023-04-30,,,verified_registry_endpoint,complete_export_no_new_ST_transition
002543.SZ:2023,002543.SZ,2023-05-01,2024-05-01,verified_listing_interval,0,0,2024-04-30,,,verified_registry_endpoint,complete_export_no_new_ST_transition
002543.SZ:2024,002543.SZ,2024-05-01,2025-05-01,verified_listing_interval,0,0,2025-04-30,,,verified_registry_endpoint,complete_export_no_new_ST_transition
002543.SZ:2025,002543.SZ,2025-05-01,2026-05-01,verified_listing_interval,0,0,2026-04-30,,,verified_registry_endpoint,complete_export_no_new_ST_transition
002545.SZ:2017,002545.SZ,2017-05-01,2018-05-01,verified_listing_interval,0,0,2018-04-30,,,verified_registry_endpoint,complete_export_no_new_ST_transition
002545.SZ:2018,002545.SZ,2018-05-01,2019-05-01,verified_listing_interval,0,0,2019-04-30,,,verified_registry_endpoint,complete_export_no_new_ST_transition
002545.SZ:2019,002545.SZ,2019-05-01,2020-05-01,verified_listing_interval,0,0,2020-04-30,,,verified_registry_endpoint,complete_export_no_new_ST_transition
002545.SZ:2020,002545.SZ,2020-05-01,2021-05-01,verified_listing_interval,0,0,2021-04-30,,,verified_registry_endpoint,complete_export_no_new_ST_transition
002545.SZ:2021,002545.SZ,2021-05-01,2022-05-01,verified_listing_interval,0,0,2022-04-30,,,verified_registry_endpoint,complete_export_no_new_ST_transition
002545.SZ:2022,002545.SZ,2022-05-01,2023-05-01,verified_listing_interval,0,0,2023-04-30,,,verified_registry_endpoint,complete_export_no_new_ST_transition
002545.SZ:2023,002545.SZ,2023-05-01,2024-05-01,verified_listing_interval,0,0,2024-04-30,,,verified_registry_endpoint,complete_export_no_new_ST_transition
002545.SZ:2024,002545.SZ,2024-05-01,2025-05-01,verified_listing_interval,0,0,2025-04-30,,,verified_registry_endpoint,complete_export_no_new_ST_transition
002545.SZ:2025,002545.SZ,2025-05-01,2026-05-01,verified_listing_interval,0,0,2026-04-30,,,verified_registry_endpoint,complete_export_no_new_ST_transition
002548.SZ:2017,002548.SZ,2017-05-01,2018-05-01,verified_listing_interval,0,0,2018-04-30,,,verified_registry_endpoint,complete_export_no_new_ST_transition
002548.SZ:2018,002548.SZ,2018-05-01,2019-05-01,verified_listing_interval,0,0,2019-04-30,,,verified_registry_endpoint,complete_export_no_new_ST_transition
002548.SZ:2019,002548.SZ,2019-05-01,2020-05-01,verified_listing_interval,0,0,2020-04-30,,,verified_registry_endpoint,complete_export_no_new_ST_transition
002548.SZ:2020,002548.SZ,2020-05-01,2021-05-01,verified_listing_interval,0,0,2021-04-30,,,verified_registry_endpoint,complete_export_no_new_ST_transition
002548.SZ:2021,002548.SZ,2021-05-01,2022-05-01,verified_listing_interval,0,0,2022-04-30,,,verified_registry_endpoint,complete_export_no_new_ST_transition
002548.SZ:2022,002548.SZ,2022-05-01,2023-05-01,verified_listing_interval,0,0,2023-04-30,,,verified_registry_endpoint,complete_export_no_new_ST_transition
002548.SZ:2023,002548.SZ,2023-05-01,2024-05-01,verified_listing_interval,0,0,2024-04-30,,,verified_registry_endpoint,complete_export_no_new_ST_transition
002548.SZ:2024,002548.SZ,2024-05-01,2025-05-01,verified_listing_interval,0,0,2025-04-30,,,verified_registry_endpoint,complete_export_no_new_ST_transition
002548.SZ:2025,002548.SZ,2025-05-01,2026-05-01,verified_listing_interval,0,0,2026-04-30,,,verified_registry_endpoint,complete_export_no_new_ST_transition
002552.SZ:2017,002552.SZ,2017-05-01,2018-05-01,verified_listing_interval,0,0,2018-04-30,,,verified_registry_endpoint,complete_export_no_new_ST_transition
002552.SZ:2018,002552.SZ,2018-05-01,2019-05-01,verified_listing_interval,0,1,2018-05-03,2018-05-03,3005,verified_registry_endpoint,new_ST_name_transition
002552.SZ:2019,002552.SZ,2019-05-01,2020-05-01,verified_listing_interval,0,0,2020-04-30,,,verified_registry_endpoint,complete_export_no_new_ST_transition
002552.SZ:2020,002552.SZ,2020-05-01,2021-05-01,verified_listing_interval,0,0,2021-04-30,,,verified_registry_endpoint,complete_export_no_new_ST_transition
002552.SZ:2021,002552.SZ,2021-05-01,2022-05-01,verified_listing_interval,0,0,2022-04-30,,,verified_registry_endpoint,complete_export_no_new_ST_transition
002552.SZ:2022,002552.SZ,2022-05-01,2023-05-01,verified_listing_interval,0,0,2023-04-30,,,verified_registry_endpoint,complete_export_no_new_ST_transition
002552.SZ:2023,002552.SZ,2023-05-01,2024-05-01,verified_listing_interval,0,0,2024-04-30,,,verified_registry_endpoint,complete_export_no_new_ST_transition
002552.SZ:2024,002552.SZ,2024-05-01,2025-05-01,verified_listing_interval,0,0,2025-04-30,,,verified_registry_endpoint,complete_export_no_new_ST_transition
002552.SZ:2025,002552.SZ,2025-05-01,2026-05-01,verified_listing_interval,0,0,2026-04-30,,,verified_registry_endpoint,complete_export_no_new_ST_transition
002557.SZ:2017,002557.SZ,2017-05-01,2018-05-01,verified_listing_interval,0,0,2018-04-30,,,verified_registry_endpoint,complete_export_no_new_ST_transition
002557.SZ:2018,002557.SZ,2018-05-01,2019-05-01,verified_listing_interval,0,0,2019-04-30,,,verified_registry_endpoint,complete_export_no_new_ST_transition
002557.SZ:2019,002557.SZ,2019-05-01,2020-05-01,verified_listing_interval,0,0,2020-04-30,,,verified_registry_endpoint,complete_export_no_new_ST_transition
002557.SZ:2020,002557.SZ,2020-05-01,2021-05-01,verified_listing_interval,0,0,2021-04-30,,,verified_registry_endpoint,complete_export_no_new_ST_transition
002557.SZ:2021,002557.SZ,2021-05-01,2022-05-01,verified_listing_interval,0,0,2022-04-30,,,verified_registry_endpoint,complete_export_no_new_ST_transition
002557.SZ:2022,002557.SZ,2022-05-01,2023-05-01,verified_listing_interval,0,0,2023-04-30,,,verified_registry_endpoint,complete_export_no_new_ST_transition
002557.SZ:2023,002557.SZ,2023-05-01,2024-05-01,verified_listing_interval,0,0,2024-04-30,,,verified_registry_endpoint,complete_export_no_new_ST_transition
002557.SZ:2024,002557.SZ,2024-05-01,2025-05-01,verified_listing_interval,0,0,2025-04-30,,,verified_registry_endpoint,complete_export_no_new_ST_transition
002557.SZ:2025,002557.SZ,2025-05-01,2026-05-01,verified_listing_interval,0,0,2026-04-30,,,verified_registry_endpoint,complete_export_no_new_ST_transition
002558.SZ:2017,002558.SZ,2017-05-01,2018-05-01,verified_listing_interval,0,0,2018-04-30,,,verified_registry_endpoint,complete_export_no_new_ST_transition
002558.SZ:2018,002558.SZ,2018-05-01,2019-05-01,verified_listing_interval,0,0,2019-04-30,,,verified_registry_endpoint,complete_export_no_new_ST_transition
002558.SZ:2019,002558.SZ,2019-05-01,2020-05-01,verified_listing_interval,0,0,2020-04-30,,,verified_registry_endpoint,complete_export_no_new_ST_transition
002558.SZ:2020,002558.SZ,2020-05-01,2021-05-01,verified_listing_interval,0,0,2021-04-30,,,verified_registry_endpoint,complete_export_no_new_ST_transition
002558.SZ:2021,002558.SZ,2021-05-01,2022-05-01,verified_listing_interval,0,0,2022-04-30,,,verified_registry_endpoint,complete_export_no_new_ST_transition
002558.SZ:2022,002558.SZ,2022-05-01,2023-05-01,verified_listing_interval,0,0,2023-04-30,,,verified_registry_endpoint,complete_export_no_new_ST_transition
002558.SZ:2023,002558.SZ,2023-05-01,2024-05-01,verified_listing_interval,0,0,2024-04-30,,,verified_registry_endpoint,complete_export_no_new_ST_transition
002558.SZ:2024,002558.SZ,2024-05-01,2025-05-01,verified_listing_interval,0,0,2025-04-30,,,verified_registry_endpoint,complete_export_no_new_ST_transition
002558.SZ:2025,002558.SZ,2025-05-01,2026-05-01,verified_listing_interval,0,0,2026-04-30,,,verified_registry_endpoint,complete_export_no_new_ST_transition
002561.SZ:2017,002561.SZ,2017-05-01,2018-05-01,verified_listing_interval,0,0,2018-04-30,,,verified_registry_endpoint,complete_export_no_new_ST_transition
002561.SZ:2018,002561.SZ,2018-05-01,2019-05-01,verified_listing_interval,0,0,2019-04-30,,,verified_registry_endpoint,complete_export_no_new_ST_transition
002561.SZ:2019,002561.SZ,2019-05-01,2020-05-01,verified_listing_interval,0,0,2020-04-30,,,verified_registry_endpoint,complete_export_no_new_ST_transition
002561.SZ:2020,002561.SZ,2020-05-01,2021-05-01,verified_listing_interval,0,0,2021-04-30,,,verified_registry_endpoint,complete_export_no_new_ST_transition
002561.SZ:2021,002561.SZ,2021-05-01,2022-05-01,verified_listing_interval,0,0,2022-04-30,,,verified_registry_endpoint,complete_export_no_new_ST_transition
002561.SZ:2022,002561.SZ,2022-05-01,2023-05-01,verified_listing_interval,0,0,2023-04-30,,,verified_registry_endpoint,complete_export_no_new_ST_transition
002561.SZ:2023,002561.SZ,2023-05-01,2024-05-01,verified_listing_interval,0,0,2024-04-30,,,verified_registry_endpoint,complete_export_no_new_ST_transition
002561.SZ:2024,002561.SZ,2024-05-01,2025-05-01,verified_listing_interval,0,0,2025-04-30,,,verified_registry_endpoint,complete_export_no_new_ST_transition
002561.SZ:2025,002561.SZ,2025-05-01,2026-05-01,verified_listing_interval,0,0,2026-04-30,,,verified_registry_endpoint,complete_export_no_new_ST_transition
002583.SZ:2017,002583.SZ,2017-05-01,2018-05-01,verified_listing_interval,0,0,2018-04-30,,,verified_registry_endpoint,complete_export_no_new_ST_transition
002583.SZ:2018,002583.SZ,2018-05-01,2019-05-01,verified_listing_interval,0,0,2019-04-30,,,verified_registry_endpoint,complete_export_no_new_ST_transition
002583.SZ:2019,002583.SZ,2019-05-01,2020-05-01,verified_listing_interval,0,0,2020-04-30,,,verified_registry_endpoint,complete_export_no_new_ST_transition
002583.SZ:2020,002583.SZ,2020-05-01,2021-05-01,verified_listing_interval,0,0,2021-04-30,,,verified_registry_endpoint,complete_export_no_new_ST_transition
002583.SZ:2021,002583.SZ,2021-05-01,2022-05-01,verified_listing_interval,0,0,2022-04-30,,,verified_registry_endpoint,complete_export_no_new_ST_transition
002583.SZ:2022,002583.SZ,2022-05-01,2023-05-01,verified_listing_interval,0,0,2023-04-30,,,verified_registry_endpoint,complete_export_no_new_ST_transition
002583.SZ:2023,002583.SZ,2023-05-01,2024-05-01,verified_listing_interval,0,0,2024-04-30,,,verified_registry_endpoint,complete_export_no_new_ST_transition
002583.SZ:2024,002583.SZ,2024-05-01,2025-05-01,verified_listing_interval,0,0,2025-04-30,,,verified_registry_endpoint,complete_export_no_new_ST_transition
002583.SZ:2025,002583.SZ,2025-05-01,2026-05-01,verified_listing_interval,0,0,2026-04-30,,,verified_registry_endpoint,complete_export_no_new_ST_transition
002588.SZ:2017,002588.SZ,2017-05-01,2018-05-01,verified_listing_interval,0,0,2018-04-30,,,verified_registry_endpoint,complete_export_no_new_ST_transition
002588.SZ:2018,002588.SZ,2018-05-01,2019-05-01,verified_listing_interval,0,0,2019-04-30,,,verified_registry_endpoint,complete_export_no_new_ST_transition
002588.SZ:2019,002588.SZ,2019-05-01,2020-05-01,verified_listing_interval,0,0,2020-04-30,,,verified_registry_endpoint,complete_export_no_new_ST_transition
002588.SZ:2020,002588.SZ,2020-05-01,2021-05-01,verified_listing_interval,0,0,2021-04-30,,,verified_registry_endpoint,complete_export_no_new_ST_transition
002588.SZ:2021,002588.SZ,2021-05-01,2022-05-01,verified_listing_interval,0,0,2022-04-30,,,verified_registry_endpoint,complete_export_no_new_ST_transition
002588.SZ:2022,002588.SZ,2022-05-01,2023-05-01,verified_listing_interval,0,0,2023-04-30,,,verified_registry_endpoint,complete_export_no_new_ST_transition
002588.SZ:2023,002588.SZ,2023-05-01,2024-05-01,verified_listing_interval,0,0,2024-04-30,,,verified_registry_endpoint,complete_export_no_new_ST_transition
002588.SZ:2024,002588.SZ,2024-05-01,2025-05-01,verified_listing_interval,0,0,2025-04-30,,,verified_registry_endpoint,complete_export_no_new_ST_transition
002588.SZ:2025,002588.SZ,2025-05-01,2026-05-01,verified_listing_interval,0,0,2026-04-30,,,verified_registry_endpoint,complete_export_no_new_ST_transition
002601.SZ:2017,002601.SZ,2017-05-01,2018-05-01,verified_listing_interval,0,0,2018-04-30,,,verified_registry_endpoint,complete_export_no_new_ST_transition
002601.SZ:2018,002601.SZ,2018-05-01,2019-05-01,verified_listing_interval,0,0,2019-04-30,,,verified_registry_endpoint,complete_export_no_new_ST_transition
002601.SZ:2019,002601.SZ,2019-05-01,2020-05-01,verified_listing_interval,0,0,2020-04-30,,,verified_registry_endpoint,complete_export_no_new_ST_transition
002601.SZ:2020,002601.SZ,2020-05-01,2021-05-01,verified_listing_interval,0,0,2021-04-30,,,verified_registry_endpoint,complete_export_no_new_ST_transition
002601.SZ:2021,002601.SZ,2021-05-01,2022-05-01,verified_listing_interval,0,0,2022-04-30,,,verified_registry_endpoint,complete_export_no_new_ST_transition
002601.SZ:2022,002601.SZ,2022-05-01,2023-05-01,verified_listing_interval,0,0,2023-04-30,,,verified_registry_endpoint,complete_export_no_new_ST_transition
002601.SZ:2023,002601.SZ,2023-05-01,2024-05-01,verified_listing_interval,0,0,2024-04-30,,,verified_registry_endpoint,complete_export_no_new_ST_transition
002601.SZ:2024,002601.SZ,2024-05-01,2025-05-01,verified_listing_interval,0,0,2025-04-30,,,verified_registry_endpoint,complete_export_no_new_ST_transition
002601.SZ:2025,002601.SZ,2025-05-01,2026-05-01,verified_listing_interval,0,0,2026-04-30,,,verified_registry_endpoint,complete_export_no_new_ST_transition
002615.SZ:2017,002615.SZ,2017-05-01,2018-05-01,verified_listing_interval,0,0,2018-04-30,,,verified_registry_endpoint,complete_export_no_new_ST_transition
002615.SZ:2018,002615.SZ,2018-05-01,2019-05-01,verified_listing_interval,0,0,2019-04-30,,,verified_registry_endpoint,complete_export_no_new_ST_transition
002615.SZ:2019,002615.SZ,2019-05-01,2020-05-01,verified_listing_interval,0,0,2020-04-30,,,verified_registry_endpoint,complete_export_no_new_ST_transition
002615.SZ:2020,002615.SZ,2020-05-01,2021-05-01,verified_listing_interval,0,0,2021-04-30,,,verified_registry_endpoint,complete_export_no_new_ST_transition
002615.SZ:2021,002615.SZ,2021-05-01,2022-05-01,verified_listing_interval,0,0,2022-04-30,,,verified_registry_endpoint,complete_export_no_new_ST_transition
002615.SZ:2022,002615.SZ,2022-05-01,2023-05-01,verified_listing_interval,0,0,2023-04-30,,,verified_registry_endpoint,complete_export_no_new_ST_transition
002615.SZ:2023,002615.SZ,2023-05-01,2024-05-01,verified_listing_interval,0,0,2024-04-30,,,verified_registry_endpoint,complete_export_no_new_ST_transition
002615.SZ:2024,002615.SZ,2024-05-01,2025-05-01,verified_listing_interval,0,0,2025-04-30,,,verified_registry_endpoint,complete_export_no_new_ST_transition
002615.SZ:2025,002615.SZ,2025-05-01,2026-05-01,verified_listing_interval,0,0,2026-04-30,,,verified_registry_endpoint,complete_export_no_new_ST_transition
002617.SZ:2017,002617.SZ,2017-05-01,2018-05-01,verified_listing_interval,0,0,2018-04-30,,,verified_registry_endpoint,complete_export_no_new_ST_transition
002617.SZ:2018,002617.SZ,2018-05-01,2019-05-01,verified_listing_interval,0,0,2019-04-30,,,verified_registry_endpoint,complete_export_no_new_ST_transition
002617.SZ:2019,002617.SZ,2019-05-01,2020-05-01,verified_listing_interval,0,0,2020-04-30,,,verified_registry_endpoint,complete_export_no_new_ST_transition
002617.SZ:2020,002617.SZ,2020-05-01,2021-05-01,verified_listing_interval,0,0,2021-04-30,,,verified_registry_endpoint,complete_export_no_new_ST_transition
002617.SZ:2021,002617.SZ,2021-05-01,2022-05-01,verified_listing_interval,0,0,2022-04-30,,,verified_registry_endpoint,complete_export_no_new_ST_transition
002617.SZ:2022,002617.SZ,2022-05-01,2023-05-01,verified_listing_interval,0,0,2023-04-30,,,verified_registry_endpoint,complete_export_no_new_ST_transition
002617.SZ:2023,002617.SZ,2023-05-01,2024-05-01,verified_listing_interval,0,0,2024-04-30,,,verified_registry_endpoint,complete_export_no_new_ST_transition
002617.SZ:2024,002617.SZ,2024-05-01,2025-05-01,verified_listing_interval,0,0,2025-04-30,,,verified_registry_endpoint,complete_export_no_new_ST_transition
002617.SZ:2025,002617.SZ,2025-05-01,2026-05-01,verified_listing_interval,0,0,2026-04-30,,,verified_registry_endpoint,complete_export_no_new_ST_transition
002632.SZ:2017,002632.SZ,2017-05-01,2018-05-01,verified_listing_interval,0,0,2018-04-30,,,verified_registry_endpoint,complete_export_no_new_ST_transition
002632.SZ:2018,002632.SZ,2018-05-01,2019-05-01,verified_listing_interval,0,0,2019-04-30,,,verified_registry_endpoint,complete_export_no_new_ST_transition
002632.SZ:2019,002632.SZ,2019-05-01,2020-05-01,verified_listing_interval,0,0,2020-04-30,,,verified_registry_endpoint,complete_export_no_new_ST_transition
002632.SZ:2020,002632.SZ,2020-05-01,2021-05-01,verified_listing_interval,0,0,2021-04-30,,,verified_registry_endpoint,complete_export_no_new_ST_transition
002632.SZ:2021,002632.SZ,2021-05-01,2022-05-01,verified_listing_interval,0,0,2022-04-30,,,verified_registry_endpoint,complete_export_no_new_ST_transition
002632.SZ:2022,002632.SZ,2022-05-01,2023-05-01,verified_listing_interval,0,0,2023-04-30,,,verified_registry_endpoint,complete_export_no_new_ST_transition
002632.SZ:2023,002632.SZ,2023-05-01,2024-05-01,verified_listing_interval,0,0,2024-04-30,,,verified_registry_endpoint,complete_export_no_new_ST_transition
002632.SZ:2024,002632.SZ,2024-05-01,2025-05-01,verified_listing_interval,0,0,2025-04-30,,,verified_registry_endpoint,complete_export_no_new_ST_transition
002632.SZ:2025,002632.SZ,2025-05-01,2026-05-01,verified_listing_interval,0,0,2026-04-30,,,verified_registry_endpoint,complete_export_no_new_ST_transition
002633.SZ:2017,002633.SZ,2017-05-01,2018-05-01,verified_listing_interval,0,0,2018-04-30,,,verified_registry_endpoint,complete_export_no_new_ST_transition
002633.SZ:2018,002633.SZ,2018-05-01,2019-05-01,verified_listing_interval,0,0,2019-04-30,,,verified_registry_endpoint,complete_export_no_new_ST_transition
002633.SZ:2019,002633.SZ,2019-05-01,2020-05-01,verified_listing_interval,0,0,2020-04-30,,,verified_registry_endpoint,complete_export_no_new_ST_transition
002633.SZ:2020,002633.SZ,2020-05-01,2021-05-01,verified_listing_interval,0,0,2021-04-30,,,verified_registry_endpoint,complete_export_no_new_ST_transition
002633.SZ:2021,002633.SZ,2021-05-01,2022-05-01,verified_listing_interval,0,0,2022-04-30,,,verified_registry_endpoint,complete_export_no_new_ST_transition
002633.SZ:2022,002633.SZ,2022-05-01,2023-05-01,verified_listing_interval,0,0,2023-04-30,,,verified_registry_endpoint,complete_export_no_new_ST_transition
002633.SZ:2023,002633.SZ,2023-05-01,2024-05-01,verified_listing_interval,0,0,2024-04-30,,,verified_registry_endpoint,complete_export_no_new_ST_transition
002633.SZ:2024,002633.SZ,2024-05-01,2025-05-01,verified_listing_interval,0,0,2025-04-30,,,verified_registry_endpoint,complete_export_no_new_ST_transition
002633.SZ:2025,002633.SZ,2025-05-01,2026-05-01,verified_listing_interval,0,0,2026-04-30,,,verified_registry_endpoint,complete_export_no_new_ST_transition
002641.SZ:2017,002641.SZ,2017-05-01,2018-05-01,verified_listing_interval,0,0,2018-04-30,,,verified_registry_endpoint,complete_export_no_new_ST_transition
002641.SZ:2018,002641.SZ,2018-05-01,2019-05-01,verified_listing_interval,0,0,2019-04-30,,,verified_registry_endpoint,complete_export_no_new_ST_transition
002641.SZ:2019,002641.SZ,2019-05-01,2020-05-01,verified_listing_interval,0,0,2020-04-30,,,verified_registry_endpoint,complete_export_no_new_ST_transition
002641.SZ:2020,002641.SZ,2020-05-01,2021-05-01,verified_listing_interval,0,0,2021-04-30,,,verified_registry_endpoint,complete_export_no_new_ST_transition
002641.SZ:2021,002641.SZ,2021-05-01,2022-05-01,verified_listing_interval,0,0,2022-04-30,,,verified_registry_endpoint,complete_export_no_new_ST_transition
002641.SZ:2022,002641.SZ,2022-05-01,2023-05-01,verified_listing_interval,0,0,2023-04-30,,,verified_registry_endpoint,complete_export_no_new_ST_transition
002641.SZ:2023,002641.SZ,2023-05-01,2024-05-01,verified_listing_interval,0,0,2024-04-30,,,verified_registry_endpoint,complete_export_no_new_ST_transition
002641.SZ:2024,002641.SZ,2024-05-01,2025-05-01,verified_listing_interval,0,0,2025-04-30,,,verified_registry_endpoint,complete_export_no_new_ST_transition
002641.SZ:2025,002641.SZ,2025-05-01,2026-05-01,verified_listing_interval,0,0,2026-04-30,,,verified_registry_endpoint,complete_export_no_new_ST_transition
002652.SZ:2017,002652.SZ,2017-05-01,2018-05-01,verified_listing_interval,0,0,2018-04-30,,,verified_registry_endpoint,complete_export_no_new_ST_transition
002652.SZ:2018,002652.SZ,2018-05-01,2019-05-01,verified_listing_interval,0,0,2019-04-30,,,verified_registry_endpoint,complete_export_no_new_ST_transition
002652.SZ:2019,002652.SZ,2019-05-01,2020-05-01,verified_listing_interval,0,0,2020-04-30,,,verified_registry_endpoint,complete_export_no_new_ST_transition
002652.SZ:2020,002652.SZ,2020-05-01,2021-05-01,verified_listing_interval,0,0,2021-04-30,,,verified_registry_endpoint,complete_export_no_new_ST_transition
002652.SZ:2021,002652.SZ,2021-05-01,2022-05-01,verified_listing_interval,0,0,2022-04-30,,,verified_registry_endpoint,complete_export_no_new_ST_transition
002652.SZ:2022,002652.SZ,2022-05-01,2023-05-01,verified_listing_interval,0,0,2023-04-30,,,verified_registry_endpoint,complete_export_no_new_ST_transition
002652.SZ:2023,002652.SZ,2023-05-01,2024-05-01,verified_listing_interval,0,0,2024-04-30,,,verified_registry_endpoint,complete_export_no_new_ST_transition
002652.SZ:2024,002652.SZ,2024-05-01,2025-05-01,verified_listing_interval,0,0,2025-04-30,,,verified_registry_endpoint,complete_export_no_new_ST_transition
002652.SZ:2025,002652.SZ,2025-05-01,2026-05-01,verified_listing_interval,0,0,2026-04-30,,,verified_registry_endpoint,complete_export_no_new_ST_transition
002654.SZ:2017,002654.SZ,2017-05-01,2018-05-01,verified_listing_interval,0,0,2018-04-30,,,verified_registry_endpoint,complete_export_no_new_ST_transition
002654.SZ:2018,002654.SZ,2018-05-01,2019-05-01,verified_listing_interval,0,0,2019-04-30,,,verified_registry_endpoint,complete_export_no_new_ST_transition
002654.SZ:2019,002654.SZ,2019-05-01,2020-05-01,verified_listing_interval,0,0,2020-04-30,,,verified_registry_endpoint,complete_export_no_new_ST_transition
002654.SZ:2020,002654.SZ,2020-05-01,2021-05-01,verified_listing_interval,0,0,2021-04-30,,,verified_registry_endpoint,complete_export_no_new_ST_transition
002654.SZ:2021,002654.SZ,2021-05-01,2022-05-01,verified_listing_interval,0,0,2022-04-30,,,verified_registry_endpoint,complete_export_no_new_ST_transition
002654.SZ:2022,002654.SZ,2022-05-01,2023-05-01,verified_listing_interval,0,0,2023-04-30,,,verified_registry_endpoint,complete_export_no_new_ST_transition
002654.SZ:2023,002654.SZ,2023-05-01,2024-05-01,verified_listing_interval,0,0,2024-04-30,,,verified_registry_endpoint,complete_export_no_new_ST_transition
002654.SZ:2024,002654.SZ,2024-05-01,2025-05-01,verified_listing_interval,0,0,2025-04-30,,,verified_registry_endpoint,complete_export_no_new_ST_transition
002654.SZ:2025,002654.SZ,2025-05-01,2026-05-01,verified_listing_interval,0,0,2026-04-30,,,verified_registry_endpoint,complete_export_no_new_ST_transition
002659.SZ:2017,002659.SZ,2017-05-01,2018-05-01,verified_listing_interval,0,0,2018-04-30,,,verified_registry_endpoint,complete_export_no_new_ST_transition
002659.SZ:2018,002659.SZ,2018-05-01,2019-05-01,verified_listing_interval,0,0,2019-04-30,,,verified_registry_endpoint,complete_export_no_new_ST_transition
002659.SZ:2019,002659.SZ,2019-05-01,2020-05-01,verified_listing_interval,0,0,2020-04-30,,,verified_registry_endpoint,complete_export_no_new_ST_transition
002659.SZ:2020,002659.SZ,2020-05-01,2021-05-01,verified_listing_interval,0,0,2021-04-30,,,verified_registry_endpoint,complete_export_no_new_ST_transition
002659.SZ:2021,002659.SZ,2021-05-01,2022-05-01,verified_listing_interval,0,0,2022-04-30,,,verified_registry_endpoint,complete_export_no_new_ST_transition
002659.SZ:2022,002659.SZ,2022-05-01,2023-05-01,verified_listing_interval,0,0,2023-04-30,,,verified_registry_endpoint,complete_export_no_new_ST_transition
002659.SZ:2023,002659.SZ,2023-05-01,2024-05-01,verified_listing_interval,0,0,2024-04-30,,,verified_registry_endpoint,complete_export_no_new_ST_transition
002659.SZ:2024,002659.SZ,2024-05-01,2025-05-01,verified_listing_interval,0,0,2025-04-30,,,verified_registry_endpoint,complete_export_no_new_ST_transition
002659.SZ:2025,002659.SZ,2025-05-01,2026-05-01,verified_listing_interval,0,0,2026-04-30,,,verified_registry_endpoint,complete_export_no_new_ST_transition
002669.SZ:2017,002669.SZ,2017-05-01,2018-05-01,verified_listing_interval,0,0,2018-04-30,,,verified_registry_endpoint,complete_export_no_new_ST_transition
002669.SZ:2018,002669.SZ,2018-05-01,2019-05-01,verified_listing_interval,0,0,2019-04-30,,,verified_registry_endpoint,complete_export_no_new_ST_transition
002669.SZ:2019,002669.SZ,2019-05-01,2020-05-01,verified_listing_interval,0,0,2020-04-30,,,verified_registry_endpoint,complete_export_no_new_ST_transition
002669.SZ:2020,002669.SZ,2020-05-01,2021-05-01,verified_listing_interval,0,0,2021-04-30,,,verified_registry_endpoint,complete_export_no_new_ST_transition
002669.SZ:2021,002669.SZ,2021-05-01,2022-05-01,verified_listing_interval,0,0,2022-04-30,,,verified_registry_endpoint,complete_export_no_new_ST_transition
002669.SZ:2022,002669.SZ,2022-05-01,2023-05-01,verified_listing_interval,0,0,2023-04-30,,,verified_registry_endpoint,complete_export_no_new_ST_transition
002669.SZ:2023,002669.SZ,2023-05-01,2024-05-01,verified_listing_interval,0,0,2024-04-30,,,verified_registry_endpoint,complete_export_no_new_ST_transition
002669.SZ:2024,002669.SZ,2024-05-01,2025-05-01,verified_listing_interval,0,0,2025-04-30,,,verified_registry_endpoint,complete_export_no_new_ST_transition
002669.SZ:2025,002669.SZ,2025-05-01,2026-05-01,verified_listing_interval,0,0,2026-04-30,,,verified_registry_endpoint,complete_export_no_new_ST_transition
002676.SZ:2017,002676.SZ,2017-05-01,2018-05-01,verified_listing_interval,0,0,2018-04-30,,,verified_registry_endpoint,complete_export_no_new_ST_transition
002676.SZ:2018,002676.SZ,2018-05-01,2019-05-01,verified_listing_interval,0,0,2019-04-30,,,verified_registry_endpoint,complete_export_no_new_ST_transition
002676.SZ:2019,002676.SZ,2019-05-01,2020-05-01,verified_listing_interval,0,0,2020-04-30,,,verified_registry_endpoint,complete_export_no_new_ST_transition
002676.SZ:2020,002676.SZ,2020-05-01,2021-05-01,verified_listing_interval,0,0,2021-04-30,,,verified_registry_endpoint,complete_export_no_new_ST_transition
002676.SZ:2021,002676.SZ,2021-05-01,2022-05-01,verified_listing_interval,0,0,2022-04-30,,,verified_registry_endpoint,complete_export_no_new_ST_transition
002676.SZ:2022,002676.SZ,2022-05-01,2023-05-01,verified_listing_interval,0,0,2023-04-30,,,verified_registry_endpoint,complete_export_no_new_ST_transition
002676.SZ:2023,002676.SZ,2023-05-01,2024-05-01,verified_listing_interval,0,0,2024-04-30,,,verified_registry_endpoint,complete_export_no_new_ST_transition
002676.SZ:2024,002676.SZ,2024-05-01,2025-05-01,verified_listing_interval,0,0,2025-04-30,,,verified_registry_endpoint,complete_export_no_new_ST_transition
002676.SZ:2025,002676.SZ,2025-05-01,2026-05-01,verified_listing_interval,0,0,2026-04-30,,,verified_registry_endpoint,complete_export_no_new_ST_transition
002683.SZ:2017,002683.SZ,2017-05-01,2018-05-01,verified_listing_interval,0,0,2018-04-30,,,verified_registry_endpoint,complete_export_no_new_ST_transition
002683.SZ:2018,002683.SZ,2018-05-01,2019-05-01,verified_listing_interval,0,0,2019-04-30,,,verified_registry_endpoint,complete_export_no_new_ST_transition
002683.SZ:2019,002683.SZ,2019-05-01,2020-05-01,verified_listing_interval,0,0,2020-04-30,,,verified_registry_endpoint,complete_export_no_new_ST_transition
002683.SZ:2020,002683.SZ,2020-05-01,2021-05-01,verified_listing_interval,0,0,2021-04-30,,,verified_registry_endpoint,complete_export_no_new_ST_transition
002683.SZ:2021,002683.SZ,2021-05-01,2022-05-01,verified_listing_interval,0,0,2022-04-30,,,verified_registry_endpoint,complete_export_no_new_ST_transition
002683.SZ:2022,002683.SZ,2022-05-01,2023-05-01,verified_listing_interval,0,0,2023-04-30,,,verified_registry_endpoint,complete_export_no_new_ST_transition
002683.SZ:2023,002683.SZ,2023-05-01,2024-05-01,verified_listing_interval,0,0,2024-04-30,,,verified_registry_endpoint,complete_export_no_new_ST_transition
002683.SZ:2024,002683.SZ,2024-05-01,2025-05-01,verified_listing_interval,0,0,2025-04-30,,,verified_registry_endpoint,complete_export_no_new_ST_transition
002683.SZ:2025,002683.SZ,2025-05-01,2026-05-01,verified_listing_interval,0,0,2026-04-30,,,verified_registry_endpoint,complete_export_no_new_ST_transition
002690.SZ:2017,002690.SZ,2017-05-01,2018-05-01,verified_listing_interval,0,0,2018-04-30,,,verified_registry_endpoint,complete_export_no_new_ST_transition
002690.SZ:2018,002690.SZ,2018-05-01,2019-05-01,verified_listing_interval,0,0,2019-04-30,,,verified_registry_endpoint,complete_export_no_new_ST_transition
002690.SZ:2019,002690.SZ,2019-05-01,2020-05-01,verified_listing_interval,0,0,2020-04-30,,,verified_registry_endpoint,complete_export_no_new_ST_transition
002690.SZ:2020,002690.SZ,2020-05-01,2021-05-01,verified_listing_interval,0,0,2021-04-30,,,verified_registry_endpoint,complete_export_no_new_ST_transition
002690.SZ:2021,002690.SZ,2021-05-01,2022-05-01,verified_listing_interval,0,0,2022-04-30,,,verified_registry_endpoint,complete_export_no_new_ST_transition
002690.SZ:2022,002690.SZ,2022-05-01,2023-05-01,verified_listing_interval,0,0,2023-04-30,,,verified_registry_endpoint,complete_export_no_new_ST_transition
002690.SZ:2023,002690.SZ,2023-05-01,2024-05-01,verified_listing_interval,0,0,2024-04-30,,,verified_registry_endpoint,complete_export_no_new_ST_transition
002690.SZ:2024,002690.SZ,2024-05-01,2025-05-01,verified_listing_interval,0,0,2025-04-30,,,verified_registry_endpoint,complete_export_no_new_ST_transition
002690.SZ:2025,002690.SZ,2025-05-01,2026-05-01,verified_listing_interval,0,0,2026-04-30,,,verified_registry_endpoint,complete_export_no_new_ST_transition
002697.SZ:2017,002697.SZ,2017-05-01,2018-05-01,verified_listing_interval,0,0,2018-04-30,,,verified_registry_endpoint,complete_export_no_new_ST_transition
002697.SZ:2018,002697.SZ,2018-05-01,2019-05-01,verified_listing_interval,0,0,2019-04-30,,,verified_registry_endpoint,complete_export_no_new_ST_transition
002697.SZ:2019,002697.SZ,2019-05-01,2020-05-01,verified_listing_interval,0,0,2020-04-30,,,verified_registry_endpoint,complete_export_no_new_ST_transition
002697.SZ:2020,002697.SZ,2020-05-01,2021-05-01,verified_listing_interval,0,0,2021-04-30,,,verified_registry_endpoint,complete_export_no_new_ST_transition
002697.SZ:2021,002697.SZ,2021-05-01,2022-05-01,verified_listing_interval,0,0,2022-04-30,,,verified_registry_endpoint,complete_export_no_new_ST_transition
002697.SZ:2022,002697.SZ,2022-05-01,2023-05-01,verified_listing_interval,0,0,2023-04-30,,,verified_registry_endpoint,complete_export_no_new_ST_transition
002697.SZ:2023,002697.SZ,2023-05-01,2024-05-01,verified_listing_interval,0,0,2024-04-30,,,verified_registry_endpoint,complete_export_no_new_ST_transition
002697.SZ:2024,002697.SZ,2024-05-01,2025-05-01,verified_listing_interval,0,0,2025-04-30,,,verified_registry_endpoint,complete_export_no_new_ST_transition
002697.SZ:2025,002697.SZ,2025-05-01,2026-05-01,verified_listing_interval,0,0,2026-04-30,,,verified_registry_endpoint,complete_export_no_new_ST_transition
002699.SZ:2017,002699.SZ,2017-05-01,2018-05-01,verified_listing_interval,0,0,2018-04-30,,,verified_registry_endpoint,complete_export_no_new_ST_transition
002699.SZ:2018,002699.SZ,2018-05-01,2019-05-01,verified_listing_interval,0,0,2019-04-30,,,verified_registry_endpoint,complete_export_no_new_ST_transition
002699.SZ:2019,002699.SZ,2019-05-01,2020-05-01,verified_listing_interval,0,0,2020-04-30,,,verified_registry_endpoint,complete_export_no_new_ST_transition
002699.SZ:2020,002699.SZ,2020-05-01,2021-05-01,verified_listing_interval,0,0,2021-04-30,,,verified_registry_endpoint,complete_export_no_new_ST_transition
002699.SZ:2021,002699.SZ,2021-05-01,2022-05-01,verified_listing_interval,0,0,2022-04-30,,,verified_registry_endpoint,complete_export_no_new_ST_transition
002699.SZ:2022,002699.SZ,2022-05-01,2023-05-01,verified_listing_interval,0,1,2022-06-06,2022-06-06,1444,verified_registry_endpoint,new_ST_name_transition
002699.SZ:2023,002699.SZ,2023-05-01,2024-05-01,verified_listing_interval,1,,,,,excluded,ST_at_origin
002699.SZ:2024,002699.SZ,2024-05-01,2025-05-01,verified_listing_interval,1,,,,,excluded,ST_at_origin
002706.SZ:2017,002706.SZ,2017-05-01,2018-05-01,verified_listing_interval,0,0,2018-04-30,,,verified_registry_endpoint,complete_export_no_new_ST_transition
002706.SZ:2018,002706.SZ,2018-05-01,2019-05-01,verified_listing_interval,0,0,2019-04-30,,,verified_registry_endpoint,complete_export_no_new_ST_transition
002706.SZ:2019,002706.SZ,2019-05-01,2020-05-01,verified_listing_interval,0,0,2020-04-30,,,verified_registry_endpoint,complete_export_no_new_ST_transition
002706.SZ:2020,002706.SZ,2020-05-01,2021-05-01,verified_listing_interval,0,0,2021-04-30,,,verified_registry_endpoint,complete_export_no_new_ST_transition
002706.SZ:2021,002706.SZ,2021-05-01,2022-05-01,verified_listing_interval,0,0,2022-04-30,,,verified_registry_endpoint,complete_export_no_new_ST_transition
002706.SZ:2022,002706.SZ,2022-05-01,2023-05-01,verified_listing_interval,0,0,2023-04-30,,,verified_registry_endpoint,complete_export_no_new_ST_transition
002706.SZ:2023,002706.SZ,2023-05-01,2024-05-01,verified_listing_interval,0,0,2024-04-30,,,verified_registry_endpoint,complete_export_no_new_ST_transition
002706.SZ:2024,002706.SZ,2024-05-01,2025-05-01,verified_listing_interval,0,0,2025-04-30,,,verified_registry_endpoint,complete_export_no_new_ST_transition
002706.SZ:2025,002706.SZ,2025-05-01,2026-05-01,verified_listing_interval,0,0,2026-04-30,,,verified_registry_endpoint,complete_export_no_new_ST_transition
002709.SZ:2017,002709.SZ,2017-05-01,2018-05-01,verified_listing_interval,0,0,2018-04-30,,,verified_registry_endpoint,complete_export_no_new_ST_transition
002709.SZ:2018,002709.SZ,2018-05-01,2019-05-01,verified_listing_interval,0,0,2019-04-30,,,verified_registry_endpoint,complete_export_no_new_ST_transition
002709.SZ:2019,002709.SZ,2019-05-01,2020-05-01,verified_listing_interval,0,0,2020-04-30,,,verified_registry_endpoint,complete_export_no_new_ST_transition
002709.SZ:2020,002709.SZ,2020-05-01,2021-05-01,verified_listing_interval,0,0,2021-04-30,,,verified_registry_endpoint,complete_export_no_new_ST_transition
002709.SZ:2021,002709.SZ,2021-05-01,2022-05-01,verified_listing_interval,0,0,2022-04-30,,,verified_registry_endpoint,complete_export_no_new_ST_transition
002709.SZ:2022,002709.SZ,2022-05-01,2023-05-01,verified_listing_interval,0,0,2023-04-30,,,verified_registry_endpoint,complete_export_no_new_ST_transition
002709.SZ:2023,002709.SZ,2023-05-01,2024-05-01,verified_listing_interval,0,0,2024-04-30,,,verified_registry_endpoint,complete_export_no_new_ST_transition
002709.SZ:2024,002709.SZ,2024-05-01,2025-05-01,verified_listing_interval,0,0,2025-04-30,,,verified_registry_endpoint,complete_export_no_new_ST_transition
002709.SZ:2025,002709.SZ,2025-05-01,2026-05-01,verified_listing_interval,0,0,2026-04-30,,,verified_registry_endpoint,complete_export_no_new_ST_transition
002713.SZ:2017,002713.SZ,2017-05-01,2018-05-01,verified_listing_interval,0,0,2018-04-30,,,verified_registry_endpoint,complete_export_no_new_ST_transition
002713.SZ:2018,002713.SZ,2018-05-01,2019-05-01,verified_listing_interval,0,0,2019-04-30,,,verified_registry_endpoint,complete_export_no_new_ST_transition
002713.SZ:2019,002713.SZ,2019-05-01,2020-05-01,verified_listing_interval,0,0,2020-04-30,,,verified_registry_endpoint,complete_export_no_new_ST_transition
002713.SZ:2020,002713.SZ,2020-05-01,2021-05-01,verified_listing_interval,0,0,2021-04-30,,,verified_registry_endpoint,complete_export_no_new_ST_transition
002713.SZ:2021,002713.SZ,2021-05-01,2022-05-01,verified_listing_interval,0,0,2022-04-30,,,verified_registry_endpoint,complete_export_no_new_ST_transition
002713.SZ:2022,002713.SZ,2022-05-01,2023-05-01,verified_listing_interval,0,0,2023-04-30,,,verified_registry_endpoint,complete_export_no_new_ST_transition
002713.SZ:2023,002713.SZ,2023-05-01,2024-05-01,verified_listing_interval,0,0,2024-04-30,,,verified_registry_endpoint,complete_export_no_new_ST_transition
002713.SZ:2024,002713.SZ,2024-05-01,2025-05-01,verified_listing_interval,0,1,2025-04-30,2025-04-30,414,verified_registry_endpoint,new_ST_name_transition
002713.SZ:2025,002713.SZ,2025-05-01,2026-05-01,verified_listing_interval,1,,,,,excluded,ST_at_origin
002714.SZ:2017,002714.SZ,2017-05-01,2018-05-01,verified_listing_interval,0,0,2018-04-30,,,verified_registry_endpoint,complete_export_no_new_ST_transition
002714.SZ:2018,002714.SZ,2018-05-01,2019-05-01,verified_listing_interval,0,0,2019-04-30,,,verified_registry_endpoint,complete_export_no_new_ST_transition
002714.SZ:2019,002714.SZ,2019-05-01,2020-05-01,verified_listing_interval,0,0,2020-04-30,,,verified_registry_endpoint,complete_export_no_new_ST_transition
002714.SZ:2020,002714.SZ,2020-05-01,2021-05-01,verified_listing_interval,0,0,2021-04-30,,,verified_registry_endpoint,complete_export_no_new_ST_transition
002714.SZ:2021,002714.SZ,2021-05-01,2022-05-01,verified_listing_interval,0,0,2022-04-30,,,verified_registry_endpoint,complete_export_no_new_ST_transition
002714.SZ:2022,002714.SZ,2022-05-01,2023-05-01,verified_listing_interval,0,0,2023-04-30,,,verified_registry_endpoint,complete_export_no_new_ST_transition
002714.SZ:2023,002714.SZ,2023-05-01,2024-05-01,verified_listing_interval,0,0,2024-04-30,,,verified_registry_endpoint,complete_export_no_new_ST_transition
002714.SZ:2024,002714.SZ,2024-05-01,2025-05-01,verified_listing_interval,0,0,2025-04-30,,,verified_registry_endpoint,complete_export_no_new_ST_transition
002714.SZ:2025,002714.SZ,2025-05-01,2026-05-01,verified_listing_interval,0,0,2026-04-30,,,verified_registry_endpoint,complete_export_no_new_ST_transition
002723.SZ:2017,002723.SZ,2017-05-01,2018-05-01,verified_listing_interval,0,0,2018-04-30,,,verified_registry_endpoint,complete_export_no_new_ST_transition
002723.SZ:2018,002723.SZ,2018-05-01,2019-05-01,verified_listing_interval,0,0,2019-04-30,,,verified_registry_endpoint,complete_export_no_new_ST_transition
002723.SZ:2019,002723.SZ,2019-05-01,2020-05-01,verified_listing_interval,0,0,2020-04-30,,,verified_registry_endpoint,complete_export_no_new_ST_transition
002723.SZ:2020,002723.SZ,2020-05-01,2021-05-01,verified_listing_interval,0,0,2021-04-30,,,verified_registry_endpoint,complete_export_no_new_ST_transition
002723.SZ:2021,002723.SZ,2021-05-01,2022-05-01,verified_listing_interval,0,0,2022-04-30,,,verified_registry_endpoint,complete_export_no_new_ST_transition
002723.SZ:2022,002723.SZ,2022-05-01,2023-05-01,verified_listing_interval,0,0,2023-04-30,,,verified_registry_endpoint,complete_export_no_new_ST_transition
002723.SZ:2023,002723.SZ,2023-05-01,2024-05-01,verified_listing_interval,0,0,2024-04-30,,,verified_registry_endpoint,complete_export_no_new_ST_transition
002723.SZ:2024,002723.SZ,2024-05-01,2025-05-01,verified_listing_interval,0,0,2025-04-30,,,verified_registry_endpoint,complete_export_no_new_ST_transition
002723.SZ:2025,002723.SZ,2025-05-01,2026-05-01,verified_listing_interval,0,0,2026-04-30,,,verified_registry_endpoint,complete_export_no_new_ST_transition
002735.SZ:2018,002735.SZ,2018-05-01,2019-05-01,verified_listing_interval,0,0,2019-04-30,,,verified_registry_endpoint,complete_export_no_new_ST_transition
002735.SZ:2019,002735.SZ,2019-05-01,2020-05-01,verified_listing_interval,0,0,2020-04-30,,,verified_registry_endpoint,complete_export_no_new_ST_transition
002735.SZ:2020,002735.SZ,2020-05-01,2021-05-01,verified_listing_interval,0,0,2021-04-30,,,verified_registry_endpoint,complete_export_no_new_ST_transition
002735.SZ:2021,002735.SZ,2021-05-01,2022-05-01,verified_listing_interval,0,0,2022-04-30,,,verified_registry_endpoint,complete_export_no_new_ST_transition
002735.SZ:2022,002735.SZ,2022-05-01,2023-05-01,verified_listing_interval,0,0,2023-04-30,,,verified_registry_endpoint,complete_export_no_new_ST_transition
002735.SZ:2023,002735.SZ,2023-05-01,2024-05-01,verified_listing_interval,0,0,2024-04-30,,,verified_registry_endpoint,complete_export_no_new_ST_transition
002735.SZ:2024,002735.SZ,2024-05-01,2025-05-01,verified_listing_interval,0,0,2025-04-30,,,verified_registry_endpoint,complete_export_no_new_ST_transition
002735.SZ:2025,002735.SZ,2025-05-01,2026-05-01,verified_listing_interval,0,0,2026-04-30,,,verified_registry_endpoint,complete_export_no_new_ST_transition
002736.SZ:2018,002736.SZ,2018-05-01,2019-05-01,verified_listing_interval,0,0,2019-04-30,,,verified_registry_endpoint,complete_export_no_new_ST_transition
002736.SZ:2019,002736.SZ,2019-05-01,2020-05-01,verified_listing_interval,0,0,2020-04-30,,,verified_registry_endpoint,complete_export_no_new_ST_transition
002736.SZ:2020,002736.SZ,2020-05-01,2021-05-01,verified_listing_interval,0,0,2021-04-30,,,verified_registry_endpoint,complete_export_no_new_ST_transition
002736.SZ:2021,002736.SZ,2021-05-01,2022-05-01,verified_listing_interval,0,0,2022-04-30,,,verified_registry_endpoint,complete_export_no_new_ST_transition
002736.SZ:2022,002736.SZ,2022-05-01,2023-05-01,verified_listing_interval,0,0,2023-04-30,,,verified_registry_endpoint,complete_export_no_new_ST_transition
002736.SZ:2023,002736.SZ,2023-05-01,2024-05-01,verified_listing_interval,0,0,2024-04-30,,,verified_registry_endpoint,complete_export_no_new_ST_transition
002736.SZ:2024,002736.SZ,2024-05-01,2025-05-01,verified_listing_interval,0,0,2025-04-30,,,verified_registry_endpoint,complete_export_no_new_ST_transition
002736.SZ:2025,002736.SZ,2025-05-01,2026-05-01,verified_listing_interval,0,0,2026-04-30,,,verified_registry_endpoint,complete_export_no_new_ST_transition
002738.SZ:2018,002738.SZ,2018-05-01,2019-05-01,verified_listing_interval,0,0,2019-04-30,,,verified_registry_endpoint,complete_export_no_new_ST_transition
002738.SZ:2019,002738.SZ,2019-05-01,2020-05-01,verified_listing_interval,0,0,2020-04-30,,,verified_registry_endpoint,complete_export_no_new_ST_transition
002738.SZ:2020,002738.SZ,2020-05-01,2021-05-01,verified_listing_interval,0,0,2021-04-30,,,verified_registry_endpoint,complete_export_no_new_ST_transition
002738.SZ:2021,002738.SZ,2021-05-01,2022-05-01,verified_listing_interval,0,0,2022-04-30,,,verified_registry_endpoint,complete_export_no_new_ST_transition
002738.SZ:2022,002738.SZ,2022-05-01,2023-05-01,verified_listing_interval,0,0,2023-04-30,,,verified_registry_endpoint,complete_export_no_new_ST_transition
002738.SZ:2023,002738.SZ,2023-05-01,2024-05-01,verified_listing_interval,0,0,2024-04-30,,,verified_registry_endpoint,complete_export_no_new_ST_transition
002738.SZ:2024,002738.SZ,2024-05-01,2025-05-01,verified_listing_interval,0,0,2025-04-30,,,verified_registry_endpoint,complete_export_no_new_ST_transition
002738.SZ:2025,002738.SZ,2025-05-01,2026-05-01,verified_listing_interval,0,0,2026-04-30,,,verified_registry_endpoint,complete_export_no_new_ST_transition
002742.SZ:2018,002742.SZ,2018-05-01,2019-05-01,verified_listing_interval,0,0,2019-04-30,,,verified_registry_endpoint,complete_export_no_new_ST_transition
002742.SZ:2019,002742.SZ,2019-05-01,2020-05-01,verified_listing_interval,0,0,2020-04-30,,,verified_registry_endpoint,complete_export_no_new_ST_transition
002742.SZ:2020,002742.SZ,2020-05-01,2021-05-01,verified_listing_interval,0,0,2021-04-30,,,verified_registry_endpoint,complete_export_no_new_ST_transition
002742.SZ:2021,002742.SZ,2021-05-01,2022-05-01,verified_listing_interval,0,0,2022-04-30,,,verified_registry_endpoint,complete_export_no_new_ST_transition
002742.SZ:2022,002742.SZ,2022-05-01,2023-05-01,verified_listing_interval,0,1,2022-09-27,2022-09-27,1261,verified_registry_endpoint,new_ST_name_transition
002742.SZ:2023,002742.SZ,2023-05-01,2024-05-01,verified_listing_interval,1,,,,,excluded,ST_at_origin
002742.SZ:2024,002742.SZ,2024-05-01,2025-05-01,verified_listing_interval,1,,,,,excluded,ST_at_origin
002742.SZ:2025,002742.SZ,2025-05-01,2026-05-01,verified_listing_interval,1,,,,,excluded,ST_at_origin
002747.SZ:2018,002747.SZ,2018-05-01,2019-05-01,verified_listing_interval,0,0,2019-04-30,,,verified_registry_endpoint,complete_export_no_new_ST_transition
002747.SZ:2019,002747.SZ,2019-05-01,2020-05-01,verified_listing_interval,0,0,2020-04-30,,,verified_registry_endpoint,complete_export_no_new_ST_transition
002747.SZ:2020,002747.SZ,2020-05-01,2021-05-01,verified_listing_interval,0,0,2021-04-30,,,verified_registry_endpoint,complete_export_no_new_ST_transition
002747.SZ:2021,002747.SZ,2021-05-01,2022-05-01,verified_listing_interval,0,0,2022-04-30,,,verified_registry_endpoint,complete_export_no_new_ST_transition
002747.SZ:2022,002747.SZ,2022-05-01,2023-05-01,verified_listing_interval,0,0,2023-04-30,,,verified_registry_endpoint,complete_export_no_new_ST_transition
002747.SZ:2023,002747.SZ,2023-05-01,2024-05-01,verified_listing_interval,0,0,2024-04-30,,,verified_registry_endpoint,complete_export_no_new_ST_transition
002747.SZ:2024,002747.SZ,2024-05-01,2025-05-01,verified_listing_interval,0,0,2025-04-30,,,verified_registry_endpoint,complete_export_no_new_ST_transition
002747.SZ:2025,002747.SZ,2025-05-01,2026-05-01,verified_listing_interval,0,0,2026-04-30,,,verified_registry_endpoint,complete_export_no_new_ST_transition
002748.SZ:2018,002748.SZ,2018-05-01,2019-05-01,verified_listing_interval,0,0,2019-04-30,,,verified_registry_endpoint,complete_export_no_new_ST_transition
002748.SZ:2019,002748.SZ,2019-05-01,2020-05-01,verified_listing_interval,0,0,2020-04-30,,,verified_registry_endpoint,complete_export_no_new_ST_transition
002748.SZ:2020,002748.SZ,2020-05-01,2021-05-01,verified_listing_interval,0,0,2021-04-30,,,verified_registry_endpoint,complete_export_no_new_ST_transition
002748.SZ:2021,002748.SZ,2021-05-01,2022-05-01,verified_listing_interval,0,0,2022-04-30,,,verified_registry_endpoint,complete_export_no_new_ST_transition
002748.SZ:2022,002748.SZ,2022-05-01,2023-05-01,verified_listing_interval,0,0,2023-04-30,,,verified_registry_endpoint,complete_export_no_new_ST_transition
002748.SZ:2023,002748.SZ,2023-05-01,2024-05-01,verified_listing_interval,0,0,2024-04-30,,,verified_registry_endpoint,complete_export_no_new_ST_transition
002748.SZ:2024,002748.SZ,2024-05-01,2025-05-01,verified_listing_interval,0,1,2024-05-17,2024-05-17,654,verified_registry_endpoint,new_ST_name_transition
002748.SZ:2025,002748.SZ,2025-05-01,2026-05-01,verified_listing_interval,1,,,,,excluded,ST_at_origin
002753.SZ:2019,002753.SZ,2019-05-01,2020-05-01,verified_listing_interval,0,0,2020-04-30,,,verified_registry_endpoint,complete_export_no_new_ST_transition
002753.SZ:2020,002753.SZ,2020-05-01,2021-05-01,verified_listing_interval,0,0,2021-04-30,,,verified_registry_endpoint,complete_export_no_new_ST_transition
002753.SZ:2021,002753.SZ,2021-05-01,2022-05-01,verified_listing_interval,0,0,2022-04-30,,,verified_registry_endpoint,complete_export_no_new_ST_transition
002753.SZ:2022,002753.SZ,2022-05-01,2023-05-01,verified_listing_interval,0,0,2023-04-30,,,verified_registry_endpoint,complete_export_no_new_ST_transition
002753.SZ:2023,002753.SZ,2023-05-01,2024-05-01,verified_listing_interval,0,0,2024-04-30,,,verified_registry_endpoint,complete_export_no_new_ST_transition
002753.SZ:2024,002753.SZ,2024-05-01,2025-05-01,verified_listing_interval,0,0,2025-04-30,,,verified_registry_endpoint,complete_export_no_new_ST_transition
002753.SZ:2025,002753.SZ,2025-05-01,2026-05-01,verified_listing_interval,0,0,2026-04-30,,,verified_registry_endpoint,complete_export_no_new_ST_transition
002760.SZ:2019,002760.SZ,2019-05-01,2020-05-01,verified_listing_interval,0,0,2020-04-30,,,verified_registry_endpoint,complete_export_no_new_ST_transition
002760.SZ:2020,002760.SZ,2020-05-01,2021-05-01,verified_listing_interval,0,0,2021-04-30,,,verified_registry_endpoint,complete_export_no_new_ST_transition
002760.SZ:2021,002760.SZ,2021-05-01,2022-05-01,verified_listing_interval,0,0,2022-04-30,,,verified_registry_endpoint,complete_export_no_new_ST_transition
002760.SZ:2022,002760.SZ,2022-05-01,2023-05-01,verified_listing_interval,0,0,2023-04-30,,,verified_registry_endpoint,complete_export_no_new_ST_transition
002760.SZ:2023,002760.SZ,2023-05-01,2024-05-01,verified_listing_interval,0,0,2024-04-30,,,verified_registry_endpoint,complete_export_no_new_ST_transition
002760.SZ:2024,002760.SZ,2024-05-01,2025-05-01,verified_listing_interval,0,0,2025-04-30,,,verified_registry_endpoint,complete_export_no_new_ST_transition
002760.SZ:2025,002760.SZ,2025-05-01,2026-05-01,verified_listing_interval,0,0,2026-04-30,,,verified_registry_endpoint,complete_export_no_new_ST_transition
002782.SZ:2019,002782.SZ,2019-05-01,2020-05-01,verified_listing_interval,0,0,2020-04-30,,,verified_registry_endpoint,complete_export_no_new_ST_transition
002782.SZ:2020,002782.SZ,2020-05-01,2021-05-01,verified_listing_interval,0,0,2021-04-30,,,verified_registry_endpoint,complete_export_no_new_ST_transition
002782.SZ:2021,002782.SZ,2021-05-01,2022-05-01,verified_listing_interval,0,0,2022-04-30,,,verified_registry_endpoint,complete_export_no_new_ST_transition
002782.SZ:2022,002782.SZ,2022-05-01,2023-05-01,verified_listing_interval,0,0,2023-04-30,,,verified_registry_endpoint,complete_export_no_new_ST_transition
002782.SZ:2023,002782.SZ,2023-05-01,2024-05-01,verified_listing_interval,0,0,2024-04-30,,,verified_registry_endpoint,complete_export_no_new_ST_transition
002782.SZ:2024,002782.SZ,2024-05-01,2025-05-01,verified_listing_interval,0,0,2025-04-30,,,verified_registry_endpoint,complete_export_no_new_ST_transition
002782.SZ:2025,002782.SZ,2025-05-01,2026-05-01,verified_listing_interval,0,0,2026-04-30,,,verified_registry_endpoint,complete_export_no_new_ST_transition
002788.SZ:2019,002788.SZ,2019-05-01,2020-05-01,verified_listing_interval,0,0,2020-04-30,,,verified_registry_endpoint,complete_export_no_new_ST_transition
002788.SZ:2020,002788.SZ,2020-05-01,2021-05-01,verified_listing_interval,0,0,2021-04-30,,,verified_registry_endpoint,complete_export_no_new_ST_transition
002788.SZ:2021,002788.SZ,2021-05-01,2022-05-01,verified_listing_interval,0,0,2022-04-30,,,verified_registry_endpoint,complete_export_no_new_ST_transition
002788.SZ:2022,002788.SZ,2022-05-01,2023-05-01,verified_listing_interval,0,0,2023-04-30,,,verified_registry_endpoint,complete_export_no_new_ST_transition
002788.SZ:2023,002788.SZ,2023-05-01,2024-05-01,verified_listing_interval,0,0,2024-04-30,,,verified_registry_endpoint,complete_export_no_new_ST_transition
002788.SZ:2024,002788.SZ,2024-05-01,2025-05-01,verified_listing_interval,0,0,2025-04-30,,,verified_registry_endpoint,complete_export_no_new_ST_transition
002788.SZ:2025,002788.SZ,2025-05-01,2026-05-01,verified_listing_interval,0,0,2026-04-30,,,verified_registry_endpoint,complete_export_no_new_ST_transition
002790.SZ:2019,002790.SZ,2019-05-01,2020-05-01,verified_listing_interval,0,0,2020-04-30,,,verified_registry_endpoint,complete_export_no_new_ST_transition
002790.SZ:2020,002790.SZ,2020-05-01,2021-05-01,verified_listing_interval,0,0,2021-04-30,,,verified_registry_endpoint,complete_export_no_new_ST_transition
002790.SZ:2021,002790.SZ,2021-05-01,2022-05-01,verified_listing_interval,0,0,2022-04-30,,,verified_registry_endpoint,complete_export_no_new_ST_transition
002790.SZ:2022,002790.SZ,2022-05-01,2023-05-01,verified_listing_interval,0,0,2023-04-30,,,verified_registry_endpoint,complete_export_no_new_ST_transition
002790.SZ:2023,002790.SZ,2023-05-01,2024-05-01,verified_listing_interval,0,0,2024-04-30,,,verified_registry_endpoint,complete_export_no_new_ST_transition
002790.SZ:2024,002790.SZ,2024-05-01,2025-05-01,verified_listing_interval,0,0,2025-04-30,,,verified_registry_endpoint,complete_export_no_new_ST_transition
002790.SZ:2025,002790.SZ,2025-05-01,2026-05-01,verified_listing_interval,0,0,2026-04-30,,,verified_registry_endpoint,complete_export_no_new_ST_transition
002792.SZ:2019,002792.SZ,2019-05-01,2020-05-01,verified_listing_interval,0,0,2020-04-30,,,verified_registry_endpoint,complete_export_no_new_ST_transition
002792.SZ:2020,002792.SZ,2020-05-01,2021-05-01,verified_listing_interval,0,0,2021-04-30,,,verified_registry_endpoint,complete_export_no_new_ST_transition
002792.SZ:2021,002792.SZ,2021-05-01,2022-05-01,verified_listing_interval,0,0,2022-04-30,,,verified_registry_endpoint,complete_export_no_new_ST_transition
002792.SZ:2022,002792.SZ,2022-05-01,2023-05-01,verified_listing_interval,0,0,2023-04-30,,,verified_registry_endpoint,complete_export_no_new_ST_transition
002792.SZ:2023,002792.SZ,2023-05-01,2024-05-01,verified_listing_interval,0,0,2024-04-30,,,verified_registry_endpoint,complete_export_no_new_ST_transition
002792.SZ:2024,002792.SZ,2024-05-01,2025-05-01,verified_listing_interval,0,0,2025-04-30,,,verified_registry_endpoint,complete_export_no_new_ST_transition
002792.SZ:2025,002792.SZ,2025-05-01,2026-05-01,verified_listing_interval,0,0,2026-04-30,,,verified_registry_endpoint,complete_export_no_new_ST_transition
002795.SZ:2019,002795.SZ,2019-05-01,2020-05-01,verified_listing_interval,0,0,2020-04-30,,,verified_registry_endpoint,complete_export_no_new_ST_transition
002795.SZ:2020,002795.SZ,2020-05-01,2021-05-01,verified_listing_interval,0,0,2021-04-30,,,verified_registry_endpoint,complete_export_no_new_ST_transition
002795.SZ:2021,002795.SZ,2021-05-01,2022-05-01,verified_listing_interval,0,0,2022-04-30,,,verified_registry_endpoint,complete_export_no_new_ST_transition
002795.SZ:2022,002795.SZ,2022-05-01,2023-05-01,verified_listing_interval,0,0,2023-04-30,,,verified_registry_endpoint,complete_export_no_new_ST_transition
002795.SZ:2023,002795.SZ,2023-05-01,2024-05-01,verified_listing_interval,0,0,2024-04-30,,,verified_registry_endpoint,complete_export_no_new_ST_transition
002795.SZ:2024,002795.SZ,2024-05-01,2025-05-01,verified_listing_interval,0,0,2025-04-30,,,verified_registry_endpoint,complete_export_no_new_ST_transition
002795.SZ:2025,002795.SZ,2025-05-01,2026-05-01,verified_listing_interval,0,0,2026-04-30,,,verified_registry_endpoint,complete_export_no_new_ST_transition
002796.SZ:2020,002796.SZ,2020-05-01,2021-05-01,verified_listing_interval,0,0,2021-04-30,,,verified_registry_endpoint,complete_export_no_new_ST_transition
002796.SZ:2021,002796.SZ,2021-05-01,2022-05-01,verified_listing_interval,0,0,2022-04-30,,,verified_registry_endpoint,complete_export_no_new_ST_transition
002796.SZ:2022,002796.SZ,2022-05-01,2023-05-01,verified_listing_interval,0,0,2023-04-30,,,verified_registry_endpoint,complete_export_no_new_ST_transition
002796.SZ:2023,002796.SZ,2023-05-01,2024-05-01,verified_listing_interval,0,0,2024-04-30,,,verified_registry_endpoint,complete_export_no_new_ST_transition
002796.SZ:2024,002796.SZ,2024-05-01,2025-05-01,verified_listing_interval,0,0,2025-04-30,,,verified_registry_endpoint,complete_export_no_new_ST_transition
002796.SZ:2025,002796.SZ,2025-05-01,2026-05-01,verified_listing_interval,0,0,2026-04-30,,,verified_registry_endpoint,complete_export_no_new_ST_transition
002801.SZ:2020,002801.SZ,2020-05-01,2021-05-01,verified_listing_interval,0,0,2021-04-30,,,verified_registry_endpoint,complete_export_no_new_ST_transition
002801.SZ:2021,002801.SZ,2021-05-01,2022-05-01,verified_listing_interval,0,0,2022-04-30,,,verified_registry_endpoint,complete_export_no_new_ST_transition
002801.SZ:2022,002801.SZ,2022-05-01,2023-05-01,verified_listing_interval,0,0,2023-04-30,,,verified_registry_endpoint,complete_export_no_new_ST_transition
002801.SZ:2023,002801.SZ,2023-05-01,2024-05-01,verified_listing_interval,0,0,2024-04-30,,,verified_registry_endpoint,complete_export_no_new_ST_transition
002801.SZ:2024,002801.SZ,2024-05-01,2025-05-01,verified_listing_interval,0,0,2025-04-30,,,verified_registry_endpoint,complete_export_no_new_ST_transition
002801.SZ:2025,002801.SZ,2025-05-01,2026-05-01,verified_listing_interval,0,0,2026-04-30,,,verified_registry_endpoint,complete_export_no_new_ST_transition
002811.SZ:2020,002811.SZ,2020-05-01,2021-05-01,verified_listing_interval,0,0,2021-04-30,,,verified_registry_endpoint,complete_export_no_new_ST_transition
002811.SZ:2021,002811.SZ,2021-05-01,2022-05-01,verified_listing_interval,0,0,2022-04-30,,,verified_registry_endpoint,complete_export_no_new_ST_transition
002811.SZ:2022,002811.SZ,2022-05-01,2023-05-01,verified_listing_interval,0,0,2023-04-30,,,verified_registry_endpoint,complete_export_no_new_ST_transition
002811.SZ:2023,002811.SZ,2023-05-01,2024-05-01,verified_listing_interval,0,0,2024-04-30,,,verified_registry_endpoint,complete_export_no_new_ST_transition
002811.SZ:2024,002811.SZ,2024-05-01,2025-05-01,verified_listing_interval,0,0,2025-04-30,,,verified_registry_endpoint,complete_export_no_new_ST_transition
002811.SZ:2025,002811.SZ,2025-05-01,2026-05-01,verified_listing_interval,0,0,2026-04-30,,,verified_registry_endpoint,complete_export_no_new_ST_transition
002813.SZ:2020,002813.SZ,2020-05-01,2021-05-01,verified_listing_interval,0,0,2021-04-30,,,verified_registry_endpoint,complete_export_no_new_ST_transition
002813.SZ:2021,002813.SZ,2021-05-01,2022-05-01,verified_listing_interval,0,0,2022-04-30,,,verified_registry_endpoint,complete_export_no_new_ST_transition
002813.SZ:2022,002813.SZ,2022-05-01,2023-05-01,verified_listing_interval,0,0,2023-04-30,,,verified_registry_endpoint,complete_export_no_new_ST_transition
002813.SZ:2023,002813.SZ,2023-05-01,2024-05-01,verified_listing_interval,0,0,2024-04-30,,,verified_registry_endpoint,complete_export_no_new_ST_transition
002813.SZ:2024,002813.SZ,2024-05-01,2025-05-01,verified_listing_interval,0,0,2025-04-30,,,verified_registry_endpoint,complete_export_no_new_ST_transition
002813.SZ:2025,002813.SZ,2025-05-01,2026-05-01,verified_listing_interval,0,0,2026-04-30,,,verified_registry_endpoint,complete_export_no_new_ST_transition
002822.SZ:2020,002822.SZ,2020-05-01,2021-05-01,verified_listing_interval,0,0,2021-04-30,,,verified_registry_endpoint,complete_export_no_new_ST_transition
002822.SZ:2021,002822.SZ,2021-05-01,2022-05-01,verified_listing_interval,0,0,2022-04-30,,,verified_registry_endpoint,complete_export_no_new_ST_transition
002822.SZ:2022,002822.SZ,2022-05-01,2023-05-01,verified_listing_interval,0,0,2023-04-30,,,verified_registry_endpoint,complete_export_no_new_ST_transition
002822.SZ:2023,002822.SZ,2023-05-01,2024-05-01,verified_listing_interval,0,1,2024-02-27,2024-02-27,734,verified_registry_endpoint,new_ST_name_transition
002822.SZ:2024,002822.SZ,2024-05-01,2025-05-01,verified_listing_interval,1,,,,,excluded,ST_at_origin
002822.SZ:2025,002822.SZ,2025-05-01,2026-05-01,verified_listing_interval,1,,,,,excluded,ST_at_origin
002830.SZ:2020,002830.SZ,2020-05-01,2021-05-01,verified_listing_interval,0,0,2021-04-30,,,verified_registry_endpoint,complete_export_no_new_ST_transition
002830.SZ:2021,002830.SZ,2021-05-01,2022-05-01,verified_listing_interval,0,0,2022-04-30,,,verified_registry_endpoint,complete_export_no_new_ST_transition
002830.SZ:2022,002830.SZ,2022-05-01,2023-05-01,verified_listing_interval,0,0,2023-04-30,,,verified_registry_endpoint,complete_export_no_new_ST_transition
002830.SZ:2023,002830.SZ,2023-05-01,2024-05-01,verified_listing_interval,0,0,2024-04-30,,,verified_registry_endpoint,complete_export_no_new_ST_transition
002830.SZ:2024,002830.SZ,2024-05-01,2025-05-01,verified_listing_interval,0,0,2025-04-30,,,verified_registry_endpoint,complete_export_no_new_ST_transition
002830.SZ:2025,002830.SZ,2025-05-01,2026-05-01,verified_listing_interval,0,0,2026-04-30,,,verified_registry_endpoint,complete_export_no_new_ST_transition
002832.SZ:2020,002832.SZ,2020-05-01,2021-05-01,verified_listing_interval,0,0,2021-04-30,,,verified_registry_endpoint,complete_export_no_new_ST_transition
002832.SZ:2021,002832.SZ,2021-05-01,2022-05-01,verified_listing_interval,0,0,2022-04-30,,,verified_registry_endpoint,complete_export_no_new_ST_transition
002832.SZ:2022,002832.SZ,2022-05-01,2023-05-01,verified_listing_interval,0,0,2023-04-30,,,verified_registry_endpoint,complete_export_no_new_ST_transition
002832.SZ:2023,002832.SZ,2023-05-01,2024-05-01,verified_listing_interval,0,0,2024-04-30,,,verified_registry_endpoint,complete_export_no_new_ST_transition
002832.SZ:2024,002832.SZ,2024-05-01,2025-05-01,verified_listing_interval,0,0,2025-04-30,,,verified_registry_endpoint,complete_export_no_new_ST_transition
002832.SZ:2025,002832.SZ,2025-05-01,2026-05-01,verified_listing_interval,0,0,2026-04-30,,,verified_registry_endpoint,complete_export_no_new_ST_transition
002833.SZ:2020,002833.SZ,2020-05-01,2021-05-01,verified_listing_interval,0,0,2021-04-30,,,verified_registry_endpoint,complete_export_no_new_ST_transition
002833.SZ:2021,002833.SZ,2021-05-01,2022-05-01,verified_listing_interval,0,0,2022-04-30,,,verified_registry_endpoint,complete_export_no_new_ST_transition
002833.SZ:2022,002833.SZ,2022-05-01,2023-05-01,verified_listing_interval,0,0,2023-04-30,,,verified_registry_endpoint,complete_export_no_new_ST_transition
002833.SZ:2023,002833.SZ,2023-05-01,2024-05-01,verified_listing_interval,0,0,2024-04-30,,,verified_registry_endpoint,complete_export_no_new_ST_transition
002833.SZ:2024,002833.SZ,2024-05-01,2025-05-01,verified_listing_interval,0,0,2025-04-30,,,verified_registry_endpoint,complete_export_no_new_ST_transition
002833.SZ:2025,002833.SZ,2025-05-01,2026-05-01,verified_listing_interval,0,0,2026-04-30,,,verified_registry_endpoint,complete_export_no_new_ST_transition
002835.SZ:2020,002835.SZ,2020-05-01,2021-05-01,verified_listing_interval,0,0,2021-04-30,,,verified_registry_endpoint,complete_export_no_new_ST_transition
002835.SZ:2021,002835.SZ,2021-05-01,2022-05-01,verified_listing_interval,0,0,2022-04-30,,,verified_registry_endpoint,complete_export_no_new_ST_transition
002835.SZ:2022,002835.SZ,2022-05-01,2023-05-01,verified_listing_interval,0,0,2023-04-30,,,verified_registry_endpoint,complete_export_no_new_ST_transition
002835.SZ:2023,002835.SZ,2023-05-01,2024-05-01,verified_listing_interval,0,0,2024-04-30,,,verified_registry_endpoint,complete_export_no_new_ST_transition
002835.SZ:2024,002835.SZ,2024-05-01,2025-05-01,verified_listing_interval,0,0,2025-04-30,,,verified_registry_endpoint,complete_export_no_new_ST_transition
002835.SZ:2025,002835.SZ,2025-05-01,2026-05-01,verified_listing_interval,0,0,2026-04-30,,,verified_registry_endpoint,complete_export_no_new_ST_transition
002851.SZ:2020,002851.SZ,2020-05-01,2021-05-01,verified_listing_interval,0,0,2021-04-30,,,verified_registry_endpoint,complete_export_no_new_ST_transition
002851.SZ:2021,002851.SZ,2021-05-01,2022-05-01,verified_listing_interval,0,0,2022-04-30,,,verified_registry_endpoint,complete_export_no_new_ST_transition
002851.SZ:2022,002851.SZ,2022-05-01,2023-05-01,verified_listing_interval,0,0,2023-04-30,,,verified_registry_endpoint,complete_export_no_new_ST_transition
002851.SZ:2023,002851.SZ,2023-05-01,2024-05-01,verified_listing_interval,0,0,2024-04-30,,,verified_registry_endpoint,complete_export_no_new_ST_transition
002851.SZ:2024,002851.SZ,2024-05-01,2025-05-01,verified_listing_interval,0,0,2025-04-30,,,verified_registry_endpoint,complete_export_no_new_ST_transition
002851.SZ:2025,002851.SZ,2025-05-01,2026-05-01,verified_listing_interval,0,0,2026-04-30,,,verified_registry_endpoint,complete_export_no_new_ST_transition
002862.SZ:2020,002862.SZ,2020-05-01,2021-05-01,verified_listing_interval,0,0,2021-04-30,,,verified_registry_endpoint,complete_export_no_new_ST_transition
002862.SZ:2021,002862.SZ,2021-05-01,2022-05-01,verified_listing_interval,0,0,2022-04-30,,,verified_registry_endpoint,complete_export_no_new_ST_transition
002862.SZ:2022,002862.SZ,2022-05-01,2023-05-01,verified_listing_interval,0,0,2023-04-30,,,verified_registry_endpoint,complete_export_no_new_ST_transition
002862.SZ:2023,002862.SZ,2023-05-01,2024-05-01,verified_listing_interval,0,0,2024-04-30,,,verified_registry_endpoint,complete_export_no_new_ST_transition
002862.SZ:2024,002862.SZ,2024-05-01,2025-05-01,verified_listing_interval,0,0,2025-04-30,,,verified_registry_endpoint,complete_export_no_new_ST_transition
002862.SZ:2025,002862.SZ,2025-05-01,2026-05-01,verified_listing_interval,0,0,2026-04-30,,,verified_registry_endpoint,complete_export_no_new_ST_transition
002864.SZ:2021,002864.SZ,2021-05-01,2022-05-01,verified_listing_interval,0,0,2022-04-30,,,verified_registry_endpoint,complete_export_no_new_ST_transition
002864.SZ:2022,002864.SZ,2022-05-01,2023-05-01,verified_listing_interval,0,0,2023-04-30,,,verified_registry_endpoint,complete_export_no_new_ST_transition
002864.SZ:2023,002864.SZ,2023-05-01,2024-05-01,verified_listing_interval,0,0,2024-04-30,,,verified_registry_endpoint,complete_export_no_new_ST_transition
002864.SZ:2024,002864.SZ,2024-05-01,2025-05-01,verified_listing_interval,0,0,2025-04-30,,,verified_registry_endpoint,complete_export_no_new_ST_transition
002864.SZ:2025,002864.SZ,2025-05-01,2026-05-01,verified_listing_interval,0,0,2026-04-30,,,verified_registry_endpoint,complete_export_no_new_ST_transition
002865.SZ:2020,002865.SZ,2020-05-01,2021-05-01,verified_listing_interval,0,0,2021-04-30,,,verified_registry_endpoint,complete_export_no_new_ST_transition
002865.SZ:2021,002865.SZ,2021-05-01,2022-05-01,verified_listing_interval,0,0,2022-04-30,,,verified_registry_endpoint,complete_export_no_new_ST_transition
002865.SZ:2022,002865.SZ,2022-05-01,2023-05-01,verified_listing_interval,0,0,2023-04-30,,,verified_registry_endpoint,complete_export_no_new_ST_transition
002865.SZ:2023,002865.SZ,2023-05-01,2024-05-01,verified_listing_interval,0,0,2024-04-30,,,verified_registry_endpoint,complete_export_no_new_ST_transition
002865.SZ:2024,002865.SZ,2024-05-01,2025-05-01,verified_listing_interval,0,0,2025-04-30,,,verified_registry_endpoint,complete_export_no_new_ST_transition
002865.SZ:2025,002865.SZ,2025-05-01,2026-05-01,verified_listing_interval,0,0,2026-04-30,,,verified_registry_endpoint,complete_export_no_new_ST_transition
002886.SZ:2021,002886.SZ,2021-05-01,2022-05-01,verified_listing_interval,0,0,2022-04-30,,,verified_registry_endpoint,complete_export_no_new_ST_transition
002886.SZ:2022,002886.SZ,2022-05-01,2023-05-01,verified_listing_interval,0,0,2023-04-30,,,verified_registry_endpoint,complete_export_no_new_ST_transition
002886.SZ:2023,002886.SZ,2023-05-01,2024-05-01,verified_listing_interval,0,0,2024-04-30,,,verified_registry_endpoint,complete_export_no_new_ST_transition
002886.SZ:2024,002886.SZ,2024-05-01,2025-05-01,verified_listing_interval,0,0,2025-04-30,,,verified_registry_endpoint,complete_export_no_new_ST_transition
002886.SZ:2025,002886.SZ,2025-05-01,2026-05-01,verified_listing_interval,0,0,2026-04-30,,,verified_registry_endpoint,complete_export_no_new_ST_transition
002892.SZ:2021,002892.SZ,2021-05-01,2022-05-01,verified_listing_interval,0,0,2022-04-30,,,verified_registry_endpoint,complete_export_no_new_ST_transition
002892.SZ:2022,002892.SZ,2022-05-01,2023-05-01,verified_listing_interval,0,0,2023-04-30,,,verified_registry_endpoint,complete_export_no_new_ST_transition
002892.SZ:2023,002892.SZ,2023-05-01,2024-05-01,verified_listing_interval,0,0,2024-04-30,,,verified_registry_endpoint,complete_export_no_new_ST_transition
002892.SZ:2024,002892.SZ,2024-05-01,2025-05-01,verified_listing_interval,0,0,2025-04-30,,,verified_registry_endpoint,complete_export_no_new_ST_transition
002892.SZ:2025,002892.SZ,2025-05-01,2026-05-01,verified_listing_interval,0,0,2026-04-30,,,verified_registry_endpoint,complete_export_no_new_ST_transition
002898.SZ:2021,002898.SZ,2021-05-01,2022-05-01,verified_listing_interval,0,0,2022-04-30,,,verified_registry_endpoint,complete_export_no_new_ST_transition
002898.SZ:2022,002898.SZ,2022-05-01,2023-05-01,verified_listing_interval,0,0,2023-04-30,,,verified_registry_endpoint,complete_export_no_new_ST_transition
002898.SZ:2023,002898.SZ,2023-05-01,2024-05-01,verified_listing_interval,0,0,2024-04-30,,,verified_registry_endpoint,complete_export_no_new_ST_transition
002898.SZ:2024,002898.SZ,2024-05-01,2025-05-01,verified_listing_interval,0,1,2025-04-28,2025-04-28,440,verified_registry_endpoint,new_ST_name_transition
002898.SZ:2025,002898.SZ,2025-05-01,2026-05-01,verified_listing_interval,1,,,,,excluded,ST_at_origin
002899.SZ:2021,002899.SZ,2021-05-01,2022-05-01,verified_listing_interval,0,0,2022-04-30,,,verified_registry_endpoint,complete_export_no_new_ST_transition
002899.SZ:2022,002899.SZ,2022-05-01,2023-05-01,verified_listing_interval,0,0,2023-04-30,,,verified_registry_endpoint,complete_export_no_new_ST_transition
002899.SZ:2023,002899.SZ,2023-05-01,2024-05-01,verified_listing_interval,0,0,2024-04-30,,,verified_registry_endpoint,complete_export_no_new_ST_transition
002899.SZ:2024,002899.SZ,2024-05-01,2025-05-01,verified_listing_interval,0,0,2025-04-30,,,verified_registry_endpoint,complete_export_no_new_ST_transition
002899.SZ:2025,002899.SZ,2025-05-01,2026-05-01,verified_listing_interval,0,0,2026-04-30,,,verified_registry_endpoint,complete_export_no_new_ST_transition
002906.SZ:2021,002906.SZ,2021-05-01,2022-05-01,verified_listing_interval,0,0,2022-04-30,,,verified_registry_endpoint,complete_export_no_new_ST_transition
002906.SZ:2022,002906.SZ,2022-05-01,2023-05-01,verified_listing_interval,0,0,2023-04-30,,,verified_registry_endpoint,complete_export_no_new_ST_transition
002906.SZ:2023,002906.SZ,2023-05-01,2024-05-01,verified_listing_interval,0,0,2024-04-30,,,verified_registry_endpoint,complete_export_no_new_ST_transition
002906.SZ:2024,002906.SZ,2024-05-01,2025-05-01,verified_listing_interval,0,0,2025-04-30,,,verified_registry_endpoint,complete_export_no_new_ST_transition
002906.SZ:2025,002906.SZ,2025-05-01,2026-05-01,verified_listing_interval,0,0,2026-04-30,,,verified_registry_endpoint,complete_export_no_new_ST_transition
002917.SZ:2021,002917.SZ,2021-05-01,2022-05-01,verified_listing_interval,0,0,2022-04-30,,,verified_registry_endpoint,complete_export_no_new_ST_transition
002917.SZ:2022,002917.SZ,2022-05-01,2023-05-01,verified_listing_interval,0,0,2023-04-30,,,verified_registry_endpoint,complete_export_no_new_ST_transition
002917.SZ:2023,002917.SZ,2023-05-01,2024-05-01,verified_listing_interval,0,0,2024-04-30,,,verified_registry_endpoint,complete_export_no_new_ST_transition
002917.SZ:2024,002917.SZ,2024-05-01,2025-05-01,verified_listing_interval,0,0,2025-04-30,,,verified_registry_endpoint,complete_export_no_new_ST_transition
002917.SZ:2025,002917.SZ,2025-05-01,2026-05-01,verified_listing_interval,0,0,2026-04-30,,,verified_registry_endpoint,complete_export_no_new_ST_transition
002920.SZ:2021,002920.SZ,2021-05-01,2022-05-01,verified_listing_interval,0,0,2022-04-30,,,verified_registry_endpoint,complete_export_no_new_ST_transition
002920.SZ:2022,002920.SZ,2022-05-01,2023-05-01,verified_listing_interval,0,0,2023-04-30,,,verified_registry_endpoint,complete_export_no_new_ST_transition
002920.SZ:2023,002920.SZ,2023-05-01,2024-05-01,verified_listing_interval,0,0,2024-04-30,,,verified_registry_endpoint,complete_export_no_new_ST_transition
002920.SZ:2024,002920.SZ,2024-05-01,2025-05-01,verified_listing_interval,0,0,2025-04-30,,,verified_registry_endpoint,complete_export_no_new_ST_transition
002920.SZ:2025,002920.SZ,2025-05-01,2026-05-01,verified_listing_interval,0,0,2026-04-30,,,verified_registry_endpoint,complete_export_no_new_ST_transition
002928.SZ:2021,002928.SZ,2021-05-01,2022-05-01,verified_listing_interval,0,0,2022-04-30,,,verified_registry_endpoint,complete_export_no_new_ST_transition
002928.SZ:2022,002928.SZ,2022-05-01,2023-05-01,verified_listing_interval,0,0,2023-04-30,,,verified_registry_endpoint,complete_export_no_new_ST_transition
002928.SZ:2023,002928.SZ,2023-05-01,2024-05-01,verified_listing_interval,0,0,2024-04-30,,,verified_registry_endpoint,complete_export_no_new_ST_transition
002928.SZ:2024,002928.SZ,2024-05-01,2025-05-01,verified_listing_interval,0,0,2025-04-30,,,verified_registry_endpoint,complete_export_no_new_ST_transition
002928.SZ:2025,002928.SZ,2025-05-01,2026-05-01,verified_listing_interval,0,0,2026-04-30,,,verified_registry_endpoint,complete_export_no_new_ST_transition
002929.SZ:2021,002929.SZ,2021-05-01,2022-05-01,verified_listing_interval,0,0,2022-04-30,,,verified_registry_endpoint,complete_export_no_new_ST_transition
002929.SZ:2022,002929.SZ,2022-05-01,2023-05-01,verified_listing_interval,0,0,2023-04-30,,,verified_registry_endpoint,complete_export_no_new_ST_transition
002929.SZ:2023,002929.SZ,2023-05-01,2024-05-01,verified_listing_interval,0,0,2024-04-30,,,verified_registry_endpoint,complete_export_no_new_ST_transition
002929.SZ:2024,002929.SZ,2024-05-01,2025-05-01,verified_listing_interval,0,0,2025-04-30,,,verified_registry_endpoint,complete_export_no_new_ST_transition
002929.SZ:2025,002929.SZ,2025-05-01,2026-05-01,verified_listing_interval,0,0,2026-04-30,,,verified_registry_endpoint,complete_export_no_new_ST_transition
002930.SZ:2021,002930.SZ,2021-05-01,2022-05-01,verified_listing_interval,0,0,2022-04-30,,,verified_registry_endpoint,complete_export_no_new_ST_transition
002930.SZ:2022,002930.SZ,2022-05-01,2023-05-01,verified_listing_interval,0,0,2023-04-30,,,verified_registry_endpoint,complete_export_no_new_ST_transition
002930.SZ:2023,002930.SZ,2023-05-01,2024-05-01,verified_listing_interval,0,0,2024-04-30,,,verified_registry_endpoint,complete_export_no_new_ST_transition
002930.SZ:2024,002930.SZ,2024-05-01,2025-05-01,verified_listing_interval,0,0,2025-04-30,,,verified_registry_endpoint,complete_export_no_new_ST_transition
002930.SZ:2025,002930.SZ,2025-05-01,2026-05-01,verified_listing_interval,0,0,2026-04-30,,,verified_registry_endpoint,complete_export_no_new_ST_transition
002933.SZ:2022,002933.SZ,2022-05-01,2023-05-01,verified_listing_interval,0,0,2023-04-30,,,verified_registry_endpoint,complete_export_no_new_ST_transition
002933.SZ:2023,002933.SZ,2023-05-01,2024-05-01,verified_listing_interval,0,0,2024-04-30,,,verified_registry_endpoint,complete_export_no_new_ST_transition
002933.SZ:2024,002933.SZ,2024-05-01,2025-05-01,verified_listing_interval,0,0,2025-04-30,,,verified_registry_endpoint,complete_export_no_new_ST_transition
002933.SZ:2025,002933.SZ,2025-05-01,2026-05-01,verified_listing_interval,0,0,2026-04-30,,,verified_registry_endpoint,complete_export_no_new_ST_transition
002942.SZ:2022,002942.SZ,2022-05-01,2023-05-01,verified_listing_interval,0,0,2023-04-30,,,verified_registry_endpoint,complete_export_no_new_ST_transition
002942.SZ:2023,002942.SZ,2023-05-01,2024-05-01,verified_listing_interval,0,0,2024-04-30,,,verified_registry_endpoint,complete_export_no_new_ST_transition
002942.SZ:2024,002942.SZ,2024-05-01,2025-05-01,verified_listing_interval,0,0,2025-04-30,,,verified_registry_endpoint,complete_export_no_new_ST_transition
002942.SZ:2025,002942.SZ,2025-05-01,2026-05-01,verified_listing_interval,0,0,2026-04-30,,,verified_registry_endpoint,complete_export_no_new_ST_transition
002945.SZ:2022,002945.SZ,2022-05-01,2023-05-01,verified_listing_interval,0,0,2023-04-30,,,verified_registry_endpoint,complete_export_no_new_ST_transition
002945.SZ:2023,002945.SZ,2023-05-01,2024-05-01,verified_listing_interval,0,0,2024-04-30,,,verified_registry_endpoint,complete_export_no_new_ST_transition
002945.SZ:2024,002945.SZ,2024-05-01,2025-05-01,verified_listing_interval,0,0,2025-04-30,,,verified_registry_endpoint,complete_export_no_new_ST_transition
002945.SZ:2025,002945.SZ,2025-05-01,2026-05-01,verified_listing_interval,0,0,2026-04-30,,,verified_registry_endpoint,complete_export_no_new_ST_transition
002958.SZ:2022,002958.SZ,2022-05-01,2023-05-01,verified_listing_interval,0,0,2023-04-30,,,verified_registry_endpoint,complete_export_no_new_ST_transition
002958.SZ:2023,002958.SZ,2023-05-01,2024-05-01,verified_listing_interval,0,0,2024-04-30,,,verified_registry_endpoint,complete_export_no_new_ST_transition
002958.SZ:2024,002958.SZ,2024-05-01,2025-05-01,verified_listing_interval,0,0,2025-04-30,,,verified_registry_endpoint,complete_export_no_new_ST_transition
002958.SZ:2025,002958.SZ,2025-05-01,2026-05-01,verified_listing_interval,0,0,2026-04-30,,,verified_registry_endpoint,complete_export_no_new_ST_transition
002978.SZ:2023,002978.SZ,2023-05-01,2024-05-01,verified_listing_interval,0,0,2024-04-30,,,verified_registry_endpoint,complete_export_no_new_ST_transition
002978.SZ:2024,002978.SZ,2024-05-01,2025-05-01,verified_listing_interval,0,0,2025-04-30,,,verified_registry_endpoint,complete_export_no_new_ST_transition
002978.SZ:2025,002978.SZ,2025-05-01,2026-05-01,verified_listing_interval,0,0,2026-04-30,,,verified_registry_endpoint,complete_export_no_new_ST_transition
003005.SZ:2024,003005.SZ,2024-05-01,2025-05-01,verified_listing_interval,0,0,2025-04-30,,,verified_registry_endpoint,complete_export_no_new_ST_transition
003005.SZ:2025,003005.SZ,2025-05-01,2026-05-01,verified_listing_interval,0,0,2026-04-30,,,verified_registry_endpoint,complete_export_no_new_ST_transition
003012.SZ:2024,003012.SZ,2024-05-01,2025-05-01,verified_listing_interval,0,0,2025-04-30,,,verified_registry_endpoint,complete_export_no_new_ST_transition
003012.SZ:2025,003012.SZ,2025-05-01,2026-05-01,verified_listing_interval,0,0,2026-04-30,,,verified_registry_endpoint,complete_export_no_new_ST_transition
003020.SZ:2024,003020.SZ,2024-05-01,2025-05-01,verified_listing_interval,0,0,2025-04-30,,,verified_registry_endpoint,complete_export_no_new_ST_transition
003020.SZ:2025,003020.SZ,2025-05-01,2026-05-01,verified_listing_interval,0,0,2026-04-30,,,verified_registry_endpoint,complete_export_no_new_ST_transition
003021.SZ:2024,003021.SZ,2024-05-01,2025-05-01,verified_listing_interval,0,0,2025-04-30,,,verified_registry_endpoint,complete_export_no_new_ST_transition
003021.SZ:2025,003021.SZ,2025-05-01,2026-05-01,verified_listing_interval,0,0,2026-04-30,,,verified_registry_endpoint,complete_export_no_new_ST_transition
003027.SZ:2024,003027.SZ,2024-05-01,2025-05-01,verified_listing_interval,0,0,2025-04-30,,,verified_registry_endpoint,complete_export_no_new_ST_transition
003027.SZ:2025,003027.SZ,2025-05-01,2026-05-01,verified_listing_interval,0,0,2026-04-30,,,verified_registry_endpoint,complete_export_no_new_ST_transition
300003.SZ:2017,300003.SZ,2017-05-01,2018-05-01,verified_listing_interval,0,0,2018-04-30,,,verified_registry_endpoint,complete_export_no_new_ST_transition
300003.SZ:2018,300003.SZ,2018-05-01,2019-05-01,verified_listing_interval,0,0,2019-04-30,,,verified_registry_endpoint,complete_export_no_new_ST_transition
300003.SZ:2019,300003.SZ,2019-05-01,2020-05-01,verified_listing_interval,0,0,2020-04-30,,,verified_registry_endpoint,complete_export_no_new_ST_transition
300003.SZ:2020,300003.SZ,2020-05-01,2021-05-01,verified_listing_interval,0,0,2021-04-30,,,verified_registry_endpoint,complete_export_no_new_ST_transition
300003.SZ:2021,300003.SZ,2021-05-01,2022-05-01,verified_listing_interval,0,0,2022-04-30,,,verified_registry_endpoint,complete_export_no_new_ST_transition
300003.SZ:2022,300003.SZ,2022-05-01,2023-05-01,verified_listing_interval,0,0,2023-04-30,,,verified_registry_endpoint,complete_export_no_new_ST_transition
300003.SZ:2023,300003.SZ,2023-05-01,2024-05-01,verified_listing_interval,0,0,2024-04-30,,,verified_registry_endpoint,complete_export_no_new_ST_transition
300003.SZ:2024,300003.SZ,2024-05-01,2025-05-01,verified_listing_interval,0,0,2025-04-30,,,verified_registry_endpoint,complete_export_no_new_ST_transition
300003.SZ:2025,300003.SZ,2025-05-01,2026-05-01,verified_listing_interval,0,0,2026-04-30,,,verified_registry_endpoint,complete_export_no_new_ST_transition
300004.SZ:2017,300004.SZ,2017-05-01,2018-05-01,verified_listing_interval,0,0,2018-04-30,,,verified_registry_endpoint,complete_export_no_new_ST_transition
300004.SZ:2018,300004.SZ,2018-05-01,2019-05-01,verified_listing_interval,0,0,2019-04-30,,,verified_registry_endpoint,complete_export_no_new_ST_transition
300004.SZ:2019,300004.SZ,2019-05-01,2020-05-01,verified_listing_interval,0,0,2020-04-30,,,verified_registry_endpoint,complete_export_no_new_ST_transition
300004.SZ:2020,300004.SZ,2020-05-01,2021-05-01,verified_listing_interval,0,0,2021-04-30,,,verified_registry_endpoint,complete_export_no_new_ST_transition
300004.SZ:2021,300004.SZ,2021-05-01,2022-05-01,verified_listing_interval,0,0,2022-04-30,,,verified_registry_endpoint,complete_export_no_new_ST_transition
300004.SZ:2022,300004.SZ,2022-05-01,2023-05-01,verified_listing_interval,0,0,2023-04-30,,,verified_registry_endpoint,complete_export_no_new_ST_transition
300004.SZ:2023,300004.SZ,2023-05-01,2024-05-01,verified_listing_interval,0,0,2024-04-30,,,verified_registry_endpoint,complete_export_no_new_ST_transition
300004.SZ:2024,300004.SZ,2024-05-01,2025-05-01,verified_listing_interval,0,0,2025-04-30,,,verified_registry_endpoint,complete_export_no_new_ST_transition
300004.SZ:2025,300004.SZ,2025-05-01,2026-05-01,verified_listing_interval,0,0,2026-04-30,,,verified_registry_endpoint,complete_export_no_new_ST_transition
300009.SZ:2017,300009.SZ,2017-05-01,2018-05-01,verified_listing_interval,0,0,2018-04-30,,,verified_registry_endpoint,complete_export_no_new_ST_transition
300009.SZ:2018,300009.SZ,2018-05-01,2019-05-01,verified_listing_interval,0,0,2019-04-30,,,verified_registry_endpoint,complete_export_no_new_ST_transition
300009.SZ:2019,300009.SZ,2019-05-01,2020-05-01,verified_listing_interval,0,0,2020-04-30,,,verified_registry_endpoint,complete_export_no_new_ST_transition
300009.SZ:2020,300009.SZ,2020-05-01,2021-05-01,verified_listing_interval,0,0,2021-04-30,,,verified_registry_endpoint,complete_export_no_new_ST_transition
300009.SZ:2021,300009.SZ,2021-05-01,2022-05-01,verified_listing_interval,0,0,2022-04-30,,,verified_registry_endpoint,complete_export_no_new_ST_transition
300009.SZ:2022,300009.SZ,2022-05-01,2023-05-01,verified_listing_interval,0,0,2023-04-30,,,verified_registry_endpoint,complete_export_no_new_ST_transition
300009.SZ:2023,300009.SZ,2023-05-01,2024-05-01,verified_listing_interval,0,0,2024-04-30,,,verified_registry_endpoint,complete_export_no_new_ST_transition
300009.SZ:2024,300009.SZ,2024-05-01,2025-05-01,verified_listing_interval,0,0,2025-04-30,,,verified_registry_endpoint,complete_export_no_new_ST_transition
300009.SZ:2025,300009.SZ,2025-05-01,2026-05-01,verified_listing_interval,0,0,2026-04-30,,,verified_registry_endpoint,complete_export_no_new_ST_transition
300013.SZ:2017,300013.SZ,2017-05-01,2018-05-01,verified_listing_interval,0,0,2018-04-30,,,verified_registry_endpoint,complete_export_no_new_ST_transition
300013.SZ:2018,300013.SZ,2018-05-01,2019-05-01,verified_listing_interval,0,0,2019-04-30,,,verified_registry_endpoint,complete_export_no_new_ST_transition
300013.SZ:2019,300013.SZ,2019-05-01,2020-05-01,verified_listing_interval,0,0,2020-04-30,,,verified_registry_endpoint,complete_export_no_new_ST_transition
300013.SZ:2020,300013.SZ,2020-05-01,2021-05-01,verified_listing_interval,0,0,2021-04-30,,,verified_registry_endpoint,complete_export_no_new_ST_transition
300013.SZ:2021,300013.SZ,2021-05-01,2022-05-01,verified_listing_interval,0,0,2022-04-30,,,verified_registry_endpoint,complete_export_no_new_ST_transition
300013.SZ:2022,300013.SZ,2022-05-01,2023-05-01,verified_listing_interval,0,0,2023-04-30,,,verified_registry_endpoint,complete_export_no_new_ST_transition
300013.SZ:2023,300013.SZ,2023-05-01,2024-05-01,verified_listing_interval,0,1,2024-04-30,2024-04-30,690,verified_registry_endpoint,new_ST_name_transition
300013.SZ:2024,300013.SZ,2024-05-01,2025-05-01,verified_listing_interval,1,,,,,excluded,ST_at_origin
300013.SZ:2025,300013.SZ,2025-05-01,2026-05-01,verified_listing_interval,1,,,,,excluded,ST_at_origin
300018.SZ:2017,300018.SZ,2017-05-01,2018-05-01,verified_listing_interval,0,0,2018-04-30,,,verified_registry_endpoint,complete_export_no_new_ST_transition
300018.SZ:2018,300018.SZ,2018-05-01,2019-05-01,verified_listing_interval,0,0,2019-04-30,,,verified_registry_endpoint,complete_export_no_new_ST_transition
300018.SZ:2019,300018.SZ,2019-05-01,2020-05-01,verified_listing_interval,0,0,2020-04-30,,,verified_registry_endpoint,complete_export_no_new_ST_transition
300018.SZ:2020,300018.SZ,2020-05-01,2021-05-01,verified_listing_interval,0,0,2021-04-30,,,verified_registry_endpoint,complete_export_no_new_ST_transition
300018.SZ:2021,300018.SZ,2021-05-01,2022-05-01,verified_listing_interval,0,0,2022-04-30,,,verified_registry_endpoint,complete_export_no_new_ST_transition
300018.SZ:2022,300018.SZ,2022-05-01,2023-05-01,verified_listing_interval,0,0,2023-04-30,,,verified_registry_endpoint,complete_export_no_new_ST_transition
300018.SZ:2023,300018.SZ,2023-05-01,2024-05-01,verified_listing_interval,0,0,2024-04-30,,,verified_registry_endpoint,complete_export_no_new_ST_transition
300018.SZ:2024,300018.SZ,2024-05-01,2025-05-01,verified_listing_interval,0,0,2025-04-30,,,verified_registry_endpoint,complete_export_no_new_ST_transition
300018.SZ:2025,300018.SZ,2025-05-01,2026-05-01,verified_listing_interval,0,0,2026-04-30,,,verified_registry_endpoint,complete_export_no_new_ST_transition
300026.SZ:2017,300026.SZ,2017-05-01,2018-05-01,verified_listing_interval,0,0,2018-04-30,,,verified_registry_endpoint,complete_export_no_new_ST_transition
300026.SZ:2018,300026.SZ,2018-05-01,2019-05-01,verified_listing_interval,0,0,2019-04-30,,,verified_registry_endpoint,complete_export_no_new_ST_transition
300026.SZ:2019,300026.SZ,2019-05-01,2020-05-01,verified_listing_interval,0,0,2020-04-30,,,verified_registry_endpoint,complete_export_no_new_ST_transition
300026.SZ:2020,300026.SZ,2020-05-01,2021-05-01,verified_listing_interval,0,0,2021-04-30,,,verified_registry_endpoint,complete_export_no_new_ST_transition
300026.SZ:2021,300026.SZ,2021-05-01,2022-05-01,verified_listing_interval,0,0,2022-04-30,,,verified_registry_endpoint,complete_export_no_new_ST_transition
300026.SZ:2022,300026.SZ,2022-05-01,2023-05-01,verified_listing_interval,0,0,2023-04-30,,,verified_registry_endpoint,complete_export_no_new_ST_transition
300026.SZ:2023,300026.SZ,2023-05-01,2024-05-01,verified_listing_interval,0,0,2024-04-30,,,verified_registry_endpoint,complete_export_no_new_ST_transition
300026.SZ:2024,300026.SZ,2024-05-01,2025-05-01,verified_listing_interval,0,0,2025-04-30,,,verified_registry_endpoint,complete_export_no_new_ST_transition
300026.SZ:2025,300026.SZ,2025-05-01,2026-05-01,verified_listing_interval,0,0,2026-04-30,,,verified_registry_endpoint,complete_export_no_new_ST_transition
300027.SZ:2017,300027.SZ,2017-05-01,2018-05-01,verified_listing_interval,0,0,2018-04-30,,,verified_registry_endpoint,complete_export_no_new_ST_transition
300027.SZ:2018,300027.SZ,2018-05-01,2019-05-01,verified_listing_interval,0,0,2019-04-30,,,verified_registry_endpoint,complete_export_no_new_ST_transition
300027.SZ:2019,300027.SZ,2019-05-01,2020-05-01,verified_listing_interval,0,0,2020-04-30,,,verified_registry_endpoint,complete_export_no_new_ST_transition
300027.SZ:2020,300027.SZ,2020-05-01,2021-05-01,verified_listing_interval,0,0,2021-04-30,,,verified_registry_endpoint,complete_export_no_new_ST_transition
300027.SZ:2021,300027.SZ,2021-05-01,2022-05-01,verified_listing_interval,0,0,2022-04-30,,,verified_registry_endpoint,complete_export_no_new_ST_transition
300027.SZ:2022,300027.SZ,2022-05-01,2023-05-01,verified_listing_interval,0,0,2023-04-30,,,verified_registry_endpoint,complete_export_no_new_ST_transition
300027.SZ:2023,300027.SZ,2023-05-01,2024-05-01,verified_listing_interval,0,0,2024-04-30,,,verified_registry_endpoint,complete_export_no_new_ST_transition
300027.SZ:2024,300027.SZ,2024-05-01,2025-05-01,verified_listing_interval,0,0,2025-04-30,,,verified_registry_endpoint,complete_export_no_new_ST_transition
300027.SZ:2025,300027.SZ,2025-05-01,2026-05-01,verified_listing_interval,0,1,2026-04-30,2026-04-30,156,verified_registry_endpoint,new_ST_name_transition
300028.SZ:2017,300028.SZ,2017-05-01,2018-05-01,verified_listing_interval,0,0,2018-04-30,,,verified_registry_endpoint,complete_export_no_new_ST_transition
300028.SZ:2018,300028.SZ,2018-05-01,2019-05-01,verified_listing_interval,0,0,2019-04-30,,,verified_registry_endpoint,complete_export_no_new_ST_transition
300028.SZ:2019,300028.SZ,2019-05-01,2020-05-01,verified_listing_interval,0,0,2020-04-30,,,verified_registry_endpoint,complete_export_no_new_ST_transition
300028.SZ:2020,300028.SZ,2020-05-01,2021-05-01,verified_listing_interval,0,,,,,right_censored,delisted_before_followup_end_without_observed_ST
300034.SZ:2017,300034.SZ,2017-05-01,2018-05-01,verified_listing_interval,0,0,2018-04-30,,,verified_registry_endpoint,complete_export_no_new_ST_transition
300034.SZ:2018,300034.SZ,2018-05-01,2019-05-01,verified_listing_interval,0,0,2019-04-30,,,verified_registry_endpoint,complete_export_no_new_ST_transition
300034.SZ:2019,300034.SZ,2019-05-01,2020-05-01,verified_listing_interval,0,0,2020-04-30,,,verified_registry_endpoint,complete_export_no_new_ST_transition
300034.SZ:2020,300034.SZ,2020-05-01,2021-05-01,verified_listing_interval,0,0,2021-04-30,,,verified_registry_endpoint,complete_export_no_new_ST_transition
300034.SZ:2021,300034.SZ,2021-05-01,2022-05-01,verified_listing_interval,0,0,2022-04-30,,,verified_registry_endpoint,complete_export_no_new_ST_transition
300034.SZ:2022,300034.SZ,2022-05-01,2023-05-01,verified_listing_interval,0,0,2023-04-30,,,verified_registry_endpoint,complete_export_no_new_ST_transition
300034.SZ:2023,300034.SZ,2023-05-01,2024-05-01,verified_listing_interval,0,0,2024-04-30,,,verified_registry_endpoint,complete_export_no_new_ST_transition
300034.SZ:2024,300034.SZ,2024-05-01,2025-05-01,verified_listing_interval,0,0,2025-04-30,,,verified_registry_endpoint,complete_export_no_new_ST_transition
300034.SZ:2025,300034.SZ,2025-05-01,2026-05-01,verified_listing_interval,0,0,2026-04-30,,,verified_registry_endpoint,complete_export_no_new_ST_transition
300035.SZ:2017,300035.SZ,2017-05-01,2018-05-01,verified_listing_interval,0,0,2018-04-30,,,verified_registry_endpoint,complete_export_no_new_ST_transition
300035.SZ:2018,300035.SZ,2018-05-01,2019-05-01,verified_listing_interval,0,0,2019-04-30,,,verified_registry_endpoint,complete_export_no_new_ST_transition
300035.SZ:2019,300035.SZ,2019-05-01,2020-05-01,verified_listing_interval,0,0,2020-04-30,,,verified_registry_endpoint,complete_export_no_new_ST_transition
300035.SZ:2020,300035.SZ,2020-05-01,2021-05-01,verified_listing_interval,0,0,2021-04-30,,,verified_registry_endpoint,complete_export_no_new_ST_transition
300035.SZ:2021,300035.SZ,2021-05-01,2022-05-01,verified_listing_interval,0,0,2022-04-30,,,verified_registry_endpoint,complete_export_no_new_ST_transition
300035.SZ:2022,300035.SZ,2022-05-01,2023-05-01,verified_listing_interval,0,0,2023-04-30,,,verified_registry_endpoint,complete_export_no_new_ST_transition
300035.SZ:2023,300035.SZ,2023-05-01,2024-05-01,verified_listing_interval,0,0,2024-04-30,,,verified_registry_endpoint,complete_export_no_new_ST_transition
300035.SZ:2024,300035.SZ,2024-05-01,2025-05-01,verified_listing_interval,0,0,2025-04-30,,,verified_registry_endpoint,complete_export_no_new_ST_transition
300035.SZ:2025,300035.SZ,2025-05-01,2026-05-01,verified_listing_interval,0,0,2026-04-30,,,verified_registry_endpoint,complete_export_no_new_ST_transition
300042.SZ:2017,300042.SZ,2017-05-01,2018-05-01,verified_listing_interval,0,0,2018-04-30,,,verified_registry_endpoint,complete_export_no_new_ST_transition
300042.SZ:2018,300042.SZ,2018-05-01,2019-05-01,verified_listing_interval,0,0,2019-04-30,,,verified_registry_endpoint,complete_export_no_new_ST_transition
300042.SZ:2019,300042.SZ,2019-05-01,2020-05-01,verified_listing_interval,0,0,2020-04-30,,,verified_registry_endpoint,complete_export_no_new_ST_transition
300042.SZ:2020,300042.SZ,2020-05-01,2021-05-01,verified_listing_interval,0,0,2021-04-30,,,verified_registry_endpoint,complete_export_no_new_ST_transition
300042.SZ:2021,300042.SZ,2021-05-01,2022-05-01,verified_listing_interval,0,0,2022-04-30,,,verified_registry_endpoint,complete_export_no_new_ST_transition
300042.SZ:2022,300042.SZ,2022-05-01,2023-05-01,verified_listing_interval,0,0,2023-04-30,,,verified_registry_endpoint,complete_export_no_new_ST_transition
300042.SZ:2023,300042.SZ,2023-05-01,2024-05-01,verified_listing_interval,0,0,2024-04-30,,,verified_registry_endpoint,complete_export_no_new_ST_transition
300042.SZ:2024,300042.SZ,2024-05-01,2025-05-01,verified_listing_interval,0,0,2025-04-30,,,verified_registry_endpoint,complete_export_no_new_ST_transition
300042.SZ:2025,300042.SZ,2025-05-01,2026-05-01,verified_listing_interval,0,0,2026-04-30,,,verified_registry_endpoint,complete_export_no_new_ST_transition
300043.SZ:2017,300043.SZ,2017-05-01,2018-05-01,verified_listing_interval,0,0,2018-04-30,,,verified_registry_endpoint,complete_export_no_new_ST_transition
300043.SZ:2018,300043.SZ,2018-05-01,2019-05-01,verified_listing_interval,0,0,2019-04-30,,,verified_registry_endpoint,complete_export_no_new_ST_transition
300043.SZ:2019,300043.SZ,2019-05-01,2020-05-01,verified_listing_interval,0,0,2020-04-30,,,verified_registry_endpoint,complete_export_no_new_ST_transition
300043.SZ:2020,300043.SZ,2020-05-01,2021-05-01,verified_listing_interval,0,0,2021-04-30,,,verified_registry_endpoint,complete_export_no_new_ST_transition
300043.SZ:2021,300043.SZ,2021-05-01,2022-05-01,verified_listing_interval,0,0,2022-04-30,,,verified_registry_endpoint,complete_export_no_new_ST_transition
300043.SZ:2022,300043.SZ,2022-05-01,2023-05-01,verified_listing_interval,0,0,2023-04-30,,,verified_registry_endpoint,complete_export_no_new_ST_transition
300043.SZ:2023,300043.SZ,2023-05-01,2024-05-01,verified_listing_interval,0,0,2024-04-30,,,verified_registry_endpoint,complete_export_no_new_ST_transition
300043.SZ:2024,300043.SZ,2024-05-01,2025-05-01,verified_listing_interval,0,0,2025-04-30,,,verified_registry_endpoint,complete_export_no_new_ST_transition
300043.SZ:2025,300043.SZ,2025-05-01,2026-05-01,verified_listing_interval,0,0,2026-04-30,,,verified_registry_endpoint,complete_export_no_new_ST_transition
300045.SZ:2017,300045.SZ,2017-05-01,2018-05-01,verified_listing_interval,0,0,2018-04-30,,,verified_registry_endpoint,complete_export_no_new_ST_transition
300045.SZ:2018,300045.SZ,2018-05-01,2019-05-01,verified_listing_interval,0,0,2019-04-30,,,verified_registry_endpoint,complete_export_no_new_ST_transition
300045.SZ:2019,300045.SZ,2019-05-01,2020-05-01,verified_listing_interval,0,0,2020-04-30,,,verified_registry_endpoint,complete_export_no_new_ST_transition
300045.SZ:2020,300045.SZ,2020-05-01,2021-05-01,verified_listing_interval,0,0,2021-04-30,,,verified_registry_endpoint,complete_export_no_new_ST_transition
300045.SZ:2021,300045.SZ,2021-05-01,2022-05-01,verified_listing_interval,0,0,2022-04-30,,,verified_registry_endpoint,complete_export_no_new_ST_transition
300045.SZ:2022,300045.SZ,2022-05-01,2023-05-01,verified_listing_interval,0,0,2023-04-30,,,verified_registry_endpoint,complete_export_no_new_ST_transition
300045.SZ:2023,300045.SZ,2023-05-01,2024-05-01,verified_listing_interval,0,0,2024-04-30,,,verified_registry_endpoint,complete_export_no_new_ST_transition
300045.SZ:2024,300045.SZ,2024-05-01,2025-05-01,verified_listing_interval,0,0,2025-04-30,,,verified_registry_endpoint,complete_export_no_new_ST_transition
300045.SZ:2025,300045.SZ,2025-05-01,2026-05-01,verified_listing_interval,0,0,2026-04-30,,,verified_registry_endpoint,complete_export_no_new_ST_transition
300051.SZ:2017,300051.SZ,2017-05-01,2018-05-01,verified_listing_interval,0,0,2018-04-30,,,verified_registry_endpoint,complete_export_no_new_ST_transition
300051.SZ:2018,300051.SZ,2018-05-01,2019-05-01,verified_listing_interval,0,0,2019-04-30,,,verified_registry_endpoint,complete_export_no_new_ST_transition
300051.SZ:2019,300051.SZ,2019-05-01,2020-05-01,verified_listing_interval,0,0,2020-04-30,,,verified_registry_endpoint,complete_export_no_new_ST_transition
300051.SZ:2020,300051.SZ,2020-05-01,2021-05-01,verified_listing_interval,0,1,2021-04-26,2021-04-26,2118,verified_registry_endpoint,new_ST_name_transition
300051.SZ:2021,300051.SZ,2021-05-01,2022-05-01,verified_listing_interval,1,,,,,excluded,ST_at_origin
300051.SZ:2022,300051.SZ,2022-05-01,2023-05-01,verified_listing_interval,1,,,,,excluded,ST_at_origin
300051.SZ:2023,300051.SZ,2023-05-01,2024-05-01,verified_listing_interval,0,0,2024-04-30,,,verified_registry_endpoint,complete_export_no_new_ST_transition
300051.SZ:2024,300051.SZ,2024-05-01,2025-05-01,verified_listing_interval,0,0,2025-04-30,,,verified_registry_endpoint,complete_export_no_new_ST_transition
300051.SZ:2025,300051.SZ,2025-05-01,2026-05-01,verified_listing_interval,0,0,2026-04-30,,,verified_registry_endpoint,complete_export_no_new_ST_transition
300054.SZ:2017,300054.SZ,2017-05-01,2018-05-01,verified_listing_interval,0,0,2018-04-30,,,verified_registry_endpoint,complete_export_no_new_ST_transition
300054.SZ:2018,300054.SZ,2018-05-01,2019-05-01,verified_listing_interval,0,0,2019-04-30,,,verified_registry_endpoint,complete_export_no_new_ST_transition
300054.SZ:2019,300054.SZ,2019-05-01,2020-05-01,verified_listing_interval,0,0,2020-04-30,,,verified_registry_endpoint,complete_export_no_new_ST_transition
300054.SZ:2020,300054.SZ,2020-05-01,2021-05-01,verified_listing_interval,0,0,2021-04-30,,,verified_registry_endpoint,complete_export_no_new_ST_transition
300054.SZ:2021,300054.SZ,2021-05-01,2022-05-01,verified_listing_interval,0,0,2022-04-30,,,verified_registry_endpoint,complete_export_no_new_ST_transition
300054.SZ:2022,300054.SZ,2022-05-01,2023-05-01,verified_listing_interval,0,0,2023-04-30,,,verified_registry_endpoint,complete_export_no_new_ST_transition
300054.SZ:2023,300054.SZ,2023-05-01,2024-05-01,verified_listing_interval,0,0,2024-04-30,,,verified_registry_endpoint,complete_export_no_new_ST_transition
300054.SZ:2024,300054.SZ,2024-05-01,2025-05-01,verified_listing_interval,0,0,2025-04-30,,,verified_registry_endpoint,complete_export_no_new_ST_transition
300054.SZ:2025,300054.SZ,2025-05-01,2026-05-01,verified_listing_interval,0,0,2026-04-30,,,verified_registry_endpoint,complete_export_no_new_ST_transition
300088.SZ:2017,300088.SZ,2017-05-01,2018-05-01,verified_listing_interval,0,0,2018-04-30,,,verified_registry_endpoint,complete_export_no_new_ST_transition
300088.SZ:2018,300088.SZ,2018-05-01,2019-05-01,verified_listing_interval,0,0,2019-04-30,,,verified_registry_endpoint,complete_export_no_new_ST_transition
300088.SZ:2019,300088.SZ,2019-05-01,2020-05-01,verified_listing_interval,0,0,2020-04-30,,,verified_registry_endpoint,complete_export_no_new_ST_transition
300088.SZ:2020,300088.SZ,2020-05-01,2021-05-01,verified_listing_interval,0,0,2021-04-30,,,verified_registry_endpoint,complete_export_no_new_ST_transition
300088.SZ:2021,300088.SZ,2021-05-01,2022-05-01,verified_listing_interval,0,0,2022-04-30,,,verified_registry_endpoint,complete_export_no_new_ST_transition
300088.SZ:2022,300088.SZ,2022-05-01,2023-05-01,verified_listing_interval,0,0,2023-04-30,,,verified_registry_endpoint,complete_export_no_new_ST_transition
300088.SZ:2023,300088.SZ,2023-05-01,2024-05-01,verified_listing_interval,0,0,2024-04-30,,,verified_registry_endpoint,complete_export_no_new_ST_transition
300088.SZ:2024,300088.SZ,2024-05-01,2025-05-01,verified_listing_interval,0,0,2025-04-30,,,verified_registry_endpoint,complete_export_no_new_ST_transition
300088.SZ:2025,300088.SZ,2025-05-01,2026-05-01,verified_listing_interval,0,0,2026-04-30,,,verified_registry_endpoint,complete_export_no_new_ST_transition
300090.SZ:2017,300090.SZ,2017-05-01,2018-05-01,verified_listing_interval,0,0,2018-04-30,,,verified_registry_endpoint,complete_export_no_new_ST_transition
300090.SZ:2018,300090.SZ,2018-05-01,2019-05-01,verified_listing_interval,0,0,2019-04-30,,,verified_registry_endpoint,complete_export_no_new_ST_transition
300090.SZ:2019,300090.SZ,2019-05-01,2020-05-01,verified_listing_interval,0,0,2020-04-30,,,verified_registry_endpoint,complete_export_no_new_ST_transition
300090.SZ:2020,300090.SZ,2020-05-01,2021-05-01,verified_listing_interval,0,,,,,right_censored,delisted_before_followup_end_without_observed_ST
300091.SZ:2017,300091.SZ,2017-05-01,2018-05-01,verified_listing_interval,0,0,2018-04-30,,,verified_registry_endpoint,complete_export_no_new_ST_transition
300091.SZ:2018,300091.SZ,2018-05-01,2019-05-01,verified_listing_interval,0,0,2019-04-30,,,verified_registry_endpoint,complete_export_no_new_ST_transition
300091.SZ:2019,300091.SZ,2019-05-01,2020-05-01,verified_listing_interval,0,0,2020-04-30,,,verified_registry_endpoint,complete_export_no_new_ST_transition
300091.SZ:2020,300091.SZ,2020-05-01,2021-05-01,verified_listing_interval,0,0,2021-04-30,,,verified_registry_endpoint,complete_export_no_new_ST_transition
300091.SZ:2021,300091.SZ,2021-05-01,2022-05-01,verified_listing_interval,0,0,2022-04-30,,,verified_registry_endpoint,complete_export_no_new_ST_transition
300091.SZ:2022,300091.SZ,2022-05-01,2023-05-01,verified_listing_interval,0,0,2023-04-30,,,verified_registry_endpoint,complete_export_no_new_ST_transition
300091.SZ:2023,300091.SZ,2023-05-01,2024-05-01,verified_listing_interval,0,0,2024-04-30,,,verified_registry_endpoint,complete_export_no_new_ST_transition
300091.SZ:2024,300091.SZ,2024-05-01,2025-05-01,verified_listing_interval,0,0,2025-04-30,,,verified_registry_endpoint,complete_export_no_new_ST_transition
300091.SZ:2025,300091.SZ,2025-05-01,2026-05-01,verified_listing_interval,0,1,2026-01-06,2026-01-06,244,verified_registry_endpoint,new_ST_name_transition
300094.SZ:2017,300094.SZ,2017-05-01,2018-05-01,verified_listing_interval,0,0,2018-04-30,,,verified_registry_endpoint,complete_export_no_new_ST_transition
300094.SZ:2018,300094.SZ,2018-05-01,2019-05-01,verified_listing_interval,0,0,2019-04-30,,,verified_registry_endpoint,complete_export_no_new_ST_transition
300094.SZ:2019,300094.SZ,2019-05-01,2020-05-01,verified_listing_interval,0,0,2020-04-30,,,verified_registry_endpoint,complete_export_no_new_ST_transition
300094.SZ:2020,300094.SZ,2020-05-01,2021-05-01,verified_listing_interval,0,0,2021-04-30,,,verified_registry_endpoint,complete_export_no_new_ST_transition
300094.SZ:2021,300094.SZ,2021-05-01,2022-05-01,verified_listing_interval,0,0,2022-04-30,,,verified_registry_endpoint,complete_export_no_new_ST_transition
300094.SZ:2022,300094.SZ,2022-05-01,2023-05-01,verified_listing_interval,0,0,2023-04-30,,,verified_registry_endpoint,complete_export_no_new_ST_transition
300094.SZ:2023,300094.SZ,2023-05-01,2024-05-01,verified_listing_interval,0,0,2024-04-30,,,verified_registry_endpoint,complete_export_no_new_ST_transition
300094.SZ:2024,300094.SZ,2024-05-01,2025-05-01,verified_listing_interval,0,0,2025-04-30,,,verified_registry_endpoint,complete_export_no_new_ST_transition
300094.SZ:2025,300094.SZ,2025-05-01,2026-05-01,verified_listing_interval,0,0,2026-04-30,,,verified_registry_endpoint,complete_export_no_new_ST_transition
300098.SZ:2017,300098.SZ,2017-05-01,2018-05-01,verified_listing_interval,0,0,2018-04-30,,,verified_registry_endpoint,complete_export_no_new_ST_transition
300098.SZ:2018,300098.SZ,2018-05-01,2019-05-01,verified_listing_interval,0,0,2019-04-30,,,verified_registry_endpoint,complete_export_no_new_ST_transition
300098.SZ:2019,300098.SZ,2019-05-01,2020-05-01,verified_listing_interval,0,0,2020-04-30,,,verified_registry_endpoint,complete_export_no_new_ST_transition
300098.SZ:2020,300098.SZ,2020-05-01,2021-05-01,verified_listing_interval,0,0,2021-04-30,,,verified_registry_endpoint,complete_export_no_new_ST_transition
300098.SZ:2021,300098.SZ,2021-05-01,2022-05-01,verified_listing_interval,0,0,2022-04-30,,,verified_registry_endpoint,complete_export_no_new_ST_transition
300098.SZ:2022,300098.SZ,2022-05-01,2023-05-01,verified_listing_interval,0,0,2023-04-30,,,verified_registry_endpoint,complete_export_no_new_ST_transition
300098.SZ:2023,300098.SZ,2023-05-01,2024-05-01,verified_listing_interval,0,0,2024-04-30,,,verified_registry_endpoint,complete_export_no_new_ST_transition
300098.SZ:2024,300098.SZ,2024-05-01,2025-05-01,verified_listing_interval,0,0,2025-04-30,,,verified_registry_endpoint,complete_export_no_new_ST_transition
300098.SZ:2025,300098.SZ,2025-05-01,2026-05-01,verified_listing_interval,0,0,2026-04-30,,,verified_registry_endpoint,complete_export_no_new_ST_transition
300099.SZ:2017,300099.SZ,2017-05-01,2018-05-01,verified_listing_interval,0,0,2018-04-30,,,verified_registry_endpoint,complete_export_no_new_ST_transition
300099.SZ:2018,300099.SZ,2018-05-01,2019-05-01,verified_listing_interval,0,0,2019-04-30,,,verified_registry_endpoint,complete_export_no_new_ST_transition
300099.SZ:2019,300099.SZ,2019-05-01,2020-05-01,verified_listing_interval,0,0,2020-04-30,,,verified_registry_endpoint,complete_export_no_new_ST_transition
300099.SZ:2020,300099.SZ,2020-05-01,2021-05-01,verified_listing_interval,0,0,2021-04-30,,,verified_registry_endpoint,complete_export_no_new_ST_transition
300099.SZ:2021,300099.SZ,2021-05-01,2022-05-01,verified_listing_interval,0,0,2022-04-30,,,verified_registry_endpoint,complete_export_no_new_ST_transition
300099.SZ:2022,300099.SZ,2022-05-01,2023-05-01,verified_listing_interval,0,0,2023-04-30,,,verified_registry_endpoint,complete_export_no_new_ST_transition
300099.SZ:2023,300099.SZ,2023-05-01,2024-05-01,verified_listing_interval,0,0,2024-04-30,,,verified_registry_endpoint,complete_export_no_new_ST_transition
300099.SZ:2024,300099.SZ,2024-05-01,2025-05-01,verified_listing_interval,0,0,2025-04-30,,,verified_registry_endpoint,complete_export_no_new_ST_transition
300099.SZ:2025,300099.SZ,2025-05-01,2026-05-01,verified_listing_interval,0,0,2026-04-30,,,verified_registry_endpoint,complete_export_no_new_ST_transition
300101.SZ:2017,300101.SZ,2017-05-01,2018-05-01,verified_listing_interval,0,0,2018-04-30,,,verified_registry_endpoint,complete_export_no_new_ST_transition
300101.SZ:2018,300101.SZ,2018-05-01,2019-05-01,verified_listing_interval,0,0,2019-04-30,,,verified_registry_endpoint,complete_export_no_new_ST_transition
300101.SZ:2019,300101.SZ,2019-05-01,2020-05-01,verified_listing_interval,0,0,2020-04-30,,,verified_registry_endpoint,complete_export_no_new_ST_transition
300101.SZ:2020,300101.SZ,2020-05-01,2021-05-01,verified_listing_interval,0,0,2021-04-30,,,verified_registry_endpoint,complete_export_no_new_ST_transition
300101.SZ:2021,300101.SZ,2021-05-01,2022-05-01,verified_listing_interval,0,0,2022-04-30,,,verified_registry_endpoint,complete_export_no_new_ST_transition
300101.SZ:2022,300101.SZ,2022-05-01,2023-05-01,verified_listing_interval,0,0,2023-04-30,,,verified_registry_endpoint,complete_export_no_new_ST_transition
300101.SZ:2023,300101.SZ,2023-05-01,2024-05-01,verified_listing_interval,0,0,2024-04-30,,,verified_registry_endpoint,complete_export_no_new_ST_transition
300101.SZ:2024,300101.SZ,2024-05-01,2025-05-01,verified_listing_interval,0,0,2025-04-30,,,verified_registry_endpoint,complete_export_no_new_ST_transition
300101.SZ:2025,300101.SZ,2025-05-01,2026-05-01,verified_listing_interval,0,0,2026-04-30,,,verified_registry_endpoint,complete_export_no_new_ST_transition
300106.SZ:2017,300106.SZ,2017-05-01,2018-05-01,verified_listing_interval,0,0,2018-04-30,,,verified_registry_endpoint,complete_export_no_new_ST_transition
300106.SZ:2018,300106.SZ,2018-05-01,2019-05-01,verified_listing_interval,0,0,2019-04-30,,,verified_registry_endpoint,complete_export_no_new_ST_transition
300106.SZ:2019,300106.SZ,2019-05-01,2020-05-01,verified_listing_interval,0,0,2020-04-30,,,verified_registry_endpoint,complete_export_no_new_ST_transition
300106.SZ:2020,300106.SZ,2020-05-01,2021-05-01,verified_listing_interval,0,0,2021-04-30,,,verified_registry_endpoint,complete_export_no_new_ST_transition
300106.SZ:2021,300106.SZ,2021-05-01,2022-05-01,verified_listing_interval,0,0,2022-04-30,,,verified_registry_endpoint,complete_export_no_new_ST_transition
300106.SZ:2022,300106.SZ,2022-05-01,2023-05-01,verified_listing_interval,0,0,2023-04-30,,,verified_registry_endpoint,complete_export_no_new_ST_transition
300106.SZ:2023,300106.SZ,2023-05-01,2024-05-01,verified_listing_interval,0,0,2024-04-30,,,verified_registry_endpoint,complete_export_no_new_ST_transition
300106.SZ:2024,300106.SZ,2024-05-01,2025-05-01,verified_listing_interval,0,0,2025-04-30,,,verified_registry_endpoint,complete_export_no_new_ST_transition
300106.SZ:2025,300106.SZ,2025-05-01,2026-05-01,verified_listing_interval,0,0,2026-04-30,,,verified_registry_endpoint,complete_export_no_new_ST_transition
300109.SZ:2017,300109.SZ,2017-05-01,2018-05-01,verified_listing_interval,0,0,2018-04-30,,,verified_registry_endpoint,complete_export_no_new_ST_transition
300109.SZ:2018,300109.SZ,2018-05-01,2019-05-01,verified_listing_interval,0,0,2019-04-30,,,verified_registry_endpoint,complete_export_no_new_ST_transition
300109.SZ:2019,300109.SZ,2019-05-01,2020-05-01,verified_listing_interval,0,0,2020-04-30,,,verified_registry_endpoint,complete_export_no_new_ST_transition
300109.SZ:2020,300109.SZ,2020-05-01,2021-05-01,verified_listing_interval,0,0,2021-04-30,,,verified_registry_endpoint,complete_export_no_new_ST_transition
300109.SZ:2021,300109.SZ,2021-05-01,2022-05-01,verified_listing_interval,0,0,2022-04-30,,,verified_registry_endpoint,complete_export_no_new_ST_transition
300109.SZ:2022,300109.SZ,2022-05-01,2023-05-01,verified_listing_interval,0,0,2023-04-30,,,verified_registry_endpoint,complete_export_no_new_ST_transition
300109.SZ:2023,300109.SZ,2023-05-01,2024-05-01,verified_listing_interval,0,0,2024-04-30,,,verified_registry_endpoint,complete_export_no_new_ST_transition
300109.SZ:2024,300109.SZ,2024-05-01,2025-05-01,verified_listing_interval,0,0,2025-04-30,,,verified_registry_endpoint,complete_export_no_new_ST_transition
300109.SZ:2025,300109.SZ,2025-05-01,2026-05-01,verified_listing_interval,0,0,2026-04-30,,,verified_registry_endpoint,complete_export_no_new_ST_transition
300111.SZ:2017,300111.SZ,2017-05-01,2018-05-01,verified_listing_interval,0,0,2018-04-30,,,verified_registry_endpoint,complete_export_no_new_ST_transition
300111.SZ:2018,300111.SZ,2018-05-01,2019-05-01,verified_listing_interval,0,0,2019-04-30,,,verified_registry_endpoint,complete_export_no_new_ST_transition
300111.SZ:2019,300111.SZ,2019-05-01,2020-05-01,verified_listing_interval,0,0,2020-04-30,,,verified_registry_endpoint,complete_export_no_new_ST_transition
300111.SZ:2020,300111.SZ,2020-05-01,2021-05-01,verified_listing_interval,0,0,2021-04-30,,,verified_registry_endpoint,complete_export_no_new_ST_transition
300111.SZ:2021,300111.SZ,2021-05-01,2022-05-01,verified_listing_interval,0,0,2022-04-30,,,verified_registry_endpoint,complete_export_no_new_ST_transition
300111.SZ:2022,300111.SZ,2022-05-01,2023-05-01,verified_listing_interval,0,0,2023-04-30,,,verified_registry_endpoint,complete_export_no_new_ST_transition
300111.SZ:2023,300111.SZ,2023-05-01,2024-05-01,verified_listing_interval,0,0,2024-04-30,,,verified_registry_endpoint,complete_export_no_new_ST_transition
300111.SZ:2024,300111.SZ,2024-05-01,2025-05-01,verified_listing_interval,0,0,2025-04-30,,,verified_registry_endpoint,complete_export_no_new_ST_transition
300111.SZ:2025,300111.SZ,2025-05-01,2026-05-01,verified_listing_interval,0,0,2026-04-30,,,verified_registry_endpoint,complete_export_no_new_ST_transition
300117.SZ:2017,300117.SZ,2017-05-01,2018-05-01,verified_listing_interval,0,0,2018-04-30,,,verified_registry_endpoint,complete_export_no_new_ST_transition
300117.SZ:2018,300117.SZ,2018-05-01,2019-05-01,verified_listing_interval,0,0,2019-04-30,,,verified_registry_endpoint,complete_export_no_new_ST_transition
300117.SZ:2019,300117.SZ,2019-05-01,2020-05-01,verified_listing_interval,0,0,2020-04-30,,,verified_registry_endpoint,complete_export_no_new_ST_transition
300117.SZ:2020,300117.SZ,2020-05-01,2021-05-01,verified_listing_interval,0,0,2021-04-30,,,verified_registry_endpoint,complete_export_no_new_ST_transition
300117.SZ:2021,300117.SZ,2021-05-01,2022-05-01,verified_listing_interval,0,0,2022-04-30,,,verified_registry_endpoint,complete_export_no_new_ST_transition
300117.SZ:2022,300117.SZ,2022-05-01,2023-05-01,verified_listing_interval,0,0,2023-04-30,,,verified_registry_endpoint,complete_export_no_new_ST_transition
300117.SZ:2023,300117.SZ,2023-05-01,2024-05-01,verified_listing_interval,0,1,2024-04-29,2024-04-29,700,verified_registry_endpoint,new_ST_name_transition
300117.SZ:2024,300117.SZ,2024-05-01,2025-05-01,verified_listing_interval,1,,,,,excluded,ST_at_origin
300119.SZ:2017,300119.SZ,2017-05-01,2018-05-01,verified_listing_interval,0,0,2018-04-30,,,verified_registry_endpoint,complete_export_no_new_ST_transition
300119.SZ:2018,300119.SZ,2018-05-01,2019-05-01,verified_listing_interval,0,0,2019-04-30,,,verified_registry_endpoint,complete_export_no_new_ST_transition
300119.SZ:2019,300119.SZ,2019-05-01,2020-05-01,verified_listing_interval,0,0,2020-04-30,,,verified_registry_endpoint,complete_export_no_new_ST_transition
300119.SZ:2020,300119.SZ,2020-05-01,2021-05-01,verified_listing_interval,0,0,2021-04-30,,,verified_registry_endpoint,complete_export_no_new_ST_transition
300119.SZ:2021,300119.SZ,2021-05-01,2022-05-01,verified_listing_interval,0,0,2022-04-30,,,verified_registry_endpoint,complete_export_no_new_ST_transition
300119.SZ:2022,300119.SZ,2022-05-01,2023-05-01,verified_listing_interval,0,0,2023-04-30,,,verified_registry_endpoint,complete_export_no_new_ST_transition
300119.SZ:2023,300119.SZ,2023-05-01,2024-05-01,verified_listing_interval,0,0,2024-04-30,,,verified_registry_endpoint,complete_export_no_new_ST_transition
300119.SZ:2024,300119.SZ,2024-05-01,2025-05-01,verified_listing_interval,0,0,2025-04-30,,,verified_registry_endpoint,complete_export_no_new_ST_transition
300119.SZ:2025,300119.SZ,2025-05-01,2026-05-01,verified_listing_interval,0,0,2026-04-30,,,verified_registry_endpoint,complete_export_no_new_ST_transition
300132.SZ:2017,300132.SZ,2017-05-01,2018-05-01,verified_listing_interval,0,0,2018-04-30,,,verified_registry_endpoint,complete_export_no_new_ST_transition
300132.SZ:2018,300132.SZ,2018-05-01,2019-05-01,verified_listing_interval,0,0,2019-04-30,,,verified_registry_endpoint,complete_export_no_new_ST_transition
300132.SZ:2019,300132.SZ,2019-05-01,2020-05-01,verified_listing_interval,0,0,2020-04-30,,,verified_registry_endpoint,complete_export_no_new_ST_transition
300132.SZ:2020,300132.SZ,2020-05-01,2021-05-01,verified_listing_interval,0,0,2021-04-30,,,verified_registry_endpoint,complete_export_no_new_ST_transition
300132.SZ:2021,300132.SZ,2021-05-01,2022-05-01,verified_listing_interval,0,0,2022-04-30,,,verified_registry_endpoint,complete_export_no_new_ST_transition
300132.SZ:2022,300132.SZ,2022-05-01,2023-05-01,verified_listing_interval,0,0,2023-04-30,,,verified_registry_endpoint,complete_export_no_new_ST_transition
300132.SZ:2023,300132.SZ,2023-05-01,2024-05-01,verified_listing_interval,0,0,2024-04-30,,,verified_registry_endpoint,complete_export_no_new_ST_transition
300132.SZ:2024,300132.SZ,2024-05-01,2025-05-01,verified_listing_interval,0,0,2025-04-30,,,verified_registry_endpoint,complete_export_no_new_ST_transition
300132.SZ:2025,300132.SZ,2025-05-01,2026-05-01,verified_listing_interval,0,0,2026-04-30,,,verified_registry_endpoint,complete_export_no_new_ST_transition
300139.SZ:2017,300139.SZ,2017-05-01,2018-05-01,verified_listing_interval,0,0,2018-04-30,,,verified_registry_endpoint,complete_export_no_new_ST_transition
300139.SZ:2018,300139.SZ,2018-05-01,2019-05-01,verified_listing_interval,0,0,2019-04-30,,,verified_registry_endpoint,complete_export_no_new_ST_transition
300139.SZ:2019,300139.SZ,2019-05-01,2020-05-01,verified_listing_interval,0,0,2020-04-30,,,verified_registry_endpoint,complete_export_no_new_ST_transition
300139.SZ:2020,300139.SZ,2020-05-01,2021-05-01,verified_listing_interval,0,0,2021-04-30,,,verified_registry_endpoint,complete_export_no_new_ST_transition
300139.SZ:2021,300139.SZ,2021-05-01,2022-05-01,verified_listing_interval,0,0,2022-04-30,,,verified_registry_endpoint,complete_export_no_new_ST_transition
300139.SZ:2022,300139.SZ,2022-05-01,2023-05-01,verified_listing_interval,0,0,2023-04-30,,,verified_registry_endpoint,complete_export_no_new_ST_transition
300139.SZ:2023,300139.SZ,2023-05-01,2024-05-01,verified_listing_interval,0,0,2024-04-30,,,verified_registry_endpoint,complete_export_no_new_ST_transition
300139.SZ:2024,300139.SZ,2024-05-01,2025-05-01,verified_listing_interval,0,0,2025-04-30,,,verified_registry_endpoint,complete_export_no_new_ST_transition
300139.SZ:2025,300139.SZ,2025-05-01,2026-05-01,verified_listing_interval,0,0,2026-04-30,,,verified_registry_endpoint,complete_export_no_new_ST_transition
300140.SZ:2017,300140.SZ,2017-05-01,2018-05-01,verified_listing_interval,0,0,2018-04-30,,,verified_registry_endpoint,complete_export_no_new_ST_transition
300140.SZ:2018,300140.SZ,2018-05-01,2019-05-01,verified_listing_interval,0,0,2019-04-30,,,verified_registry_endpoint,complete_export_no_new_ST_transition
300140.SZ:2019,300140.SZ,2019-05-01,2020-05-01,verified_listing_interval,0,0,2020-04-30,,,verified_registry_endpoint,complete_export_no_new_ST_transition
300140.SZ:2020,300140.SZ,2020-05-01,2021-05-01,verified_listing_interval,0,0,2021-04-30,,,verified_registry_endpoint,complete_export_no_new_ST_transition
300140.SZ:2021,300140.SZ,2021-05-01,2022-05-01,verified_listing_interval,0,0,2022-04-30,,,verified_registry_endpoint,complete_export_no_new_ST_transition
300140.SZ:2022,300140.SZ,2022-05-01,2023-05-01,verified_listing_interval,0,0,2023-04-30,,,verified_registry_endpoint,complete_export_no_new_ST_transition
300140.SZ:2023,300140.SZ,2023-05-01,2024-05-01,verified_listing_interval,0,0,2024-04-30,,,verified_registry_endpoint,complete_export_no_new_ST_transition
300140.SZ:2024,300140.SZ,2024-05-01,2025-05-01,verified_listing_interval,0,0,2025-04-30,,,verified_registry_endpoint,complete_export_no_new_ST_transition
300140.SZ:2025,300140.SZ,2025-05-01,2026-05-01,verified_listing_interval,0,0,2026-04-30,,,verified_registry_endpoint,complete_export_no_new_ST_transition
300145.SZ:2017,300145.SZ,2017-05-01,2018-05-01,verified_listing_interval,0,0,2018-04-30,,,verified_registry_endpoint,complete_export_no_new_ST_transition
300145.SZ:2018,300145.SZ,2018-05-01,2019-05-01,verified_listing_interval,0,0,2019-04-30,,,verified_registry_endpoint,complete_export_no_new_ST_transition
300145.SZ:2019,300145.SZ,2019-05-01,2020-05-01,verified_listing_interval,0,0,2020-04-30,,,verified_registry_endpoint,complete_export_no_new_ST_transition
300145.SZ:2020,300145.SZ,2020-05-01,2021-05-01,verified_listing_interval,0,0,2021-04-30,,,verified_registry_endpoint,complete_export_no_new_ST_transition
300145.SZ:2021,300145.SZ,2021-05-01,2022-05-01,verified_listing_interval,0,0,2022-04-30,,,verified_registry_endpoint,complete_export_no_new_ST_transition
300145.SZ:2022,300145.SZ,2022-05-01,2023-05-01,verified_listing_interval,0,0,2023-04-30,,,verified_registry_endpoint,complete_export_no_new_ST_transition
300145.SZ:2023,300145.SZ,2023-05-01,2024-05-01,verified_listing_interval,0,0,2024-04-30,,,verified_registry_endpoint,complete_export_no_new_ST_transition
300145.SZ:2024,300145.SZ,2024-05-01,2025-05-01,verified_listing_interval,0,0,2025-04-30,,,verified_registry_endpoint,complete_export_no_new_ST_transition
300145.SZ:2025,300145.SZ,2025-05-01,2026-05-01,verified_listing_interval,0,0,2026-04-30,,,verified_registry_endpoint,complete_export_no_new_ST_transition
300147.SZ:2017,300147.SZ,2017-05-01,2018-05-01,verified_listing_interval,0,0,2018-04-30,,,verified_registry_endpoint,complete_export_no_new_ST_transition
300147.SZ:2018,300147.SZ,2018-05-01,2019-05-01,verified_listing_interval,0,0,2019-04-30,,,verified_registry_endpoint,complete_export_no_new_ST_transition
300147.SZ:2019,300147.SZ,2019-05-01,2020-05-01,verified_listing_interval,0,0,2020-04-30,,,verified_registry_endpoint,complete_export_no_new_ST_transition
300147.SZ:2020,300147.SZ,2020-05-01,2021-05-01,verified_listing_interval,0,0,2021-04-30,,,verified_registry_endpoint,complete_export_no_new_ST_transition
300147.SZ:2021,300147.SZ,2021-05-01,2022-05-01,verified_listing_interval,0,0,2022-04-30,,,verified_registry_endpoint,complete_export_no_new_ST_transition
300147.SZ:2022,300147.SZ,2022-05-01,2023-05-01,verified_listing_interval,0,0,2023-04-30,,,verified_registry_endpoint,complete_export_no_new_ST_transition
300147.SZ:2023,300147.SZ,2023-05-01,2024-05-01,verified_listing_interval,0,0,2024-04-30,,,verified_registry_endpoint,complete_export_no_new_ST_transition
300147.SZ:2024,300147.SZ,2024-05-01,2025-05-01,verified_listing_interval,0,1,2025-03-25,2025-03-25,485,verified_registry_endpoint,new_ST_name_transition
300147.SZ:2025,300147.SZ,2025-05-01,2026-05-01,verified_listing_interval,1,,,,,excluded,ST_at_origin
300148.SZ:2017,300148.SZ,2017-05-01,2018-05-01,verified_listing_interval,0,0,2018-04-30,,,verified_registry_endpoint,complete_export_no_new_ST_transition
300148.SZ:2018,300148.SZ,2018-05-01,2019-05-01,verified_listing_interval,0,0,2019-04-30,,,verified_registry_endpoint,complete_export_no_new_ST_transition
300148.SZ:2019,300148.SZ,2019-05-01,2020-05-01,verified_listing_interval,0,0,2020-04-30,,,verified_registry_endpoint,complete_export_no_new_ST_transition
300148.SZ:2020,300148.SZ,2020-05-01,2021-05-01,verified_listing_interval,0,0,2021-04-30,,,verified_registry_endpoint,complete_export_no_new_ST_transition
300148.SZ:2021,300148.SZ,2021-05-01,2022-05-01,verified_listing_interval,0,0,2022-04-30,,,verified_registry_endpoint,complete_export_no_new_ST_transition
300148.SZ:2022,300148.SZ,2022-05-01,2023-05-01,verified_listing_interval,0,0,2023-04-30,,,verified_registry_endpoint,complete_export_no_new_ST_transition
300148.SZ:2023,300148.SZ,2023-05-01,2024-05-01,verified_listing_interval,0,0,2024-04-30,,,verified_registry_endpoint,complete_export_no_new_ST_transition
300148.SZ:2024,300148.SZ,2024-05-01,2025-05-01,verified_listing_interval,0,0,2025-04-30,,,verified_registry_endpoint,complete_export_no_new_ST_transition
300148.SZ:2025,300148.SZ,2025-05-01,2026-05-01,verified_listing_interval,0,0,2026-04-30,,,verified_registry_endpoint,complete_export_no_new_ST_transition
300154.SZ:2017,300154.SZ,2017-05-01,2018-05-01,verified_listing_interval,0,0,2018-04-30,,,verified_registry_endpoint,complete_export_no_new_ST_transition
300154.SZ:2018,300154.SZ,2018-05-01,2019-05-01,verified_listing_interval,0,0,2019-04-30,,,verified_registry_endpoint,complete_export_no_new_ST_transition
300154.SZ:2019,300154.SZ,2019-05-01,2020-05-01,verified_listing_interval,0,0,2020-04-30,,,verified_registry_endpoint,complete_export_no_new_ST_transition
300154.SZ:2020,300154.SZ,2020-05-01,2021-05-01,verified_listing_interval,0,0,2021-04-30,,,verified_registry_endpoint,complete_export_no_new_ST_transition
300154.SZ:2021,300154.SZ,2021-05-01,2022-05-01,verified_listing_interval,0,0,2022-04-30,,,verified_registry_endpoint,complete_export_no_new_ST_transition
300154.SZ:2022,300154.SZ,2022-05-01,2023-05-01,verified_listing_interval,0,0,2023-04-30,,,verified_registry_endpoint,complete_export_no_new_ST_transition
300154.SZ:2023,300154.SZ,2023-05-01,2024-05-01,verified_listing_interval,0,0,2024-04-30,,,verified_registry_endpoint,complete_export_no_new_ST_transition
300154.SZ:2024,300154.SZ,2024-05-01,2025-05-01,verified_listing_interval,0,0,2025-04-30,,,verified_registry_endpoint,complete_export_no_new_ST_transition
300154.SZ:2025,300154.SZ,2025-05-01,2026-05-01,verified_listing_interval,0,0,2026-04-30,,,verified_registry_endpoint,complete_export_no_new_ST_transition
300174.SZ:2017,300174.SZ,2017-05-01,2018-05-01,verified_listing_interval,0,0,2018-04-30,,,verified_registry_endpoint,complete_export_no_new_ST_transition
300174.SZ:2018,300174.SZ,2018-05-01,2019-05-01,verified_listing_interval,0,0,2019-04-30,,,verified_registry_endpoint,complete_export_no_new_ST_transition
300174.SZ:2019,300174.SZ,2019-05-01,2020-05-01,verified_listing_interval,0,0,2020-04-30,,,verified_registry_endpoint,complete_export_no_new_ST_transition
300174.SZ:2020,300174.SZ,2020-05-01,2021-05-01,verified_listing_interval,0,0,2021-04-30,,,verified_registry_endpoint,complete_export_no_new_ST_transition
300174.SZ:2021,300174.SZ,2021-05-01,2022-05-01,verified_listing_interval,0,0,2022-04-30,,,verified_registry_endpoint,complete_export_no_new_ST_transition
300174.SZ:2022,300174.SZ,2022-05-01,2023-05-01,verified_listing_interval,0,0,2023-04-30,,,verified_registry_endpoint,complete_export_no_new_ST_transition
300174.SZ:2023,300174.SZ,2023-05-01,2024-05-01,verified_listing_interval,0,0,2024-04-30,,,verified_registry_endpoint,complete_export_no_new_ST_transition
300174.SZ:2024,300174.SZ,2024-05-01,2025-05-01,verified_listing_interval,0,0,2025-04-30,,,verified_registry_endpoint,complete_export_no_new_ST_transition
300174.SZ:2025,300174.SZ,2025-05-01,2026-05-01,verified_listing_interval,0,0,2026-04-30,,,verified_registry_endpoint,complete_export_no_new_ST_transition
300183.SZ:2017,300183.SZ,2017-05-01,2018-05-01,verified_listing_interval,0,0,2018-04-30,,,verified_registry_endpoint,complete_export_no_new_ST_transition
300183.SZ:2018,300183.SZ,2018-05-01,2019-05-01,verified_listing_interval,0,0,2019-04-30,,,verified_registry_endpoint,complete_export_no_new_ST_transition
300183.SZ:2019,300183.SZ,2019-05-01,2020-05-01,verified_listing_interval,0,0,2020-04-30,,,verified_registry_endpoint,complete_export_no_new_ST_transition
300183.SZ:2020,300183.SZ,2020-05-01,2021-05-01,verified_listing_interval,0,0,2021-04-30,,,verified_registry_endpoint,complete_export_no_new_ST_transition
300183.SZ:2021,300183.SZ,2021-05-01,2022-05-01,verified_listing_interval,0,0,2022-04-30,,,verified_registry_endpoint,complete_export_no_new_ST_transition
300183.SZ:2022,300183.SZ,2022-05-01,2023-05-01,verified_listing_interval,0,0,2023-04-30,,,verified_registry_endpoint,complete_export_no_new_ST_transition
300183.SZ:2023,300183.SZ,2023-05-01,2024-05-01,verified_listing_interval,0,0,2024-04-30,,,verified_registry_endpoint,complete_export_no_new_ST_transition
300183.SZ:2024,300183.SZ,2024-05-01,2025-05-01,verified_listing_interval,0,0,2025-04-30,,,verified_registry_endpoint,complete_export_no_new_ST_transition
300183.SZ:2025,300183.SZ,2025-05-01,2026-05-01,verified_listing_interval,0,0,2026-04-30,,,verified_registry_endpoint,complete_export_no_new_ST_transition
300187.SZ:2017,300187.SZ,2017-05-01,2018-05-01,verified_listing_interval,0,0,2018-04-30,,,verified_registry_endpoint,complete_export_no_new_ST_transition
300187.SZ:2018,300187.SZ,2018-05-01,2019-05-01,verified_listing_interval,0,0,2019-04-30,,,verified_registry_endpoint,complete_export_no_new_ST_transition
300187.SZ:2019,300187.SZ,2019-05-01,2020-05-01,verified_listing_interval,0,0,2020-04-30,,,verified_registry_endpoint,complete_export_no_new_ST_transition
300187.SZ:2020,300187.SZ,2020-05-01,2021-05-01,verified_listing_interval,0,0,2021-04-30,,,verified_registry_endpoint,complete_export_no_new_ST_transition
300187.SZ:2021,300187.SZ,2021-05-01,2022-05-01,verified_listing_interval,0,0,2022-04-30,,,verified_registry_endpoint,complete_export_no_new_ST_transition
300187.SZ:2022,300187.SZ,2022-05-01,2023-05-01,verified_listing_interval,0,0,2023-04-30,,,verified_registry_endpoint,complete_export_no_new_ST_transition
300187.SZ:2023,300187.SZ,2023-05-01,2024-05-01,verified_listing_interval,0,0,2024-04-30,,,verified_registry_endpoint,complete_export_no_new_ST_transition
300187.SZ:2024,300187.SZ,2024-05-01,2025-05-01,verified_listing_interval,0,0,2025-04-30,,,verified_registry_endpoint,complete_export_no_new_ST_transition
300187.SZ:2025,300187.SZ,2025-05-01,2026-05-01,verified_listing_interval,0,0,2026-04-30,,,verified_registry_endpoint,complete_export_no_new_ST_transition
300189.SZ:2017,300189.SZ,2017-05-01,2018-05-01,verified_listing_interval,0,0,2018-04-30,,,verified_registry_endpoint,complete_export_no_new_ST_transition
300189.SZ:2018,300189.SZ,2018-05-01,2019-05-01,verified_listing_interval,0,0,2019-04-30,,,verified_registry_endpoint,complete_export_no_new_ST_transition
300189.SZ:2019,300189.SZ,2019-05-01,2020-05-01,verified_listing_interval,0,0,2020-04-30,,,verified_registry_endpoint,complete_export_no_new_ST_transition
300189.SZ:2020,300189.SZ,2020-05-01,2021-05-01,verified_listing_interval,0,0,2021-04-30,,,verified_registry_endpoint,complete_export_no_new_ST_transition
300189.SZ:2021,300189.SZ,2021-05-01,2022-05-01,verified_listing_interval,0,0,2022-04-30,,,verified_registry_endpoint,complete_export_no_new_ST_transition
300189.SZ:2022,300189.SZ,2022-05-01,2023-05-01,verified_listing_interval,0,0,2023-04-30,,,verified_registry_endpoint,complete_export_no_new_ST_transition
300189.SZ:2023,300189.SZ,2023-05-01,2024-05-01,verified_listing_interval,0,0,2024-04-30,,,verified_registry_endpoint,complete_export_no_new_ST_transition
300189.SZ:2024,300189.SZ,2024-05-01,2025-05-01,verified_listing_interval,0,0,2025-04-30,,,verified_registry_endpoint,complete_export_no_new_ST_transition
300189.SZ:2025,300189.SZ,2025-05-01,2026-05-01,verified_listing_interval,0,0,2026-04-30,,,verified_registry_endpoint,complete_export_no_new_ST_transition
300190.SZ:2017,300190.SZ,2017-05-01,2018-05-01,verified_listing_interval,0,0,2018-04-30,,,verified_registry_endpoint,complete_export_no_new_ST_transition
300190.SZ:2018,300190.SZ,2018-05-01,2019-05-01,verified_listing_interval,0,0,2019-04-30,,,verified_registry_endpoint,complete_export_no_new_ST_transition
300190.SZ:2019,300190.SZ,2019-05-01,2020-05-01,verified_listing_interval,0,0,2020-04-30,,,verified_registry_endpoint,complete_export_no_new_ST_transition
300190.SZ:2020,300190.SZ,2020-05-01,2021-05-01,verified_listing_interval,0,0,2021-04-30,,,verified_registry_endpoint,complete_export_no_new_ST_transition
300190.SZ:2021,300190.SZ,2021-05-01,2022-05-01,verified_listing_interval,0,0,2022-04-30,,,verified_registry_endpoint,complete_export_no_new_ST_transition
300190.SZ:2022,300190.SZ,2022-05-01,2023-05-01,verified_listing_interval,0,0,2023-04-30,,,verified_registry_endpoint,complete_export_no_new_ST_transition
300190.SZ:2023,300190.SZ,2023-05-01,2024-05-01,verified_listing_interval,0,0,2024-04-30,,,verified_registry_endpoint,complete_export_no_new_ST_transition
300190.SZ:2024,300190.SZ,2024-05-01,2025-05-01,verified_listing_interval,0,0,2025-04-30,,,verified_registry_endpoint,complete_export_no_new_ST_transition
300190.SZ:2025,300190.SZ,2025-05-01,2026-05-01,verified_listing_interval,0,0,2026-04-30,,,verified_registry_endpoint,complete_export_no_new_ST_transition
300191.SZ:2017,300191.SZ,2017-05-01,2018-05-01,verified_listing_interval,0,0,2018-04-30,,,verified_registry_endpoint,complete_export_no_new_ST_transition
300191.SZ:2018,300191.SZ,2018-05-01,2019-05-01,verified_listing_interval,0,0,2019-04-30,,,verified_registry_endpoint,complete_export_no_new_ST_transition
300191.SZ:2019,300191.SZ,2019-05-01,2020-05-01,verified_listing_interval,0,0,2020-04-30,,,verified_registry_endpoint,complete_export_no_new_ST_transition
300191.SZ:2020,300191.SZ,2020-05-01,2021-05-01,verified_listing_interval,0,0,2021-04-30,,,verified_registry_endpoint,complete_export_no_new_ST_transition
300191.SZ:2021,300191.SZ,2021-05-01,2022-05-01,verified_listing_interval,0,0,2022-04-30,,,verified_registry_endpoint,complete_export_no_new_ST_transition
300191.SZ:2022,300191.SZ,2022-05-01,2023-05-01,verified_listing_interval,0,0,2023-04-30,,,verified_registry_endpoint,complete_export_no_new_ST_transition
300191.SZ:2023,300191.SZ,2023-05-01,2024-05-01,verified_listing_interval,0,0,2024-04-30,,,verified_registry_endpoint,complete_export_no_new_ST_transition
300191.SZ:2024,300191.SZ,2024-05-01,2025-05-01,verified_listing_interval,0,0,2025-04-30,,,verified_registry_endpoint,complete_export_no_new_ST_transition
300191.SZ:2025,300191.SZ,2025-05-01,2026-05-01,verified_listing_interval,0,0,2026-04-30,,,verified_registry_endpoint,complete_export_no_new_ST_transition
300193.SZ:2017,300193.SZ,2017-05-01,2018-05-01,verified_listing_interval,0,0,2018-04-30,,,verified_registry_endpoint,complete_export_no_new_ST_transition
300193.SZ:2018,300193.SZ,2018-05-01,2019-05-01,verified_listing_interval,0,0,2019-04-30,,,verified_registry_endpoint,complete_export_no_new_ST_transition
300193.SZ:2019,300193.SZ,2019-05-01,2020-05-01,verified_listing_interval,0,0,2020-04-30,,,verified_registry_endpoint,complete_export_no_new_ST_transition
300193.SZ:2020,300193.SZ,2020-05-01,2021-05-01,verified_listing_interval,0,0,2021-04-30,,,verified_registry_endpoint,complete_export_no_new_ST_transition
300193.SZ:2021,300193.SZ,2021-05-01,2022-05-01,verified_listing_interval,0,0,2022-04-30,,,verified_registry_endpoint,complete_export_no_new_ST_transition
300193.SZ:2022,300193.SZ,2022-05-01,2023-05-01,verified_listing_interval,0,0,2023-04-30,,,verified_registry_endpoint,complete_export_no_new_ST_transition
300193.SZ:2023,300193.SZ,2023-05-01,2024-05-01,verified_listing_interval,0,0,2024-04-30,,,verified_registry_endpoint,complete_export_no_new_ST_transition
300193.SZ:2024,300193.SZ,2024-05-01,2025-05-01,verified_listing_interval,0,0,2025-04-30,,,verified_registry_endpoint,complete_export_no_new_ST_transition
300193.SZ:2025,300193.SZ,2025-05-01,2026-05-01,verified_listing_interval,0,0,2026-04-30,,,verified_registry_endpoint,complete_export_no_new_ST_transition
300200.SZ:2017,300200.SZ,2017-05-01,2018-05-01,verified_listing_interval,0,0,2018-04-30,,,verified_registry_endpoint,complete_export_no_new_ST_transition
300200.SZ:2018,300200.SZ,2018-05-01,2019-05-01,verified_listing_interval,0,0,2019-04-30,,,verified_registry_endpoint,complete_export_no_new_ST_transition
300200.SZ:2019,300200.SZ,2019-05-01,2020-05-01,verified_listing_interval,0,0,2020-04-30,,,verified_registry_endpoint,complete_export_no_new_ST_transition
300200.SZ:2020,300200.SZ,2020-05-01,2021-05-01,verified_listing_interval,0,0,2021-04-30,,,verified_registry_endpoint,complete_export_no_new_ST_transition
300200.SZ:2021,300200.SZ,2021-05-01,2022-05-01,verified_listing_interval,0,0,2022-04-30,,,verified_registry_endpoint,complete_export_no_new_ST_transition
300200.SZ:2022,300200.SZ,2022-05-01,2023-05-01,verified_listing_interval,0,0,2023-04-30,,,verified_registry_endpoint,complete_export_no_new_ST_transition
300200.SZ:2023,300200.SZ,2023-05-01,2024-05-01,verified_listing_interval,0,0,2024-04-30,,,verified_registry_endpoint,complete_export_no_new_ST_transition
300200.SZ:2024,300200.SZ,2024-05-01,2025-05-01,verified_listing_interval,0,0,2025-04-30,,,verified_registry_endpoint,complete_export_no_new_ST_transition
300200.SZ:2025,300200.SZ,2025-05-01,2026-05-01,verified_listing_interval,0,0,2026-04-30,,,verified_registry_endpoint,complete_export_no_new_ST_transition
300204.SZ:2017,300204.SZ,2017-05-01,2018-05-01,verified_listing_interval,0,0,2018-04-30,,,verified_registry_endpoint,complete_export_no_new_ST_transition
300204.SZ:2018,300204.SZ,2018-05-01,2019-05-01,verified_listing_interval,0,0,2019-04-30,,,verified_registry_endpoint,complete_export_no_new_ST_transition
300204.SZ:2019,300204.SZ,2019-05-01,2020-05-01,verified_listing_interval,0,0,2020-04-30,,,verified_registry_endpoint,complete_export_no_new_ST_transition
300204.SZ:2020,300204.SZ,2020-05-01,2021-05-01,verified_listing_interval,0,0,2021-04-30,,,verified_registry_endpoint,complete_export_no_new_ST_transition
300204.SZ:2021,300204.SZ,2021-05-01,2022-05-01,verified_listing_interval,0,0,2022-04-30,,,verified_registry_endpoint,complete_export_no_new_ST_transition
300204.SZ:2022,300204.SZ,2022-05-01,2023-05-01,verified_listing_interval,0,0,2023-04-30,,,verified_registry_endpoint,complete_export_no_new_ST_transition
300204.SZ:2023,300204.SZ,2023-05-01,2024-05-01,verified_listing_interval,0,0,2024-04-30,,,verified_registry_endpoint,complete_export_no_new_ST_transition
300204.SZ:2024,300204.SZ,2024-05-01,2025-05-01,verified_listing_interval,0,0,2025-04-30,,,verified_registry_endpoint,complete_export_no_new_ST_transition
300204.SZ:2025,300204.SZ,2025-05-01,2026-05-01,verified_listing_interval,0,0,2026-04-30,,,verified_registry_endpoint,complete_export_no_new_ST_transition
300207.SZ:2017,300207.SZ,2017-05-01,2018-05-01,verified_listing_interval,0,0,2018-04-30,,,verified_registry_endpoint,complete_export_no_new_ST_transition
300207.SZ:2018,300207.SZ,2018-05-01,2019-05-01,verified_listing_interval,0,0,2019-04-30,,,verified_registry_endpoint,complete_export_no_new_ST_transition
300207.SZ:2019,300207.SZ,2019-05-01,2020-05-01,verified_listing_interval,0,0,2020-04-30,,,verified_registry_endpoint,complete_export_no_new_ST_transition
300207.SZ:2020,300207.SZ,2020-05-01,2021-05-01,verified_listing_interval,0,0,2021-04-30,,,verified_registry_endpoint,complete_export_no_new_ST_transition
300207.SZ:2021,300207.SZ,2021-05-01,2022-05-01,verified_listing_interval,0,0,2022-04-30,,,verified_registry_endpoint,complete_export_no_new_ST_transition
300207.SZ:2022,300207.SZ,2022-05-01,2023-05-01,verified_listing_interval,0,0,2023-04-30,,,verified_registry_endpoint,complete_export_no_new_ST_transition
300207.SZ:2023,300207.SZ,2023-05-01,2024-05-01,verified_listing_interval,0,0,2024-04-30,,,verified_registry_endpoint,complete_export_no_new_ST_transition
300207.SZ:2024,300207.SZ,2024-05-01,2025-05-01,verified_listing_interval,0,0,2025-04-30,,,verified_registry_endpoint,complete_export_no_new_ST_transition
300207.SZ:2025,300207.SZ,2025-05-01,2026-05-01,verified_listing_interval,0,0,2026-04-30,,,verified_registry_endpoint,complete_export_no_new_ST_transition
300215.SZ:2017,300215.SZ,2017-05-01,2018-05-01,verified_listing_interval,0,0,2018-04-30,,,verified_registry_endpoint,complete_export_no_new_ST_transition
300215.SZ:2018,300215.SZ,2018-05-01,2019-05-01,verified_listing_interval,0,0,2019-04-30,,,verified_registry_endpoint,complete_export_no_new_ST_transition
300215.SZ:2019,300215.SZ,2019-05-01,2020-05-01,verified_listing_interval,0,0,2020-04-30,,,verified_registry_endpoint,complete_export_no_new_ST_transition
300215.SZ:2020,300215.SZ,2020-05-01,2021-05-01,verified_listing_interval,0,0,2021-04-30,,,verified_registry_endpoint,complete_export_no_new_ST_transition
300215.SZ:2021,300215.SZ,2021-05-01,2022-05-01,verified_listing_interval,0,0,2022-04-30,,,verified_registry_endpoint,complete_export_no_new_ST_transition
300215.SZ:2022,300215.SZ,2022-05-01,2023-05-01,verified_listing_interval,0,0,2023-04-30,,,verified_registry_endpoint,complete_export_no_new_ST_transition
300215.SZ:2023,300215.SZ,2023-05-01,2024-05-01,verified_listing_interval,0,0,2024-04-30,,,verified_registry_endpoint,complete_export_no_new_ST_transition
300215.SZ:2024,300215.SZ,2024-05-01,2025-05-01,verified_listing_interval,0,0,2025-04-30,,,verified_registry_endpoint,complete_export_no_new_ST_transition
300215.SZ:2025,300215.SZ,2025-05-01,2026-05-01,verified_listing_interval,0,0,2026-04-30,,,verified_registry_endpoint,complete_export_no_new_ST_transition
300218.SZ:2017,300218.SZ,2017-05-01,2018-05-01,verified_listing_interval,0,0,2018-04-30,,,verified_registry_endpoint,complete_export_no_new_ST_transition
300218.SZ:2018,300218.SZ,2018-05-01,2019-05-01,verified_listing_interval,0,0,2019-04-30,,,verified_registry_endpoint,complete_export_no_new_ST_transition
300218.SZ:2019,300218.SZ,2019-05-01,2020-05-01,verified_listing_interval,0,0,2020-04-30,,,verified_registry_endpoint,complete_export_no_new_ST_transition
300218.SZ:2020,300218.SZ,2020-05-01,2021-05-01,verified_listing_interval,0,0,2021-04-30,,,verified_registry_endpoint,complete_export_no_new_ST_transition
300218.SZ:2021,300218.SZ,2021-05-01,2022-05-01,verified_listing_interval,0,0,2022-04-30,,,verified_registry_endpoint,complete_export_no_new_ST_transition
300218.SZ:2022,300218.SZ,2022-05-01,2023-05-01,verified_listing_interval,0,0,2023-04-30,,,verified_registry_endpoint,complete_export_no_new_ST_transition
300218.SZ:2023,300218.SZ,2023-05-01,2024-05-01,verified_listing_interval,0,0,2024-04-30,,,verified_registry_endpoint,complete_export_no_new_ST_transition
300218.SZ:2024,300218.SZ,2024-05-01,2025-05-01,verified_listing_interval,0,0,2025-04-30,,,verified_registry_endpoint,complete_export_no_new_ST_transition
300218.SZ:2025,300218.SZ,2025-05-01,2026-05-01,verified_listing_interval,0,0,2026-04-30,,,verified_registry_endpoint,complete_export_no_new_ST_transition
300228.SZ:2017,300228.SZ,2017-05-01,2018-05-01,verified_listing_interval,0,0,2018-04-30,,,verified_registry_endpoint,complete_export_no_new_ST_transition
300228.SZ:2018,300228.SZ,2018-05-01,2019-05-01,verified_listing_interval,0,0,2019-04-30,,,verified_registry_endpoint,complete_export_no_new_ST_transition
300228.SZ:2019,300228.SZ,2019-05-01,2020-05-01,verified_listing_interval,0,0,2020-04-30,,,verified_registry_endpoint,complete_export_no_new_ST_transition
300228.SZ:2020,300228.SZ,2020-05-01,2021-05-01,verified_listing_interval,0,0,2021-04-30,,,verified_registry_endpoint,complete_export_no_new_ST_transition
300228.SZ:2021,300228.SZ,2021-05-01,2022-05-01,verified_listing_interval,0,0,2022-04-30,,,verified_registry_endpoint,complete_export_no_new_ST_transition
300228.SZ:2022,300228.SZ,2022-05-01,2023-05-01,verified_listing_interval,0,0,2023-04-30,,,verified_registry_endpoint,complete_export_no_new_ST_transition
300228.SZ:2023,300228.SZ,2023-05-01,2024-05-01,verified_listing_interval,0,0,2024-04-30,,,verified_registry_endpoint,complete_export_no_new_ST_transition
300228.SZ:2024,300228.SZ,2024-05-01,2025-05-01,verified_listing_interval,0,0,2025-04-30,,,verified_registry_endpoint,complete_export_no_new_ST_transition
300228.SZ:2025,300228.SZ,2025-05-01,2026-05-01,verified_listing_interval,0,0,2026-04-30,,,verified_registry_endpoint,complete_export_no_new_ST_transition
300238.SZ:2017,300238.SZ,2017-05-01,2018-05-01,verified_listing_interval,0,0,2018-04-30,,,verified_registry_endpoint,complete_export_no_new_ST_transition
300238.SZ:2018,300238.SZ,2018-05-01,2019-05-01,verified_listing_interval,0,0,2019-04-30,,,verified_registry_endpoint,complete_export_no_new_ST_transition
300238.SZ:2019,300238.SZ,2019-05-01,2020-05-01,verified_listing_interval,0,0,2020-04-30,,,verified_registry_endpoint,complete_export_no_new_ST_transition
300238.SZ:2020,300238.SZ,2020-05-01,2021-05-01,verified_listing_interval,0,0,2021-04-30,,,verified_registry_endpoint,complete_export_no_new_ST_transition
300238.SZ:2021,300238.SZ,2021-05-01,2022-05-01,verified_listing_interval,0,0,2022-04-30,,,verified_registry_endpoint,complete_export_no_new_ST_transition
300238.SZ:2022,300238.SZ,2022-05-01,2023-05-01,verified_listing_interval,0,0,2023-04-30,,,verified_registry_endpoint,complete_export_no_new_ST_transition
300238.SZ:2023,300238.SZ,2023-05-01,2024-05-01,verified_listing_interval,0,0,2024-04-30,,,verified_registry_endpoint,complete_export_no_new_ST_transition
300238.SZ:2024,300238.SZ,2024-05-01,2025-05-01,verified_listing_interval,0,0,2025-04-30,,,verified_registry_endpoint,complete_export_no_new_ST_transition
300238.SZ:2025,300238.SZ,2025-05-01,2026-05-01,verified_listing_interval,0,0,2026-04-30,,,verified_registry_endpoint,complete_export_no_new_ST_transition
300240.SZ:2017,300240.SZ,2017-05-01,2018-05-01,verified_listing_interval,0,0,2018-04-30,,,verified_registry_endpoint,complete_export_no_new_ST_transition
300240.SZ:2018,300240.SZ,2018-05-01,2019-05-01,verified_listing_interval,0,0,2019-04-30,,,verified_registry_endpoint,complete_export_no_new_ST_transition
300240.SZ:2019,300240.SZ,2019-05-01,2020-05-01,verified_listing_interval,0,0,2020-04-30,,,verified_registry_endpoint,complete_export_no_new_ST_transition
300240.SZ:2020,300240.SZ,2020-05-01,2021-05-01,verified_listing_interval,0,0,2021-04-30,,,verified_registry_endpoint,complete_export_no_new_ST_transition
300240.SZ:2021,300240.SZ,2021-05-01,2022-05-01,verified_listing_interval,0,0,2022-04-30,,,verified_registry_endpoint,complete_export_no_new_ST_transition
300240.SZ:2022,300240.SZ,2022-05-01,2023-05-01,verified_listing_interval,0,0,2023-04-30,,,verified_registry_endpoint,complete_export_no_new_ST_transition
300240.SZ:2023,300240.SZ,2023-05-01,2024-05-01,verified_listing_interval,0,0,2024-04-30,,,verified_registry_endpoint,complete_export_no_new_ST_transition
300240.SZ:2024,300240.SZ,2024-05-01,2025-05-01,verified_listing_interval,0,0,2025-04-30,,,verified_registry_endpoint,complete_export_no_new_ST_transition
300240.SZ:2025,300240.SZ,2025-05-01,2026-05-01,verified_listing_interval,0,0,2026-04-30,,,verified_registry_endpoint,complete_export_no_new_ST_transition
300250.SZ:2017,300250.SZ,2017-05-01,2018-05-01,verified_listing_interval,0,0,2018-04-30,,,verified_registry_endpoint,complete_export_no_new_ST_transition
300250.SZ:2018,300250.SZ,2018-05-01,2019-05-01,verified_listing_interval,0,0,2019-04-30,,,verified_registry_endpoint,complete_export_no_new_ST_transition
300250.SZ:2019,300250.SZ,2019-05-01,2020-05-01,verified_listing_interval,0,0,2020-04-30,,,verified_registry_endpoint,complete_export_no_new_ST_transition
300250.SZ:2020,300250.SZ,2020-05-01,2021-05-01,verified_listing_interval,0,0,2021-04-30,,,verified_registry_endpoint,complete_export_no_new_ST_transition
300250.SZ:2021,300250.SZ,2021-05-01,2022-05-01,verified_listing_interval,0,0,2022-04-30,,,verified_registry_endpoint,complete_export_no_new_ST_transition
300250.SZ:2022,300250.SZ,2022-05-01,2023-05-01,verified_listing_interval,0,0,2023-04-30,,,verified_registry_endpoint,complete_export_no_new_ST_transition
300250.SZ:2023,300250.SZ,2023-05-01,2024-05-01,verified_listing_interval,0,0,2024-04-30,,,verified_registry_endpoint,complete_export_no_new_ST_transition
300250.SZ:2024,300250.SZ,2024-05-01,2025-05-01,verified_listing_interval,0,0,2025-04-30,,,verified_registry_endpoint,complete_export_no_new_ST_transition
300250.SZ:2025,300250.SZ,2025-05-01,2026-05-01,verified_listing_interval,0,0,2026-04-30,,,verified_registry_endpoint,complete_export_no_new_ST_transition
300259.SZ:2017,300259.SZ,2017-05-01,2018-05-01,verified_listing_interval,0,0,2018-04-30,,,verified_registry_endpoint,complete_export_no_new_ST_transition
300259.SZ:2018,300259.SZ,2018-05-01,2019-05-01,verified_listing_interval,0,0,2019-04-30,,,verified_registry_endpoint,complete_export_no_new_ST_transition
300259.SZ:2019,300259.SZ,2019-05-01,2020-05-01,verified_listing_interval,0,0,2020-04-30,,,verified_registry_endpoint,complete_export_no_new_ST_transition
300259.SZ:2020,300259.SZ,2020-05-01,2021-05-01,verified_listing_interval,0,0,2021-04-30,,,verified_registry_endpoint,complete_export_no_new_ST_transition
300259.SZ:2021,300259.SZ,2021-05-01,2022-05-01,verified_listing_interval,0,0,2022-04-30,,,verified_registry_endpoint,complete_export_no_new_ST_transition
300259.SZ:2022,300259.SZ,2022-05-01,2023-05-01,verified_listing_interval,0,0,2023-04-30,,,verified_registry_endpoint,complete_export_no_new_ST_transition
300259.SZ:2023,300259.SZ,2023-05-01,2024-05-01,verified_listing_interval,0,0,2024-04-30,,,verified_registry_endpoint,complete_export_no_new_ST_transition
300259.SZ:2024,300259.SZ,2024-05-01,2025-05-01,verified_listing_interval,0,0,2025-04-30,,,verified_registry_endpoint,complete_export_no_new_ST_transition
300259.SZ:2025,300259.SZ,2025-05-01,2026-05-01,verified_listing_interval,0,0,2026-04-30,,,verified_registry_endpoint,complete_export_no_new_ST_transition
300266.SZ:2017,300266.SZ,2017-05-01,2018-05-01,verified_listing_interval,0,0,2018-04-30,,,verified_registry_endpoint,complete_export_no_new_ST_transition
300266.SZ:2018,300266.SZ,2018-05-01,2019-05-01,verified_listing_interval,0,0,2019-04-30,,,verified_registry_endpoint,complete_export_no_new_ST_transition
300266.SZ:2019,300266.SZ,2019-05-01,2020-05-01,verified_listing_interval,0,0,2020-04-30,,,verified_registry_endpoint,complete_export_no_new_ST_transition
300266.SZ:2020,300266.SZ,2020-05-01,2021-05-01,verified_listing_interval,0,0,2021-04-30,,,verified_registry_endpoint,complete_export_no_new_ST_transition
300266.SZ:2021,300266.SZ,2021-05-01,2022-05-01,verified_listing_interval,0,0,2022-04-30,,,verified_registry_endpoint,complete_export_no_new_ST_transition
300266.SZ:2022,300266.SZ,2022-05-01,2023-05-01,verified_listing_interval,0,0,2023-04-30,,,verified_registry_endpoint,complete_export_no_new_ST_transition
300266.SZ:2023,300266.SZ,2023-05-01,2024-05-01,verified_listing_interval,0,0,2024-04-30,,,verified_registry_endpoint,complete_export_no_new_ST_transition
300266.SZ:2024,300266.SZ,2024-05-01,2025-05-01,verified_listing_interval,0,0,2025-04-30,,,verified_registry_endpoint,complete_export_no_new_ST_transition
300266.SZ:2025,300266.SZ,2025-05-01,2026-05-01,verified_listing_interval,0,0,2026-04-30,,,verified_registry_endpoint,complete_export_no_new_ST_transition
300267.SZ:2017,300267.SZ,2017-05-01,2018-05-01,verified_listing_interval,0,0,2018-04-30,,,verified_registry_endpoint,complete_export_no_new_ST_transition
300267.SZ:2018,300267.SZ,2018-05-01,2019-05-01,verified_listing_interval,0,0,2019-04-30,,,verified_registry_endpoint,complete_export_no_new_ST_transition
300267.SZ:2019,300267.SZ,2019-05-01,2020-05-01,verified_listing_interval,0,0,2020-04-30,,,verified_registry_endpoint,complete_export_no_new_ST_transition
300267.SZ:2020,300267.SZ,2020-05-01,2021-05-01,verified_listing_interval,0,0,2021-04-30,,,verified_registry_endpoint,complete_export_no_new_ST_transition
300267.SZ:2021,300267.SZ,2021-05-01,2022-05-01,verified_listing_interval,0,0,2022-04-30,,,verified_registry_endpoint,complete_export_no_new_ST_transition
300267.SZ:2022,300267.SZ,2022-05-01,2023-05-01,verified_listing_interval,0,0,2023-04-30,,,verified_registry_endpoint,complete_export_no_new_ST_transition
300267.SZ:2023,300267.SZ,2023-05-01,2024-05-01,verified_listing_interval,0,0,2024-04-30,,,verified_registry_endpoint,complete_export_no_new_ST_transition
300267.SZ:2024,300267.SZ,2024-05-01,2025-05-01,verified_listing_interval,0,0,2025-04-30,,,verified_registry_endpoint,complete_export_no_new_ST_transition
300267.SZ:2025,300267.SZ,2025-05-01,2026-05-01,verified_listing_interval,0,0,2026-04-30,,,verified_registry_endpoint,complete_export_no_new_ST_transition
300277.SZ:2017,300277.SZ,2017-05-01,2018-05-01,verified_listing_interval,0,0,2018-04-30,,,verified_registry_endpoint,complete_export_no_new_ST_transition
300277.SZ:2018,300277.SZ,2018-05-01,2019-05-01,verified_listing_interval,0,0,2019-04-30,,,verified_registry_endpoint,complete_export_no_new_ST_transition
300277.SZ:2019,300277.SZ,2019-05-01,2020-05-01,verified_listing_interval,0,0,2020-04-30,,,verified_registry_endpoint,complete_export_no_new_ST_transition
300277.SZ:2020,300277.SZ,2020-05-01,2021-05-01,verified_listing_interval,0,0,2021-04-30,,,verified_registry_endpoint,complete_export_no_new_ST_transition
300277.SZ:2021,300277.SZ,2021-05-01,2022-05-01,verified_listing_interval,0,0,2022-04-30,,,verified_registry_endpoint,complete_export_no_new_ST_transition
300277.SZ:2022,300277.SZ,2022-05-01,2023-05-01,verified_listing_interval,0,0,2023-04-30,,,verified_registry_endpoint,complete_export_no_new_ST_transition
300277.SZ:2023,300277.SZ,2023-05-01,2024-05-01,verified_listing_interval,0,0,2024-04-30,,,verified_registry_endpoint,complete_export_no_new_ST_transition
300277.SZ:2024,300277.SZ,2024-05-01,2025-05-01,verified_listing_interval,0,0,2025-04-30,,,verified_registry_endpoint,complete_export_no_new_ST_transition
300277.SZ:2025,300277.SZ,2025-05-01,2026-05-01,verified_listing_interval,0,0,2026-04-30,,,verified_registry_endpoint,complete_export_no_new_ST_transition
300279.SZ:2017,300279.SZ,2017-05-01,2018-05-01,verified_listing_interval,0,0,2018-04-30,,,verified_registry_endpoint,complete_export_no_new_ST_transition
300279.SZ:2018,300279.SZ,2018-05-01,2019-05-01,verified_listing_interval,0,0,2019-04-30,,,verified_registry_endpoint,complete_export_no_new_ST_transition
300279.SZ:2019,300279.SZ,2019-05-01,2020-05-01,verified_listing_interval,0,0,2020-04-30,,,verified_registry_endpoint,complete_export_no_new_ST_transition
300279.SZ:2020,300279.SZ,2020-05-01,2021-05-01,verified_listing_interval,0,0,2021-04-30,,,verified_registry_endpoint,complete_export_no_new_ST_transition
300279.SZ:2021,300279.SZ,2021-05-01,2022-05-01,verified_listing_interval,0,0,2022-04-30,,,verified_registry_endpoint,complete_export_no_new_ST_transition
300279.SZ:2022,300279.SZ,2022-05-01,2023-05-01,verified_listing_interval,0,0,2023-04-30,,,verified_registry_endpoint,complete_export_no_new_ST_transition
300279.SZ:2023,300279.SZ,2023-05-01,2024-05-01,verified_listing_interval,0,0,2024-04-30,,,verified_registry_endpoint,complete_export_no_new_ST_transition
300279.SZ:2024,300279.SZ,2024-05-01,2025-05-01,verified_listing_interval,0,0,2025-04-30,,,verified_registry_endpoint,complete_export_no_new_ST_transition
300279.SZ:2025,300279.SZ,2025-05-01,2026-05-01,verified_listing_interval,0,0,2026-04-30,,,verified_registry_endpoint,complete_export_no_new_ST_transition
300288.SZ:2017,300288.SZ,2017-05-01,2018-05-01,verified_listing_interval,0,0,2018-04-30,,,verified_registry_endpoint,complete_export_no_new_ST_transition
300288.SZ:2018,300288.SZ,2018-05-01,2019-05-01,verified_listing_interval,0,0,2019-04-30,,,verified_registry_endpoint,complete_export_no_new_ST_transition
300288.SZ:2019,300288.SZ,2019-05-01,2020-05-01,verified_listing_interval,0,0,2020-04-30,,,verified_registry_endpoint,complete_export_no_new_ST_transition
300288.SZ:2020,300288.SZ,2020-05-01,2021-05-01,verified_listing_interval,0,0,2021-04-30,,,verified_registry_endpoint,complete_export_no_new_ST_transition
300288.SZ:2021,300288.SZ,2021-05-01,2022-05-01,verified_listing_interval,0,0,2022-04-30,,,verified_registry_endpoint,complete_export_no_new_ST_transition
300288.SZ:2022,300288.SZ,2022-05-01,2023-05-01,verified_listing_interval,0,0,2023-04-30,,,verified_registry_endpoint,complete_export_no_new_ST_transition
300288.SZ:2023,300288.SZ,2023-05-01,2024-05-01,verified_listing_interval,0,0,2024-04-30,,,verified_registry_endpoint,complete_export_no_new_ST_transition
300288.SZ:2024,300288.SZ,2024-05-01,2025-05-01,verified_listing_interval,0,0,2025-04-30,,,verified_registry_endpoint,complete_export_no_new_ST_transition
300288.SZ:2025,300288.SZ,2025-05-01,2026-05-01,verified_listing_interval,0,0,2026-04-30,,,verified_registry_endpoint,complete_export_no_new_ST_transition
300292.SZ:2017,300292.SZ,2017-05-01,2018-05-01,verified_listing_interval,0,0,2018-04-30,,,verified_registry_endpoint,complete_export_no_new_ST_transition
300292.SZ:2018,300292.SZ,2018-05-01,2019-05-01,verified_listing_interval,0,0,2019-04-30,,,verified_registry_endpoint,complete_export_no_new_ST_transition
300292.SZ:2019,300292.SZ,2019-05-01,2020-05-01,verified_listing_interval,0,0,2020-04-30,,,verified_registry_endpoint,complete_export_no_new_ST_transition
300292.SZ:2020,300292.SZ,2020-05-01,2021-05-01,verified_listing_interval,0,0,2021-04-30,,,verified_registry_endpoint,complete_export_no_new_ST_transition
300292.SZ:2021,300292.SZ,2021-05-01,2022-05-01,verified_listing_interval,0,0,2022-04-30,,,verified_registry_endpoint,complete_export_no_new_ST_transition
300292.SZ:2022,300292.SZ,2022-05-01,2023-05-01,verified_listing_interval,0,0,2023-04-30,,,verified_registry_endpoint,complete_export_no_new_ST_transition
300292.SZ:2023,300292.SZ,2023-05-01,2024-05-01,verified_listing_interval,0,0,2024-04-30,,,verified_registry_endpoint,complete_export_no_new_ST_transition
300292.SZ:2024,300292.SZ,2024-05-01,2025-05-01,verified_listing_interval,0,0,2025-04-30,,,verified_registry_endpoint,complete_export_no_new_ST_transition
300292.SZ:2025,300292.SZ,2025-05-01,2026-05-01,verified_listing_interval,0,0,2026-04-30,,,verified_registry_endpoint,complete_export_no_new_ST_transition
300293.SZ:2017,300293.SZ,2017-05-01,2018-05-01,verified_listing_interval,0,0,2018-04-30,,,verified_registry_endpoint,complete_export_no_new_ST_transition
300293.SZ:2018,300293.SZ,2018-05-01,2019-05-01,verified_listing_interval,0,0,2019-04-30,,,verified_registry_endpoint,complete_export_no_new_ST_transition
300293.SZ:2019,300293.SZ,2019-05-01,2020-05-01,verified_listing_interval,0,0,2020-04-30,,,verified_registry_endpoint,complete_export_no_new_ST_transition
300293.SZ:2020,300293.SZ,2020-05-01,2021-05-01,verified_listing_interval,0,0,2021-04-30,,,verified_registry_endpoint,complete_export_no_new_ST_transition
300293.SZ:2021,300293.SZ,2021-05-01,2022-05-01,verified_listing_interval,0,0,2022-04-30,,,verified_registry_endpoint,complete_export_no_new_ST_transition
300293.SZ:2022,300293.SZ,2022-05-01,2023-05-01,verified_listing_interval,0,0,2023-04-30,,,verified_registry_endpoint,complete_export_no_new_ST_transition
300293.SZ:2023,300293.SZ,2023-05-01,2024-05-01,verified_listing_interval,0,0,2024-04-30,,,verified_registry_endpoint,complete_export_no_new_ST_transition
300293.SZ:2024,300293.SZ,2024-05-01,2025-05-01,verified_listing_interval,0,0,2025-04-30,,,verified_registry_endpoint,complete_export_no_new_ST_transition
300293.SZ:2025,300293.SZ,2025-05-01,2026-05-01,verified_listing_interval,0,0,2026-04-30,,,verified_registry_endpoint,complete_export_no_new_ST_transition
300295.SZ:2017,300295.SZ,2017-05-01,2018-05-01,verified_listing_interval,0,0,2018-04-30,,,verified_registry_endpoint,complete_export_no_new_ST_transition
300295.SZ:2018,300295.SZ,2018-05-01,2019-05-01,verified_listing_interval,0,0,2019-04-30,,,verified_registry_endpoint,complete_export_no_new_ST_transition
300295.SZ:2019,300295.SZ,2019-05-01,2020-05-01,verified_listing_interval,0,0,2020-04-30,,,verified_registry_endpoint,complete_export_no_new_ST_transition
300295.SZ:2020,300295.SZ,2020-05-01,2021-05-01,verified_listing_interval,0,0,2021-04-30,,,verified_registry_endpoint,complete_export_no_new_ST_transition
300295.SZ:2021,300295.SZ,2021-05-01,2022-05-01,verified_listing_interval,0,0,2022-04-30,,,verified_registry_endpoint,complete_export_no_new_ST_transition
300295.SZ:2022,300295.SZ,2022-05-01,2023-05-01,verified_listing_interval,0,0,2023-04-30,,,verified_registry_endpoint,complete_export_no_new_ST_transition
300295.SZ:2023,300295.SZ,2023-05-01,2024-05-01,verified_listing_interval,0,0,2024-04-30,,,verified_registry_endpoint,complete_export_no_new_ST_transition
300295.SZ:2024,300295.SZ,2024-05-01,2025-05-01,verified_listing_interval,0,0,2025-04-30,,,verified_registry_endpoint,complete_export_no_new_ST_transition
300295.SZ:2025,300295.SZ,2025-05-01,2026-05-01,verified_listing_interval,0,1,2026-04-24,2026-04-24,177,verified_registry_endpoint,new_ST_name_transition
300300.SZ:2017,300300.SZ,2017-05-01,2018-05-01,verified_listing_interval,0,0,2018-04-30,,,verified_registry_endpoint,complete_export_no_new_ST_transition
300300.SZ:2018,300300.SZ,2018-05-01,2019-05-01,verified_listing_interval,0,0,2019-04-30,,,verified_registry_endpoint,complete_export_no_new_ST_transition
300300.SZ:2019,300300.SZ,2019-05-01,2020-05-01,verified_listing_interval,0,0,2020-04-30,,,verified_registry_endpoint,complete_export_no_new_ST_transition
300300.SZ:2020,300300.SZ,2020-05-01,2021-05-01,verified_listing_interval,0,0,2021-04-30,,,verified_registry_endpoint,complete_export_no_new_ST_transition
300300.SZ:2021,300300.SZ,2021-05-01,2022-05-01,verified_listing_interval,0,0,2022-04-30,,,verified_registry_endpoint,complete_export_no_new_ST_transition
300300.SZ:2022,300300.SZ,2022-05-01,2023-05-01,verified_listing_interval,0,0,2023-04-30,,,verified_registry_endpoint,complete_export_no_new_ST_transition
300300.SZ:2023,300300.SZ,2023-05-01,2024-05-01,verified_listing_interval,0,0,2024-04-30,,,verified_registry_endpoint,complete_export_no_new_ST_transition
300300.SZ:2024,300300.SZ,2024-05-01,2025-05-01,verified_listing_interval,0,1,2024-05-14,2024-05-14,658,verified_registry_endpoint,new_ST_name_transition
300300.SZ:2025,300300.SZ,2025-05-01,2026-05-01,verified_listing_interval,1,,,,,excluded,ST_at_origin
300307.SZ:2017,300307.SZ,2017-05-01,2018-05-01,verified_listing_interval,0,0,2018-04-30,,,verified_registry_endpoint,complete_export_no_new_ST_transition
300307.SZ:2018,300307.SZ,2018-05-01,2019-05-01,verified_listing_interval,0,0,2019-04-30,,,verified_registry_endpoint,complete_export_no_new_ST_transition
300307.SZ:2019,300307.SZ,2019-05-01,2020-05-01,verified_listing_interval,0,0,2020-04-30,,,verified_registry_endpoint,complete_export_no_new_ST_transition
300307.SZ:2020,300307.SZ,2020-05-01,2021-05-01,verified_listing_interval,0,0,2021-04-30,,,verified_registry_endpoint,complete_export_no_new_ST_transition
300307.SZ:2021,300307.SZ,2021-05-01,2022-05-01,verified_listing_interval,0,0,2022-04-30,,,verified_registry_endpoint,complete_export_no_new_ST_transition
300307.SZ:2022,300307.SZ,2022-05-01,2023-05-01,verified_listing_interval,0,0,2023-04-30,,,verified_registry_endpoint,complete_export_no_new_ST_transition
300307.SZ:2023,300307.SZ,2023-05-01,2024-05-01,verified_listing_interval,0,0,2024-04-30,,,verified_registry_endpoint,complete_export_no_new_ST_transition
300307.SZ:2024,300307.SZ,2024-05-01,2025-05-01,verified_listing_interval,0,0,2025-04-30,,,verified_registry_endpoint,complete_export_no_new_ST_transition
300307.SZ:2025,300307.SZ,2025-05-01,2026-05-01,verified_listing_interval,0,0,2026-04-30,,,verified_registry_endpoint,complete_export_no_new_ST_transition
300309.SZ:2017,300309.SZ,2017-05-01,2018-05-01,verified_listing_interval,0,0,2018-04-30,,,verified_registry_endpoint,complete_export_no_new_ST_transition
300309.SZ:2018,300309.SZ,2018-05-01,2019-05-01,verified_listing_interval,0,0,2019-04-30,,,verified_registry_endpoint,complete_export_no_new_ST_transition
300309.SZ:2019,300309.SZ,2019-05-01,2020-05-01,verified_listing_interval,0,0,2020-04-30,,,verified_registry_endpoint,complete_export_no_new_ST_transition
300309.SZ:2020,300309.SZ,2020-05-01,2021-05-01,verified_listing_interval,0,0,2021-04-30,,,verified_registry_endpoint,complete_export_no_new_ST_transition
300309.SZ:2021,300309.SZ,2021-05-01,2022-05-01,verified_listing_interval,0,1,2022-04-29,2022-04-29,1520,verified_registry_endpoint,new_ST_name_transition
300309.SZ:2022,300309.SZ,2022-05-01,2023-05-01,verified_listing_interval,1,,,,,excluded,ST_at_origin
300309.SZ:2023,300309.SZ,2023-05-01,2024-05-01,verified_listing_interval,1,,,,,excluded,ST_at_origin
300321.SZ:2017,300321.SZ,2017-05-01,2018-05-01,verified_listing_interval,0,0,2018-04-30,,,verified_registry_endpoint,complete_export_no_new_ST_transition
300321.SZ:2018,300321.SZ,2018-05-01,2019-05-01,verified_listing_interval,0,0,2019-04-30,,,verified_registry_endpoint,complete_export_no_new_ST_transition
300321.SZ:2019,300321.SZ,2019-05-01,2020-05-01,verified_listing_interval,0,0,2020-04-30,,,verified_registry_endpoint,complete_export_no_new_ST_transition
300321.SZ:2020,300321.SZ,2020-05-01,2021-05-01,verified_listing_interval,0,0,2021-04-30,,,verified_registry_endpoint,complete_export_no_new_ST_transition
300321.SZ:2021,300321.SZ,2021-05-01,2022-05-01,verified_listing_interval,0,0,2022-04-30,,,verified_registry_endpoint,complete_export_no_new_ST_transition
300321.SZ:2022,300321.SZ,2022-05-01,2023-05-01,verified_listing_interval,0,0,2023-04-30,,,verified_registry_endpoint,complete_export_no_new_ST_transition
300321.SZ:2023,300321.SZ,2023-05-01,2024-05-01,verified_listing_interval,0,0,2024-04-30,,,verified_registry_endpoint,complete_export_no_new_ST_transition
300321.SZ:2024,300321.SZ,2024-05-01,2025-05-01,verified_listing_interval,0,0,2025-04-30,,,verified_registry_endpoint,complete_export_no_new_ST_transition
300321.SZ:2025,300321.SZ,2025-05-01,2026-05-01,verified_listing_interval,0,0,2026-04-30,,,verified_registry_endpoint,complete_export_no_new_ST_transition
300332.SZ:2017,300332.SZ,2017-05-01,2018-05-01,verified_listing_interval,0,0,2018-04-30,,,verified_registry_endpoint,complete_export_no_new_ST_transition
300332.SZ:2018,300332.SZ,2018-05-01,2019-05-01,verified_listing_interval,0,0,2019-04-30,,,verified_registry_endpoint,complete_export_no_new_ST_transition
300332.SZ:2019,300332.SZ,2019-05-01,2020-05-01,verified_listing_interval,0,0,2020-04-30,,,verified_registry_endpoint,complete_export_no_new_ST_transition
300332.SZ:2020,300332.SZ,2020-05-01,2021-05-01,verified_listing_interval,0,0,2021-04-30,,,verified_registry_endpoint,complete_export_no_new_ST_transition
300332.SZ:2021,300332.SZ,2021-05-01,2022-05-01,verified_listing_interval,0,0,2022-04-30,,,verified_registry_endpoint,complete_export_no_new_ST_transition
300332.SZ:2022,300332.SZ,2022-05-01,2023-05-01,verified_listing_interval,0,0,2023-04-30,,,verified_registry_endpoint,complete_export_no_new_ST_transition
300332.SZ:2023,300332.SZ,2023-05-01,2024-05-01,verified_listing_interval,0,0,2024-04-30,,,verified_registry_endpoint,complete_export_no_new_ST_transition
300332.SZ:2024,300332.SZ,2024-05-01,2025-05-01,verified_listing_interval,0,0,2025-04-30,,,verified_registry_endpoint,complete_export_no_new_ST_transition
300332.SZ:2025,300332.SZ,2025-05-01,2026-05-01,verified_listing_interval,0,0,2026-04-30,,,verified_registry_endpoint,complete_export_no_new_ST_transition
300339.SZ:2017,300339.SZ,2017-05-01,2018-05-01,verified_listing_interval,0,0,2018-04-30,,,verified_registry_endpoint,complete_export_no_new_ST_transition
300339.SZ:2018,300339.SZ,2018-05-01,2019-05-01,verified_listing_interval,0,0,2019-04-30,,,verified_registry_endpoint,complete_export_no_new_ST_transition
300339.SZ:2019,300339.SZ,2019-05-01,2020-05-01,verified_listing_interval,0,0,2020-04-30,,,verified_registry_endpoint,complete_export_no_new_ST_transition
300339.SZ:2020,300339.SZ,2020-05-01,2021-05-01,verified_listing_interval,0,0,2021-04-30,,,verified_registry_endpoint,complete_export_no_new_ST_transition
300339.SZ:2021,300339.SZ,2021-05-01,2022-05-01,verified_listing_interval,0,0,2022-04-30,,,verified_registry_endpoint,complete_export_no_new_ST_transition
300339.SZ:2022,300339.SZ,2022-05-01,2023-05-01,verified_listing_interval,0,0,2023-04-30,,,verified_registry_endpoint,complete_export_no_new_ST_transition
300339.SZ:2023,300339.SZ,2023-05-01,2024-05-01,verified_listing_interval,0,0,2024-04-30,,,verified_registry_endpoint,complete_export_no_new_ST_transition
300339.SZ:2024,300339.SZ,2024-05-01,2025-05-01,verified_listing_interval,0,0,2025-04-30,,,verified_registry_endpoint,complete_export_no_new_ST_transition
300339.SZ:2025,300339.SZ,2025-05-01,2026-05-01,verified_listing_interval,0,0,2026-04-30,,,verified_registry_endpoint,complete_export_no_new_ST_transition
300345.SZ:2017,300345.SZ,2017-05-01,2018-05-01,verified_listing_interval,0,0,2018-04-30,,,verified_registry_endpoint,complete_export_no_new_ST_transition
300345.SZ:2018,300345.SZ,2018-05-01,2019-05-01,verified_listing_interval,0,0,2019-04-30,,,verified_registry_endpoint,complete_export_no_new_ST_transition
300345.SZ:2019,300345.SZ,2019-05-01,2020-05-01,verified_listing_interval,0,0,2020-04-30,,,verified_registry_endpoint,complete_export_no_new_ST_transition
300345.SZ:2020,300345.SZ,2020-05-01,2021-05-01,verified_listing_interval,0,0,2021-04-30,,,verified_registry_endpoint,complete_export_no_new_ST_transition
300345.SZ:2021,300345.SZ,2021-05-01,2022-05-01,verified_listing_interval,0,0,2022-04-30,,,verified_registry_endpoint,complete_export_no_new_ST_transition
300345.SZ:2022,300345.SZ,2022-05-01,2023-05-01,verified_listing_interval,0,0,2023-04-30,,,verified_registry_endpoint,complete_export_no_new_ST_transition
300345.SZ:2023,300345.SZ,2023-05-01,2024-05-01,verified_listing_interval,0,0,2024-04-30,,,verified_registry_endpoint,complete_export_no_new_ST_transition
300345.SZ:2024,300345.SZ,2024-05-01,2025-05-01,verified_listing_interval,0,0,2025-04-30,,,verified_registry_endpoint,complete_export_no_new_ST_transition
300345.SZ:2025,300345.SZ,2025-05-01,2026-05-01,verified_listing_interval,0,0,2026-04-30,,,verified_registry_endpoint,complete_export_no_new_ST_transition
300348.SZ:2017,300348.SZ,2017-05-01,2018-05-01,verified_listing_interval,0,0,2018-04-30,,,verified_registry_endpoint,complete_export_no_new_ST_transition
300348.SZ:2018,300348.SZ,2018-05-01,2019-05-01,verified_listing_interval,0,0,2019-04-30,,,verified_registry_endpoint,complete_export_no_new_ST_transition
300348.SZ:2019,300348.SZ,2019-05-01,2020-05-01,verified_listing_interval,0,0,2020-04-30,,,verified_registry_endpoint,complete_export_no_new_ST_transition
300348.SZ:2020,300348.SZ,2020-05-01,2021-05-01,verified_listing_interval,0,0,2021-04-30,,,verified_registry_endpoint,complete_export_no_new_ST_transition
300348.SZ:2021,300348.SZ,2021-05-01,2022-05-01,verified_listing_interval,0,0,2022-04-30,,,verified_registry_endpoint,complete_export_no_new_ST_transition
300348.SZ:2022,300348.SZ,2022-05-01,2023-05-01,verified_listing_interval,0,0,2023-04-30,,,verified_registry_endpoint,complete_export_no_new_ST_transition
300348.SZ:2023,300348.SZ,2023-05-01,2024-05-01,verified_listing_interval,0,0,2024-04-30,,,verified_registry_endpoint,complete_export_no_new_ST_transition
300348.SZ:2024,300348.SZ,2024-05-01,2025-05-01,verified_listing_interval,0,0,2025-04-30,,,verified_registry_endpoint,complete_export_no_new_ST_transition
300348.SZ:2025,300348.SZ,2025-05-01,2026-05-01,verified_listing_interval,0,0,2026-04-30,,,verified_registry_endpoint,complete_export_no_new_ST_transition
300349.SZ:2017,300349.SZ,2017-05-01,2018-05-01,verified_listing_interval,0,0,2018-04-30,,,verified_registry_endpoint,complete_export_no_new_ST_transition
300349.SZ:2018,300349.SZ,2018-05-01,2019-05-01,verified_listing_interval,0,0,2019-04-30,,,verified_registry_endpoint,complete_export_no_new_ST_transition
300349.SZ:2019,300349.SZ,2019-05-01,2020-05-01,verified_listing_interval,0,0,2020-04-30,,,verified_registry_endpoint,complete_export_no_new_ST_transition
300349.SZ:2020,300349.SZ,2020-05-01,2021-05-01,verified_listing_interval,0,0,2021-04-30,,,verified_registry_endpoint,complete_export_no_new_ST_transition
300349.SZ:2021,300349.SZ,2021-05-01,2022-05-01,verified_listing_interval,0,0,2022-04-30,,,verified_registry_endpoint,complete_export_no_new_ST_transition
300349.SZ:2022,300349.SZ,2022-05-01,2023-05-01,verified_listing_interval,0,0,2023-04-30,,,verified_registry_endpoint,complete_export_no_new_ST_transition
300349.SZ:2023,300349.SZ,2023-05-01,2024-05-01,verified_listing_interval,0,0,2024-04-30,,,verified_registry_endpoint,complete_export_no_new_ST_transition
300349.SZ:2024,300349.SZ,2024-05-01,2025-05-01,verified_listing_interval,0,0,2025-04-30,,,verified_registry_endpoint,complete_export_no_new_ST_transition
300349.SZ:2025,300349.SZ,2025-05-01,2026-05-01,verified_listing_interval,0,0,2026-04-30,,,verified_registry_endpoint,complete_export_no_new_ST_transition
300354.SZ:2017,300354.SZ,2017-05-01,2018-05-01,verified_listing_interval,0,0,2018-04-30,,,verified_registry_endpoint,complete_export_no_new_ST_transition
300354.SZ:2018,300354.SZ,2018-05-01,2019-05-01,verified_listing_interval,0,0,2019-04-30,,,verified_registry_endpoint,complete_export_no_new_ST_transition
300354.SZ:2019,300354.SZ,2019-05-01,2020-05-01,verified_listing_interval,0,0,2020-04-30,,,verified_registry_endpoint,complete_export_no_new_ST_transition
300354.SZ:2020,300354.SZ,2020-05-01,2021-05-01,verified_listing_interval,0,0,2021-04-30,,,verified_registry_endpoint,complete_export_no_new_ST_transition
300354.SZ:2021,300354.SZ,2021-05-01,2022-05-01,verified_listing_interval,0,0,2022-04-30,,,verified_registry_endpoint,complete_export_no_new_ST_transition
300354.SZ:2022,300354.SZ,2022-05-01,2023-05-01,verified_listing_interval,0,0,2023-04-30,,,verified_registry_endpoint,complete_export_no_new_ST_transition
300354.SZ:2023,300354.SZ,2023-05-01,2024-05-01,verified_listing_interval,0,0,2024-04-30,,,verified_registry_endpoint,complete_export_no_new_ST_transition
300354.SZ:2024,300354.SZ,2024-05-01,2025-05-01,verified_listing_interval,0,0,2025-04-30,,,verified_registry_endpoint,complete_export_no_new_ST_transition
300354.SZ:2025,300354.SZ,2025-05-01,2026-05-01,verified_listing_interval,0,0,2026-04-30,,,verified_registry_endpoint,complete_export_no_new_ST_transition
300357.SZ:2017,300357.SZ,2017-05-01,2018-05-01,verified_listing_interval,0,0,2018-04-30,,,verified_registry_endpoint,complete_export_no_new_ST_transition
300357.SZ:2018,300357.SZ,2018-05-01,2019-05-01,verified_listing_interval,0,0,2019-04-30,,,verified_registry_endpoint,complete_export_no_new_ST_transition
300357.SZ:2019,300357.SZ,2019-05-01,2020-05-01,verified_listing_interval,0,0,2020-04-30,,,verified_registry_endpoint,complete_export_no_new_ST_transition
300357.SZ:2020,300357.SZ,2020-05-01,2021-05-01,verified_listing_interval,0,0,2021-04-30,,,verified_registry_endpoint,complete_export_no_new_ST_transition
300357.SZ:2021,300357.SZ,2021-05-01,2022-05-01,verified_listing_interval,0,0,2022-04-30,,,verified_registry_endpoint,complete_export_no_new_ST_transition
300357.SZ:2022,300357.SZ,2022-05-01,2023-05-01,verified_listing_interval,0,0,2023-04-30,,,verified_registry_endpoint,complete_export_no_new_ST_transition
300357.SZ:2023,300357.SZ,2023-05-01,2024-05-01,verified_listing_interval,0,0,2024-04-30,,,verified_registry_endpoint,complete_export_no_new_ST_transition
300357.SZ:2024,300357.SZ,2024-05-01,2025-05-01,verified_listing_interval,0,0,2025-04-30,,,verified_registry_endpoint,complete_export_no_new_ST_transition
300357.SZ:2025,300357.SZ,2025-05-01,2026-05-01,verified_listing_interval,0,0,2026-04-30,,,verified_registry_endpoint,complete_export_no_new_ST_transition
300359.SZ:2017,300359.SZ,2017-05-01,2018-05-01,verified_listing_interval,0,0,2018-04-30,,,verified_registry_endpoint,complete_export_no_new_ST_transition
300359.SZ:2018,300359.SZ,2018-05-01,2019-05-01,verified_listing_interval,0,0,2019-04-30,,,verified_registry_endpoint,complete_export_no_new_ST_transition
300359.SZ:2019,300359.SZ,2019-05-01,2020-05-01,verified_listing_interval,0,0,2020-04-30,,,verified_registry_endpoint,complete_export_no_new_ST_transition
300359.SZ:2020,300359.SZ,2020-05-01,2021-05-01,verified_listing_interval,0,0,2021-04-30,,,verified_registry_endpoint,complete_export_no_new_ST_transition
300359.SZ:2021,300359.SZ,2021-05-01,2022-05-01,verified_listing_interval,0,0,2022-04-30,,,verified_registry_endpoint,complete_export_no_new_ST_transition
300359.SZ:2022,300359.SZ,2022-05-01,2023-05-01,verified_listing_interval,0,0,2023-04-30,,,verified_registry_endpoint,complete_export_no_new_ST_transition
300359.SZ:2023,300359.SZ,2023-05-01,2024-05-01,verified_listing_interval,0,0,2024-04-30,,,verified_registry_endpoint,complete_export_no_new_ST_transition
300359.SZ:2024,300359.SZ,2024-05-01,2025-05-01,verified_listing_interval,0,0,2025-04-30,,,verified_registry_endpoint,complete_export_no_new_ST_transition
300359.SZ:2025,300359.SZ,2025-05-01,2026-05-01,verified_listing_interval,0,0,2026-04-30,,,verified_registry_endpoint,complete_export_no_new_ST_transition
300360.SZ:2017,300360.SZ,2017-05-01,2018-05-01,verified_listing_interval,0,0,2018-04-30,,,verified_registry_endpoint,complete_export_no_new_ST_transition
300360.SZ:2018,300360.SZ,2018-05-01,2019-05-01,verified_listing_interval,0,0,2019-04-30,,,verified_registry_endpoint,complete_export_no_new_ST_transition
300360.SZ:2019,300360.SZ,2019-05-01,2020-05-01,verified_listing_interval,0,0,2020-04-30,,,verified_registry_endpoint,complete_export_no_new_ST_transition
300360.SZ:2020,300360.SZ,2020-05-01,2021-05-01,verified_listing_interval,0,0,2021-04-30,,,verified_registry_endpoint,complete_export_no_new_ST_transition
300360.SZ:2021,300360.SZ,2021-05-01,2022-05-01,verified_listing_interval,0,0,2022-04-30,,,verified_registry_endpoint,complete_export_no_new_ST_transition
300360.SZ:2022,300360.SZ,2022-05-01,2023-05-01,verified_listing_interval,0,0,2023-04-30,,,verified_registry_endpoint,complete_export_no_new_ST_transition
300360.SZ:2023,300360.SZ,2023-05-01,2024-05-01,verified_listing_interval,0,0,2024-04-30,,,verified_registry_endpoint,complete_export_no_new_ST_transition
300360.SZ:2024,300360.SZ,2024-05-01,2025-05-01,verified_listing_interval,0,0,2025-04-30,,,verified_registry_endpoint,complete_export_no_new_ST_transition
300360.SZ:2025,300360.SZ,2025-05-01,2026-05-01,verified_listing_interval,0,0,2026-04-30,,,verified_registry_endpoint,complete_export_no_new_ST_transition
300364.SZ:2018,300364.SZ,2018-05-01,2019-05-01,verified_listing_interval,0,0,2019-04-30,,,verified_registry_endpoint,complete_export_no_new_ST_transition
300364.SZ:2019,300364.SZ,2019-05-01,2020-05-01,verified_listing_interval,0,0,2020-04-30,,,verified_registry_endpoint,complete_export_no_new_ST_transition
300364.SZ:2020,300364.SZ,2020-05-01,2021-05-01,verified_listing_interval,0,0,2021-04-30,,,verified_registry_endpoint,complete_export_no_new_ST_transition
300364.SZ:2021,300364.SZ,2021-05-01,2022-05-01,verified_listing_interval,0,0,2022-04-30,,,verified_registry_endpoint,complete_export_no_new_ST_transition
300364.SZ:2022,300364.SZ,2022-05-01,2023-05-01,verified_listing_interval,0,0,2023-04-30,,,verified_registry_endpoint,complete_export_no_new_ST_transition
300364.SZ:2023,300364.SZ,2023-05-01,2024-05-01,verified_listing_interval,0,0,2024-04-30,,,verified_registry_endpoint,complete_export_no_new_ST_transition
300364.SZ:2024,300364.SZ,2024-05-01,2025-05-01,verified_listing_interval,0,0,2025-04-30,,,verified_registry_endpoint,complete_export_no_new_ST_transition
300364.SZ:2025,300364.SZ,2025-05-01,2026-05-01,verified_listing_interval,0,0,2026-04-30,,,verified_registry_endpoint,complete_export_no_new_ST_transition
300384.SZ:2018,300384.SZ,2018-05-01,2019-05-01,verified_listing_interval,0,0,2019-04-30,,,verified_registry_endpoint,complete_export_no_new_ST_transition
300384.SZ:2019,300384.SZ,2019-05-01,2020-05-01,verified_listing_interval,0,0,2020-04-30,,,verified_registry_endpoint,complete_export_no_new_ST_transition
300384.SZ:2020,300384.SZ,2020-05-01,2021-05-01,verified_listing_interval,0,0,2021-04-30,,,verified_registry_endpoint,complete_export_no_new_ST_transition
300384.SZ:2021,300384.SZ,2021-05-01,2022-05-01,verified_listing_interval,0,0,2022-04-30,,,verified_registry_endpoint,complete_export_no_new_ST_transition
300384.SZ:2022,300384.SZ,2022-05-01,2023-05-01,verified_listing_interval,0,0,2023-04-30,,,verified_registry_endpoint,complete_export_no_new_ST_transition
300384.SZ:2023,300384.SZ,2023-05-01,2024-05-01,verified_listing_interval,0,0,2024-04-30,,,verified_registry_endpoint,complete_export_no_new_ST_transition
300384.SZ:2024,300384.SZ,2024-05-01,2025-05-01,verified_listing_interval,0,0,2025-04-30,,,verified_registry_endpoint,complete_export_no_new_ST_transition
300384.SZ:2025,300384.SZ,2025-05-01,2026-05-01,verified_listing_interval,0,0,2026-04-30,,,verified_registry_endpoint,complete_export_no_new_ST_transition
300389.SZ:2018,300389.SZ,2018-05-01,2019-05-01,verified_listing_interval,0,0,2019-04-30,,,verified_registry_endpoint,complete_export_no_new_ST_transition
300389.SZ:2019,300389.SZ,2019-05-01,2020-05-01,verified_listing_interval,0,0,2020-04-30,,,verified_registry_endpoint,complete_export_no_new_ST_transition
300389.SZ:2020,300389.SZ,2020-05-01,2021-05-01,verified_listing_interval,0,0,2021-04-30,,,verified_registry_endpoint,complete_export_no_new_ST_transition
300389.SZ:2021,300389.SZ,2021-05-01,2022-05-01,verified_listing_interval,0,0,2022-04-30,,,verified_registry_endpoint,complete_export_no_new_ST_transition
300389.SZ:2022,300389.SZ,2022-05-01,2023-05-01,verified_listing_interval,0,0,2023-04-30,,,verified_registry_endpoint,complete_export_no_new_ST_transition
300389.SZ:2023,300389.SZ,2023-05-01,2024-05-01,verified_listing_interval,0,0,2024-04-30,,,verified_registry_endpoint,complete_export_no_new_ST_transition
300389.SZ:2024,300389.SZ,2024-05-01,2025-05-01,verified_listing_interval,0,0,2025-04-30,,,verified_registry_endpoint,complete_export_no_new_ST_transition
300389.SZ:2025,300389.SZ,2025-05-01,2026-05-01,verified_listing_interval,0,0,2026-04-30,,,verified_registry_endpoint,complete_export_no_new_ST_transition
300391.SZ:2018,300391.SZ,2018-05-01,2019-05-01,verified_listing_interval,0,0,2019-04-30,,,verified_registry_endpoint,complete_export_no_new_ST_transition
300391.SZ:2019,300391.SZ,2019-05-01,2020-05-01,verified_listing_interval,0,0,2020-04-30,,,verified_registry_endpoint,complete_export_no_new_ST_transition
300391.SZ:2020,300391.SZ,2020-05-01,2021-05-01,verified_listing_interval,0,0,2021-04-30,,,verified_registry_endpoint,complete_export_no_new_ST_transition
300391.SZ:2021,300391.SZ,2021-05-01,2022-05-01,verified_listing_interval,0,0,2022-04-30,,,verified_registry_endpoint,complete_export_no_new_ST_transition
300391.SZ:2022,300391.SZ,2022-05-01,2023-05-01,verified_listing_interval,0,0,2023-04-30,,,verified_registry_endpoint,complete_export_no_new_ST_transition
300391.SZ:2023,300391.SZ,2023-05-01,2024-05-01,verified_listing_interval,0,0,2024-04-30,,,verified_registry_endpoint,complete_export_no_new_ST_transition
300391.SZ:2024,300391.SZ,2024-05-01,2025-05-01,verified_listing_interval,0,1,2025-04-22,2025-04-22,462,verified_registry_endpoint,new_ST_name_transition
300391.SZ:2025,300391.SZ,2025-05-01,2026-05-01,verified_listing_interval,1,,,,,excluded,ST_at_origin
300396.SZ:2018,300396.SZ,2018-05-01,2019-05-01,verified_listing_interval,0,0,2019-04-30,,,verified_registry_endpoint,complete_export_no_new_ST_transition
300396.SZ:2019,300396.SZ,2019-05-01,2020-05-01,verified_listing_interval,0,0,2020-04-30,,,verified_registry_endpoint,complete_export_no_new_ST_transition
300396.SZ:2020,300396.SZ,2020-05-01,2021-05-01,verified_listing_interval,0,0,2021-04-30,,,verified_registry_endpoint,complete_export_no_new_ST_transition
300396.SZ:2021,300396.SZ,2021-05-01,2022-05-01,verified_listing_interval,0,0,2022-04-30,,,verified_registry_endpoint,complete_export_no_new_ST_transition
300396.SZ:2022,300396.SZ,2022-05-01,2023-05-01,verified_listing_interval,0,0,2023-04-30,,,verified_registry_endpoint,complete_export_no_new_ST_transition
300396.SZ:2023,300396.SZ,2023-05-01,2024-05-01,verified_listing_interval,0,0,2024-04-30,,,verified_registry_endpoint,complete_export_no_new_ST_transition
300396.SZ:2024,300396.SZ,2024-05-01,2025-05-01,verified_listing_interval,0,0,2025-04-30,,,verified_registry_endpoint,complete_export_no_new_ST_transition
300396.SZ:2025,300396.SZ,2025-05-01,2026-05-01,verified_listing_interval,0,0,2026-04-30,,,verified_registry_endpoint,complete_export_no_new_ST_transition
300404.SZ:2018,300404.SZ,2018-05-01,2019-05-01,verified_listing_interval,0,0,2019-04-30,,,verified_registry_endpoint,complete_export_no_new_ST_transition
300404.SZ:2019,300404.SZ,2019-05-01,2020-05-01,verified_listing_interval,0,0,2020-04-30,,,verified_registry_endpoint,complete_export_no_new_ST_transition
300404.SZ:2020,300404.SZ,2020-05-01,2021-05-01,verified_listing_interval,0,0,2021-04-30,,,verified_registry_endpoint,complete_export_no_new_ST_transition
300404.SZ:2021,300404.SZ,2021-05-01,2022-05-01,verified_listing_interval,0,0,2022-04-30,,,verified_registry_endpoint,complete_export_no_new_ST_transition
300404.SZ:2022,300404.SZ,2022-05-01,2023-05-01,verified_listing_interval,0,0,2023-04-30,,,verified_registry_endpoint,complete_export_no_new_ST_transition
300404.SZ:2023,300404.SZ,2023-05-01,2024-05-01,verified_listing_interval,0,0,2024-04-30,,,verified_registry_endpoint,complete_export_no_new_ST_transition
300404.SZ:2024,300404.SZ,2024-05-01,2025-05-01,verified_listing_interval,0,0,2025-04-30,,,verified_registry_endpoint,complete_export_no_new_ST_transition
300404.SZ:2025,300404.SZ,2025-05-01,2026-05-01,verified_listing_interval,0,0,2026-04-30,,,verified_registry_endpoint,complete_export_no_new_ST_transition
300407.SZ:2018,300407.SZ,2018-05-01,2019-05-01,verified_listing_interval,0,0,2019-04-30,,,verified_registry_endpoint,complete_export_no_new_ST_transition
300407.SZ:2019,300407.SZ,2019-05-01,2020-05-01,verified_listing_interval,0,0,2020-04-30,,,verified_registry_endpoint,complete_export_no_new_ST_transition
300407.SZ:2020,300407.SZ,2020-05-01,2021-05-01,verified_listing_interval,0,0,2021-04-30,,,verified_registry_endpoint,complete_export_no_new_ST_transition
300407.SZ:2021,300407.SZ,2021-05-01,2022-05-01,verified_listing_interval,0,0,2022-04-30,,,verified_registry_endpoint,complete_export_no_new_ST_transition
300407.SZ:2022,300407.SZ,2022-05-01,2023-05-01,verified_listing_interval,0,0,2023-04-30,,,verified_registry_endpoint,complete_export_no_new_ST_transition
300407.SZ:2023,300407.SZ,2023-05-01,2024-05-01,verified_listing_interval,0,0,2024-04-30,,,verified_registry_endpoint,complete_export_no_new_ST_transition
300407.SZ:2024,300407.SZ,2024-05-01,2025-05-01,verified_listing_interval,0,0,2025-04-30,,,verified_registry_endpoint,complete_export_no_new_ST_transition
300407.SZ:2025,300407.SZ,2025-05-01,2026-05-01,verified_listing_interval,0,0,2026-04-30,,,verified_registry_endpoint,complete_export_no_new_ST_transition
300411.SZ:2018,300411.SZ,2018-05-01,2019-05-01,verified_listing_interval,0,0,2019-04-30,,,verified_registry_endpoint,complete_export_no_new_ST_transition
300411.SZ:2019,300411.SZ,2019-05-01,2020-05-01,verified_listing_interval,0,0,2020-04-30,,,verified_registry_endpoint,complete_export_no_new_ST_transition
300411.SZ:2020,300411.SZ,2020-05-01,2021-05-01,verified_listing_interval,0,0,2021-04-30,,,verified_registry_endpoint,complete_export_no_new_ST_transition
300411.SZ:2021,300411.SZ,2021-05-01,2022-05-01,verified_listing_interval,0,0,2022-04-30,,,verified_registry_endpoint,complete_export_no_new_ST_transition
300411.SZ:2022,300411.SZ,2022-05-01,2023-05-01,verified_listing_interval,0,0,2023-04-30,,,verified_registry_endpoint,complete_export_no_new_ST_transition
300411.SZ:2023,300411.SZ,2023-05-01,2024-05-01,verified_listing_interval,0,0,2024-04-30,,,verified_registry_endpoint,complete_export_no_new_ST_transition
300411.SZ:2024,300411.SZ,2024-05-01,2025-05-01,verified_listing_interval,0,0,2025-04-30,,,verified_registry_endpoint,complete_export_no_new_ST_transition
300411.SZ:2025,300411.SZ,2025-05-01,2026-05-01,verified_listing_interval,0,0,2026-04-30,,,verified_registry_endpoint,complete_export_no_new_ST_transition
300416.SZ:2018,300416.SZ,2018-05-01,2019-05-01,verified_listing_interval,0,0,2019-04-30,,,verified_registry_endpoint,complete_export_no_new_ST_transition
300416.SZ:2019,300416.SZ,2019-05-01,2020-05-01,verified_listing_interval,0,0,2020-04-30,,,verified_registry_endpoint,complete_export_no_new_ST_transition
300416.SZ:2020,300416.SZ,2020-05-01,2021-05-01,verified_listing_interval,0,0,2021-04-30,,,verified_registry_endpoint,complete_export_no_new_ST_transition
300416.SZ:2021,300416.SZ,2021-05-01,2022-05-01,verified_listing_interval,0,0,2022-04-30,,,verified_registry_endpoint,complete_export_no_new_ST_transition
300416.SZ:2022,300416.SZ,2022-05-01,2023-05-01,verified_listing_interval,0,0,2023-04-30,,,verified_registry_endpoint,complete_export_no_new_ST_transition
300416.SZ:2023,300416.SZ,2023-05-01,2024-05-01,verified_listing_interval,0,0,2024-04-30,,,verified_registry_endpoint,complete_export_no_new_ST_transition
300416.SZ:2024,300416.SZ,2024-05-01,2025-05-01,verified_listing_interval,0,0,2025-04-30,,,verified_registry_endpoint,complete_export_no_new_ST_transition
300416.SZ:2025,300416.SZ,2025-05-01,2026-05-01,verified_listing_interval,0,0,2026-04-30,,,verified_registry_endpoint,complete_export_no_new_ST_transition
300425.SZ:2018,300425.SZ,2018-05-01,2019-05-01,verified_listing_interval,0,0,2019-04-30,,,verified_registry_endpoint,complete_export_no_new_ST_transition
300425.SZ:2019,300425.SZ,2019-05-01,2020-05-01,verified_listing_interval,0,0,2020-04-30,,,verified_registry_endpoint,complete_export_no_new_ST_transition
300425.SZ:2020,300425.SZ,2020-05-01,2021-05-01,verified_listing_interval,0,0,2021-04-30,,,verified_registry_endpoint,complete_export_no_new_ST_transition
300425.SZ:2021,300425.SZ,2021-05-01,2022-05-01,verified_listing_interval,0,0,2022-04-30,,,verified_registry_endpoint,complete_export_no_new_ST_transition
300425.SZ:2022,300425.SZ,2022-05-01,2023-05-01,verified_listing_interval,0,0,2023-04-30,,,verified_registry_endpoint,complete_export_no_new_ST_transition
300425.SZ:2023,300425.SZ,2023-05-01,2024-05-01,verified_listing_interval,0,0,2024-04-30,,,verified_registry_endpoint,complete_export_no_new_ST_transition
300425.SZ:2024,300425.SZ,2024-05-01,2025-05-01,verified_listing_interval,0,0,2025-04-30,,,verified_registry_endpoint,complete_export_no_new_ST_transition
300425.SZ:2025,300425.SZ,2025-05-01,2026-05-01,verified_listing_interval,0,0,2026-04-30,,,verified_registry_endpoint,complete_export_no_new_ST_transition
300430.SZ:2018,300430.SZ,2018-05-01,2019-05-01,verified_listing_interval,0,0,2019-04-30,,,verified_registry_endpoint,complete_export_no_new_ST_transition
300430.SZ:2019,300430.SZ,2019-05-01,2020-05-01,verified_listing_interval,0,0,2020-04-30,,,verified_registry_endpoint,complete_export_no_new_ST_transition
300430.SZ:2020,300430.SZ,2020-05-01,2021-05-01,verified_listing_interval,0,0,2021-04-30,,,verified_registry_endpoint,complete_export_no_new_ST_transition
300430.SZ:2021,300430.SZ,2021-05-01,2022-05-01,verified_listing_interval,0,0,2022-04-30,,,verified_registry_endpoint,complete_export_no_new_ST_transition
300430.SZ:2022,300430.SZ,2022-05-01,2023-05-01,verified_listing_interval,0,0,2023-04-30,,,verified_registry_endpoint,complete_export_no_new_ST_transition
300430.SZ:2023,300430.SZ,2023-05-01,2024-05-01,verified_listing_interval,0,0,2024-04-30,,,verified_registry_endpoint,complete_export_no_new_ST_transition
300430.SZ:2024,300430.SZ,2024-05-01,2025-05-01,verified_listing_interval,0,0,2025-04-30,,,verified_registry_endpoint,complete_export_no_new_ST_transition
300430.SZ:2025,300430.SZ,2025-05-01,2026-05-01,verified_listing_interval,0,0,2026-04-30,,,verified_registry_endpoint,complete_export_no_new_ST_transition
300439.SZ:2018,300439.SZ,2018-05-01,2019-05-01,verified_listing_interval,0,0,2019-04-30,,,verified_registry_endpoint,complete_export_no_new_ST_transition
300439.SZ:2019,300439.SZ,2019-05-01,2020-05-01,verified_listing_interval,0,0,2020-04-30,,,verified_registry_endpoint,complete_export_no_new_ST_transition
300439.SZ:2020,300439.SZ,2020-05-01,2021-05-01,verified_listing_interval,0,0,2021-04-30,,,verified_registry_endpoint,complete_export_no_new_ST_transition
300439.SZ:2021,300439.SZ,2021-05-01,2022-05-01,verified_listing_interval,0,0,2022-04-30,,,verified_registry_endpoint,complete_export_no_new_ST_transition
300439.SZ:2022,300439.SZ,2022-05-01,2023-05-01,verified_listing_interval,0,0,2023-04-30,,,verified_registry_endpoint,complete_export_no_new_ST_transition
300439.SZ:2023,300439.SZ,2023-05-01,2024-05-01,verified_listing_interval,0,0,2024-04-30,,,verified_registry_endpoint,complete_export_no_new_ST_transition
300439.SZ:2024,300439.SZ,2024-05-01,2025-05-01,verified_listing_interval,0,0,2025-04-30,,,verified_registry_endpoint,complete_export_no_new_ST_transition
300439.SZ:2025,300439.SZ,2025-05-01,2026-05-01,verified_listing_interval,0,0,2026-04-30,,,verified_registry_endpoint,complete_export_no_new_ST_transition
300440.SZ:2018,300440.SZ,2018-05-01,2019-05-01,verified_listing_interval,0,0,2019-04-30,,,verified_registry_endpoint,complete_export_no_new_ST_transition
300440.SZ:2019,300440.SZ,2019-05-01,2020-05-01,verified_listing_interval,0,0,2020-04-30,,,verified_registry_endpoint,complete_export_no_new_ST_transition
300440.SZ:2020,300440.SZ,2020-05-01,2021-05-01,verified_listing_interval,0,0,2021-04-30,,,verified_registry_endpoint,complete_export_no_new_ST_transition
300440.SZ:2021,300440.SZ,2021-05-01,2022-05-01,verified_listing_interval,0,0,2022-04-30,,,verified_registry_endpoint,complete_export_no_new_ST_transition
300440.SZ:2022,300440.SZ,2022-05-01,2023-05-01,verified_listing_interval,0,0,2023-04-30,,,verified_registry_endpoint,complete_export_no_new_ST_transition
300440.SZ:2023,300440.SZ,2023-05-01,2024-05-01,verified_listing_interval,0,0,2024-04-30,,,verified_registry_endpoint,complete_export_no_new_ST_transition
300440.SZ:2024,300440.SZ,2024-05-01,2025-05-01,verified_listing_interval,0,0,2025-04-30,,,verified_registry_endpoint,complete_export_no_new_ST_transition
300440.SZ:2025,300440.SZ,2025-05-01,2026-05-01,verified_listing_interval,0,0,2026-04-30,,,verified_registry_endpoint,complete_export_no_new_ST_transition
300445.SZ:2018,300445.SZ,2018-05-01,2019-05-01,verified_listing_interval,0,0,2019-04-30,,,verified_registry_endpoint,complete_export_no_new_ST_transition
300445.SZ:2019,300445.SZ,2019-05-01,2020-05-01,verified_listing_interval,0,0,2020-04-30,,,verified_registry_endpoint,complete_export_no_new_ST_transition
300445.SZ:2020,300445.SZ,2020-05-01,2021-05-01,verified_listing_interval,0,0,2021-04-30,,,verified_registry_endpoint,complete_export_no_new_ST_transition
300445.SZ:2021,300445.SZ,2021-05-01,2022-05-01,verified_listing_interval,0,0,2022-04-30,,,verified_registry_endpoint,complete_export_no_new_ST_transition
300445.SZ:2022,300445.SZ,2022-05-01,2023-05-01,verified_listing_interval,0,0,2023-04-30,,,verified_registry_endpoint,complete_export_no_new_ST_transition
300445.SZ:2023,300445.SZ,2023-05-01,2024-05-01,verified_listing_interval,0,0,2024-04-30,,,verified_registry_endpoint,complete_export_no_new_ST_transition
300445.SZ:2024,300445.SZ,2024-05-01,2025-05-01,verified_listing_interval,0,0,2025-04-30,,,verified_registry_endpoint,complete_export_no_new_ST_transition
300445.SZ:2025,300445.SZ,2025-05-01,2026-05-01,verified_listing_interval,0,0,2026-04-30,,,verified_registry_endpoint,complete_export_no_new_ST_transition
300447.SZ:2018,300447.SZ,2018-05-01,2019-05-01,verified_listing_interval,0,0,2019-04-30,,,verified_registry_endpoint,complete_export_no_new_ST_transition
300447.SZ:2019,300447.SZ,2019-05-01,2020-05-01,verified_listing_interval,0,0,2020-04-30,,,verified_registry_endpoint,complete_export_no_new_ST_transition
300447.SZ:2020,300447.SZ,2020-05-01,2021-05-01,verified_listing_interval,0,0,2021-04-30,,,verified_registry_endpoint,complete_export_no_new_ST_transition
300447.SZ:2021,300447.SZ,2021-05-01,2022-05-01,verified_listing_interval,0,0,2022-04-30,,,verified_registry_endpoint,complete_export_no_new_ST_transition
300447.SZ:2022,300447.SZ,2022-05-01,2023-05-01,verified_listing_interval,0,0,2023-04-30,,,verified_registry_endpoint,complete_export_no_new_ST_transition
300447.SZ:2023,300447.SZ,2023-05-01,2024-05-01,verified_listing_interval,0,0,2024-04-30,,,verified_registry_endpoint,complete_export_no_new_ST_transition
300447.SZ:2024,300447.SZ,2024-05-01,2025-05-01,verified_listing_interval,0,0,2025-04-30,,,verified_registry_endpoint,complete_export_no_new_ST_transition
300447.SZ:2025,300447.SZ,2025-05-01,2026-05-01,verified_listing_interval,0,0,2026-04-30,,,verified_registry_endpoint,complete_export_no_new_ST_transition
300451.SZ:2019,300451.SZ,2019-05-01,2020-05-01,verified_listing_interval,0,0,2020-04-30,,,verified_registry_endpoint,complete_export_no_new_ST_transition
300451.SZ:2020,300451.SZ,2020-05-01,2021-05-01,verified_listing_interval,0,0,2021-04-30,,,verified_registry_endpoint,complete_export_no_new_ST_transition
300451.SZ:2021,300451.SZ,2021-05-01,2022-05-01,verified_listing_interval,0,0,2022-04-30,,,verified_registry_endpoint,complete_export_no_new_ST_transition
300451.SZ:2022,300451.SZ,2022-05-01,2023-05-01,verified_listing_interval,0,0,2023-04-30,,,verified_registry_endpoint,complete_export_no_new_ST_transition
300451.SZ:2023,300451.SZ,2023-05-01,2024-05-01,verified_listing_interval,0,0,2024-04-30,,,verified_registry_endpoint,complete_export_no_new_ST_transition
300451.SZ:2024,300451.SZ,2024-05-01,2025-05-01,verified_listing_interval,0,0,2025-04-30,,,verified_registry_endpoint,complete_export_no_new_ST_transition
300451.SZ:2025,300451.SZ,2025-05-01,2026-05-01,verified_listing_interval,0,0,2026-04-30,,,verified_registry_endpoint,complete_export_no_new_ST_transition
300452.SZ:2019,300452.SZ,2019-05-01,2020-05-01,verified_listing_interval,0,0,2020-04-30,,,verified_registry_endpoint,complete_export_no_new_ST_transition
300452.SZ:2020,300452.SZ,2020-05-01,2021-05-01,verified_listing_interval,0,0,2021-04-30,,,verified_registry_endpoint,complete_export_no_new_ST_transition
300452.SZ:2021,300452.SZ,2021-05-01,2022-05-01,verified_listing_interval,0,0,2022-04-30,,,verified_registry_endpoint,complete_export_no_new_ST_transition
300452.SZ:2022,300452.SZ,2022-05-01,2023-05-01,verified_listing_interval,0,0,2023-04-30,,,verified_registry_endpoint,complete_export_no_new_ST_transition
300452.SZ:2023,300452.SZ,2023-05-01,2024-05-01,verified_listing_interval,0,0,2024-04-30,,,verified_registry_endpoint,complete_export_no_new_ST_transition
300452.SZ:2024,300452.SZ,2024-05-01,2025-05-01,verified_listing_interval,0,0,2025-04-30,,,verified_registry_endpoint,complete_export_no_new_ST_transition
300452.SZ:2025,300452.SZ,2025-05-01,2026-05-01,verified_listing_interval,0,0,2026-04-30,,,verified_registry_endpoint,complete_export_no_new_ST_transition
300469.SZ:2019,300469.SZ,2019-05-01,2020-05-01,verified_listing_interval,0,0,2020-04-30,,,verified_registry_endpoint,complete_export_no_new_ST_transition
300469.SZ:2020,300469.SZ,2020-05-01,2021-05-01,verified_listing_interval,0,0,2021-04-30,,,verified_registry_endpoint,complete_export_no_new_ST_transition
300469.SZ:2021,300469.SZ,2021-05-01,2022-05-01,verified_listing_interval,0,0,2022-04-30,,,verified_registry_endpoint,complete_export_no_new_ST_transition
300469.SZ:2022,300469.SZ,2022-05-01,2023-05-01,verified_listing_interval,0,0,2023-04-30,,,verified_registry_endpoint,complete_export_no_new_ST_transition
300469.SZ:2023,300469.SZ,2023-05-01,2024-05-01,verified_listing_interval,0,0,2024-04-30,,,verified_registry_endpoint,complete_export_no_new_ST_transition
300469.SZ:2024,300469.SZ,2024-05-01,2025-05-01,verified_listing_interval,0,0,2025-04-30,,,verified_registry_endpoint,complete_export_no_new_ST_transition
300469.SZ:2025,300469.SZ,2025-05-01,2026-05-01,verified_listing_interval,0,0,2026-04-30,,,verified_registry_endpoint,complete_export_no_new_ST_transition
300472.SZ:2019,300472.SZ,2019-05-01,2020-05-01,verified_listing_interval,0,0,2020-04-30,,,verified_registry_endpoint,complete_export_no_new_ST_transition
300472.SZ:2020,300472.SZ,2020-05-01,2021-05-01,verified_listing_interval,0,0,2021-04-30,,,verified_registry_endpoint,complete_export_no_new_ST_transition
300472.SZ:2021,300472.SZ,2021-05-01,2022-05-01,verified_listing_interval,0,0,2022-04-30,,,verified_registry_endpoint,complete_export_no_new_ST_transition
300472.SZ:2022,300472.SZ,2022-05-01,2023-05-01,verified_listing_interval,0,0,2023-04-30,,,verified_registry_endpoint,complete_export_no_new_ST_transition
300472.SZ:2023,300472.SZ,2023-05-01,2024-05-01,verified_listing_interval,0,0,2024-04-30,,,verified_registry_endpoint,complete_export_no_new_ST_transition
300472.SZ:2024,300472.SZ,2024-05-01,2025-05-01,verified_listing_interval,0,0,2025-04-30,,,verified_registry_endpoint,complete_export_no_new_ST_transition
300472.SZ:2025,300472.SZ,2025-05-01,2026-05-01,verified_listing_interval,0,1,2025-05-06,2025-05-06,395,verified_registry_endpoint,new_ST_name_transition
300476.SZ:2019,300476.SZ,2019-05-01,2020-05-01,verified_listing_interval,0,0,2020-04-30,,,verified_registry_endpoint,complete_export_no_new_ST_transition
300476.SZ:2020,300476.SZ,2020-05-01,2021-05-01,verified_listing_interval,0,0,2021-04-30,,,verified_registry_endpoint,complete_export_no_new_ST_transition
300476.SZ:2021,300476.SZ,2021-05-01,2022-05-01,verified_listing_interval,0,0,2022-04-30,,,verified_registry_endpoint,complete_export_no_new_ST_transition
300476.SZ:2022,300476.SZ,2022-05-01,2023-05-01,verified_listing_interval,0,0,2023-04-30,,,verified_registry_endpoint,complete_export_no_new_ST_transition
300476.SZ:2023,300476.SZ,2023-05-01,2024-05-01,verified_listing_interval,0,0,2024-04-30,,,verified_registry_endpoint,complete_export_no_new_ST_transition
300476.SZ:2024,300476.SZ,2024-05-01,2025-05-01,verified_listing_interval,0,0,2025-04-30,,,verified_registry_endpoint,complete_export_no_new_ST_transition
300476.SZ:2025,300476.SZ,2025-05-01,2026-05-01,verified_listing_interval,0,0,2026-04-30,,,verified_registry_endpoint,complete_export_no_new_ST_transition
300490.SZ:2019,300490.SZ,2019-05-01,2020-05-01,verified_listing_interval,0,0,2020-04-30,,,verified_registry_endpoint,complete_export_no_new_ST_transition
300490.SZ:2020,300490.SZ,2020-05-01,2021-05-01,verified_listing_interval,0,0,2021-04-30,,,verified_registry_endpoint,complete_export_no_new_ST_transition
300490.SZ:2021,300490.SZ,2021-05-01,2022-05-01,verified_listing_interval,0,0,2022-04-30,,,verified_registry_endpoint,complete_export_no_new_ST_transition
300490.SZ:2022,300490.SZ,2022-05-01,2023-05-01,verified_listing_interval,0,0,2023-04-30,,,verified_registry_endpoint,complete_export_no_new_ST_transition
300490.SZ:2023,300490.SZ,2023-05-01,2024-05-01,verified_listing_interval,0,0,2024-04-30,,,verified_registry_endpoint,complete_export_no_new_ST_transition
300490.SZ:2024,300490.SZ,2024-05-01,2025-05-01,verified_listing_interval,0,0,2025-04-30,,,verified_registry_endpoint,complete_export_no_new_ST_transition
300490.SZ:2025,300490.SZ,2025-05-01,2026-05-01,verified_listing_interval,0,0,2026-04-30,,,verified_registry_endpoint,complete_export_no_new_ST_transition
300496.SZ:2019,300496.SZ,2019-05-01,2020-05-01,verified_listing_interval,0,0,2020-04-30,,,verified_registry_endpoint,complete_export_no_new_ST_transition
300496.SZ:2020,300496.SZ,2020-05-01,2021-05-01,verified_listing_interval,0,0,2021-04-30,,,verified_registry_endpoint,complete_export_no_new_ST_transition
300496.SZ:2021,300496.SZ,2021-05-01,2022-05-01,verified_listing_interval,0,0,2022-04-30,,,verified_registry_endpoint,complete_export_no_new_ST_transition
300496.SZ:2022,300496.SZ,2022-05-01,2023-05-01,verified_listing_interval,0,0,2023-04-30,,,verified_registry_endpoint,complete_export_no_new_ST_transition
300496.SZ:2023,300496.SZ,2023-05-01,2024-05-01,verified_listing_interval,0,0,2024-04-30,,,verified_registry_endpoint,complete_export_no_new_ST_transition
300496.SZ:2024,300496.SZ,2024-05-01,2025-05-01,verified_listing_interval,0,0,2025-04-30,,,verified_registry_endpoint,complete_export_no_new_ST_transition
300496.SZ:2025,300496.SZ,2025-05-01,2026-05-01,verified_listing_interval,0,0,2026-04-30,,,verified_registry_endpoint,complete_export_no_new_ST_transition
300497.SZ:2019,300497.SZ,2019-05-01,2020-05-01,verified_listing_interval,0,0,2020-04-30,,,verified_registry_endpoint,complete_export_no_new_ST_transition
300497.SZ:2020,300497.SZ,2020-05-01,2021-05-01,verified_listing_interval,0,0,2021-04-30,,,verified_registry_endpoint,complete_export_no_new_ST_transition
300497.SZ:2021,300497.SZ,2021-05-01,2022-05-01,verified_listing_interval,0,0,2022-04-30,,,verified_registry_endpoint,complete_export_no_new_ST_transition
300497.SZ:2022,300497.SZ,2022-05-01,2023-05-01,verified_listing_interval,0,0,2023-04-30,,,verified_registry_endpoint,complete_export_no_new_ST_transition
300497.SZ:2023,300497.SZ,2023-05-01,2024-05-01,verified_listing_interval,0,0,2024-04-30,,,verified_registry_endpoint,complete_export_no_new_ST_transition
300497.SZ:2024,300497.SZ,2024-05-01,2025-05-01,verified_listing_interval,0,0,2025-04-30,,,verified_registry_endpoint,complete_export_no_new_ST_transition
300497.SZ:2025,300497.SZ,2025-05-01,2026-05-01,verified_listing_interval,0,0,2026-04-30,,,verified_registry_endpoint,complete_export_no_new_ST_transition
300498.SZ:2019,300498.SZ,2019-05-01,2020-05-01,verified_listing_interval,0,0,2020-04-30,,,verified_registry_endpoint,complete_export_no_new_ST_transition
300498.SZ:2020,300498.SZ,2020-05-01,2021-05-01,verified_listing_interval,0,0,2021-04-30,,,verified_registry_endpoint,complete_export_no_new_ST_transition
300498.SZ:2021,300498.SZ,2021-05-01,2022-05-01,verified_listing_interval,0,0,2022-04-30,,,verified_registry_endpoint,complete_export_no_new_ST_transition
300498.SZ:2022,300498.SZ,2022-05-01,2023-05-01,verified_listing_interval,0,0,2023-04-30,,,verified_registry_endpoint,complete_export_no_new_ST_transition
300498.SZ:2023,300498.SZ,2023-05-01,2024-05-01,verified_listing_interval,0,0,2024-04-30,,,verified_registry_endpoint,complete_export_no_new_ST_transition
300498.SZ:2024,300498.SZ,2024-05-01,2025-05-01,verified_listing_interval,0,0,2025-04-30,,,verified_registry_endpoint,complete_export_no_new_ST_transition
300498.SZ:2025,300498.SZ,2025-05-01,2026-05-01,verified_listing_interval,0,0,2026-04-30,,,verified_registry_endpoint,complete_export_no_new_ST_transition
300501.SZ:2019,300501.SZ,2019-05-01,2020-05-01,verified_listing_interval,0,0,2020-04-30,,,verified_registry_endpoint,complete_export_no_new_ST_transition
300501.SZ:2020,300501.SZ,2020-05-01,2021-05-01,verified_listing_interval,0,0,2021-04-30,,,verified_registry_endpoint,complete_export_no_new_ST_transition
300501.SZ:2021,300501.SZ,2021-05-01,2022-05-01,verified_listing_interval,0,0,2022-04-30,,,verified_registry_endpoint,complete_export_no_new_ST_transition
300501.SZ:2022,300501.SZ,2022-05-01,2023-05-01,verified_listing_interval,0,0,2023-04-30,,,verified_registry_endpoint,complete_export_no_new_ST_transition
300501.SZ:2023,300501.SZ,2023-05-01,2024-05-01,verified_listing_interval,0,0,2024-04-30,,,verified_registry_endpoint,complete_export_no_new_ST_transition
300501.SZ:2024,300501.SZ,2024-05-01,2025-05-01,verified_listing_interval,0,0,2025-04-30,,,verified_registry_endpoint,complete_export_no_new_ST_transition
300501.SZ:2025,300501.SZ,2025-05-01,2026-05-01,verified_listing_interval,0,0,2026-04-30,,,verified_registry_endpoint,complete_export_no_new_ST_transition
300503.SZ:2019,300503.SZ,2019-05-01,2020-05-01,verified_listing_interval,0,0,2020-04-30,,,verified_registry_endpoint,complete_export_no_new_ST_transition
300503.SZ:2020,300503.SZ,2020-05-01,2021-05-01,verified_listing_interval,0,0,2021-04-30,,,verified_registry_endpoint,complete_export_no_new_ST_transition
300503.SZ:2021,300503.SZ,2021-05-01,2022-05-01,verified_listing_interval,0,0,2022-04-30,,,verified_registry_endpoint,complete_export_no_new_ST_transition
300503.SZ:2022,300503.SZ,2022-05-01,2023-05-01,verified_listing_interval,0,0,2023-04-30,,,verified_registry_endpoint,complete_export_no_new_ST_transition
300503.SZ:2023,300503.SZ,2023-05-01,2024-05-01,verified_listing_interval,0,0,2024-04-30,,,verified_registry_endpoint,complete_export_no_new_ST_transition
300503.SZ:2024,300503.SZ,2024-05-01,2025-05-01,verified_listing_interval,0,0,2025-04-30,,,verified_registry_endpoint,complete_export_no_new_ST_transition
300503.SZ:2025,300503.SZ,2025-05-01,2026-05-01,verified_listing_interval,0,0,2026-04-30,,,verified_registry_endpoint,complete_export_no_new_ST_transition
300519.SZ:2020,300519.SZ,2020-05-01,2021-05-01,verified_listing_interval,0,0,2021-04-30,,,verified_registry_endpoint,complete_export_no_new_ST_transition
300519.SZ:2021,300519.SZ,2021-05-01,2022-05-01,verified_listing_interval,0,0,2022-04-30,,,verified_registry_endpoint,complete_export_no_new_ST_transition
300519.SZ:2022,300519.SZ,2022-05-01,2023-05-01,verified_listing_interval,0,0,2023-04-30,,,verified_registry_endpoint,complete_export_no_new_ST_transition
300519.SZ:2023,300519.SZ,2023-05-01,2024-05-01,verified_listing_interval,0,0,2024-04-30,,,verified_registry_endpoint,complete_export_no_new_ST_transition
300519.SZ:2024,300519.SZ,2024-05-01,2025-05-01,verified_listing_interval,0,0,2025-04-30,,,verified_registry_endpoint,complete_export_no_new_ST_transition
300519.SZ:2025,300519.SZ,2025-05-01,2026-05-01,verified_listing_interval,0,0,2026-04-30,,,verified_registry_endpoint,complete_export_no_new_ST_transition
300520.SZ:2020,300520.SZ,2020-05-01,2021-05-01,verified_listing_interval,0,0,2021-04-30,,,verified_registry_endpoint,complete_export_no_new_ST_transition
300520.SZ:2021,300520.SZ,2021-05-01,2022-05-01,verified_listing_interval,0,0,2022-04-30,,,verified_registry_endpoint,complete_export_no_new_ST_transition
300520.SZ:2022,300520.SZ,2022-05-01,2023-05-01,verified_listing_interval,0,0,2023-04-30,,,verified_registry_endpoint,complete_export_no_new_ST_transition
300520.SZ:2023,300520.SZ,2023-05-01,2024-05-01,verified_listing_interval,0,0,2024-04-30,,,verified_registry_endpoint,complete_export_no_new_ST_transition
300520.SZ:2024,300520.SZ,2024-05-01,2025-05-01,verified_listing_interval,0,0,2025-04-30,,,verified_registry_endpoint,complete_export_no_new_ST_transition
300520.SZ:2025,300520.SZ,2025-05-01,2026-05-01,verified_listing_interval,0,0,2026-04-30,,,verified_registry_endpoint,complete_export_no_new_ST_transition
300522.SZ:2020,300522.SZ,2020-05-01,2021-05-01,verified_listing_interval,0,0,2021-04-30,,,verified_registry_endpoint,complete_export_no_new_ST_transition
300522.SZ:2021,300522.SZ,2021-05-01,2022-05-01,verified_listing_interval,0,0,2022-04-30,,,verified_registry_endpoint,complete_export_no_new_ST_transition
300522.SZ:2022,300522.SZ,2022-05-01,2023-05-01,verified_listing_interval,0,0,2023-04-30,,,verified_registry_endpoint,complete_export_no_new_ST_transition
300522.SZ:2023,300522.SZ,2023-05-01,2024-05-01,verified_listing_interval,0,0,2024-04-30,,,verified_registry_endpoint,complete_export_no_new_ST_transition
300522.SZ:2024,300522.SZ,2024-05-01,2025-05-01,verified_listing_interval,0,0,2025-04-30,,,verified_registry_endpoint,complete_export_no_new_ST_transition
300522.SZ:2025,300522.SZ,2025-05-01,2026-05-01,verified_listing_interval,0,0,2026-04-30,,,verified_registry_endpoint,complete_export_no_new_ST_transition
300525.SZ:2020,300525.SZ,2020-05-01,2021-05-01,verified_listing_interval,0,0,2021-04-30,,,verified_registry_endpoint,complete_export_no_new_ST_transition
300525.SZ:2021,300525.SZ,2021-05-01,2022-05-01,verified_listing_interval,0,0,2022-04-30,,,verified_registry_endpoint,complete_export_no_new_ST_transition
300525.SZ:2022,300525.SZ,2022-05-01,2023-05-01,verified_listing_interval,0,0,2023-04-30,,,verified_registry_endpoint,complete_export_no_new_ST_transition
300525.SZ:2023,300525.SZ,2023-05-01,2024-05-01,verified_listing_interval,0,0,2024-04-30,,,verified_registry_endpoint,complete_export_no_new_ST_transition
300525.SZ:2024,300525.SZ,2024-05-01,2025-05-01,verified_listing_interval,0,0,2025-04-30,,,verified_registry_endpoint,complete_export_no_new_ST_transition
300525.SZ:2025,300525.SZ,2025-05-01,2026-05-01,verified_listing_interval,0,0,2026-04-30,,,verified_registry_endpoint,complete_export_no_new_ST_transition
300526.SZ:2020,300526.SZ,2020-05-01,2021-05-01,verified_listing_interval,0,0,2021-04-30,,,verified_registry_endpoint,complete_export_no_new_ST_transition
300526.SZ:2021,300526.SZ,2021-05-01,2022-05-01,verified_listing_interval,0,1,2022-04-25,2022-04-25,1538,verified_registry_endpoint,new_ST_name_transition
300526.SZ:2022,300526.SZ,2022-05-01,2023-05-01,verified_listing_interval,1,,,,,excluded,ST_at_origin
300526.SZ:2023,300526.SZ,2023-05-01,2024-05-01,verified_listing_interval,1,,,,,excluded,ST_at_origin
300528.SZ:2020,300528.SZ,2020-05-01,2021-05-01,verified_listing_interval,0,0,2021-04-30,,,verified_registry_endpoint,complete_export_no_new_ST_transition
300528.SZ:2021,300528.SZ,2021-05-01,2022-05-01,verified_listing_interval,0,0,2022-04-30,,,verified_registry_endpoint,complete_export_no_new_ST_transition
300528.SZ:2022,300528.SZ,2022-05-01,2023-05-01,verified_listing_interval,0,0,2023-04-30,,,verified_registry_endpoint,complete_export_no_new_ST_transition
300528.SZ:2023,300528.SZ,2023-05-01,2024-05-01,verified_listing_interval,0,0,2024-04-30,,,verified_registry_endpoint,complete_export_no_new_ST_transition
300528.SZ:2024,300528.SZ,2024-05-01,2025-05-01,verified_listing_interval,0,0,2025-04-30,,,verified_registry_endpoint,complete_export_no_new_ST_transition
300528.SZ:2025,300528.SZ,2025-05-01,2026-05-01,verified_listing_interval,0,0,2026-04-30,,,verified_registry_endpoint,complete_export_no_new_ST_transition
300532.SZ:2020,300532.SZ,2020-05-01,2021-05-01,verified_listing_interval,0,0,2021-04-30,,,verified_registry_endpoint,complete_export_no_new_ST_transition
300532.SZ:2021,300532.SZ,2021-05-01,2022-05-01,verified_listing_interval,0,0,2022-04-30,,,verified_registry_endpoint,complete_export_no_new_ST_transition
300532.SZ:2022,300532.SZ,2022-05-01,2023-05-01,verified_listing_interval,0,0,2023-04-30,,,verified_registry_endpoint,complete_export_no_new_ST_transition
300532.SZ:2023,300532.SZ,2023-05-01,2024-05-01,verified_listing_interval,0,0,2024-04-30,,,verified_registry_endpoint,complete_export_no_new_ST_transition
300532.SZ:2024,300532.SZ,2024-05-01,2025-05-01,verified_listing_interval,0,0,2025-04-30,,,verified_registry_endpoint,complete_export_no_new_ST_transition
300532.SZ:2025,300532.SZ,2025-05-01,2026-05-01,verified_listing_interval,0,0,2026-04-30,,,verified_registry_endpoint,complete_export_no_new_ST_transition
300549.SZ:2020,300549.SZ,2020-05-01,2021-05-01,verified_listing_interval,0,0,2021-04-30,,,verified_registry_endpoint,complete_export_no_new_ST_transition
300549.SZ:2021,300549.SZ,2021-05-01,2022-05-01,verified_listing_interval,0,0,2022-04-30,,,verified_registry_endpoint,complete_export_no_new_ST_transition
300549.SZ:2022,300549.SZ,2022-05-01,2023-05-01,verified_listing_interval,0,0,2023-04-30,,,verified_registry_endpoint,complete_export_no_new_ST_transition
300549.SZ:2023,300549.SZ,2023-05-01,2024-05-01,verified_listing_interval,0,0,2024-04-30,,,verified_registry_endpoint,complete_export_no_new_ST_transition
300549.SZ:2024,300549.SZ,2024-05-01,2025-05-01,verified_listing_interval,0,0,2025-04-30,,,verified_registry_endpoint,complete_export_no_new_ST_transition
300549.SZ:2025,300549.SZ,2025-05-01,2026-05-01,verified_listing_interval,0,0,2026-04-30,,,verified_registry_endpoint,complete_export_no_new_ST_transition
300552.SZ:2020,300552.SZ,2020-05-01,2021-05-01,verified_listing_interval,0,0,2021-04-30,,,verified_registry_endpoint,complete_export_no_new_ST_transition
300552.SZ:2021,300552.SZ,2021-05-01,2022-05-01,verified_listing_interval,0,0,2022-04-30,,,verified_registry_endpoint,complete_export_no_new_ST_transition
300552.SZ:2022,300552.SZ,2022-05-01,2023-05-01,verified_listing_interval,0,0,2023-04-30,,,verified_registry_endpoint,complete_export_no_new_ST_transition
300552.SZ:2023,300552.SZ,2023-05-01,2024-05-01,verified_listing_interval,0,0,2024-04-30,,,verified_registry_endpoint,complete_export_no_new_ST_transition
300552.SZ:2024,300552.SZ,2024-05-01,2025-05-01,verified_listing_interval,0,0,2025-04-30,,,verified_registry_endpoint,complete_export_no_new_ST_transition
300552.SZ:2025,300552.SZ,2025-05-01,2026-05-01,verified_listing_interval,0,0,2026-04-30,,,verified_registry_endpoint,complete_export_no_new_ST_transition
300553.SZ:2020,300553.SZ,2020-05-01,2021-05-01,verified_listing_interval,0,0,2021-04-30,,,verified_registry_endpoint,complete_export_no_new_ST_transition
300553.SZ:2021,300553.SZ,2021-05-01,2022-05-01,verified_listing_interval,0,0,2022-04-30,,,verified_registry_endpoint,complete_export_no_new_ST_transition
300553.SZ:2022,300553.SZ,2022-05-01,2023-05-01,verified_listing_interval,0,0,2023-04-30,,,verified_registry_endpoint,complete_export_no_new_ST_transition
300553.SZ:2023,300553.SZ,2023-05-01,2024-05-01,verified_listing_interval,0,0,2024-04-30,,,verified_registry_endpoint,complete_export_no_new_ST_transition
300553.SZ:2024,300553.SZ,2024-05-01,2025-05-01,verified_listing_interval,0,0,2025-04-30,,,verified_registry_endpoint,complete_export_no_new_ST_transition
300553.SZ:2025,300553.SZ,2025-05-01,2026-05-01,verified_listing_interval,0,0,2026-04-30,,,verified_registry_endpoint,complete_export_no_new_ST_transition
300565.SZ:2020,300565.SZ,2020-05-01,2021-05-01,verified_listing_interval,0,0,2021-04-30,,,verified_registry_endpoint,complete_export_no_new_ST_transition
300565.SZ:2021,300565.SZ,2021-05-01,2022-05-01,verified_listing_interval,0,0,2022-04-30,,,verified_registry_endpoint,complete_export_no_new_ST_transition
300565.SZ:2022,300565.SZ,2022-05-01,2023-05-01,verified_listing_interval,0,0,2023-04-30,,,verified_registry_endpoint,complete_export_no_new_ST_transition
300565.SZ:2023,300565.SZ,2023-05-01,2024-05-01,verified_listing_interval,0,0,2024-04-30,,,verified_registry_endpoint,complete_export_no_new_ST_transition
300565.SZ:2024,300565.SZ,2024-05-01,2025-05-01,verified_listing_interval,0,0,2025-04-30,,,verified_registry_endpoint,complete_export_no_new_ST_transition
300565.SZ:2025,300565.SZ,2025-05-01,2026-05-01,verified_listing_interval,0,0,2026-04-30,,,verified_registry_endpoint,complete_export_no_new_ST_transition
300566.SZ:2020,300566.SZ,2020-05-01,2021-05-01,verified_listing_interval,0,0,2021-04-30,,,verified_registry_endpoint,complete_export_no_new_ST_transition
300566.SZ:2021,300566.SZ,2021-05-01,2022-05-01,verified_listing_interval,0,0,2022-04-30,,,verified_registry_endpoint,complete_export_no_new_ST_transition
300566.SZ:2022,300566.SZ,2022-05-01,2023-05-01,verified_listing_interval,0,0,2023-04-30,,,verified_registry_endpoint,complete_export_no_new_ST_transition
300566.SZ:2023,300566.SZ,2023-05-01,2024-05-01,verified_listing_interval,0,0,2024-04-30,,,verified_registry_endpoint,complete_export_no_new_ST_transition
300566.SZ:2024,300566.SZ,2024-05-01,2025-05-01,verified_listing_interval,0,0,2025-04-30,,,verified_registry_endpoint,complete_export_no_new_ST_transition
300566.SZ:2025,300566.SZ,2025-05-01,2026-05-01,verified_listing_interval,0,0,2026-04-30,,,verified_registry_endpoint,complete_export_no_new_ST_transition
300573.SZ:2020,300573.SZ,2020-05-01,2021-05-01,verified_listing_interval,0,0,2021-04-30,,,verified_registry_endpoint,complete_export_no_new_ST_transition
300573.SZ:2021,300573.SZ,2021-05-01,2022-05-01,verified_listing_interval,0,0,2022-04-30,,,verified_registry_endpoint,complete_export_no_new_ST_transition
300573.SZ:2022,300573.SZ,2022-05-01,2023-05-01,verified_listing_interval,0,0,2023-04-30,,,verified_registry_endpoint,complete_export_no_new_ST_transition
300573.SZ:2023,300573.SZ,2023-05-01,2024-05-01,verified_listing_interval,0,0,2024-04-30,,,verified_registry_endpoint,complete_export_no_new_ST_transition
300573.SZ:2024,300573.SZ,2024-05-01,2025-05-01,verified_listing_interval,0,0,2025-04-30,,,verified_registry_endpoint,complete_export_no_new_ST_transition
300573.SZ:2025,300573.SZ,2025-05-01,2026-05-01,verified_listing_interval,0,0,2026-04-30,,,verified_registry_endpoint,complete_export_no_new_ST_transition
300581.SZ:2020,300581.SZ,2020-05-01,2021-05-01,verified_listing_interval,0,0,2021-04-30,,,verified_registry_endpoint,complete_export_no_new_ST_transition
300581.SZ:2021,300581.SZ,2021-05-01,2022-05-01,verified_listing_interval,0,0,2022-04-30,,,verified_registry_endpoint,complete_export_no_new_ST_transition
300581.SZ:2022,300581.SZ,2022-05-01,2023-05-01,verified_listing_interval,0,0,2023-04-30,,,verified_registry_endpoint,complete_export_no_new_ST_transition
300581.SZ:2023,300581.SZ,2023-05-01,2024-05-01,verified_listing_interval,0,0,2024-04-30,,,verified_registry_endpoint,complete_export_no_new_ST_transition
300581.SZ:2024,300581.SZ,2024-05-01,2025-05-01,verified_listing_interval,0,0,2025-04-30,,,verified_registry_endpoint,complete_export_no_new_ST_transition
300581.SZ:2025,300581.SZ,2025-05-01,2026-05-01,verified_listing_interval,0,0,2026-04-30,,,verified_registry_endpoint,complete_export_no_new_ST_transition
300584.SZ:2020,300584.SZ,2020-05-01,2021-05-01,verified_listing_interval,0,0,2021-04-30,,,verified_registry_endpoint,complete_export_no_new_ST_transition
300584.SZ:2021,300584.SZ,2021-05-01,2022-05-01,verified_listing_interval,0,0,2022-04-30,,,verified_registry_endpoint,complete_export_no_new_ST_transition
300584.SZ:2022,300584.SZ,2022-05-01,2023-05-01,verified_listing_interval,0,0,2023-04-30,,,verified_registry_endpoint,complete_export_no_new_ST_transition
300584.SZ:2023,300584.SZ,2023-05-01,2024-05-01,verified_listing_interval,0,0,2024-04-30,,,verified_registry_endpoint,complete_export_no_new_ST_transition
300584.SZ:2024,300584.SZ,2024-05-01,2025-05-01,verified_listing_interval,0,0,2025-04-30,,,verified_registry_endpoint,complete_export_no_new_ST_transition
300584.SZ:2025,300584.SZ,2025-05-01,2026-05-01,verified_listing_interval,0,0,2026-04-30,,,verified_registry_endpoint,complete_export_no_new_ST_transition
300585.SZ:2020,300585.SZ,2020-05-01,2021-05-01,verified_listing_interval,0,0,2021-04-30,,,verified_registry_endpoint,complete_export_no_new_ST_transition
300585.SZ:2021,300585.SZ,2021-05-01,2022-05-01,verified_listing_interval,0,0,2022-04-30,,,verified_registry_endpoint,complete_export_no_new_ST_transition
300585.SZ:2022,300585.SZ,2022-05-01,2023-05-01,verified_listing_interval,0,0,2023-04-30,,,verified_registry_endpoint,complete_export_no_new_ST_transition
300585.SZ:2023,300585.SZ,2023-05-01,2024-05-01,verified_listing_interval,0,0,2024-04-30,,,verified_registry_endpoint,complete_export_no_new_ST_transition
300585.SZ:2024,300585.SZ,2024-05-01,2025-05-01,verified_listing_interval,0,0,2025-04-30,,,verified_registry_endpoint,complete_export_no_new_ST_transition
300585.SZ:2025,300585.SZ,2025-05-01,2026-05-01,verified_listing_interval,0,0,2026-04-30,,,verified_registry_endpoint,complete_export_no_new_ST_transition
300601.SZ:2020,300601.SZ,2020-05-01,2021-05-01,verified_listing_interval,0,0,2021-04-30,,,verified_registry_endpoint,complete_export_no_new_ST_transition
300601.SZ:2021,300601.SZ,2021-05-01,2022-05-01,verified_listing_interval,0,0,2022-04-30,,,verified_registry_endpoint,complete_export_no_new_ST_transition
300601.SZ:2022,300601.SZ,2022-05-01,2023-05-01,verified_listing_interval,0,0,2023-04-30,,,verified_registry_endpoint,complete_export_no_new_ST_transition
300601.SZ:2023,300601.SZ,2023-05-01,2024-05-01,verified_listing_interval,0,0,2024-04-30,,,verified_registry_endpoint,complete_export_no_new_ST_transition
300601.SZ:2024,300601.SZ,2024-05-01,2025-05-01,verified_listing_interval,0,0,2025-04-30,,,verified_registry_endpoint,complete_export_no_new_ST_transition
300601.SZ:2025,300601.SZ,2025-05-01,2026-05-01,verified_listing_interval,0,0,2026-04-30,,,verified_registry_endpoint,complete_export_no_new_ST_transition
300604.SZ:2020,300604.SZ,2020-05-01,2021-05-01,verified_listing_interval,0,0,2021-04-30,,,verified_registry_endpoint,complete_export_no_new_ST_transition
300604.SZ:2021,300604.SZ,2021-05-01,2022-05-01,verified_listing_interval,0,0,2022-04-30,,,verified_registry_endpoint,complete_export_no_new_ST_transition
300604.SZ:2022,300604.SZ,2022-05-01,2023-05-01,verified_listing_interval,0,0,2023-04-30,,,verified_registry_endpoint,complete_export_no_new_ST_transition
300604.SZ:2023,300604.SZ,2023-05-01,2024-05-01,verified_listing_interval,0,0,2024-04-30,,,verified_registry_endpoint,complete_export_no_new_ST_transition
300604.SZ:2024,300604.SZ,2024-05-01,2025-05-01,verified_listing_interval,0,0,2025-04-30,,,verified_registry_endpoint,complete_export_no_new_ST_transition
300604.SZ:2025,300604.SZ,2025-05-01,2026-05-01,verified_listing_interval,0,0,2026-04-30,,,verified_registry_endpoint,complete_export_no_new_ST_transition
300609.SZ:2020,300609.SZ,2020-05-01,2021-05-01,verified_listing_interval,0,0,2021-04-30,,,verified_registry_endpoint,complete_export_no_new_ST_transition
300609.SZ:2021,300609.SZ,2021-05-01,2022-05-01,verified_listing_interval,0,0,2022-04-30,,,verified_registry_endpoint,complete_export_no_new_ST_transition
300609.SZ:2022,300609.SZ,2022-05-01,2023-05-01,verified_listing_interval,0,0,2023-04-30,,,verified_registry_endpoint,complete_export_no_new_ST_transition
300609.SZ:2023,300609.SZ,2023-05-01,2024-05-01,verified_listing_interval,0,0,2024-04-30,,,verified_registry_endpoint,complete_export_no_new_ST_transition
300609.SZ:2024,300609.SZ,2024-05-01,2025-05-01,verified_listing_interval,0,0,2025-04-30,,,verified_registry_endpoint,complete_export_no_new_ST_transition
300609.SZ:2025,300609.SZ,2025-05-01,2026-05-01,verified_listing_interval,0,0,2026-04-30,,,verified_registry_endpoint,complete_export_no_new_ST_transition
300610.SZ:2020,300610.SZ,2020-05-01,2021-05-01,verified_listing_interval,0,0,2021-04-30,,,verified_registry_endpoint,complete_export_no_new_ST_transition
300610.SZ:2021,300610.SZ,2021-05-01,2022-05-01,verified_listing_interval,0,0,2022-04-30,,,verified_registry_endpoint,complete_export_no_new_ST_transition
300610.SZ:2022,300610.SZ,2022-05-01,2023-05-01,verified_listing_interval,0,0,2023-04-30,,,verified_registry_endpoint,complete_export_no_new_ST_transition
300610.SZ:2023,300610.SZ,2023-05-01,2024-05-01,verified_listing_interval,0,0,2024-04-30,,,verified_registry_endpoint,complete_export_no_new_ST_transition
300610.SZ:2024,300610.SZ,2024-05-01,2025-05-01,verified_listing_interval,0,0,2025-04-30,,,verified_registry_endpoint,complete_export_no_new_ST_transition
300610.SZ:2025,300610.SZ,2025-05-01,2026-05-01,verified_listing_interval,0,0,2026-04-30,,,verified_registry_endpoint,complete_export_no_new_ST_transition
300634.SZ:2021,300634.SZ,2021-05-01,2022-05-01,verified_listing_interval,0,0,2022-04-30,,,verified_registry_endpoint,complete_export_no_new_ST_transition
300634.SZ:2022,300634.SZ,2022-05-01,2023-05-01,verified_listing_interval,0,0,2023-04-30,,,verified_registry_endpoint,complete_export_no_new_ST_transition
300634.SZ:2023,300634.SZ,2023-05-01,2024-05-01,verified_listing_interval,0,0,2024-04-30,,,verified_registry_endpoint,complete_export_no_new_ST_transition
300634.SZ:2024,300634.SZ,2024-05-01,2025-05-01,verified_listing_interval,0,0,2025-04-30,,,verified_registry_endpoint,complete_export_no_new_ST_transition
300634.SZ:2025,300634.SZ,2025-05-01,2026-05-01,verified_listing_interval,0,0,2026-04-30,,,verified_registry_endpoint,complete_export_no_new_ST_transition
300639.SZ:2020,300639.SZ,2020-05-01,2021-05-01,verified_listing_interval,0,0,2021-04-30,,,verified_registry_endpoint,complete_export_no_new_ST_transition
300639.SZ:2021,300639.SZ,2021-05-01,2022-05-01,verified_listing_interval,0,0,2022-04-30,,,verified_registry_endpoint,complete_export_no_new_ST_transition
300639.SZ:2022,300639.SZ,2022-05-01,2023-05-01,verified_listing_interval,0,0,2023-04-30,,,verified_registry_endpoint,complete_export_no_new_ST_transition
300639.SZ:2023,300639.SZ,2023-05-01,2024-05-01,verified_listing_interval,0,0,2024-04-30,,,verified_registry_endpoint,complete_export_no_new_ST_transition
300639.SZ:2024,300639.SZ,2024-05-01,2025-05-01,verified_listing_interval,0,0,2025-04-30,,,verified_registry_endpoint,complete_export_no_new_ST_transition
300639.SZ:2025,300639.SZ,2025-05-01,2026-05-01,verified_listing_interval,0,0,2026-04-30,,,verified_registry_endpoint,complete_export_no_new_ST_transition
300640.SZ:2020,300640.SZ,2020-05-01,2021-05-01,verified_listing_interval,0,0,2021-04-30,,,verified_registry_endpoint,complete_export_no_new_ST_transition
300640.SZ:2021,300640.SZ,2021-05-01,2022-05-01,verified_listing_interval,0,0,2022-04-30,,,verified_registry_endpoint,complete_export_no_new_ST_transition
300640.SZ:2022,300640.SZ,2022-05-01,2023-05-01,verified_listing_interval,0,0,2023-04-30,,,verified_registry_endpoint,complete_export_no_new_ST_transition
300640.SZ:2023,300640.SZ,2023-05-01,2024-05-01,verified_listing_interval,0,0,2024-04-30,,,verified_registry_endpoint,complete_export_no_new_ST_transition
300640.SZ:2024,300640.SZ,2024-05-01,2025-05-01,verified_listing_interval,0,0,2025-04-30,,,verified_registry_endpoint,complete_export_no_new_ST_transition
300640.SZ:2025,300640.SZ,2025-05-01,2026-05-01,verified_listing_interval,0,0,2026-04-30,,,verified_registry_endpoint,complete_export_no_new_ST_transition
300643.SZ:2021,300643.SZ,2021-05-01,2022-05-01,verified_listing_interval,0,0,2022-04-30,,,verified_registry_endpoint,complete_export_no_new_ST_transition
300643.SZ:2022,300643.SZ,2022-05-01,2023-05-01,verified_listing_interval,0,0,2023-04-30,,,verified_registry_endpoint,complete_export_no_new_ST_transition
300643.SZ:2023,300643.SZ,2023-05-01,2024-05-01,verified_listing_interval,0,0,2024-04-30,,,verified_registry_endpoint,complete_export_no_new_ST_transition
300643.SZ:2024,300643.SZ,2024-05-01,2025-05-01,verified_listing_interval,0,0,2025-04-30,,,verified_registry_endpoint,complete_export_no_new_ST_transition
300643.SZ:2025,300643.SZ,2025-05-01,2026-05-01,verified_listing_interval,0,0,2026-04-30,,,verified_registry_endpoint,complete_export_no_new_ST_transition
300652.SZ:2021,300652.SZ,2021-05-01,2022-05-01,verified_listing_interval,0,0,2022-04-30,,,verified_registry_endpoint,complete_export_no_new_ST_transition
300652.SZ:2022,300652.SZ,2022-05-01,2023-05-01,verified_listing_interval,0,0,2023-04-30,,,verified_registry_endpoint,complete_export_no_new_ST_transition
300652.SZ:2023,300652.SZ,2023-05-01,2024-05-01,verified_listing_interval,0,0,2024-04-30,,,verified_registry_endpoint,complete_export_no_new_ST_transition
300652.SZ:2024,300652.SZ,2024-05-01,2025-05-01,verified_listing_interval,0,0,2025-04-30,,,verified_registry_endpoint,complete_export_no_new_ST_transition
300652.SZ:2025,300652.SZ,2025-05-01,2026-05-01,verified_listing_interval,0,0,2026-04-30,,,verified_registry_endpoint,complete_export_no_new_ST_transition
300653.SZ:2021,300653.SZ,2021-05-01,2022-05-01,verified_listing_interval,0,0,2022-04-30,,,verified_registry_endpoint,complete_export_no_new_ST_transition
300653.SZ:2022,300653.SZ,2022-05-01,2023-05-01,verified_listing_interval,0,0,2023-04-30,,,verified_registry_endpoint,complete_export_no_new_ST_transition
300653.SZ:2023,300653.SZ,2023-05-01,2024-05-01,verified_listing_interval,0,0,2024-04-30,,,verified_registry_endpoint,complete_export_no_new_ST_transition
300653.SZ:2024,300653.SZ,2024-05-01,2025-05-01,verified_listing_interval,0,0,2025-04-30,,,verified_registry_endpoint,complete_export_no_new_ST_transition
300653.SZ:2025,300653.SZ,2025-05-01,2026-05-01,verified_listing_interval,0,0,2026-04-30,,,verified_registry_endpoint,complete_export_no_new_ST_transition
300654.SZ:2021,300654.SZ,2021-05-01,2022-05-01,verified_listing_interval,0,0,2022-04-30,,,verified_registry_endpoint,complete_export_no_new_ST_transition
300654.SZ:2022,300654.SZ,2022-05-01,2023-05-01,verified_listing_interval,0,0,2023-04-30,,,verified_registry_endpoint,complete_export_no_new_ST_transition
300654.SZ:2023,300654.SZ,2023-05-01,2024-05-01,verified_listing_interval,0,0,2024-04-30,,,verified_registry_endpoint,complete_export_no_new_ST_transition
300654.SZ:2024,300654.SZ,2024-05-01,2025-05-01,verified_listing_interval,0,0,2025-04-30,,,verified_registry_endpoint,complete_export_no_new_ST_transition
300654.SZ:2025,300654.SZ,2025-05-01,2026-05-01,verified_listing_interval,0,0,2026-04-30,,,verified_registry_endpoint,complete_export_no_new_ST_transition
300655.SZ:2021,300655.SZ,2021-05-01,2022-05-01,verified_listing_interval,0,0,2022-04-30,,,verified_registry_endpoint,complete_export_no_new_ST_transition
300655.SZ:2022,300655.SZ,2022-05-01,2023-05-01,verified_listing_interval,0,0,2023-04-30,,,verified_registry_endpoint,complete_export_no_new_ST_transition
300655.SZ:2023,300655.SZ,2023-05-01,2024-05-01,verified_listing_interval,0,0,2024-04-30,,,verified_registry_endpoint,complete_export_no_new_ST_transition
300655.SZ:2024,300655.SZ,2024-05-01,2025-05-01,verified_listing_interval,0,0,2025-04-30,,,verified_registry_endpoint,complete_export_no_new_ST_transition
300655.SZ:2025,300655.SZ,2025-05-01,2026-05-01,verified_listing_interval,0,0,2026-04-30,,,verified_registry_endpoint,complete_export_no_new_ST_transition
300662.SZ:2021,300662.SZ,2021-05-01,2022-05-01,verified_listing_interval,0,0,2022-04-30,,,verified_registry_endpoint,complete_export_no_new_ST_transition
300662.SZ:2022,300662.SZ,2022-05-01,2023-05-01,verified_listing_interval,0,0,2023-04-30,,,verified_registry_endpoint,complete_export_no_new_ST_transition
300662.SZ:2023,300662.SZ,2023-05-01,2024-05-01,verified_listing_interval,0,0,2024-04-30,,,verified_registry_endpoint,complete_export_no_new_ST_transition
300662.SZ:2024,300662.SZ,2024-05-01,2025-05-01,verified_listing_interval,0,0,2025-04-30,,,verified_registry_endpoint,complete_export_no_new_ST_transition
300662.SZ:2025,300662.SZ,2025-05-01,2026-05-01,verified_listing_interval,0,0,2026-04-30,,,verified_registry_endpoint,complete_export_no_new_ST_transition
300673.SZ:2021,300673.SZ,2021-05-01,2022-05-01,verified_listing_interval,0,0,2022-04-30,,,verified_registry_endpoint,complete_export_no_new_ST_transition
300673.SZ:2022,300673.SZ,2022-05-01,2023-05-01,verified_listing_interval,0,0,2023-04-30,,,verified_registry_endpoint,complete_export_no_new_ST_transition
300673.SZ:2023,300673.SZ,2023-05-01,2024-05-01,verified_listing_interval,0,0,2024-04-30,,,verified_registry_endpoint,complete_export_no_new_ST_transition
300673.SZ:2024,300673.SZ,2024-05-01,2025-05-01,verified_listing_interval,0,0,2025-04-30,,,verified_registry_endpoint,complete_export_no_new_ST_transition
300673.SZ:2025,300673.SZ,2025-05-01,2026-05-01,verified_listing_interval,0,0,2026-04-30,,,verified_registry_endpoint,complete_export_no_new_ST_transition
300680.SZ:2021,300680.SZ,2021-05-01,2022-05-01,verified_listing_interval,0,0,2022-04-30,,,verified_registry_endpoint,complete_export_no_new_ST_transition
300680.SZ:2022,300680.SZ,2022-05-01,2023-05-01,verified_listing_interval,0,0,2023-04-30,,,verified_registry_endpoint,complete_export_no_new_ST_transition
300680.SZ:2023,300680.SZ,2023-05-01,2024-05-01,verified_listing_interval,0,0,2024-04-30,,,verified_registry_endpoint,complete_export_no_new_ST_transition
300680.SZ:2024,300680.SZ,2024-05-01,2025-05-01,verified_listing_interval,0,0,2025-04-30,,,verified_registry_endpoint,complete_export_no_new_ST_transition
300680.SZ:2025,300680.SZ,2025-05-01,2026-05-01,verified_listing_interval,0,0,2026-04-30,,,verified_registry_endpoint,complete_export_no_new_ST_transition
300690.SZ:2021,300690.SZ,2021-05-01,2022-05-01,verified_listing_interval,0,0,2022-04-30,,,verified_registry_endpoint,complete_export_no_new_ST_transition
300690.SZ:2022,300690.SZ,2022-05-01,2023-05-01,verified_listing_interval,0,0,2023-04-30,,,verified_registry_endpoint,complete_export_no_new_ST_transition
300690.SZ:2023,300690.SZ,2023-05-01,2024-05-01,verified_listing_interval,0,0,2024-04-30,,,verified_registry_endpoint,complete_export_no_new_ST_transition
300690.SZ:2024,300690.SZ,2024-05-01,2025-05-01,verified_listing_interval,0,0,2025-04-30,,,verified_registry_endpoint,complete_export_no_new_ST_transition
300690.SZ:2025,300690.SZ,2025-05-01,2026-05-01,verified_listing_interval,0,0,2026-04-30,,,verified_registry_endpoint,complete_export_no_new_ST_transition
300692.SZ:2021,300692.SZ,2021-05-01,2022-05-01,verified_listing_interval,0,0,2022-04-30,,,verified_registry_endpoint,complete_export_no_new_ST_transition
300692.SZ:2022,300692.SZ,2022-05-01,2023-05-01,verified_listing_interval,0,0,2023-04-30,,,verified_registry_endpoint,complete_export_no_new_ST_transition
300692.SZ:2023,300692.SZ,2023-05-01,2024-05-01,verified_listing_interval,0,0,2024-04-30,,,verified_registry_endpoint,complete_export_no_new_ST_transition
300692.SZ:2024,300692.SZ,2024-05-01,2025-05-01,verified_listing_interval,0,0,2025-04-30,,,verified_registry_endpoint,complete_export_no_new_ST_transition
300692.SZ:2025,300692.SZ,2025-05-01,2026-05-01,verified_listing_interval,0,0,2026-04-30,,,verified_registry_endpoint,complete_export_no_new_ST_transition
300700.SZ:2021,300700.SZ,2021-05-01,2022-05-01,verified_listing_interval,0,0,2022-04-30,,,verified_registry_endpoint,complete_export_no_new_ST_transition
300700.SZ:2022,300700.SZ,2022-05-01,2023-05-01,verified_listing_interval,0,0,2023-04-30,,,verified_registry_endpoint,complete_export_no_new_ST_transition
300700.SZ:2023,300700.SZ,2023-05-01,2024-05-01,verified_listing_interval,0,0,2024-04-30,,,verified_registry_endpoint,complete_export_no_new_ST_transition
300700.SZ:2024,300700.SZ,2024-05-01,2025-05-01,verified_listing_interval,0,0,2025-04-30,,,verified_registry_endpoint,complete_export_no_new_ST_transition
300700.SZ:2025,300700.SZ,2025-05-01,2026-05-01,verified_listing_interval,0,0,2026-04-30,,,verified_registry_endpoint,complete_export_no_new_ST_transition
300703.SZ:2021,300703.SZ,2021-05-01,2022-05-01,verified_listing_interval,0,0,2022-04-30,,,verified_registry_endpoint,complete_export_no_new_ST_transition
300703.SZ:2022,300703.SZ,2022-05-01,2023-05-01,verified_listing_interval,0,0,2023-04-30,,,verified_registry_endpoint,complete_export_no_new_ST_transition
300703.SZ:2023,300703.SZ,2023-05-01,2024-05-01,verified_listing_interval,0,0,2024-04-30,,,verified_registry_endpoint,complete_export_no_new_ST_transition
300703.SZ:2024,300703.SZ,2024-05-01,2025-05-01,verified_listing_interval,0,0,2025-04-30,,,verified_registry_endpoint,complete_export_no_new_ST_transition
300703.SZ:2025,300703.SZ,2025-05-01,2026-05-01,verified_listing_interval,0,0,2026-04-30,,,verified_registry_endpoint,complete_export_no_new_ST_transition
300710.SZ:2021,300710.SZ,2021-05-01,2022-05-01,verified_listing_interval,0,0,2022-04-30,,,verified_registry_endpoint,complete_export_no_new_ST_transition
300710.SZ:2022,300710.SZ,2022-05-01,2023-05-01,verified_listing_interval,0,0,2023-04-30,,,verified_registry_endpoint,complete_export_no_new_ST_transition
300710.SZ:2023,300710.SZ,2023-05-01,2024-05-01,verified_listing_interval,0,0,2024-04-30,,,verified_registry_endpoint,complete_export_no_new_ST_transition
300710.SZ:2024,300710.SZ,2024-05-01,2025-05-01,verified_listing_interval,0,0,2025-04-30,,,verified_registry_endpoint,complete_export_no_new_ST_transition
300710.SZ:2025,300710.SZ,2025-05-01,2026-05-01,verified_listing_interval,0,0,2026-04-30,,,verified_registry_endpoint,complete_export_no_new_ST_transition
300720.SZ:2021,300720.SZ,2021-05-01,2022-05-01,verified_listing_interval,0,0,2022-04-30,,,verified_registry_endpoint,complete_export_no_new_ST_transition
300720.SZ:2022,300720.SZ,2022-05-01,2023-05-01,verified_listing_interval,0,0,2023-04-30,,,verified_registry_endpoint,complete_export_no_new_ST_transition
300720.SZ:2023,300720.SZ,2023-05-01,2024-05-01,verified_listing_interval,0,0,2024-04-30,,,verified_registry_endpoint,complete_export_no_new_ST_transition
300720.SZ:2024,300720.SZ,2024-05-01,2025-05-01,verified_listing_interval,0,0,2025-04-30,,,verified_registry_endpoint,complete_export_no_new_ST_transition
300720.SZ:2025,300720.SZ,2025-05-01,2026-05-01,verified_listing_interval,0,0,2026-04-30,,,verified_registry_endpoint,complete_export_no_new_ST_transition
300729.SZ:2021,300729.SZ,2021-05-01,2022-05-01,verified_listing_interval,0,0,2022-04-30,,,verified_registry_endpoint,complete_export_no_new_ST_transition
300729.SZ:2022,300729.SZ,2022-05-01,2023-05-01,verified_listing_interval,0,0,2023-04-30,,,verified_registry_endpoint,complete_export_no_new_ST_transition
300729.SZ:2023,300729.SZ,2023-05-01,2024-05-01,verified_listing_interval,0,0,2024-04-30,,,verified_registry_endpoint,complete_export_no_new_ST_transition
300729.SZ:2024,300729.SZ,2024-05-01,2025-05-01,verified_listing_interval,0,0,2025-04-30,,,verified_registry_endpoint,complete_export_no_new_ST_transition
300729.SZ:2025,300729.SZ,2025-05-01,2026-05-01,verified_listing_interval,0,0,2026-04-30,,,verified_registry_endpoint,complete_export_no_new_ST_transition
300732.SZ:2021,300732.SZ,2021-05-01,2022-05-01,verified_listing_interval,0,0,2022-04-30,,,verified_registry_endpoint,complete_export_no_new_ST_transition
300732.SZ:2022,300732.SZ,2022-05-01,2023-05-01,verified_listing_interval,0,0,2023-04-30,,,verified_registry_endpoint,complete_export_no_new_ST_transition
300732.SZ:2023,300732.SZ,2023-05-01,2024-05-01,verified_listing_interval,0,0,2024-04-30,,,verified_registry_endpoint,complete_export_no_new_ST_transition
300732.SZ:2024,300732.SZ,2024-05-01,2025-05-01,verified_listing_interval,0,0,2025-04-30,,,verified_registry_endpoint,complete_export_no_new_ST_transition
300732.SZ:2025,300732.SZ,2025-05-01,2026-05-01,verified_listing_interval,0,0,2026-04-30,,,verified_registry_endpoint,complete_export_no_new_ST_transition
300733.SZ:2021,300733.SZ,2021-05-01,2022-05-01,verified_listing_interval,0,0,2022-04-30,,,verified_registry_endpoint,complete_export_no_new_ST_transition
300733.SZ:2022,300733.SZ,2022-05-01,2023-05-01,verified_listing_interval,0,0,2023-04-30,,,verified_registry_endpoint,complete_export_no_new_ST_transition
300733.SZ:2023,300733.SZ,2023-05-01,2024-05-01,verified_listing_interval,0,0,2024-04-30,,,verified_registry_endpoint,complete_export_no_new_ST_transition
300733.SZ:2024,300733.SZ,2024-05-01,2025-05-01,verified_listing_interval,0,0,2025-04-30,,,verified_registry_endpoint,complete_export_no_new_ST_transition
300733.SZ:2025,300733.SZ,2025-05-01,2026-05-01,verified_listing_interval,0,0,2026-04-30,,,verified_registry_endpoint,complete_export_no_new_ST_transition
300740.SZ:2021,300740.SZ,2021-05-01,2022-05-01,verified_listing_interval,0,0,2022-04-30,,,verified_registry_endpoint,complete_export_no_new_ST_transition
300740.SZ:2022,300740.SZ,2022-05-01,2023-05-01,verified_listing_interval,0,0,2023-04-30,,,verified_registry_endpoint,complete_export_no_new_ST_transition
300740.SZ:2023,300740.SZ,2023-05-01,2024-05-01,verified_listing_interval,0,0,2024-04-30,,,verified_registry_endpoint,complete_export_no_new_ST_transition
300740.SZ:2024,300740.SZ,2024-05-01,2025-05-01,verified_listing_interval,0,0,2025-04-30,,,verified_registry_endpoint,complete_export_no_new_ST_transition
300740.SZ:2025,300740.SZ,2025-05-01,2026-05-01,verified_listing_interval,0,0,2026-04-30,,,verified_registry_endpoint,complete_export_no_new_ST_transition
300745.SZ:2022,300745.SZ,2022-05-01,2023-05-01,verified_listing_interval,0,0,2023-04-30,,,verified_registry_endpoint,complete_export_no_new_ST_transition
300745.SZ:2023,300745.SZ,2023-05-01,2024-05-01,verified_listing_interval,0,0,2024-04-30,,,verified_registry_endpoint,complete_export_no_new_ST_transition
300745.SZ:2024,300745.SZ,2024-05-01,2025-05-01,verified_listing_interval,0,0,2025-04-30,,,verified_registry_endpoint,complete_export_no_new_ST_transition
300745.SZ:2025,300745.SZ,2025-05-01,2026-05-01,verified_listing_interval,0,0,2026-04-30,,,verified_registry_endpoint,complete_export_no_new_ST_transition
300748.SZ:2022,300748.SZ,2022-05-01,2023-05-01,verified_listing_interval,0,0,2023-04-30,,,verified_registry_endpoint,complete_export_no_new_ST_transition
300748.SZ:2023,300748.SZ,2023-05-01,2024-05-01,verified_listing_interval,0,0,2024-04-30,,,verified_registry_endpoint,complete_export_no_new_ST_transition
300748.SZ:2024,300748.SZ,2024-05-01,2025-05-01,verified_listing_interval,0,0,2025-04-30,,,verified_registry_endpoint,complete_export_no_new_ST_transition
300748.SZ:2025,300748.SZ,2025-05-01,2026-05-01,verified_listing_interval,0,0,2026-04-30,,,verified_registry_endpoint,complete_export_no_new_ST_transition
300751.SZ:2022,300751.SZ,2022-05-01,2023-05-01,verified_listing_interval,0,0,2023-04-30,,,verified_registry_endpoint,complete_export_no_new_ST_transition
300751.SZ:2023,300751.SZ,2023-05-01,2024-05-01,verified_listing_interval,0,0,2024-04-30,,,verified_registry_endpoint,complete_export_no_new_ST_transition
300751.SZ:2024,300751.SZ,2024-05-01,2025-05-01,verified_listing_interval,0,0,2025-04-30,,,verified_registry_endpoint,complete_export_no_new_ST_transition
300751.SZ:2025,300751.SZ,2025-05-01,2026-05-01,verified_listing_interval,0,0,2026-04-30,,,verified_registry_endpoint,complete_export_no_new_ST_transition
300774.SZ:2025,300774.SZ,2025-05-01,2026-05-01,verified_listing_interval,0,0,2026-04-30,,,verified_registry_endpoint,complete_export_no_new_ST_transition
300780.SZ:2023,300780.SZ,2023-05-01,2024-05-01,verified_listing_interval,0,0,2024-04-30,,,verified_registry_endpoint,complete_export_no_new_ST_transition
300780.SZ:2024,300780.SZ,2024-05-01,2025-05-01,verified_listing_interval,0,0,2025-04-30,,,verified_registry_endpoint,complete_export_no_new_ST_transition
300780.SZ:2025,300780.SZ,2025-05-01,2026-05-01,verified_listing_interval,0,0,2026-04-30,,,verified_registry_endpoint,complete_export_no_new_ST_transition
300781.SZ:2023,300781.SZ,2023-05-01,2024-05-01,verified_listing_interval,0,0,2024-04-30,,,verified_registry_endpoint,complete_export_no_new_ST_transition
300781.SZ:2024,300781.SZ,2024-05-01,2025-05-01,verified_listing_interval,0,0,2025-04-30,,,verified_registry_endpoint,complete_export_no_new_ST_transition
300781.SZ:2025,300781.SZ,2025-05-01,2026-05-01,verified_listing_interval,0,0,2026-04-30,,,verified_registry_endpoint,complete_export_no_new_ST_transition
300785.SZ:2023,300785.SZ,2023-05-01,2024-05-01,verified_listing_interval,0,0,2024-04-30,,,verified_registry_endpoint,complete_export_no_new_ST_transition
300785.SZ:2024,300785.SZ,2024-05-01,2025-05-01,verified_listing_interval,0,0,2025-04-30,,,verified_registry_endpoint,complete_export_no_new_ST_transition
300785.SZ:2025,300785.SZ,2025-05-01,2026-05-01,verified_listing_interval,0,0,2026-04-30,,,verified_registry_endpoint,complete_export_no_new_ST_transition
300792.SZ:2023,300792.SZ,2023-05-01,2024-05-01,verified_listing_interval,0,0,2024-04-30,,,verified_registry_endpoint,complete_export_no_new_ST_transition
300792.SZ:2024,300792.SZ,2024-05-01,2025-05-01,verified_listing_interval,0,0,2025-04-30,,,verified_registry_endpoint,complete_export_no_new_ST_transition
300792.SZ:2025,300792.SZ,2025-05-01,2026-05-01,verified_listing_interval,0,0,2026-04-30,,,verified_registry_endpoint,complete_export_no_new_ST_transition
300797.SZ:2023,300797.SZ,2023-05-01,2024-05-01,verified_listing_interval,0,0,2024-04-30,,,verified_registry_endpoint,complete_export_no_new_ST_transition
300797.SZ:2024,300797.SZ,2024-05-01,2025-05-01,verified_listing_interval,0,0,2025-04-30,,,verified_registry_endpoint,complete_export_no_new_ST_transition
300797.SZ:2025,300797.SZ,2025-05-01,2026-05-01,verified_listing_interval,0,0,2026-04-30,,,verified_registry_endpoint,complete_export_no_new_ST_transition
300802.SZ:2023,300802.SZ,2023-05-01,2024-05-01,verified_listing_interval,0,0,2024-04-30,,,verified_registry_endpoint,complete_export_no_new_ST_transition
300802.SZ:2024,300802.SZ,2024-05-01,2025-05-01,verified_listing_interval,0,0,2025-04-30,,,verified_registry_endpoint,complete_export_no_new_ST_transition
300802.SZ:2025,300802.SZ,2025-05-01,2026-05-01,verified_listing_interval,0,0,2026-04-30,,,verified_registry_endpoint,complete_export_no_new_ST_transition
300805.SZ:2023,300805.SZ,2023-05-01,2024-05-01,verified_listing_interval,0,0,2024-04-30,,,verified_registry_endpoint,complete_export_no_new_ST_transition
300805.SZ:2024,300805.SZ,2024-05-01,2025-05-01,verified_listing_interval,0,0,2025-04-30,,,verified_registry_endpoint,complete_export_no_new_ST_transition
300805.SZ:2025,300805.SZ,2025-05-01,2026-05-01,verified_listing_interval,0,0,2026-04-30,,,verified_registry_endpoint,complete_export_no_new_ST_transition
300818.SZ:2023,300818.SZ,2023-05-01,2024-05-01,verified_listing_interval,0,0,2024-04-30,,,verified_registry_endpoint,complete_export_no_new_ST_transition
300818.SZ:2024,300818.SZ,2024-05-01,2025-05-01,verified_listing_interval,0,0,2025-04-30,,,verified_registry_endpoint,complete_export_no_new_ST_transition
300818.SZ:2025,300818.SZ,2025-05-01,2026-05-01,verified_listing_interval,0,0,2026-04-30,,,verified_registry_endpoint,complete_export_no_new_ST_transition
300828.SZ:2023,300828.SZ,2023-05-01,2024-05-01,verified_listing_interval,0,0,2024-04-30,,,verified_registry_endpoint,complete_export_no_new_ST_transition
300828.SZ:2024,300828.SZ,2024-05-01,2025-05-01,verified_listing_interval,0,0,2025-04-30,,,verified_registry_endpoint,complete_export_no_new_ST_transition
300828.SZ:2025,300828.SZ,2025-05-01,2026-05-01,verified_listing_interval,0,0,2026-04-30,,,verified_registry_endpoint,complete_export_no_new_ST_transition
300848.SZ:2024,300848.SZ,2024-05-01,2025-05-01,verified_listing_interval,0,0,2025-04-30,,,verified_registry_endpoint,complete_export_no_new_ST_transition
300848.SZ:2025,300848.SZ,2025-05-01,2026-05-01,verified_listing_interval,0,0,2026-04-30,,,verified_registry_endpoint,complete_export_no_new_ST_transition
300849.SZ:2024,300849.SZ,2024-05-01,2025-05-01,verified_listing_interval,0,0,2025-04-30,,,verified_registry_endpoint,complete_export_no_new_ST_transition
300849.SZ:2025,300849.SZ,2025-05-01,2026-05-01,verified_listing_interval,0,0,2026-04-30,,,verified_registry_endpoint,complete_export_no_new_ST_transition
300853.SZ:2024,300853.SZ,2024-05-01,2025-05-01,verified_listing_interval,0,0,2025-04-30,,,verified_registry_endpoint,complete_export_no_new_ST_transition
300853.SZ:2025,300853.SZ,2025-05-01,2026-05-01,verified_listing_interval,0,0,2026-04-30,,,verified_registry_endpoint,complete_export_no_new_ST_transition
300858.SZ:2024,300858.SZ,2024-05-01,2025-05-01,verified_listing_interval,0,0,2025-04-30,,,verified_registry_endpoint,complete_export_no_new_ST_transition
300858.SZ:2025,300858.SZ,2025-05-01,2026-05-01,verified_listing_interval,0,0,2026-04-30,,,verified_registry_endpoint,complete_export_no_new_ST_transition
300863.SZ:2024,300863.SZ,2024-05-01,2025-05-01,verified_listing_interval,0,0,2025-04-30,,,verified_registry_endpoint,complete_export_no_new_ST_transition
300863.SZ:2025,300863.SZ,2025-05-01,2026-05-01,verified_listing_interval,0,0,2026-04-30,,,verified_registry_endpoint,complete_export_no_new_ST_transition
300864.SZ:2024,300864.SZ,2024-05-01,2025-05-01,verified_listing_interval,0,0,2025-04-30,,,verified_registry_endpoint,complete_export_no_new_ST_transition
300864.SZ:2025,300864.SZ,2025-05-01,2026-05-01,verified_listing_interval,0,0,2026-04-30,,,verified_registry_endpoint,complete_export_no_new_ST_transition
300872.SZ:2024,300872.SZ,2024-05-01,2025-05-01,verified_listing_interval,0,0,2025-04-30,,,verified_registry_endpoint,complete_export_no_new_ST_transition
300872.SZ:2025,300872.SZ,2025-05-01,2026-05-01,verified_listing_interval,0,0,2026-04-30,,,verified_registry_endpoint,complete_export_no_new_ST_transition
300879.SZ:2024,300879.SZ,2024-05-01,2025-05-01,verified_listing_interval,0,0,2025-04-30,,,verified_registry_endpoint,complete_export_no_new_ST_transition
300879.SZ:2025,300879.SZ,2025-05-01,2026-05-01,verified_listing_interval,0,0,2026-04-30,,,verified_registry_endpoint,complete_export_no_new_ST_transition
300889.SZ:2024,300889.SZ,2024-05-01,2025-05-01,verified_listing_interval,0,0,2025-04-30,,,verified_registry_endpoint,complete_export_no_new_ST_transition
300889.SZ:2025,300889.SZ,2025-05-01,2026-05-01,verified_listing_interval,0,0,2026-04-30,,,verified_registry_endpoint,complete_export_no_new_ST_transition
300894.SZ:2024,300894.SZ,2024-05-01,2025-05-01,verified_listing_interval,0,0,2025-04-30,,,verified_registry_endpoint,complete_export_no_new_ST_transition
300894.SZ:2025,300894.SZ,2025-05-01,2026-05-01,verified_listing_interval,0,0,2026-04-30,,,verified_registry_endpoint,complete_export_no_new_ST_transition
300898.SZ:2024,300898.SZ,2024-05-01,2025-05-01,verified_listing_interval,0,0,2025-04-30,,,verified_registry_endpoint,complete_export_no_new_ST_transition
300898.SZ:2025,300898.SZ,2025-05-01,2026-05-01,verified_listing_interval,0,0,2026-04-30,,,verified_registry_endpoint,complete_export_no_new_ST_transition
300912.SZ:2024,300912.SZ,2024-05-01,2025-05-01,verified_listing_interval,0,0,2025-04-30,,,verified_registry_endpoint,complete_export_no_new_ST_transition
300912.SZ:2025,300912.SZ,2025-05-01,2026-05-01,verified_listing_interval,0,0,2026-04-30,,,verified_registry_endpoint,complete_export_no_new_ST_transition
300922.SZ:2024,300922.SZ,2024-05-01,2025-05-01,verified_listing_interval,0,0,2025-04-30,,,verified_registry_endpoint,complete_export_no_new_ST_transition
300922.SZ:2025,300922.SZ,2025-05-01,2026-05-01,verified_listing_interval,0,0,2026-04-30,,,verified_registry_endpoint,complete_export_no_new_ST_transition
300938.SZ:2024,300938.SZ,2024-05-01,2025-05-01,verified_listing_interval,0,0,2025-04-30,,,verified_registry_endpoint,complete_export_no_new_ST_transition
300938.SZ:2025,300938.SZ,2025-05-01,2026-05-01,verified_listing_interval,0,0,2026-04-30,,,verified_registry_endpoint,complete_export_no_new_ST_transition
300945.SZ:2024,300945.SZ,2024-05-01,2025-05-01,verified_listing_interval,0,0,2025-04-30,,,verified_registry_endpoint,complete_export_no_new_ST_transition
300945.SZ:2025,300945.SZ,2025-05-01,2026-05-01,verified_listing_interval,0,0,2026-04-30,,,verified_registry_endpoint,complete_export_no_new_ST_transition
300946.SZ:2024,300946.SZ,2024-05-01,2025-05-01,verified_listing_interval,0,0,2025-04-30,,,verified_registry_endpoint,complete_export_no_new_ST_transition
300946.SZ:2025,300946.SZ,2025-05-01,2026-05-01,verified_listing_interval,0,0,2026-04-30,,,verified_registry_endpoint,complete_export_no_new_ST_transition
300958.SZ:2024,300958.SZ,2024-05-01,2025-05-01,verified_listing_interval,0,0,2025-04-30,,,verified_registry_endpoint,complete_export_no_new_ST_transition
300958.SZ:2025,300958.SZ,2025-05-01,2026-05-01,verified_listing_interval,0,0,2026-04-30,,,verified_registry_endpoint,complete_export_no_new_ST_transition
300973.SZ:2024,300973.SZ,2024-05-01,2025-05-01,verified_listing_interval,0,0,2025-04-30,,,verified_registry_endpoint,complete_export_no_new_ST_transition
300973.SZ:2025,300973.SZ,2025-05-01,2026-05-01,verified_listing_interval,0,0,2026-04-30,,,verified_registry_endpoint,complete_export_no_new_ST_transition
300992.SZ:2025,300992.SZ,2025-05-01,2026-05-01,verified_listing_interval,0,0,2026-04-30,,,verified_registry_endpoint,complete_export_no_new_ST_transition
300993.SZ:2025,300993.SZ,2025-05-01,2026-05-01,verified_listing_interval,0,0,2026-04-30,,,verified_registry_endpoint,complete_export_no_new_ST_transition
300994.SZ:2025,300994.SZ,2025-05-01,2026-05-01,verified_listing_interval,0,0,2026-04-30,,,verified_registry_endpoint,complete_export_no_new_ST_transition
300995.SZ:2025,300995.SZ,2025-05-01,2026-05-01,verified_listing_interval,0,0,2026-04-30,,,verified_registry_endpoint,complete_export_no_new_ST_transition
301000.SZ:2025,301000.SZ,2025-05-01,2026-05-01,verified_listing_interval,0,0,2026-04-30,,,verified_registry_endpoint,complete_export_no_new_ST_transition
301001.SZ:2025,301001.SZ,2025-05-01,2026-05-01,verified_listing_interval,0,0,2026-04-30,,,verified_registry_endpoint,complete_export_no_new_ST_transition
301004.SZ:2025,301004.SZ,2025-05-01,2026-05-01,verified_listing_interval,0,0,2026-04-30,,,verified_registry_endpoint,complete_export_no_new_ST_transition
301011.SZ:2025,301011.SZ,2025-05-01,2026-05-01,verified_listing_interval,0,0,2026-04-30,,,verified_registry_endpoint,complete_export_no_new_ST_transition
301015.SZ:2025,301015.SZ,2025-05-01,2026-05-01,verified_listing_interval,0,0,2026-04-30,,,verified_registry_endpoint,complete_export_no_new_ST_transition
301021.SZ:2025,301021.SZ,2025-05-01,2026-05-01,verified_listing_interval,0,0,2026-04-30,,,verified_registry_endpoint,complete_export_no_new_ST_transition
301024.SZ:2025,301024.SZ,2025-05-01,2026-05-01,verified_listing_interval,0,0,2026-04-30,,,verified_registry_endpoint,complete_export_no_new_ST_transition
301030.SZ:2025,301030.SZ,2025-05-01,2026-05-01,verified_listing_interval,0,0,2026-04-30,,,verified_registry_endpoint,complete_export_no_new_ST_transition
301033.SZ:2025,301033.SZ,2025-05-01,2026-05-01,verified_listing_interval,0,0,2026-04-30,,,verified_registry_endpoint,complete_export_no_new_ST_transition
301066.SZ:2025,301066.SZ,2025-05-01,2026-05-01,verified_listing_interval,0,0,2026-04-30,,,verified_registry_endpoint,complete_export_no_new_ST_transition
301071.SZ:2025,301071.SZ,2025-05-01,2026-05-01,verified_listing_interval,0,0,2026-04-30,,,verified_registry_endpoint,complete_export_no_new_ST_transition
301078.SZ:2025,301078.SZ,2025-05-01,2026-05-01,verified_listing_interval,0,0,2026-04-30,,,verified_registry_endpoint,complete_export_no_new_ST_transition
301091.SZ:2025,301091.SZ,2025-05-01,2026-05-01,verified_listing_interval,0,0,2026-04-30,,,verified_registry_endpoint,complete_export_no_new_ST_transition
301097.SZ:2025,301097.SZ,2025-05-01,2026-05-01,verified_listing_interval,0,0,2026-04-30,,,verified_registry_endpoint,complete_export_no_new_ST_transition
301103.SZ:2025,301103.SZ,2025-05-01,2026-05-01,verified_listing_interval,0,0,2026-04-30,,,verified_registry_endpoint,complete_export_no_new_ST_transition
301110.SZ:2025,301110.SZ,2025-05-01,2026-05-01,verified_listing_interval,0,0,2026-04-30,,,verified_registry_endpoint,complete_export_no_new_ST_transition
301116.SZ:2025,301116.SZ,2025-05-01,2026-05-01,verified_listing_interval,0,0,2026-04-30,,,verified_registry_endpoint,complete_export_no_new_ST_transition
301127.SZ:2025,301127.SZ,2025-05-01,2026-05-01,verified_listing_interval,0,0,2026-04-30,,,verified_registry_endpoint,complete_export_no_new_ST_transition
301129.SZ:2025,301129.SZ,2025-05-01,2026-05-01,verified_listing_interval,0,0,2026-04-30,,,verified_registry_endpoint,complete_export_no_new_ST_transition
301135.SZ:2025,301135.SZ,2025-05-01,2026-05-01,verified_listing_interval,0,0,2026-04-30,,,verified_registry_endpoint,complete_export_no_new_ST_transition
301138.SZ:2025,301138.SZ,2025-05-01,2026-05-01,verified_listing_interval,0,0,2026-04-30,,,verified_registry_endpoint,complete_export_no_new_ST_transition
301149.SZ:2025,301149.SZ,2025-05-01,2026-05-01,verified_listing_interval,0,0,2026-04-30,,,verified_registry_endpoint,complete_export_no_new_ST_transition
301163.SZ:2025,301163.SZ,2025-05-01,2026-05-01,verified_listing_interval,0,0,2026-04-30,,,verified_registry_endpoint,complete_export_no_new_ST_transition
301166.SZ:2025,301166.SZ,2025-05-01,2026-05-01,verified_listing_interval,0,0,2026-04-30,,,verified_registry_endpoint,complete_export_no_new_ST_transition
301187.SZ:2025,301187.SZ,2025-05-01,2026-05-01,verified_listing_interval,0,0,2026-04-30,,,verified_registry_endpoint,complete_export_no_new_ST_transition
301193.SZ:2025,301193.SZ,2025-05-01,2026-05-01,verified_listing_interval,0,0,2026-04-30,,,verified_registry_endpoint,complete_export_no_new_ST_transition
301200.SZ:2025,301200.SZ,2025-05-01,2026-05-01,verified_listing_interval,0,0,2026-04-30,,,verified_registry_endpoint,complete_export_no_new_ST_transition
301235.SZ:2025,301235.SZ,2025-05-01,2026-05-01,verified_listing_interval,0,0,2026-04-30,,,verified_registry_endpoint,complete_export_no_new_ST_transition
301248.SZ:2025,301248.SZ,2025-05-01,2026-05-01,verified_listing_interval,0,0,2026-04-30,,,verified_registry_endpoint,complete_export_no_new_ST_transition
